<?xml version="1.0"?>
<ROOT>
  <HEADER>
    <TYPE>
      <EXTENSION_TABLE_NAME>HALFMOON_METADATA</EXTENSION_TABLE_NAME>
      <NAME>Tracker Halfmoon Metadata</NAME>
    </TYPE>
    <RUN mode="SEQUENCE_NUMBER" sequence="TRK_OT_RUN_SEQ">
      <RUN_TYPE>PQC</RUN_TYPE>
      <LOCATION>Demokritos</LOCATION>
      <INITIATED_BY_USER>A. Kyriakis</INITIATED_BY_USER>
      <RUN_BEGIN_TIMESTAMP>2021-09-27 01:16:05</RUN_BEGIN_TIMESTAMP>
      <COMMENT_DESCRIPTION>Test</COMMENT_DESCRIPTION>
    </RUN>
  </HEADER>
  <DATA_SET>
    <COMMENT_DESCRIPTION>Metadata with flute and structure</COMMENT_DESCRIPTION>
    <VERSION>IV_measurement</VERSION>
    <PART>
      <NAME_LABEL>37400_019_2-S_HM_EE</NAME_LABEL>
      <KIND_OF_PART>2S Halfmoon E</KIND_OF_PART>
    </PART>
    <DATA>
      <KIND_OF_HM_FLUTE_ID>PQC4</KIND_OF_HM_FLUTE_ID>
      <KIND_OF_HM_STRUCT_ID>CBKR_POLY</KIND_OF_HM_STRUCT_ID>
      <KIND_OF_HM_SET_ID>Left</KIND_OF_HM_SET_ID>
      <KIND_OF_HM_CONFIG_ID>Standard</KIND_OF_HM_CONFIG_ID>
      <EQUIPMENT>KEITHLEY 2410</EQUIPMENT>
      <WAITING_TIME_S>0.200</WAITING_TIME_S>
      <TEMP_SET_DEGC>22.400</TEMP_SET_DEGC>
      <AV_TEMP_DEGC>22.400</AV_TEMP_DEGC>
      <PROCEDURE_TYPE>CBKR_POLY</PROCEDURE_TYPE>
      <FILE_NAME>Demokritos_VPX37400_019_2-S_HM_E_Left_PQC4_CBKRPoly_s.xml</FILE_NAME>
    </DATA>
    <CHILD_DATA_SET>
      <HEADER>
        <TYPE>
          <EXTENSION_TABLE_NAME>TEST_SENSOR_IV</EXTENSION_TABLE_NAME>
          <NAME>Tracker Halfmoon IV Test</NAME>
        </TYPE>
      </HEADER>
      <DATA_SET>
        <COMMENT_DESCRIPTION>Test</COMMENT_DESCRIPTION>
        <VERSION>IV_measurement</VERSION>
        <PART>
          <NAME_LABEL>37400_019_2-S_HM_EE</NAME_LABEL>
          <KIND_OF_PART>2S Halfmoon E</KIND_OF_PART>
        </PART>
        <DATA>
          <VOLTS>-7.760e-03</VOLTS>
          <CURRNT_NAMP>-100.000</CURRNT_NAMP>
          <TIME>2021-09-27 01:16:05</TIME>
          <TEMP_DEGC>22.400</TEMP_DEGC>
          <AIR_TEMP_DEGC>22.400</AIR_TEMP_DEGC>
          <RH_PRCNT>22.300</RH_PRCNT>
        </DATA>
        <DATA>
          <VOLTS>-7.730e-03</VOLTS>
          <CURRNT_NAMP>-95.000</CURRNT_NAMP>
          <TIME>2021-09-27 01:16:05</TIME>
          <TEMP_DEGC>22.400</TEMP_DEGC>
          <AIR_TEMP_DEGC>22.400</AIR_TEMP_DEGC>
          <RH_PRCNT>22.300</RH_PRCNT>
        </DATA>
        <DATA>
          <VOLTS>-7.580e-03</VOLTS>
          <CURRNT_NAMP>-90.000</CURRNT_NAMP>
          <TIME>2021-09-27 01:16:06</TIME>
          <TEMP_DEGC>22.500</TEMP_DEGC>
          <AIR_TEMP_DEGC>22.500</AIR_TEMP_DEGC>
          <RH_PRCNT>22.300</RH_PRCNT>
        </DATA>
        <DATA>
          <VOLTS>-7.320e-03</VOLTS>
          <CURRNT_NAMP>-85.000</CURRNT_NAMP>
          <TIME>2021-09-27 01:16:06</TIME>
          <TEMP_DEGC>22.400</TEMP_DEGC>
          <AIR_TEMP_DEGC>22.400</AIR_TEMP_DEGC>
          <RH_PRCNT>22.300</RH_PRCNT>
        </DATA>
        <DATA>
          <VOLTS>-6.940e-03</VOLTS>
          <CURRNT_NAMP>-80.000</CURRNT_NAMP>
          <TIME>2021-09-27 01:16:07</TIME>
          <TEMP_DEGC>22.400</TEMP_DEGC>
          <AIR_TEMP_DEGC>22.400</AIR_TEMP_DEGC>
          <RH_PRCNT>22.300</RH_PRCNT>
        </DATA>
        <DATA>
          <VOLTS>-6.550e-03</VOLTS>
          <CURRNT_NAMP>-75.000</CURRNT_NAMP>
          <TIME>2021-09-27 01:16:07</TIME>
          <TEMP_DEGC>22.400</TEMP_DEGC>
          <AIR_TEMP_DEGC>22.400</AIR_TEMP_DEGC>
          <RH_PRCNT>22.300</RH_PRCNT>
        </DATA>
        <DATA>
          <VOLTS>-6.160e-03</VOLTS>
          <CURRNT_NAMP>-70.000</CURRNT_NAMP>
          <TIME>2021-09-27 01:16:08</TIME>
          <TEMP_DEGC>22.400</TEMP_DEGC>
          <AIR_TEMP_DEGC>22.400</AIR_TEMP_DEGC>
          <RH_PRCNT>22.300</RH_PRCNT>
        </DATA>
        <DATA>
          <VOLTS>-5.780e-03</VOLTS>
          <CURRNT_NAMP>-65.000</CURRNT_NAMP>
          <TIME>2021-09-27 01:16:08</TIME>
          <TEMP_DEGC>22.400</TEMP_DEGC>
          <AIR_TEMP_DEGC>22.400</AIR_TEMP_DEGC>
          <RH_PRCNT>22.300</RH_PRCNT>
        </DATA>
        <DATA>
          <VOLTS>-5.390e-03</VOLTS>
          <CURRNT_NAMP>-60.000</CURRNT_NAMP>
          <TIME>2021-09-27 01:16:09</TIME>
          <TEMP_DEGC>22.400</TEMP_DEGC>
          <AIR_TEMP_DEGC>22.400</AIR_TEMP_DEGC>
          <RH_PRCNT>22.300</RH_PRCNT>
        </DATA>
        <DATA>
          <VOLTS>-5.010e-03</VOLTS>
          <CURRNT_NAMP>-55.000</CURRNT_NAMP>
          <TIME>2021-09-27 01:16:09</TIME>
          <TEMP_DEGC>22.400</TEMP_DEGC>
          <AIR_TEMP_DEGC>22.400</AIR_TEMP_DEGC>
          <RH_PRCNT>22.300</RH_PRCNT>
        </DATA>
        <DATA>
          <VOLTS>-4.620e-03</VOLTS>
          <CURRNT_NAMP>-50.000</CURRNT_NAMP>
          <TIME>2021-09-27 01:16:10</TIME>
          <TEMP_DEGC>22.400</TEMP_DEGC>
          <AIR_TEMP_DEGC>22.400</AIR_TEMP_DEGC>
          <RH_PRCNT>22.300</RH_PRCNT>
        </DATA>
        <DATA>
          <VOLTS>-4.220e-03</VOLTS>
          <CURRNT_NAMP>-45.000</CURRNT_NAMP>
          <TIME>2021-09-27 01:16:10</TIME>
          <TEMP_DEGC>22.400</TEMP_DEGC>
          <AIR_TEMP_DEGC>22.400</AIR_TEMP_DEGC>
          <RH_PRCNT>22.300</RH_PRCNT>
        </DATA>
        <DATA>
          <VOLTS>-3.830e-03</VOLTS>
          <CURRNT_NAMP>-40.000</CURRNT_NAMP>
          <TIME>2021-09-27 01:16:11</TIME>
          <TEMP_DEGC>22.400</TEMP_DEGC>
          <AIR_TEMP_DEGC>22.400</AIR_TEMP_DEGC>
          <RH_PRCNT>22.300</RH_PRCNT>
        </DATA>
        <DATA>
          <VOLTS>-3.440e-03</VOLTS>
          <CURRNT_NAMP>-35.000</CURRNT_NAMP>
          <TIME>2021-09-27 01:16:11</TIME>
          <TEMP_DEGC>22.400</TEMP_DEGC>
          <AIR_TEMP_DEGC>22.400</AIR_TEMP_DEGC>
          <RH_PRCNT>22.300</RH_PRCNT>
        </DATA>
        <DATA>
          <VOLTS>-3.040e-03</VOLTS>
          <CURRNT_NAMP>-30.000</CURRNT_NAMP>
          <TIME>2021-09-27 01:16:12</TIME>
          <TEMP_DEGC>22.400</TEMP_DEGC>
          <AIR_TEMP_DEGC>22.400</AIR_TEMP_DEGC>
          <RH_PRCNT>22.300</RH_PRCNT>
        </DATA>
        <DATA>
          <VOLTS>-2.810e-03</VOLTS>
          <CURRNT_NAMP>-25.000</CURRNT_NAMP>
          <TIME>2021-09-27 01:16:12</TIME>
          <TEMP_DEGC>22.400</TEMP_DEGC>
          <AIR_TEMP_DEGC>22.400</AIR_TEMP_DEGC>
          <RH_PRCNT>22.300</RH_PRCNT>
        </DATA>
        <DATA>
          <VOLTS>-2.370e-03</VOLTS>
          <CURRNT_NAMP>-20.000</CURRNT_NAMP>
          <TIME>2021-09-27 01:16:13</TIME>
          <TEMP_DEGC>22.400</TEMP_DEGC>
          <AIR_TEMP_DEGC>22.400</AIR_TEMP_DEGC>
          <RH_PRCNT>22.300</RH_PRCNT>
        </DATA>
        <DATA>
          <VOLTS>-1.930e-03</VOLTS>
          <CURRNT_NAMP>-15.000</CURRNT_NAMP>
          <TIME>2021-09-27 01:16:13</TIME>
          <TEMP_DEGC>22.400</TEMP_DEGC>
          <AIR_TEMP_DEGC>22.400</AIR_TEMP_DEGC>
          <RH_PRCNT>22.300</RH_PRCNT>
        </DATA>
        <DATA>
          <VOLTS>-1.490e-03</VOLTS>
          <CURRNT_NAMP>-10.000</CURRNT_NAMP>
          <TIME>2021-09-27 01:16:14</TIME>
          <TEMP_DEGC>22.400</TEMP_DEGC>
          <AIR_TEMP_DEGC>22.400</AIR_TEMP_DEGC>
          <RH_PRCNT>22.300</RH_PRCNT>
        </DATA>
        <DATA>
          <VOLTS>-1.210e-03</VOLTS>
          <CURRNT_NAMP>-5.000</CURRNT_NAMP>
          <TIME>2021-09-27 01:16:14</TIME>
          <TEMP_DEGC>22.400</TEMP_DEGC>
          <AIR_TEMP_DEGC>22.400</AIR_TEMP_DEGC>
          <RH_PRCNT>22.300</RH_PRCNT>
        </DATA>
        <DATA>
          <VOLTS>-7.700e-04</VOLTS>
          <CURRNT_NAMP>0.000</CURRNT_NAMP>
          <TIME>2021-09-27 01:16:15</TIME>
          <TEMP_DEGC>22.400</TEMP_DEGC>
          <AIR_TEMP_DEGC>22.400</AIR_TEMP_DEGC>
          <RH_PRCNT>22.300</RH_PRCNT>
        </DATA>
        <DATA>
          <VOLTS>-3.300e-04</VOLTS>
          <CURRNT_NAMP>5.000</CURRNT_NAMP>
          <TIME>2021-09-27 01:16:15</TIME>
          <TEMP_DEGC>22.400</TEMP_DEGC>
          <AIR_TEMP_DEGC>22.400</AIR_TEMP_DEGC>
          <RH_PRCNT>22.300</RH_PRCNT>
        </DATA>
        <DATA>
          <VOLTS>1.000e-04</VOLTS>
          <CURRNT_NAMP>10.000</CURRNT_NAMP>
          <TIME>2021-09-27 01:16:16</TIME>
          <TEMP_DEGC>22.400</TEMP_DEGC>
          <AIR_TEMP_DEGC>22.400</AIR_TEMP_DEGC>
          <RH_PRCNT>22.300</RH_PRCNT>
        </DATA>
        <DATA>
          <VOLTS>5.400e-04</VOLTS>
          <CURRNT_NAMP>15.000</CURRNT_NAMP>
          <TIME>2021-09-27 01:16:16</TIME>
          <TEMP_DEGC>22.400</TEMP_DEGC>
          <AIR_TEMP_DEGC>22.400</AIR_TEMP_DEGC>
          <RH_PRCNT>22.300</RH_PRCNT>
        </DATA>
        <DATA>
          <VOLTS>9.500e-04</VOLTS>
          <CURRNT_NAMP>20.000</CURRNT_NAMP>
          <TIME>2021-09-27 01:16:17</TIME>
          <TEMP_DEGC>22.400</TEMP_DEGC>
          <AIR_TEMP_DEGC>22.400</AIR_TEMP_DEGC>
          <RH_PRCNT>22.300</RH_PRCNT>
        </DATA>
        <DATA>
          <VOLTS>1.350e-03</VOLTS>
          <CURRNT_NAMP>25.000</CURRNT_NAMP>
          <TIME>2021-09-27 01:16:17</TIME>
          <TEMP_DEGC>22.400</TEMP_DEGC>
          <AIR_TEMP_DEGC>22.400</AIR_TEMP_DEGC>
          <RH_PRCNT>22.300</RH_PRCNT>
        </DATA>
        <DATA>
          <VOLTS>1.760e-03</VOLTS>
          <CURRNT_NAMP>30.000</CURRNT_NAMP>
          <TIME>2021-09-27 01:16:18</TIME>
          <TEMP_DEGC>22.400</TEMP_DEGC>
          <AIR_TEMP_DEGC>22.400</AIR_TEMP_DEGC>
          <RH_PRCNT>22.300</RH_PRCNT>
        </DATA>
        <DATA>
          <VOLTS>2.170e-03</VOLTS>
          <CURRNT_NAMP>35.000</CURRNT_NAMP>
          <TIME>2021-09-27 01:16:18</TIME>
          <TEMP_DEGC>22.400</TEMP_DEGC>
          <AIR_TEMP_DEGC>22.400</AIR_TEMP_DEGC>
          <RH_PRCNT>22.300</RH_PRCNT>
        </DATA>
        <DATA>
          <VOLTS>2.580e-03</VOLTS>
          <CURRNT_NAMP>40.000</CURRNT_NAMP>
          <TIME>2021-09-27 01:16:20</TIME>
          <TEMP_DEGC>22.400</TEMP_DEGC>
          <AIR_TEMP_DEGC>22.400</AIR_TEMP_DEGC>
          <RH_PRCNT>22.300</RH_PRCNT>
        </DATA>
        <DATA>
          <VOLTS>2.990e-03</VOLTS>
          <CURRNT_NAMP>45.000</CURRNT_NAMP>
          <TIME>2021-09-27 01:16:20</TIME>
          <TEMP_DEGC>22.400</TEMP_DEGC>
          <AIR_TEMP_DEGC>22.400</AIR_TEMP_DEGC>
          <RH_PRCNT>22.300</RH_PRCNT>
        </DATA>
        <DATA>
          <VOLTS>3.400e-03</VOLTS>
          <CURRNT_NAMP>50.000</CURRNT_NAMP>
          <TIME>2021-09-27 01:16:21</TIME>
          <TEMP_DEGC>22.400</TEMP_DEGC>
          <AIR_TEMP_DEGC>22.400</AIR_TEMP_DEGC>
          <RH_PRCNT>22.300</RH_PRCNT>
        </DATA>
        <DATA>
          <VOLTS>3.640e-03</VOLTS>
          <CURRNT_NAMP>55.000</CURRNT_NAMP>
          <TIME>2021-09-27 01:16:21</TIME>
          <TEMP_DEGC>22.400</TEMP_DEGC>
          <AIR_TEMP_DEGC>22.400</AIR_TEMP_DEGC>
          <RH_PRCNT>22.300</RH_PRCNT>
        </DATA>
        <DATA>
          <VOLTS>4.100e-03</VOLTS>
          <CURRNT_NAMP>60.000</CURRNT_NAMP>
          <TIME>2021-09-27 01:16:22</TIME>
          <TEMP_DEGC>22.400</TEMP_DEGC>
          <AIR_TEMP_DEGC>22.400</AIR_TEMP_DEGC>
          <RH_PRCNT>22.300</RH_PRCNT>
        </DATA>
        <DATA>
          <VOLTS>4.550e-03</VOLTS>
          <CURRNT_NAMP>65.000</CURRNT_NAMP>
          <TIME>2021-09-27 01:16:22</TIME>
          <TEMP_DEGC>22.400</TEMP_DEGC>
          <AIR_TEMP_DEGC>22.400</AIR_TEMP_DEGC>
          <RH_PRCNT>22.300</RH_PRCNT>
        </DATA>
        <DATA>
          <VOLTS>5.010e-03</VOLTS>
          <CURRNT_NAMP>70.000</CURRNT_NAMP>
          <TIME>2021-09-27 01:16:23</TIME>
          <TEMP_DEGC>22.400</TEMP_DEGC>
          <AIR_TEMP_DEGC>22.400</AIR_TEMP_DEGC>
          <RH_PRCNT>22.300</RH_PRCNT>
        </DATA>
        <DATA>
          <VOLTS>5.470e-03</VOLTS>
          <CURRNT_NAMP>75.000</CURRNT_NAMP>
          <TIME>2021-09-27 01:16:23</TIME>
          <TEMP_DEGC>22.400</TEMP_DEGC>
          <AIR_TEMP_DEGC>22.400</AIR_TEMP_DEGC>
          <RH_PRCNT>22.300</RH_PRCNT>
        </DATA>
        <DATA>
          <VOLTS>5.880e-03</VOLTS>
          <CURRNT_NAMP>80.000</CURRNT_NAMP>
          <TIME>2021-09-27 01:16:24</TIME>
          <TEMP_DEGC>22.400</TEMP_DEGC>
          <AIR_TEMP_DEGC>22.400</AIR_TEMP_DEGC>
          <RH_PRCNT>22.300</RH_PRCNT>
        </DATA>
        <DATA>
          <VOLTS>6.290e-03</VOLTS>
          <CURRNT_NAMP>85.000</CURRNT_NAMP>
          <TIME>2021-09-27 01:16:24</TIME>
          <TEMP_DEGC>22.400</TEMP_DEGC>
          <AIR_TEMP_DEGC>22.400</AIR_TEMP_DEGC>
          <RH_PRCNT>22.300</RH_PRCNT>
        </DATA>
        <DATA>
          <VOLTS>6.710e-03</VOLTS>
          <CURRNT_NAMP>90.000</CURRNT_NAMP>
          <TIME>2021-09-27 01:16:25</TIME>
          <TEMP_DEGC>22.400</TEMP_DEGC>
          <AIR_TEMP_DEGC>22.400</AIR_TEMP_DEGC>
          <RH_PRCNT>22.300</RH_PRCNT>
        </DATA>
        <DATA>
          <VOLTS>7.130e-03</VOLTS>
          <CURRNT_NAMP>95.000</CURRNT_NAMP>
          <TIME>2021-09-27 01:16:25</TIME>
          <TEMP_DEGC>22.400</TEMP_DEGC>
          <AIR_TEMP_DEGC>22.400</AIR_TEMP_DEGC>
          <RH_PRCNT>22.300</RH_PRCNT>
        </DATA>
        <DATA>
          <VOLTS>7.380e-03</VOLTS>
          <CURRNT_NAMP>100.000</CURRNT_NAMP>
          <TIME>2021-09-27 01:16:26</TIME>
          <TEMP_DEGC>22.400</TEMP_DEGC>
          <AIR_TEMP_DEGC>22.400</AIR_TEMP_DEGC>
          <RH_PRCNT>22.300</RH_PRCNT>
        </DATA>
        <CHILD_DATA_SET>
          <HEADER>
            <TYPE>
              <EXTENSION_TABLE_NAME>HALFMOON_IV_PAR</EXTENSION_TABLE_NAME>
              <NAME>Tracker Halfmoon IV Parameters</NAME>
            </TYPE>
          </HEADER>
          <DATA_SET>
            <COMMENT_DESCRIPTION>Test</COMMENT_DESCRIPTION>
            <VERSION>IV_measurement</VERSION>
            <PART>
              <NAME_LABEL>37400_019_2-S_HM_EE</NAME_LABEL>
              <KIND_OF_PART>2S Halfmoon E</KIND_OF_PART>
            </PART>
            <DATA>
              <RC_OHM>7.95430e+04</RC_OHM>
              <R_OHM>8.00577e+04</R_OHM>
            </DATA>
          </DATA_SET>
        </CHILD_DATA_SET>
      </DATA_SET>
    </CHILD_DATA_SET>
  </DATA_SET>
</ROOT>
