<?xml version="1.0"?>
<ROOT>
  <HEADER>
    <TYPE>
      <EXTENSION_TABLE_NAME>HALFMOON_METADATA</EXTENSION_TABLE_NAME>
      <NAME>Tracker Halfmoon Metadata</NAME>
    </TYPE>
    <RUN mode="SEQUENCE_NUMBER" sequence="TRK_OT_RUN_SEQ">
      <RUN_TYPE>PQC</RUN_TYPE>
      <LOCATION>Demokritos</LOCATION>
      <INITIATED_BY_USER>A. Kyriakis</INITIATED_BY_USER>
      <RUN_BEGIN_TIMESTAMP>2021-09-27 11:18:06</RUN_BEGIN_TIMESTAMP>
      <COMMENT_DESCRIPTION>Test</COMMENT_DESCRIPTION>
    </RUN>
  </HEADER>
  <DATA_SET>
    <COMMENT_DESCRIPTION>Metadata with flute and structure</COMMENT_DESCRIPTION>
    <VERSION>IV_measurement</VERSION>
    <PART>
      <NAME_LABEL>37400_006_2-S_HM_WW</NAME_LABEL>
      <KIND_OF_PART>2S Halfmoon W</KIND_OF_PART>
    </PART>
    <DATA>
      <KIND_OF_HM_FLUTE_ID>PQC4</KIND_OF_HM_FLUTE_ID>
      <KIND_OF_HM_STRUCT_ID>CBKR_POLY</KIND_OF_HM_STRUCT_ID>
      <KIND_OF_HM_SET_ID>Left</KIND_OF_HM_SET_ID>
      <KIND_OF_HM_CONFIG_ID>Standard</KIND_OF_HM_CONFIG_ID>
      <EQUIPMENT>KEITHLEY 2410</EQUIPMENT>
      <WAITING_TIME_S>0.200</WAITING_TIME_S>
      <TEMP_SET_DEGC>21.700</TEMP_SET_DEGC>
      <AV_TEMP_DEGC>21.700</AV_TEMP_DEGC>
      <PROCEDURE_TYPE>CBKR_POLY</PROCEDURE_TYPE>
      <FILE_NAME>Demokritos_VPX37400_006_2-S_HM_W_Left_PQC4_CBKRPoly_s.xml</FILE_NAME>
    </DATA>
    <CHILD_DATA_SET>
      <HEADER>
        <TYPE>
          <EXTENSION_TABLE_NAME>TEST_SENSOR_IV</EXTENSION_TABLE_NAME>
          <NAME>Tracker Halfmoon IV Test</NAME>
        </TYPE>
      </HEADER>
      <DATA_SET>
        <COMMENT_DESCRIPTION>Test</COMMENT_DESCRIPTION>
        <VERSION>IV_measurement</VERSION>
        <PART>
          <NAME_LABEL>37400_006_2-S_HM_WW</NAME_LABEL>
          <KIND_OF_PART>2S Halfmoon W</KIND_OF_PART>
        </PART>
        <DATA>
          <VOLTS>-6.950e-03</VOLTS>
          <CURRNT_NAMP>-100.000</CURRNT_NAMP>
          <TIME>2021-09-27 11:18:06</TIME>
          <TEMP_DEGC>21.700</TEMP_DEGC>
          <AIR_TEMP_DEGC>21.700</AIR_TEMP_DEGC>
          <RH_PRCNT>22.700</RH_PRCNT>
        </DATA>
        <DATA>
          <VOLTS>-6.920e-03</VOLTS>
          <CURRNT_NAMP>-95.000</CURRNT_NAMP>
          <TIME>2021-09-27 11:18:06</TIME>
          <TEMP_DEGC>21.700</TEMP_DEGC>
          <AIR_TEMP_DEGC>21.700</AIR_TEMP_DEGC>
          <RH_PRCNT>22.700</RH_PRCNT>
        </DATA>
        <DATA>
          <VOLTS>-6.780e-03</VOLTS>
          <CURRNT_NAMP>-90.000</CURRNT_NAMP>
          <TIME>2021-09-27 11:18:07</TIME>
          <TEMP_DEGC>21.700</TEMP_DEGC>
          <AIR_TEMP_DEGC>21.700</AIR_TEMP_DEGC>
          <RH_PRCNT>22.700</RH_PRCNT>
        </DATA>
        <DATA>
          <VOLTS>-6.530e-03</VOLTS>
          <CURRNT_NAMP>-85.000</CURRNT_NAMP>
          <TIME>2021-09-27 11:18:07</TIME>
          <TEMP_DEGC>21.700</TEMP_DEGC>
          <AIR_TEMP_DEGC>21.700</AIR_TEMP_DEGC>
          <RH_PRCNT>22.700</RH_PRCNT>
        </DATA>
        <DATA>
          <VOLTS>-6.320e-03</VOLTS>
          <CURRNT_NAMP>-80.000</CURRNT_NAMP>
          <TIME>2021-09-27 11:18:08</TIME>
          <TEMP_DEGC>21.600</TEMP_DEGC>
          <AIR_TEMP_DEGC>21.600</AIR_TEMP_DEGC>
          <RH_PRCNT>22.800</RH_PRCNT>
        </DATA>
        <DATA>
          <VOLTS>-5.940e-03</VOLTS>
          <CURRNT_NAMP>-75.000</CURRNT_NAMP>
          <TIME>2021-09-27 11:18:08</TIME>
          <TEMP_DEGC>21.700</TEMP_DEGC>
          <AIR_TEMP_DEGC>21.700</AIR_TEMP_DEGC>
          <RH_PRCNT>22.800</RH_PRCNT>
        </DATA>
        <DATA>
          <VOLTS>-5.560e-03</VOLTS>
          <CURRNT_NAMP>-70.000</CURRNT_NAMP>
          <TIME>2021-09-27 11:18:09</TIME>
          <TEMP_DEGC>21.700</TEMP_DEGC>
          <AIR_TEMP_DEGC>21.700</AIR_TEMP_DEGC>
          <RH_PRCNT>22.700</RH_PRCNT>
        </DATA>
        <DATA>
          <VOLTS>-5.180e-03</VOLTS>
          <CURRNT_NAMP>-65.000</CURRNT_NAMP>
          <TIME>2021-09-27 11:18:09</TIME>
          <TEMP_DEGC>21.700</TEMP_DEGC>
          <AIR_TEMP_DEGC>21.700</AIR_TEMP_DEGC>
          <RH_PRCNT>22.700</RH_PRCNT>
        </DATA>
        <DATA>
          <VOLTS>-4.800e-03</VOLTS>
          <CURRNT_NAMP>-60.000</CURRNT_NAMP>
          <TIME>2021-09-27 11:18:10</TIME>
          <TEMP_DEGC>21.700</TEMP_DEGC>
          <AIR_TEMP_DEGC>21.700</AIR_TEMP_DEGC>
          <RH_PRCNT>22.700</RH_PRCNT>
        </DATA>
        <DATA>
          <VOLTS>-4.450e-03</VOLTS>
          <CURRNT_NAMP>-55.000</CURRNT_NAMP>
          <TIME>2021-09-27 11:18:10</TIME>
          <TEMP_DEGC>21.700</TEMP_DEGC>
          <AIR_TEMP_DEGC>21.700</AIR_TEMP_DEGC>
          <RH_PRCNT>22.700</RH_PRCNT>
        </DATA>
        <DATA>
          <VOLTS>-4.100e-03</VOLTS>
          <CURRNT_NAMP>-50.000</CURRNT_NAMP>
          <TIME>2021-09-27 11:18:11</TIME>
          <TEMP_DEGC>21.700</TEMP_DEGC>
          <AIR_TEMP_DEGC>21.700</AIR_TEMP_DEGC>
          <RH_PRCNT>22.800</RH_PRCNT>
        </DATA>
        <DATA>
          <VOLTS>-3.760e-03</VOLTS>
          <CURRNT_NAMP>-45.000</CURRNT_NAMP>
          <TIME>2021-09-27 11:18:11</TIME>
          <TEMP_DEGC>21.700</TEMP_DEGC>
          <AIR_TEMP_DEGC>21.700</AIR_TEMP_DEGC>
          <RH_PRCNT>22.800</RH_PRCNT>
        </DATA>
        <DATA>
          <VOLTS>-3.410e-03</VOLTS>
          <CURRNT_NAMP>-40.000</CURRNT_NAMP>
          <TIME>2021-09-27 11:18:12</TIME>
          <TEMP_DEGC>21.700</TEMP_DEGC>
          <AIR_TEMP_DEGC>21.700</AIR_TEMP_DEGC>
          <RH_PRCNT>22.700</RH_PRCNT>
        </DATA>
        <DATA>
          <VOLTS>-3.050e-03</VOLTS>
          <CURRNT_NAMP>-35.000</CURRNT_NAMP>
          <TIME>2021-09-27 11:18:12</TIME>
          <TEMP_DEGC>21.700</TEMP_DEGC>
          <AIR_TEMP_DEGC>21.700</AIR_TEMP_DEGC>
          <RH_PRCNT>22.700</RH_PRCNT>
        </DATA>
        <DATA>
          <VOLTS>-2.700e-03</VOLTS>
          <CURRNT_NAMP>-30.000</CURRNT_NAMP>
          <TIME>2021-09-27 11:18:13</TIME>
          <TEMP_DEGC>21.700</TEMP_DEGC>
          <AIR_TEMP_DEGC>21.700</AIR_TEMP_DEGC>
          <RH_PRCNT>22.700</RH_PRCNT>
        </DATA>
        <DATA>
          <VOLTS>-2.350e-03</VOLTS>
          <CURRNT_NAMP>-25.000</CURRNT_NAMP>
          <TIME>2021-09-27 11:18:13</TIME>
          <TEMP_DEGC>21.700</TEMP_DEGC>
          <AIR_TEMP_DEGC>21.700</AIR_TEMP_DEGC>
          <RH_PRCNT>22.700</RH_PRCNT>
        </DATA>
        <DATA>
          <VOLTS>-2.000e-03</VOLTS>
          <CURRNT_NAMP>-20.000</CURRNT_NAMP>
          <TIME>2021-09-27 11:18:14</TIME>
          <TEMP_DEGC>21.700</TEMP_DEGC>
          <AIR_TEMP_DEGC>21.700</AIR_TEMP_DEGC>
          <RH_PRCNT>22.700</RH_PRCNT>
        </DATA>
        <DATA>
          <VOLTS>-1.640e-03</VOLTS>
          <CURRNT_NAMP>-15.000</CURRNT_NAMP>
          <TIME>2021-09-27 11:18:14</TIME>
          <TEMP_DEGC>21.700</TEMP_DEGC>
          <AIR_TEMP_DEGC>21.700</AIR_TEMP_DEGC>
          <RH_PRCNT>22.700</RH_PRCNT>
        </DATA>
        <DATA>
          <VOLTS>-1.430e-03</VOLTS>
          <CURRNT_NAMP>-10.000</CURRNT_NAMP>
          <TIME>2021-09-27 11:18:15</TIME>
          <TEMP_DEGC>21.700</TEMP_DEGC>
          <AIR_TEMP_DEGC>21.700</AIR_TEMP_DEGC>
          <RH_PRCNT>22.700</RH_PRCNT>
        </DATA>
        <DATA>
          <VOLTS>-1.040e-03</VOLTS>
          <CURRNT_NAMP>-5.000</CURRNT_NAMP>
          <TIME>2021-09-27 11:18:15</TIME>
          <TEMP_DEGC>21.700</TEMP_DEGC>
          <AIR_TEMP_DEGC>21.700</AIR_TEMP_DEGC>
          <RH_PRCNT>22.700</RH_PRCNT>
        </DATA>
        <DATA>
          <VOLTS>-6.400e-04</VOLTS>
          <CURRNT_NAMP>0.000</CURRNT_NAMP>
          <TIME>2021-09-27 11:18:16</TIME>
          <TEMP_DEGC>21.700</TEMP_DEGC>
          <AIR_TEMP_DEGC>21.700</AIR_TEMP_DEGC>
          <RH_PRCNT>22.700</RH_PRCNT>
        </DATA>
        <DATA>
          <VOLTS>-2.500e-04</VOLTS>
          <CURRNT_NAMP>5.000</CURRNT_NAMP>
          <TIME>2021-09-27 11:18:16</TIME>
          <TEMP_DEGC>21.700</TEMP_DEGC>
          <AIR_TEMP_DEGC>21.700</AIR_TEMP_DEGC>
          <RH_PRCNT>22.700</RH_PRCNT>
        </DATA>
        <DATA>
          <VOLTS>1.300e-04</VOLTS>
          <CURRNT_NAMP>10.000</CURRNT_NAMP>
          <TIME>2021-09-27 11:18:17</TIME>
          <TEMP_DEGC>21.700</TEMP_DEGC>
          <AIR_TEMP_DEGC>21.700</AIR_TEMP_DEGC>
          <RH_PRCNT>22.700</RH_PRCNT>
        </DATA>
        <DATA>
          <VOLTS>4.900e-04</VOLTS>
          <CURRNT_NAMP>15.000</CURRNT_NAMP>
          <TIME>2021-09-27 11:18:17</TIME>
          <TEMP_DEGC>21.700</TEMP_DEGC>
          <AIR_TEMP_DEGC>21.700</AIR_TEMP_DEGC>
          <RH_PRCNT>22.700</RH_PRCNT>
        </DATA>
        <DATA>
          <VOLTS>8.500e-04</VOLTS>
          <CURRNT_NAMP>20.000</CURRNT_NAMP>
          <TIME>2021-09-27 11:18:18</TIME>
          <TEMP_DEGC>21.700</TEMP_DEGC>
          <AIR_TEMP_DEGC>21.700</AIR_TEMP_DEGC>
          <RH_PRCNT>22.700</RH_PRCNT>
        </DATA>
        <DATA>
          <VOLTS>1.210e-03</VOLTS>
          <CURRNT_NAMP>25.000</CURRNT_NAMP>
          <TIME>2021-09-27 11:18:18</TIME>
          <TEMP_DEGC>21.700</TEMP_DEGC>
          <AIR_TEMP_DEGC>21.700</AIR_TEMP_DEGC>
          <RH_PRCNT>22.700</RH_PRCNT>
        </DATA>
        <DATA>
          <VOLTS>1.580e-03</VOLTS>
          <CURRNT_NAMP>30.000</CURRNT_NAMP>
          <TIME>2021-09-27 11:18:19</TIME>
          <TEMP_DEGC>21.700</TEMP_DEGC>
          <AIR_TEMP_DEGC>21.700</AIR_TEMP_DEGC>
          <RH_PRCNT>22.700</RH_PRCNT>
        </DATA>
        <DATA>
          <VOLTS>1.940e-03</VOLTS>
          <CURRNT_NAMP>35.000</CURRNT_NAMP>
          <TIME>2021-09-27 11:18:19</TIME>
          <TEMP_DEGC>21.700</TEMP_DEGC>
          <AIR_TEMP_DEGC>21.700</AIR_TEMP_DEGC>
          <RH_PRCNT>22.700</RH_PRCNT>
        </DATA>
        <DATA>
          <VOLTS>2.160e-03</VOLTS>
          <CURRNT_NAMP>40.000</CURRNT_NAMP>
          <TIME>2021-09-27 11:18:21</TIME>
          <TEMP_DEGC>21.700</TEMP_DEGC>
          <AIR_TEMP_DEGC>21.700</AIR_TEMP_DEGC>
          <RH_PRCNT>22.700</RH_PRCNT>
        </DATA>
        <DATA>
          <VOLTS>2.550e-03</VOLTS>
          <CURRNT_NAMP>45.000</CURRNT_NAMP>
          <TIME>2021-09-27 11:18:21</TIME>
          <TEMP_DEGC>21.700</TEMP_DEGC>
          <AIR_TEMP_DEGC>21.700</AIR_TEMP_DEGC>
          <RH_PRCNT>22.700</RH_PRCNT>
        </DATA>
        <DATA>
          <VOLTS>2.950e-03</VOLTS>
          <CURRNT_NAMP>50.000</CURRNT_NAMP>
          <TIME>2021-09-27 11:18:22</TIME>
          <TEMP_DEGC>21.700</TEMP_DEGC>
          <AIR_TEMP_DEGC>21.700</AIR_TEMP_DEGC>
          <RH_PRCNT>22.700</RH_PRCNT>
        </DATA>
        <DATA>
          <VOLTS>3.360e-03</VOLTS>
          <CURRNT_NAMP>55.000</CURRNT_NAMP>
          <TIME>2021-09-27 11:18:22</TIME>
          <TEMP_DEGC>21.700</TEMP_DEGC>
          <AIR_TEMP_DEGC>21.700</AIR_TEMP_DEGC>
          <RH_PRCNT>22.700</RH_PRCNT>
        </DATA>
        <DATA>
          <VOLTS>3.760e-03</VOLTS>
          <CURRNT_NAMP>60.000</CURRNT_NAMP>
          <TIME>2021-09-27 11:18:23</TIME>
          <TEMP_DEGC>21.700</TEMP_DEGC>
          <AIR_TEMP_DEGC>21.700</AIR_TEMP_DEGC>
          <RH_PRCNT>22.700</RH_PRCNT>
        </DATA>
        <DATA>
          <VOLTS>4.130e-03</VOLTS>
          <CURRNT_NAMP>65.000</CURRNT_NAMP>
          <TIME>2021-09-27 11:18:23</TIME>
          <TEMP_DEGC>21.700</TEMP_DEGC>
          <AIR_TEMP_DEGC>21.700</AIR_TEMP_DEGC>
          <RH_PRCNT>22.700</RH_PRCNT>
        </DATA>
        <DATA>
          <VOLTS>4.490e-03</VOLTS>
          <CURRNT_NAMP>70.000</CURRNT_NAMP>
          <TIME>2021-09-27 11:18:24</TIME>
          <TEMP_DEGC>21.700</TEMP_DEGC>
          <AIR_TEMP_DEGC>21.700</AIR_TEMP_DEGC>
          <RH_PRCNT>22.700</RH_PRCNT>
        </DATA>
        <DATA>
          <VOLTS>4.860e-03</VOLTS>
          <CURRNT_NAMP>75.000</CURRNT_NAMP>
          <TIME>2021-09-27 11:18:24</TIME>
          <TEMP_DEGC>21.700</TEMP_DEGC>
          <AIR_TEMP_DEGC>21.700</AIR_TEMP_DEGC>
          <RH_PRCNT>22.700</RH_PRCNT>
        </DATA>
        <DATA>
          <VOLTS>5.230e-03</VOLTS>
          <CURRNT_NAMP>80.000</CURRNT_NAMP>
          <TIME>2021-09-27 11:18:25</TIME>
          <TEMP_DEGC>21.700</TEMP_DEGC>
          <AIR_TEMP_DEGC>21.700</AIR_TEMP_DEGC>
          <RH_PRCNT>22.700</RH_PRCNT>
        </DATA>
        <DATA>
          <VOLTS>5.600e-03</VOLTS>
          <CURRNT_NAMP>85.000</CURRNT_NAMP>
          <TIME>2021-09-27 11:18:25</TIME>
          <TEMP_DEGC>21.700</TEMP_DEGC>
          <AIR_TEMP_DEGC>21.700</AIR_TEMP_DEGC>
          <RH_PRCNT>22.700</RH_PRCNT>
        </DATA>
        <DATA>
          <VOLTS>5.970e-03</VOLTS>
          <CURRNT_NAMP>90.000</CURRNT_NAMP>
          <TIME>2021-09-27 11:18:26</TIME>
          <TEMP_DEGC>21.700</TEMP_DEGC>
          <AIR_TEMP_DEGC>21.700</AIR_TEMP_DEGC>
          <RH_PRCNT>22.700</RH_PRCNT>
        </DATA>
        <DATA>
          <VOLTS>6.340e-03</VOLTS>
          <CURRNT_NAMP>95.000</CURRNT_NAMP>
          <TIME>2021-09-27 11:18:26</TIME>
          <TEMP_DEGC>21.700</TEMP_DEGC>
          <AIR_TEMP_DEGC>21.700</AIR_TEMP_DEGC>
          <RH_PRCNT>22.700</RH_PRCNT>
        </DATA>
        <DATA>
          <VOLTS>6.710e-03</VOLTS>
          <CURRNT_NAMP>100.000</CURRNT_NAMP>
          <TIME>2021-09-27 11:18:27</TIME>
          <TEMP_DEGC>21.700</TEMP_DEGC>
          <AIR_TEMP_DEGC>21.700</AIR_TEMP_DEGC>
          <RH_PRCNT>22.700</RH_PRCNT>
        </DATA>
        <CHILD_DATA_SET>
          <HEADER>
            <TYPE>
              <EXTENSION_TABLE_NAME>HALFMOON_IV_PAR</EXTENSION_TABLE_NAME>
              <NAME>Tracker Halfmoon IV Parameters</NAME>
            </TYPE>
          </HEADER>
          <DATA_SET>
            <COMMENT_DESCRIPTION>Test</COMMENT_DESCRIPTION>
            <VERSION>IV_measurement</VERSION>
            <PART>
              <NAME_LABEL>37400_006_2-S_HM_WW</NAME_LABEL>
              <KIND_OF_PART>2S Halfmoon W</KIND_OF_PART>
            </PART>
            <DATA>
              <RC_OHM>7.10280e+04</RC_OHM>
              <R_OHM>7.15436e+04</R_OHM>
            </DATA>
          </DATA_SET>
        </CHILD_DATA_SET>
      </DATA_SET>
    </CHILD_DATA_SET>
  </DATA_SET>
</ROOT>
