<?xml version="1.0"?>
<ROOT>
  <HEADER>
    <TYPE>
      <EXTENSION_TABLE_NAME>HALFMOON_METADATA</EXTENSION_TABLE_NAME>
      <NAME>Tracker Halfmoon Metadata</NAME>
    </TYPE>
    <RUN mode="SEQUENCE_NUMBER" sequence="TRK_OT_RUN_SEQ">
      <RUN_TYPE>PQC</RUN_TYPE>
      <LOCATION>Demokritos</LOCATION>
      <INITIATED_BY_USER>A. Kyriakis</INITIATED_BY_USER>
      <RUN_BEGIN_TIMESTAMP>2021-09-27 16:17:28</RUN_BEGIN_TIMESTAMP>
      <COMMENT_DESCRIPTION>Test</COMMENT_DESCRIPTION>
    </RUN>
  </HEADER>
  <DATA_SET>
    <COMMENT_DESCRIPTION>Metadata with flute and structure</COMMENT_DESCRIPTION>
    <VERSION>IV_measurement</VERSION>
    <PART>
      <NAME_LABEL>37400_019_2-S_HM_WW</NAME_LABEL>
      <KIND_OF_PART>2S Halfmoon W</KIND_OF_PART>
    </PART>
    <DATA>
      <KIND_OF_HM_FLUTE_ID>PQC4</KIND_OF_HM_FLUTE_ID>
      <KIND_OF_HM_STRUCT_ID>CBKR_STRIP</KIND_OF_HM_STRUCT_ID>
      <KIND_OF_HM_SET_ID>Left</KIND_OF_HM_SET_ID>
      <KIND_OF_HM_CONFIG_ID>Standard</KIND_OF_HM_CONFIG_ID>
      <EQUIPMENT>KEITHLEY 2410</EQUIPMENT>
      <WAITING_TIME_S>0.200</WAITING_TIME_S>
      <TEMP_SET_DEGC>22.600</TEMP_SET_DEGC>
      <AV_TEMP_DEGC>22.600</AV_TEMP_DEGC>
      <PROCEDURE_TYPE>CBKR_STRIP</PROCEDURE_TYPE>
      <FILE_NAME>Demokritos_VPX37400_019_2-S_HM_W_Left_PQC4_CBKRStrip_s.xml</FILE_NAME>
    </DATA>
    <CHILD_DATA_SET>
      <HEADER>
        <TYPE>
          <EXTENSION_TABLE_NAME>TEST_SENSOR_IV</EXTENSION_TABLE_NAME>
          <NAME>Tracker Halfmoon IV Test</NAME>
        </TYPE>
      </HEADER>
      <DATA_SET>
        <COMMENT_DESCRIPTION>Test</COMMENT_DESCRIPTION>
        <VERSION>IV_measurement</VERSION>
        <PART>
          <NAME_LABEL>37400_019_2-S_HM_WW</NAME_LABEL>
          <KIND_OF_PART>2S Halfmoon W</KIND_OF_PART>
        </PART>
        <DATA>
          <VOLTS>-1.132e-02</VOLTS>
          <CURRNT_NAMP>-1.000e+05</CURRNT_NAMP>
          <TIME>2021-09-27 04:17:28</TIME>
          <TEMP_DEGC>22.600</TEMP_DEGC>
          <AIR_TEMP_DEGC>22.600</AIR_TEMP_DEGC>
          <RH_PRCNT>21.400</RH_PRCNT>
        </DATA>
        <DATA>
          <VOLTS>-1.333e-02</VOLTS>
          <CURRNT_NAMP>-9.500e+04</CURRNT_NAMP>
          <TIME>2021-09-27 04:17:28</TIME>
          <TEMP_DEGC>22.600</TEMP_DEGC>
          <AIR_TEMP_DEGC>22.600</AIR_TEMP_DEGC>
          <RH_PRCNT>21.400</RH_PRCNT>
        </DATA>
        <DATA>
          <VOLTS>-1.389e-02</VOLTS>
          <CURRNT_NAMP>-9.000e+04</CURRNT_NAMP>
          <TIME>2021-09-27 04:17:29</TIME>
          <TEMP_DEGC>22.600</TEMP_DEGC>
          <AIR_TEMP_DEGC>22.600</AIR_TEMP_DEGC>
          <RH_PRCNT>21.400</RH_PRCNT>
        </DATA>
        <DATA>
          <VOLTS>-1.380e-02</VOLTS>
          <CURRNT_NAMP>-8.500e+04</CURRNT_NAMP>
          <TIME>2021-09-27 04:17:29</TIME>
          <TEMP_DEGC>22.600</TEMP_DEGC>
          <AIR_TEMP_DEGC>22.600</AIR_TEMP_DEGC>
          <RH_PRCNT>21.400</RH_PRCNT>
        </DATA>
        <DATA>
          <VOLTS>-1.328e-02</VOLTS>
          <CURRNT_NAMP>-8.000e+04</CURRNT_NAMP>
          <TIME>2021-09-27 04:17:30</TIME>
          <TEMP_DEGC>22.600</TEMP_DEGC>
          <AIR_TEMP_DEGC>22.600</AIR_TEMP_DEGC>
          <RH_PRCNT>21.400</RH_PRCNT>
        </DATA>
        <DATA>
          <VOLTS>-1.258e-02</VOLTS>
          <CURRNT_NAMP>-7.500e+04</CURRNT_NAMP>
          <TIME>2021-09-27 04:17:30</TIME>
          <TEMP_DEGC>22.600</TEMP_DEGC>
          <AIR_TEMP_DEGC>22.600</AIR_TEMP_DEGC>
          <RH_PRCNT>21.400</RH_PRCNT>
        </DATA>
        <DATA>
          <VOLTS>-1.189e-02</VOLTS>
          <CURRNT_NAMP>-7.000e+04</CURRNT_NAMP>
          <TIME>2021-09-27 04:17:31</TIME>
          <TEMP_DEGC>22.600</TEMP_DEGC>
          <AIR_TEMP_DEGC>22.600</AIR_TEMP_DEGC>
          <RH_PRCNT>21.400</RH_PRCNT>
        </DATA>
        <DATA>
          <VOLTS>-1.118e-02</VOLTS>
          <CURRNT_NAMP>-6.500e+04</CURRNT_NAMP>
          <TIME>2021-09-27 04:17:31</TIME>
          <TEMP_DEGC>22.600</TEMP_DEGC>
          <AIR_TEMP_DEGC>22.600</AIR_TEMP_DEGC>
          <RH_PRCNT>21.400</RH_PRCNT>
        </DATA>
        <DATA>
          <VOLTS>-1.049e-02</VOLTS>
          <CURRNT_NAMP>-6.000e+04</CURRNT_NAMP>
          <TIME>2021-09-27 04:17:32</TIME>
          <TEMP_DEGC>22.600</TEMP_DEGC>
          <AIR_TEMP_DEGC>22.600</AIR_TEMP_DEGC>
          <RH_PRCNT>21.400</RH_PRCNT>
        </DATA>
        <DATA>
          <VOLTS>-9.800e-03</VOLTS>
          <CURRNT_NAMP>-5.500e+04</CURRNT_NAMP>
          <TIME>2021-09-27 04:17:32</TIME>
          <TEMP_DEGC>22.600</TEMP_DEGC>
          <AIR_TEMP_DEGC>22.600</AIR_TEMP_DEGC>
          <RH_PRCNT>21.400</RH_PRCNT>
        </DATA>
        <DATA>
          <VOLTS>-9.100e-03</VOLTS>
          <CURRNT_NAMP>-5.000e+04</CURRNT_NAMP>
          <TIME>2021-09-27 04:17:33</TIME>
          <TEMP_DEGC>22.600</TEMP_DEGC>
          <AIR_TEMP_DEGC>22.600</AIR_TEMP_DEGC>
          <RH_PRCNT>21.400</RH_PRCNT>
        </DATA>
        <DATA>
          <VOLTS>-8.360e-03</VOLTS>
          <CURRNT_NAMP>-4.500e+04</CURRNT_NAMP>
          <TIME>2021-09-27 04:17:33</TIME>
          <TEMP_DEGC>22.600</TEMP_DEGC>
          <AIR_TEMP_DEGC>22.600</AIR_TEMP_DEGC>
          <RH_PRCNT>21.400</RH_PRCNT>
        </DATA>
        <DATA>
          <VOLTS>-7.590e-03</VOLTS>
          <CURRNT_NAMP>-4.000e+04</CURRNT_NAMP>
          <TIME>2021-09-27 04:17:34</TIME>
          <TEMP_DEGC>22.600</TEMP_DEGC>
          <AIR_TEMP_DEGC>22.600</AIR_TEMP_DEGC>
          <RH_PRCNT>21.400</RH_PRCNT>
        </DATA>
        <DATA>
          <VOLTS>-6.820e-03</VOLTS>
          <CURRNT_NAMP>-3.500e+04</CURRNT_NAMP>
          <TIME>2021-09-27 04:17:34</TIME>
          <TEMP_DEGC>22.600</TEMP_DEGC>
          <AIR_TEMP_DEGC>22.600</AIR_TEMP_DEGC>
          <RH_PRCNT>21.400</RH_PRCNT>
        </DATA>
        <DATA>
          <VOLTS>-6.080e-03</VOLTS>
          <CURRNT_NAMP>-3.000e+04</CURRNT_NAMP>
          <TIME>2021-09-27 04:17:35</TIME>
          <TEMP_DEGC>22.600</TEMP_DEGC>
          <AIR_TEMP_DEGC>22.600</AIR_TEMP_DEGC>
          <RH_PRCNT>21.400</RH_PRCNT>
        </DATA>
        <DATA>
          <VOLTS>-5.360e-03</VOLTS>
          <CURRNT_NAMP>-2.500e+04</CURRNT_NAMP>
          <TIME>2021-09-27 04:17:35</TIME>
          <TEMP_DEGC>22.600</TEMP_DEGC>
          <AIR_TEMP_DEGC>22.600</AIR_TEMP_DEGC>
          <RH_PRCNT>21.400</RH_PRCNT>
        </DATA>
        <DATA>
          <VOLTS>-4.860e-03</VOLTS>
          <CURRNT_NAMP>-2.000e+04</CURRNT_NAMP>
          <TIME>2021-09-27 04:17:36</TIME>
          <TEMP_DEGC>22.600</TEMP_DEGC>
          <AIR_TEMP_DEGC>22.600</AIR_TEMP_DEGC>
          <RH_PRCNT>21.400</RH_PRCNT>
        </DATA>
        <DATA>
          <VOLTS>-4.060e-03</VOLTS>
          <CURRNT_NAMP>-1.500e+04</CURRNT_NAMP>
          <TIME>2021-09-27 04:17:36</TIME>
          <TEMP_DEGC>22.600</TEMP_DEGC>
          <AIR_TEMP_DEGC>22.600</AIR_TEMP_DEGC>
          <RH_PRCNT>21.400</RH_PRCNT>
        </DATA>
        <DATA>
          <VOLTS>-3.230e-03</VOLTS>
          <CURRNT_NAMP>-1.000e+04</CURRNT_NAMP>
          <TIME>2021-09-27 04:17:37</TIME>
          <TEMP_DEGC>22.600</TEMP_DEGC>
          <AIR_TEMP_DEGC>22.600</AIR_TEMP_DEGC>
          <RH_PRCNT>21.400</RH_PRCNT>
        </DATA>
        <DATA>
          <VOLTS>-2.400e-03</VOLTS>
          <CURRNT_NAMP>-5.000e+03</CURRNT_NAMP>
          <TIME>2021-09-27 04:17:37</TIME>
          <TEMP_DEGC>22.600</TEMP_DEGC>
          <AIR_TEMP_DEGC>22.600</AIR_TEMP_DEGC>
          <RH_PRCNT>21.400</RH_PRCNT>
        </DATA>
        <DATA>
          <VOLTS>-1.640e-03</VOLTS>
          <CURRNT_NAMP>0.000e+00</CURRNT_NAMP>
          <TIME>2021-09-27 04:17:38</TIME>
          <TEMP_DEGC>22.600</TEMP_DEGC>
          <AIR_TEMP_DEGC>22.600</AIR_TEMP_DEGC>
          <RH_PRCNT>21.400</RH_PRCNT>
        </DATA>
        <DATA>
          <VOLTS>-9.100e-04</VOLTS>
          <CURRNT_NAMP>5.000e+03</CURRNT_NAMP>
          <TIME>2021-09-27 04:17:38</TIME>
          <TEMP_DEGC>22.600</TEMP_DEGC>
          <AIR_TEMP_DEGC>22.600</AIR_TEMP_DEGC>
          <RH_PRCNT>21.400</RH_PRCNT>
        </DATA>
        <DATA>
          <VOLTS>-1.700e-04</VOLTS>
          <CURRNT_NAMP>1.000e+04</CURRNT_NAMP>
          <TIME>2021-09-27 04:17:39</TIME>
          <TEMP_DEGC>22.600</TEMP_DEGC>
          <AIR_TEMP_DEGC>22.600</AIR_TEMP_DEGC>
          <RH_PRCNT>21.400</RH_PRCNT>
        </DATA>
        <DATA>
          <VOLTS>5.500e-04</VOLTS>
          <CURRNT_NAMP>1.500e+04</CURRNT_NAMP>
          <TIME>2021-09-27 04:17:39</TIME>
          <TEMP_DEGC>22.600</TEMP_DEGC>
          <AIR_TEMP_DEGC>22.600</AIR_TEMP_DEGC>
          <RH_PRCNT>21.400</RH_PRCNT>
        </DATA>
        <DATA>
          <VOLTS>1.290e-03</VOLTS>
          <CURRNT_NAMP>2.000e+04</CURRNT_NAMP>
          <TIME>2021-09-27 04:17:40</TIME>
          <TEMP_DEGC>22.600</TEMP_DEGC>
          <AIR_TEMP_DEGC>22.600</AIR_TEMP_DEGC>
          <RH_PRCNT>21.400</RH_PRCNT>
        </DATA>
        <DATA>
          <VOLTS>2.040e-03</VOLTS>
          <CURRNT_NAMP>2.500e+04</CURRNT_NAMP>
          <TIME>2021-09-27 04:17:40</TIME>
          <TEMP_DEGC>22.600</TEMP_DEGC>
          <AIR_TEMP_DEGC>22.600</AIR_TEMP_DEGC>
          <RH_PRCNT>21.400</RH_PRCNT>
        </DATA>
        <DATA>
          <VOLTS>2.800e-03</VOLTS>
          <CURRNT_NAMP>3.000e+04</CURRNT_NAMP>
          <TIME>2021-09-27 04:17:41</TIME>
          <TEMP_DEGC>22.600</TEMP_DEGC>
          <AIR_TEMP_DEGC>22.600</AIR_TEMP_DEGC>
          <RH_PRCNT>21.400</RH_PRCNT>
        </DATA>
        <DATA>
          <VOLTS>3.560e-03</VOLTS>
          <CURRNT_NAMP>3.500e+04</CURRNT_NAMP>
          <TIME>2021-09-27 04:17:41</TIME>
          <TEMP_DEGC>22.600</TEMP_DEGC>
          <AIR_TEMP_DEGC>22.600</AIR_TEMP_DEGC>
          <RH_PRCNT>21.400</RH_PRCNT>
        </DATA>
        <DATA>
          <VOLTS>4.310e-03</VOLTS>
          <CURRNT_NAMP>4.000e+04</CURRNT_NAMP>
          <TIME>2021-09-27 04:17:42</TIME>
          <TEMP_DEGC>22.600</TEMP_DEGC>
          <AIR_TEMP_DEGC>22.600</AIR_TEMP_DEGC>
          <RH_PRCNT>21.400</RH_PRCNT>
        </DATA>
        <DATA>
          <VOLTS>5.070e-03</VOLTS>
          <CURRNT_NAMP>4.500e+04</CURRNT_NAMP>
          <TIME>2021-09-27 04:17:42</TIME>
          <TEMP_DEGC>22.600</TEMP_DEGC>
          <AIR_TEMP_DEGC>22.600</AIR_TEMP_DEGC>
          <RH_PRCNT>21.400</RH_PRCNT>
        </DATA>
        <DATA>
          <VOLTS>5.840e-03</VOLTS>
          <CURRNT_NAMP>5.000e+04</CURRNT_NAMP>
          <TIME>2021-09-27 04:17:44</TIME>
          <TEMP_DEGC>22.600</TEMP_DEGC>
          <AIR_TEMP_DEGC>22.600</AIR_TEMP_DEGC>
          <RH_PRCNT>21.400</RH_PRCNT>
        </DATA>
        <DATA>
          <VOLTS>6.610e-03</VOLTS>
          <CURRNT_NAMP>5.500e+04</CURRNT_NAMP>
          <TIME>2021-09-27 04:17:44</TIME>
          <TEMP_DEGC>22.600</TEMP_DEGC>
          <AIR_TEMP_DEGC>22.600</AIR_TEMP_DEGC>
          <RH_PRCNT>21.400</RH_PRCNT>
        </DATA>
        <DATA>
          <VOLTS>7.370e-03</VOLTS>
          <CURRNT_NAMP>6.000e+04</CURRNT_NAMP>
          <TIME>2021-09-27 04:17:45</TIME>
          <TEMP_DEGC>22.600</TEMP_DEGC>
          <AIR_TEMP_DEGC>22.600</AIR_TEMP_DEGC>
          <RH_PRCNT>21.400</RH_PRCNT>
        </DATA>
        <DATA>
          <VOLTS>8.170e-03</VOLTS>
          <CURRNT_NAMP>6.500e+04</CURRNT_NAMP>
          <TIME>2021-09-27 04:17:45</TIME>
          <TEMP_DEGC>22.600</TEMP_DEGC>
          <AIR_TEMP_DEGC>22.600</AIR_TEMP_DEGC>
          <RH_PRCNT>21.400</RH_PRCNT>
        </DATA>
        <DATA>
          <VOLTS>8.950e-03</VOLTS>
          <CURRNT_NAMP>7.000e+04</CURRNT_NAMP>
          <TIME>2021-09-27 04:17:46</TIME>
          <TEMP_DEGC>22.600</TEMP_DEGC>
          <AIR_TEMP_DEGC>22.600</AIR_TEMP_DEGC>
          <RH_PRCNT>21.400</RH_PRCNT>
        </DATA>
        <DATA>
          <VOLTS>9.720e-03</VOLTS>
          <CURRNT_NAMP>7.500e+04</CURRNT_NAMP>
          <TIME>2021-09-27 04:17:46</TIME>
          <TEMP_DEGC>22.600</TEMP_DEGC>
          <AIR_TEMP_DEGC>22.600</AIR_TEMP_DEGC>
          <RH_PRCNT>21.400</RH_PRCNT>
        </DATA>
        <DATA>
          <VOLTS>1.046e-02</VOLTS>
          <CURRNT_NAMP>8.000e+04</CURRNT_NAMP>
          <TIME>2021-09-27 04:17:47</TIME>
          <TEMP_DEGC>22.600</TEMP_DEGC>
          <AIR_TEMP_DEGC>22.600</AIR_TEMP_DEGC>
          <RH_PRCNT>21.400</RH_PRCNT>
        </DATA>
        <DATA>
          <VOLTS>1.123e-02</VOLTS>
          <CURRNT_NAMP>8.500e+04</CURRNT_NAMP>
          <TIME>2021-09-27 04:17:47</TIME>
          <TEMP_DEGC>22.600</TEMP_DEGC>
          <AIR_TEMP_DEGC>22.600</AIR_TEMP_DEGC>
          <RH_PRCNT>21.400</RH_PRCNT>
        </DATA>
        <DATA>
          <VOLTS>1.199e-02</VOLTS>
          <CURRNT_NAMP>9.000e+04</CURRNT_NAMP>
          <TIME>2021-09-27 04:17:48</TIME>
          <TEMP_DEGC>22.600</TEMP_DEGC>
          <AIR_TEMP_DEGC>22.600</AIR_TEMP_DEGC>
          <RH_PRCNT>21.400</RH_PRCNT>
        </DATA>
        <DATA>
          <VOLTS>1.277e-02</VOLTS>
          <CURRNT_NAMP>9.500e+04</CURRNT_NAMP>
          <TIME>2021-09-27 04:17:48</TIME>
          <TEMP_DEGC>22.600</TEMP_DEGC>
          <AIR_TEMP_DEGC>22.600</AIR_TEMP_DEGC>
          <RH_PRCNT>21.400</RH_PRCNT>
        </DATA>
        <DATA>
          <VOLTS>1.354e-02</VOLTS>
          <CURRNT_NAMP>1.000e+05</CURRNT_NAMP>
          <TIME>2021-09-27 04:17:49</TIME>
          <TEMP_DEGC>22.600</TEMP_DEGC>
          <AIR_TEMP_DEGC>22.600</AIR_TEMP_DEGC>
          <RH_PRCNT>21.400</RH_PRCNT>
        </DATA>
        <CHILD_DATA_SET>
          <HEADER>
            <TYPE>
              <EXTENSION_TABLE_NAME>HALFMOON_IV_PAR</EXTENSION_TABLE_NAME>
              <NAME>Tracker Halfmoon IV Parameters</NAME>
            </TYPE>
          </HEADER>
          <DATA_SET>
            <COMMENT_DESCRIPTION>Test</COMMENT_DESCRIPTION>
            <VERSION>IV_measurement</VERSION>
            <PART>
              <NAME_LABEL>37400_019_2-S_HM_WW</NAME_LABEL>
              <KIND_OF_PART>2S Halfmoon W</KIND_OF_PART>
            </PART>
            <DATA>
              <RC_OHM>139.214</RC_OHM>
              <R_OHM>148.781</R_OHM>
            </DATA>
          </DATA_SET>
        </CHILD_DATA_SET>
      </DATA_SET>
    </CHILD_DATA_SET>
  </DATA_SET>
</ROOT>
