<?xml version="1.0"?>
<ROOT>
  <HEADER>
    <TYPE>
      <EXTENSION_TABLE_NAME>HALFMOON_METADATA</EXTENSION_TABLE_NAME>
      <NAME>Tracker Halfmoon Metadata</NAME>
    </TYPE>
    <RUN mode="SEQUENCE_NUMBER" sequence="TRK_OT_RUN_SEQ">
      <RUN_TYPE>PQC</RUN_TYPE>
      <LOCATION>Demokritos</LOCATION>
      <INITIATED_BY_USER>A. Kyriakis</INITIATED_BY_USER>
      <RUN_BEGIN_TIMESTAMP>2021-09-27 01:19:21</RUN_BEGIN_TIMESTAMP>
      <COMMENT_DESCRIPTION>Test</COMMENT_DESCRIPTION>
    </RUN>
  </HEADER>
  <DATA_SET>
    <COMMENT_DESCRIPTION>Metadata with flute and structure</COMMENT_DESCRIPTION>
    <VERSION>IV_measurement</VERSION>
    <PART>
      <NAME_LABEL>37400_019_2-S_HM_EE</NAME_LABEL>
      <KIND_OF_PART>2S Halfmoon E</KIND_OF_PART>
    </PART>
    <DATA>
      <KIND_OF_HM_FLUTE_ID>PQC4</KIND_OF_HM_FLUTE_ID>
      <KIND_OF_HM_STRUCT_ID>CC_POLY</KIND_OF_HM_STRUCT_ID>
      <KIND_OF_HM_SET_ID>Left</KIND_OF_HM_SET_ID>
      <KIND_OF_HM_CONFIG_ID>Not Used</KIND_OF_HM_CONFIG_ID>
      <EQUIPMENT>KEITHLEY 2410</EQUIPMENT>
      <WAITING_TIME_S>0.20000</WAITING_TIME_S>
      <TEMP_SET_DEGC>22.400</TEMP_SET_DEGC>
      <AV_TEMP_DEGC>22.400</AV_TEMP_DEGC>
      <PROCEDURE_TYPE>CC_POLY</PROCEDURE_TYPE>
      <FILE_NAME>Demokritos_VPX37400_019_2-S_HM_E_Left_PQC4_CCPoly_IV.xml</FILE_NAME>
    </DATA>
    <CHILD_DATA_SET>
      <HEADER>
        <TYPE>
          <EXTENSION_TABLE_NAME>TEST_SENSOR_IV</EXTENSION_TABLE_NAME>
          <NAME>Tracker Halfmoon IV Test</NAME>
        </TYPE>
      </HEADER>
      <DATA_SET>
        <COMMENT_DESCRIPTION>Test</COMMENT_DESCRIPTION>
        <VERSION>IV_measurement</VERSION>
        <PART>
          <NAME_LABEL>37400_019_2-S_HM_EE</NAME_LABEL>
          <KIND_OF_PART>2S Halfmoon E</KIND_OF_PART>
        </PART>
        <DATA>
          <VOLTS>-1.794e-01</VOLTS>
          <CURRNT_NAMP>-1.000e+01</CURRNT_NAMP>
          <TIME>2021-09-27 01:19:21</TIME>
          <TEMP_DEGC>22.400</TEMP_DEGC>
          <AIR_TEMP_DEGC>22.400</AIR_TEMP_DEGC>
          <RH_PRCNT>22.300</RH_PRCNT>
        </DATA>
        <DATA>
          <VOLTS>-1.815e-01</VOLTS>
          <CURRNT_NAMP>-9.000e+00</CURRNT_NAMP>
          <TIME>2021-09-27 01:19:21</TIME>
          <TEMP_DEGC>22.400</TEMP_DEGC>
          <AIR_TEMP_DEGC>22.400</AIR_TEMP_DEGC>
          <RH_PRCNT>22.300</RH_PRCNT>
        </DATA>
        <DATA>
          <VOLTS>-1.753e-01</VOLTS>
          <CURRNT_NAMP>-8.000e+00</CURRNT_NAMP>
          <TIME>2021-09-27 01:19:22</TIME>
          <TEMP_DEGC>22.400</TEMP_DEGC>
          <AIR_TEMP_DEGC>22.400</AIR_TEMP_DEGC>
          <RH_PRCNT>22.300</RH_PRCNT>
        </DATA>
        <DATA>
          <VOLTS>-1.631e-01</VOLTS>
          <CURRNT_NAMP>-7.000e+00</CURRNT_NAMP>
          <TIME>2021-09-27 01:19:22</TIME>
          <TEMP_DEGC>22.400</TEMP_DEGC>
          <AIR_TEMP_DEGC>22.400</AIR_TEMP_DEGC>
          <RH_PRCNT>22.300</RH_PRCNT>
        </DATA>
        <DATA>
          <VOLTS>-1.521e-01</VOLTS>
          <CURRNT_NAMP>-6.000e+00</CURRNT_NAMP>
          <TIME>2021-09-27 01:19:23</TIME>
          <TEMP_DEGC>22.400</TEMP_DEGC>
          <AIR_TEMP_DEGC>22.400</AIR_TEMP_DEGC>
          <RH_PRCNT>22.300</RH_PRCNT>
        </DATA>
        <DATA>
          <VOLTS>-1.308e-01</VOLTS>
          <CURRNT_NAMP>-5.000e+00</CURRNT_NAMP>
          <TIME>2021-09-27 01:19:23</TIME>
          <TEMP_DEGC>22.400</TEMP_DEGC>
          <AIR_TEMP_DEGC>22.400</AIR_TEMP_DEGC>
          <RH_PRCNT>22.300</RH_PRCNT>
        </DATA>
        <DATA>
          <VOLTS>-1.106e-01</VOLTS>
          <CURRNT_NAMP>-4.000e+00</CURRNT_NAMP>
          <TIME>2021-09-27 01:19:24</TIME>
          <TEMP_DEGC>22.400</TEMP_DEGC>
          <AIR_TEMP_DEGC>22.400</AIR_TEMP_DEGC>
          <RH_PRCNT>22.300</RH_PRCNT>
        </DATA>
        <DATA>
          <VOLTS>-9.726e-02</VOLTS>
          <CURRNT_NAMP>-3.000e+00</CURRNT_NAMP>
          <TIME>2021-09-27 01:19:24</TIME>
          <TEMP_DEGC>22.400</TEMP_DEGC>
          <AIR_TEMP_DEGC>22.400</AIR_TEMP_DEGC>
          <RH_PRCNT>22.300</RH_PRCNT>
        </DATA>
        <DATA>
          <VOLTS>-7.596e-02</VOLTS>
          <CURRNT_NAMP>-2.000e+00</CURRNT_NAMP>
          <TIME>2021-09-27 01:19:25</TIME>
          <TEMP_DEGC>22.400</TEMP_DEGC>
          <AIR_TEMP_DEGC>22.400</AIR_TEMP_DEGC>
          <RH_PRCNT>22.300</RH_PRCNT>
        </DATA>
        <DATA>
          <VOLTS>-5.589e-02</VOLTS>
          <CURRNT_NAMP>-1.000e+00</CURRNT_NAMP>
          <TIME>2021-09-27 01:19:25</TIME>
          <TEMP_DEGC>22.400</TEMP_DEGC>
          <AIR_TEMP_DEGC>22.400</AIR_TEMP_DEGC>
          <RH_PRCNT>22.300</RH_PRCNT>
        </DATA>
        <DATA>
          <VOLTS>-3.585e-02</VOLTS>
          <CURRNT_NAMP>0.000e+00</CURRNT_NAMP>
          <TIME>2021-09-27 01:19:26</TIME>
          <TEMP_DEGC>22.400</TEMP_DEGC>
          <AIR_TEMP_DEGC>22.400</AIR_TEMP_DEGC>
          <RH_PRCNT>22.300</RH_PRCNT>
        </DATA>
        <DATA>
          <VOLTS>-2.307e-02</VOLTS>
          <CURRNT_NAMP>1.000e+00</CURRNT_NAMP>
          <TIME>2021-09-27 01:19:26</TIME>
          <TEMP_DEGC>22.400</TEMP_DEGC>
          <AIR_TEMP_DEGC>22.400</AIR_TEMP_DEGC>
          <RH_PRCNT>22.300</RH_PRCNT>
        </DATA>
        <DATA>
          <VOLTS>-2.890e-03</VOLTS>
          <CURRNT_NAMP>2.000e+00</CURRNT_NAMP>
          <TIME>2021-09-27 01:19:27</TIME>
          <TEMP_DEGC>22.400</TEMP_DEGC>
          <AIR_TEMP_DEGC>22.400</AIR_TEMP_DEGC>
          <RH_PRCNT>22.300</RH_PRCNT>
        </DATA>
        <DATA>
          <VOLTS>1.723e-02</VOLTS>
          <CURRNT_NAMP>3.000e+00</CURRNT_NAMP>
          <TIME>2021-09-27 01:19:27</TIME>
          <TEMP_DEGC>22.400</TEMP_DEGC>
          <AIR_TEMP_DEGC>22.400</AIR_TEMP_DEGC>
          <RH_PRCNT>22.300</RH_PRCNT>
        </DATA>
        <DATA>
          <VOLTS>3.065e-02</VOLTS>
          <CURRNT_NAMP>4.000e+00</CURRNT_NAMP>
          <TIME>2021-09-27 01:19:28</TIME>
          <TEMP_DEGC>22.400</TEMP_DEGC>
          <AIR_TEMP_DEGC>22.400</AIR_TEMP_DEGC>
          <RH_PRCNT>22.300</RH_PRCNT>
        </DATA>
        <DATA>
          <VOLTS>5.212e-02</VOLTS>
          <CURRNT_NAMP>5.000e+00</CURRNT_NAMP>
          <TIME>2021-09-27 01:19:28</TIME>
          <TEMP_DEGC>22.400</TEMP_DEGC>
          <AIR_TEMP_DEGC>22.400</AIR_TEMP_DEGC>
          <RH_PRCNT>22.300</RH_PRCNT>
        </DATA>
        <DATA>
          <VOLTS>7.223e-02</VOLTS>
          <CURRNT_NAMP>6.000e+00</CURRNT_NAMP>
          <TIME>2021-09-27 01:19:29</TIME>
          <TEMP_DEGC>22.400</TEMP_DEGC>
          <AIR_TEMP_DEGC>22.400</AIR_TEMP_DEGC>
          <RH_PRCNT>22.300</RH_PRCNT>
        </DATA>
        <DATA>
          <VOLTS>9.238e-02</VOLTS>
          <CURRNT_NAMP>7.000e+00</CURRNT_NAMP>
          <TIME>2021-09-27 01:19:29</TIME>
          <TEMP_DEGC>22.400</TEMP_DEGC>
          <AIR_TEMP_DEGC>22.400</AIR_TEMP_DEGC>
          <RH_PRCNT>22.300</RH_PRCNT>
        </DATA>
        <DATA>
          <VOLTS>1.119e-01</VOLTS>
          <CURRNT_NAMP>8.000e+00</CURRNT_NAMP>
          <TIME>2021-09-27 01:19:30</TIME>
          <TEMP_DEGC>22.400</TEMP_DEGC>
          <AIR_TEMP_DEGC>22.400</AIR_TEMP_DEGC>
          <RH_PRCNT>22.300</RH_PRCNT>
        </DATA>
        <DATA>
          <VOLTS>1.302e-01</VOLTS>
          <CURRNT_NAMP>9.000e+00</CURRNT_NAMP>
          <TIME>2021-09-27 01:19:30</TIME>
          <TEMP_DEGC>22.400</TEMP_DEGC>
          <AIR_TEMP_DEGC>22.400</AIR_TEMP_DEGC>
          <RH_PRCNT>22.300</RH_PRCNT>
        </DATA>
        <DATA>
          <VOLTS>1.485e-01</VOLTS>
          <CURRNT_NAMP>1.000e+01</CURRNT_NAMP>
          <TIME>2021-09-27 01:19:31</TIME>
          <TEMP_DEGC>22.400</TEMP_DEGC>
          <AIR_TEMP_DEGC>22.400</AIR_TEMP_DEGC>
          <RH_PRCNT>22.300</RH_PRCNT>
        </DATA>
        <CHILD_DATA_SET>
          <HEADER>
            <TYPE>
              <EXTENSION_TABLE_NAME>HALFMOON_IV_PAR</EXTENSION_TABLE_NAME>
              <NAME>Tracker Halfmoon IV Parameters</NAME>
            </TYPE>
          </HEADER>
          <DATA_SET>
            <COMMENT_DESCRIPTION>Test</COMMENT_DESCRIPTION>
            <VERSION>IV_measurement</VERSION>
            <PART>
              <NAME_LABEL>37400_019_2-S_HM_EE</NAME_LABEL>
              <KIND_OF_PART>2S Halfmoon E</KIND_OF_PART>
            </PART>
            <DATA>
              <R_OHM>1.845e+07</R_OHM>
            </DATA>
          </DATA_SET>
        </CHILD_DATA_SET>
      </DATA_SET>
    </CHILD_DATA_SET>
  </DATA_SET>
</ROOT>
