<?xml version="1.0"?>
<ROOT>
  <HEADER>
    <TYPE>
      <EXTENSION_TABLE_NAME>HALFMOON_METADATA</EXTENSION_TABLE_NAME>
      <NAME>Tracker Halfmoon Metadata</NAME>
    </TYPE>
    <RUN mode="SEQUENCE_NUMBER" sequence="TRK_OT_RUN_SEQ">
      <RUN_TYPE>PQC</RUN_TYPE>
      <LOCATION>Demokritos</LOCATION>
      <INITIATED_BY_USER>A. Kyriakis</INITIATED_BY_USER>
      <RUN_BEGIN_TIMESTAMP>2021-09-28 10:00:26</RUN_BEGIN_TIMESTAMP>
      <COMMENT_DESCRIPTION>Test</COMMENT_DESCRIPTION>
    </RUN>
  </HEADER>
  <DATA_SET>
    <COMMENT_DESCRIPTION>Metadata with flute and structure</COMMENT_DESCRIPTION>
    <VERSION>IV_measurement</VERSION>
    <PART>
      <NAME_LABEL>37400_049_2-S_HM_WW</NAME_LABEL>
      <KIND_OF_PART>2S Halfmoon W</KIND_OF_PART>
    </PART>
    <DATA>
      <KIND_OF_HM_FLUTE_ID>PQC4</KIND_OF_HM_FLUTE_ID>
      <KIND_OF_HM_STRUCT_ID>CBKR_POLY</KIND_OF_HM_STRUCT_ID>
      <KIND_OF_HM_SET_ID>Left</KIND_OF_HM_SET_ID>
      <KIND_OF_HM_CONFIG_ID>Rotated</KIND_OF_HM_CONFIG_ID>
      <EQUIPMENT>KEITHLEY 2410</EQUIPMENT>
      <WAITING_TIME_S>0.200</WAITING_TIME_S>
      <TEMP_SET_DEGC>21.400</TEMP_SET_DEGC>
      <AV_TEMP_DEGC>21.400</AV_TEMP_DEGC>
      <PROCEDURE_TYPE>CBKR_POLY</PROCEDURE_TYPE>
      <FILE_NAME>Demokritos_VPX37400_049_2-S_HM_W_Left_PQC4_CBKRPoly_r.xml</FILE_NAME>
    </DATA>
    <CHILD_DATA_SET>
      <HEADER>
        <TYPE>
          <EXTENSION_TABLE_NAME>TEST_SENSOR_IV</EXTENSION_TABLE_NAME>
          <NAME>Tracker Halfmoon IV Test</NAME>
        </TYPE>
      </HEADER>
      <DATA_SET>
        <COMMENT_DESCRIPTION>Test</COMMENT_DESCRIPTION>
        <VERSION>IV_measurement</VERSION>
        <PART>
          <NAME_LABEL>37400_049_2-S_HM_WW</NAME_LABEL>
          <KIND_OF_PART>2S Halfmoon W</KIND_OF_PART>
        </PART>
        <DATA>
          <VOLTS>-6.930e-03</VOLTS>
          <CURRNT_NAMP>-100.000</CURRNT_NAMP>
          <TIME>2021-09-28 10:00:26</TIME>
          <TEMP_DEGC>21.400</TEMP_DEGC>
          <AIR_TEMP_DEGC>21.400</AIR_TEMP_DEGC>
          <RH_PRCNT>24.600</RH_PRCNT>
        </DATA>
        <DATA>
          <VOLTS>-6.900e-03</VOLTS>
          <CURRNT_NAMP>-95.000</CURRNT_NAMP>
          <TIME>2021-09-28 10:00:26</TIME>
          <TEMP_DEGC>21.400</TEMP_DEGC>
          <AIR_TEMP_DEGC>21.400</AIR_TEMP_DEGC>
          <RH_PRCNT>24.600</RH_PRCNT>
        </DATA>
        <DATA>
          <VOLTS>-6.760e-03</VOLTS>
          <CURRNT_NAMP>-90.000</CURRNT_NAMP>
          <TIME>2021-09-28 10:00:27</TIME>
          <TEMP_DEGC>21.400</TEMP_DEGC>
          <AIR_TEMP_DEGC>21.400</AIR_TEMP_DEGC>
          <RH_PRCNT>24.600</RH_PRCNT>
        </DATA>
        <DATA>
          <VOLTS>-6.520e-03</VOLTS>
          <CURRNT_NAMP>-85.000</CURRNT_NAMP>
          <TIME>2021-09-28 10:00:27</TIME>
          <TEMP_DEGC>21.400</TEMP_DEGC>
          <AIR_TEMP_DEGC>21.400</AIR_TEMP_DEGC>
          <RH_PRCNT>24.600</RH_PRCNT>
        </DATA>
        <DATA>
          <VOLTS>-6.180e-03</VOLTS>
          <CURRNT_NAMP>-80.000</CURRNT_NAMP>
          <TIME>2021-09-28 10:00:28</TIME>
          <TEMP_DEGC>21.400</TEMP_DEGC>
          <AIR_TEMP_DEGC>21.400</AIR_TEMP_DEGC>
          <RH_PRCNT>24.600</RH_PRCNT>
        </DATA>
        <DATA>
          <VOLTS>-5.830e-03</VOLTS>
          <CURRNT_NAMP>-75.000</CURRNT_NAMP>
          <TIME>2021-09-28 10:00:28</TIME>
          <TEMP_DEGC>21.400</TEMP_DEGC>
          <AIR_TEMP_DEGC>21.400</AIR_TEMP_DEGC>
          <RH_PRCNT>24.600</RH_PRCNT>
        </DATA>
        <DATA>
          <VOLTS>-5.490e-03</VOLTS>
          <CURRNT_NAMP>-70.000</CURRNT_NAMP>
          <TIME>2021-09-28 10:00:29</TIME>
          <TEMP_DEGC>21.400</TEMP_DEGC>
          <AIR_TEMP_DEGC>21.400</AIR_TEMP_DEGC>
          <RH_PRCNT>24.600</RH_PRCNT>
        </DATA>
        <DATA>
          <VOLTS>-5.140e-03</VOLTS>
          <CURRNT_NAMP>-65.000</CURRNT_NAMP>
          <TIME>2021-09-28 10:00:29</TIME>
          <TEMP_DEGC>21.400</TEMP_DEGC>
          <AIR_TEMP_DEGC>21.400</AIR_TEMP_DEGC>
          <RH_PRCNT>24.600</RH_PRCNT>
        </DATA>
        <DATA>
          <VOLTS>-4.820e-03</VOLTS>
          <CURRNT_NAMP>-60.000</CURRNT_NAMP>
          <TIME>2021-09-28 10:00:30</TIME>
          <TEMP_DEGC>21.400</TEMP_DEGC>
          <AIR_TEMP_DEGC>21.400</AIR_TEMP_DEGC>
          <RH_PRCNT>24.600</RH_PRCNT>
        </DATA>
        <DATA>
          <VOLTS>-4.480e-03</VOLTS>
          <CURRNT_NAMP>-55.000</CURRNT_NAMP>
          <TIME>2021-09-28 10:00:30</TIME>
          <TEMP_DEGC>21.400</TEMP_DEGC>
          <AIR_TEMP_DEGC>21.400</AIR_TEMP_DEGC>
          <RH_PRCNT>24.600</RH_PRCNT>
        </DATA>
        <DATA>
          <VOLTS>-4.150e-03</VOLTS>
          <CURRNT_NAMP>-50.000</CURRNT_NAMP>
          <TIME>2021-09-28 10:00:31</TIME>
          <TEMP_DEGC>21.400</TEMP_DEGC>
          <AIR_TEMP_DEGC>21.400</AIR_TEMP_DEGC>
          <RH_PRCNT>24.600</RH_PRCNT>
        </DATA>
        <DATA>
          <VOLTS>-3.800e-03</VOLTS>
          <CURRNT_NAMP>-45.000</CURRNT_NAMP>
          <TIME>2021-09-28 10:00:31</TIME>
          <TEMP_DEGC>21.400</TEMP_DEGC>
          <AIR_TEMP_DEGC>21.400</AIR_TEMP_DEGC>
          <RH_PRCNT>24.600</RH_PRCNT>
        </DATA>
        <DATA>
          <VOLTS>-3.440e-03</VOLTS>
          <CURRNT_NAMP>-40.000</CURRNT_NAMP>
          <TIME>2021-09-28 10:00:32</TIME>
          <TEMP_DEGC>21.400</TEMP_DEGC>
          <AIR_TEMP_DEGC>21.400</AIR_TEMP_DEGC>
          <RH_PRCNT>24.600</RH_PRCNT>
        </DATA>
        <DATA>
          <VOLTS>-3.100e-03</VOLTS>
          <CURRNT_NAMP>-35.000</CURRNT_NAMP>
          <TIME>2021-09-28 10:00:32</TIME>
          <TEMP_DEGC>21.400</TEMP_DEGC>
          <AIR_TEMP_DEGC>21.400</AIR_TEMP_DEGC>
          <RH_PRCNT>24.600</RH_PRCNT>
        </DATA>
        <DATA>
          <VOLTS>-2.750e-03</VOLTS>
          <CURRNT_NAMP>-30.000</CURRNT_NAMP>
          <TIME>2021-09-28 10:00:33</TIME>
          <TEMP_DEGC>21.400</TEMP_DEGC>
          <AIR_TEMP_DEGC>21.400</AIR_TEMP_DEGC>
          <RH_PRCNT>24.600</RH_PRCNT>
        </DATA>
        <DATA>
          <VOLTS>-2.400e-03</VOLTS>
          <CURRNT_NAMP>-25.000</CURRNT_NAMP>
          <TIME>2021-09-28 10:00:33</TIME>
          <TEMP_DEGC>21.400</TEMP_DEGC>
          <AIR_TEMP_DEGC>21.400</AIR_TEMP_DEGC>
          <RH_PRCNT>24.600</RH_PRCNT>
        </DATA>
        <DATA>
          <VOLTS>-2.050e-03</VOLTS>
          <CURRNT_NAMP>-20.000</CURRNT_NAMP>
          <TIME>2021-09-28 10:00:34</TIME>
          <TEMP_DEGC>21.400</TEMP_DEGC>
          <AIR_TEMP_DEGC>21.400</AIR_TEMP_DEGC>
          <RH_PRCNT>24.600</RH_PRCNT>
        </DATA>
        <DATA>
          <VOLTS>-1.690e-03</VOLTS>
          <CURRNT_NAMP>-15.000</CURRNT_NAMP>
          <TIME>2021-09-28 10:00:34</TIME>
          <TEMP_DEGC>21.400</TEMP_DEGC>
          <AIR_TEMP_DEGC>21.400</AIR_TEMP_DEGC>
          <RH_PRCNT>24.600</RH_PRCNT>
        </DATA>
        <DATA>
          <VOLTS>-1.480e-03</VOLTS>
          <CURRNT_NAMP>-10.000</CURRNT_NAMP>
          <TIME>2021-09-28 10:00:35</TIME>
          <TEMP_DEGC>21.400</TEMP_DEGC>
          <AIR_TEMP_DEGC>21.400</AIR_TEMP_DEGC>
          <RH_PRCNT>24.600</RH_PRCNT>
        </DATA>
        <DATA>
          <VOLTS>-1.090e-03</VOLTS>
          <CURRNT_NAMP>-5.000</CURRNT_NAMP>
          <TIME>2021-09-28 10:00:35</TIME>
          <TEMP_DEGC>21.400</TEMP_DEGC>
          <AIR_TEMP_DEGC>21.400</AIR_TEMP_DEGC>
          <RH_PRCNT>24.600</RH_PRCNT>
        </DATA>
        <DATA>
          <VOLTS>-7.000e-04</VOLTS>
          <CURRNT_NAMP>0.000</CURRNT_NAMP>
          <TIME>2021-09-28 10:00:36</TIME>
          <TEMP_DEGC>21.400</TEMP_DEGC>
          <AIR_TEMP_DEGC>21.400</AIR_TEMP_DEGC>
          <RH_PRCNT>24.500</RH_PRCNT>
        </DATA>
        <DATA>
          <VOLTS>-4.500e-04</VOLTS>
          <CURRNT_NAMP>5.000</CURRNT_NAMP>
          <TIME>2021-09-28 10:00:36</TIME>
          <TEMP_DEGC>21.400</TEMP_DEGC>
          <AIR_TEMP_DEGC>21.400</AIR_TEMP_DEGC>
          <RH_PRCNT>24.500</RH_PRCNT>
        </DATA>
        <DATA>
          <VOLTS>-3.000e-05</VOLTS>
          <CURRNT_NAMP>10.000</CURRNT_NAMP>
          <TIME>2021-09-28 10:00:37</TIME>
          <TEMP_DEGC>21.400</TEMP_DEGC>
          <AIR_TEMP_DEGC>21.400</AIR_TEMP_DEGC>
          <RH_PRCNT>24.500</RH_PRCNT>
        </DATA>
        <DATA>
          <VOLTS>3.500e-04</VOLTS>
          <CURRNT_NAMP>15.000</CURRNT_NAMP>
          <TIME>2021-09-28 10:00:37</TIME>
          <TEMP_DEGC>21.400</TEMP_DEGC>
          <AIR_TEMP_DEGC>21.400</AIR_TEMP_DEGC>
          <RH_PRCNT>24.500</RH_PRCNT>
        </DATA>
        <DATA>
          <VOLTS>7.500e-04</VOLTS>
          <CURRNT_NAMP>20.000</CURRNT_NAMP>
          <TIME>2021-09-28 10:00:38</TIME>
          <TEMP_DEGC>21.400</TEMP_DEGC>
          <AIR_TEMP_DEGC>21.400</AIR_TEMP_DEGC>
          <RH_PRCNT>24.500</RH_PRCNT>
        </DATA>
        <DATA>
          <VOLTS>1.140e-03</VOLTS>
          <CURRNT_NAMP>25.000</CURRNT_NAMP>
          <TIME>2021-09-28 10:00:38</TIME>
          <TEMP_DEGC>21.400</TEMP_DEGC>
          <AIR_TEMP_DEGC>21.400</AIR_TEMP_DEGC>
          <RH_PRCNT>24.600</RH_PRCNT>
        </DATA>
        <DATA>
          <VOLTS>1.500e-03</VOLTS>
          <CURRNT_NAMP>30.000</CURRNT_NAMP>
          <TIME>2021-09-28 10:00:39</TIME>
          <TEMP_DEGC>21.400</TEMP_DEGC>
          <AIR_TEMP_DEGC>21.400</AIR_TEMP_DEGC>
          <RH_PRCNT>24.500</RH_PRCNT>
        </DATA>
        <DATA>
          <VOLTS>1.860e-03</VOLTS>
          <CURRNT_NAMP>35.000</CURRNT_NAMP>
          <TIME>2021-09-28 10:00:39</TIME>
          <TEMP_DEGC>21.400</TEMP_DEGC>
          <AIR_TEMP_DEGC>21.400</AIR_TEMP_DEGC>
          <RH_PRCNT>24.500</RH_PRCNT>
        </DATA>
        <DATA>
          <VOLTS>2.220e-03</VOLTS>
          <CURRNT_NAMP>40.000</CURRNT_NAMP>
          <TIME>2021-09-28 10:00:41</TIME>
          <TEMP_DEGC>21.400</TEMP_DEGC>
          <AIR_TEMP_DEGC>21.400</AIR_TEMP_DEGC>
          <RH_PRCNT>24.500</RH_PRCNT>
        </DATA>
        <DATA>
          <VOLTS>2.590e-03</VOLTS>
          <CURRNT_NAMP>45.000</CURRNT_NAMP>
          <TIME>2021-09-28 10:00:41</TIME>
          <TEMP_DEGC>21.400</TEMP_DEGC>
          <AIR_TEMP_DEGC>21.400</AIR_TEMP_DEGC>
          <RH_PRCNT>24.500</RH_PRCNT>
        </DATA>
        <DATA>
          <VOLTS>2.960e-03</VOLTS>
          <CURRNT_NAMP>50.000</CURRNT_NAMP>
          <TIME>2021-09-28 10:00:42</TIME>
          <TEMP_DEGC>21.400</TEMP_DEGC>
          <AIR_TEMP_DEGC>21.400</AIR_TEMP_DEGC>
          <RH_PRCNT>24.500</RH_PRCNT>
        </DATA>
        <DATA>
          <VOLTS>3.320e-03</VOLTS>
          <CURRNT_NAMP>55.000</CURRNT_NAMP>
          <TIME>2021-09-28 10:00:42</TIME>
          <TEMP_DEGC>21.400</TEMP_DEGC>
          <AIR_TEMP_DEGC>21.400</AIR_TEMP_DEGC>
          <RH_PRCNT>24.500</RH_PRCNT>
        </DATA>
        <DATA>
          <VOLTS>3.670e-03</VOLTS>
          <CURRNT_NAMP>60.000</CURRNT_NAMP>
          <TIME>2021-09-28 10:00:43</TIME>
          <TEMP_DEGC>21.400</TEMP_DEGC>
          <AIR_TEMP_DEGC>21.400</AIR_TEMP_DEGC>
          <RH_PRCNT>24.500</RH_PRCNT>
        </DATA>
        <DATA>
          <VOLTS>4.020e-03</VOLTS>
          <CURRNT_NAMP>65.000</CURRNT_NAMP>
          <TIME>2021-09-28 10:00:43</TIME>
          <TEMP_DEGC>21.400</TEMP_DEGC>
          <AIR_TEMP_DEGC>21.400</AIR_TEMP_DEGC>
          <RH_PRCNT>24.500</RH_PRCNT>
        </DATA>
        <DATA>
          <VOLTS>4.380e-03</VOLTS>
          <CURRNT_NAMP>70.000</CURRNT_NAMP>
          <TIME>2021-09-28 10:00:44</TIME>
          <TEMP_DEGC>21.400</TEMP_DEGC>
          <AIR_TEMP_DEGC>21.400</AIR_TEMP_DEGC>
          <RH_PRCNT>24.500</RH_PRCNT>
        </DATA>
        <DATA>
          <VOLTS>4.610e-03</VOLTS>
          <CURRNT_NAMP>75.000</CURRNT_NAMP>
          <TIME>2021-09-28 10:00:44</TIME>
          <TEMP_DEGC>21.400</TEMP_DEGC>
          <AIR_TEMP_DEGC>21.400</AIR_TEMP_DEGC>
          <RH_PRCNT>24.500</RH_PRCNT>
        </DATA>
        <DATA>
          <VOLTS>5.010e-03</VOLTS>
          <CURRNT_NAMP>80.000</CURRNT_NAMP>
          <TIME>2021-09-28 10:00:45</TIME>
          <TEMP_DEGC>21.400</TEMP_DEGC>
          <AIR_TEMP_DEGC>21.400</AIR_TEMP_DEGC>
          <RH_PRCNT>24.500</RH_PRCNT>
        </DATA>
        <DATA>
          <VOLTS>5.400e-03</VOLTS>
          <CURRNT_NAMP>85.000</CURRNT_NAMP>
          <TIME>2021-09-28 10:00:45</TIME>
          <TEMP_DEGC>21.400</TEMP_DEGC>
          <AIR_TEMP_DEGC>21.400</AIR_TEMP_DEGC>
          <RH_PRCNT>24.500</RH_PRCNT>
        </DATA>
        <DATA>
          <VOLTS>5.800e-03</VOLTS>
          <CURRNT_NAMP>90.000</CURRNT_NAMP>
          <TIME>2021-09-28 10:00:46</TIME>
          <TEMP_DEGC>21.400</TEMP_DEGC>
          <AIR_TEMP_DEGC>21.400</AIR_TEMP_DEGC>
          <RH_PRCNT>24.500</RH_PRCNT>
        </DATA>
        <DATA>
          <VOLTS>6.200e-03</VOLTS>
          <CURRNT_NAMP>95.000</CURRNT_NAMP>
          <TIME>2021-09-28 10:00:46</TIME>
          <TEMP_DEGC>21.400</TEMP_DEGC>
          <AIR_TEMP_DEGC>21.400</AIR_TEMP_DEGC>
          <RH_PRCNT>24.500</RH_PRCNT>
        </DATA>
        <DATA>
          <VOLTS>6.560e-03</VOLTS>
          <CURRNT_NAMP>100.000</CURRNT_NAMP>
          <TIME>2021-09-28 10:00:47</TIME>
          <TEMP_DEGC>21.400</TEMP_DEGC>
          <AIR_TEMP_DEGC>21.400</AIR_TEMP_DEGC>
          <RH_PRCNT>24.500</RH_PRCNT>
        </DATA>
        <CHILD_DATA_SET>
          <HEADER>
            <TYPE>
              <EXTENSION_TABLE_NAME>HALFMOON_IV_PAR</EXTENSION_TABLE_NAME>
              <NAME>Tracker Halfmoon IV Parameters</NAME>
            </TYPE>
          </HEADER>
          <DATA_SET>
            <COMMENT_DESCRIPTION>Test</COMMENT_DESCRIPTION>
            <VERSION>IV_measurement</VERSION>
            <PART>
              <NAME_LABEL>37400_049_2-S_HM_WW</NAME_LABEL>
              <KIND_OF_PART>2S Halfmoon W</KIND_OF_PART>
            </PART>
            <DATA>
              <RC_OHM>6.99258e+04</RC_OHM>
              <R_OHM>7.04399e+04</R_OHM>
            </DATA>
          </DATA_SET>
        </CHILD_DATA_SET>
      </DATA_SET>
    </CHILD_DATA_SET>
  </DATA_SET>
</ROOT>
