<?xml version="1.0"?>
<ROOT>
  <HEADER>
    <TYPE>
      <EXTENSION_TABLE_NAME>HALFMOON_METADATA</EXTENSION_TABLE_NAME>
      <NAME>Tracker Halfmoon Metadata</NAME>
    </TYPE>
    <RUN mode="SEQUENCE_NUMBER" sequence="TRK_OT_RUN_SEQ">
      <RUN_TYPE>PQC</RUN_TYPE>
      <LOCATION>Demokritos</LOCATION>
      <INITIATED_BY_USER>P. Assiouras</INITIATED_BY_USER>
      <RUN_BEGIN_TIMESTAMP>2021-09-27 18:19:41</RUN_BEGIN_TIMESTAMP>
      <COMMENT_DESCRIPTION>Test</COMMENT_DESCRIPTION>
    </RUN>
  </HEADER>
  <DATA_SET>
    <COMMENT_DESCRIPTION>Metadata with flute and structure</COMMENT_DESCRIPTION>
    <VERSION>IV_measurement</VERSION>
    <PART>
      <NAME_LABEL>37400_049_2-S_HM_EE</NAME_LABEL>
      <KIND_OF_PART>2S Halfmoon E</KIND_OF_PART>
    </PART>
    <DATA>
      <KIND_OF_HM_FLUTE_ID>PQC4</KIND_OF_HM_FLUTE_ID>
      <KIND_OF_HM_STRUCT_ID>CC_POLY</KIND_OF_HM_STRUCT_ID>
      <KIND_OF_HM_SET_ID>Left</KIND_OF_HM_SET_ID>
      <KIND_OF_HM_CONFIG_ID>Not Used</KIND_OF_HM_CONFIG_ID>
      <EQUIPMENT>KEITHLEY 2410</EQUIPMENT>
      <WAITING_TIME_S>0.20000</WAITING_TIME_S>
      <TEMP_SET_DEGC>22.800</TEMP_SET_DEGC>
      <AV_TEMP_DEGC>22.800</AV_TEMP_DEGC>
      <PROCEDURE_TYPE>CC_POLY</PROCEDURE_TYPE>
      <FILE_NAME>Demokritos_VPX37400_049_2-S_HM_E_Left_PQC4_CCPoly_IV.xml</FILE_NAME>
    </DATA>
    <CHILD_DATA_SET>
      <HEADER>
        <TYPE>
          <EXTENSION_TABLE_NAME>TEST_SENSOR_IV</EXTENSION_TABLE_NAME>
          <NAME>Tracker Halfmoon IV Test</NAME>
        </TYPE>
      </HEADER>
      <DATA_SET>
        <COMMENT_DESCRIPTION>Test</COMMENT_DESCRIPTION>
        <VERSION>IV_measurement</VERSION>
        <PART>
          <NAME_LABEL>37400_049_2-S_HM_EE</NAME_LABEL>
          <KIND_OF_PART>2S Halfmoon E</KIND_OF_PART>
        </PART>
        <DATA>
          <VOLTS>-1.943e-01</VOLTS>
          <CURRNT_NAMP>-1.000e+01</CURRNT_NAMP>
          <TIME>2021-09-27 06:19:41</TIME>
          <TEMP_DEGC>22.800</TEMP_DEGC>
          <AIR_TEMP_DEGC>22.800</AIR_TEMP_DEGC>
          <RH_PRCNT>21.900</RH_PRCNT>
        </DATA>
        <DATA>
          <VOLTS>-1.961e-01</VOLTS>
          <CURRNT_NAMP>-9.000e+00</CURRNT_NAMP>
          <TIME>2021-09-27 06:19:41</TIME>
          <TEMP_DEGC>22.700</TEMP_DEGC>
          <AIR_TEMP_DEGC>22.700</AIR_TEMP_DEGC>
          <RH_PRCNT>21.900</RH_PRCNT>
        </DATA>
        <DATA>
          <VOLTS>-1.893e-01</VOLTS>
          <CURRNT_NAMP>-8.000e+00</CURRNT_NAMP>
          <TIME>2021-09-27 06:19:42</TIME>
          <TEMP_DEGC>22.700</TEMP_DEGC>
          <AIR_TEMP_DEGC>22.700</AIR_TEMP_DEGC>
          <RH_PRCNT>21.900</RH_PRCNT>
        </DATA>
        <DATA>
          <VOLTS>-1.762e-01</VOLTS>
          <CURRNT_NAMP>-7.000e+00</CURRNT_NAMP>
          <TIME>2021-09-27 06:19:42</TIME>
          <TEMP_DEGC>22.800</TEMP_DEGC>
          <AIR_TEMP_DEGC>22.800</AIR_TEMP_DEGC>
          <RH_PRCNT>21.900</RH_PRCNT>
        </DATA>
        <DATA>
          <VOLTS>-1.570e-01</VOLTS>
          <CURRNT_NAMP>-6.000e+00</CURRNT_NAMP>
          <TIME>2021-09-27 06:19:43</TIME>
          <TEMP_DEGC>22.800</TEMP_DEGC>
          <AIR_TEMP_DEGC>22.800</AIR_TEMP_DEGC>
          <RH_PRCNT>21.900</RH_PRCNT>
        </DATA>
        <DATA>
          <VOLTS>-1.444e-01</VOLTS>
          <CURRNT_NAMP>-5.000e+00</CURRNT_NAMP>
          <TIME>2021-09-27 06:19:43</TIME>
          <TEMP_DEGC>22.700</TEMP_DEGC>
          <AIR_TEMP_DEGC>22.700</AIR_TEMP_DEGC>
          <RH_PRCNT>21.900</RH_PRCNT>
        </DATA>
        <DATA>
          <VOLTS>-1.224e-01</VOLTS>
          <CURRNT_NAMP>-4.000e+00</CURRNT_NAMP>
          <TIME>2021-09-27 06:19:44</TIME>
          <TEMP_DEGC>22.700</TEMP_DEGC>
          <AIR_TEMP_DEGC>22.700</AIR_TEMP_DEGC>
          <RH_PRCNT>21.900</RH_PRCNT>
        </DATA>
        <DATA>
          <VOLTS>-1.006e-01</VOLTS>
          <CURRNT_NAMP>-3.000e+00</CURRNT_NAMP>
          <TIME>2021-09-27 06:19:44</TIME>
          <TEMP_DEGC>22.700</TEMP_DEGC>
          <AIR_TEMP_DEGC>22.700</AIR_TEMP_DEGC>
          <RH_PRCNT>21.900</RH_PRCNT>
        </DATA>
        <DATA>
          <VOLTS>-7.884e-02</VOLTS>
          <CURRNT_NAMP>-2.000e+00</CURRNT_NAMP>
          <TIME>2021-09-27 06:19:45</TIME>
          <TEMP_DEGC>22.700</TEMP_DEGC>
          <AIR_TEMP_DEGC>22.700</AIR_TEMP_DEGC>
          <RH_PRCNT>21.900</RH_PRCNT>
        </DATA>
        <DATA>
          <VOLTS>-5.779e-02</VOLTS>
          <CURRNT_NAMP>-1.000e+00</CURRNT_NAMP>
          <TIME>2021-09-27 06:19:45</TIME>
          <TEMP_DEGC>22.700</TEMP_DEGC>
          <AIR_TEMP_DEGC>22.700</AIR_TEMP_DEGC>
          <RH_PRCNT>21.900</RH_PRCNT>
        </DATA>
        <DATA>
          <VOLTS>-3.804e-02</VOLTS>
          <CURRNT_NAMP>0.000e+00</CURRNT_NAMP>
          <TIME>2021-09-27 06:19:46</TIME>
          <TEMP_DEGC>22.700</TEMP_DEGC>
          <AIR_TEMP_DEGC>22.700</AIR_TEMP_DEGC>
          <RH_PRCNT>21.900</RH_PRCNT>
        </DATA>
        <DATA>
          <VOLTS>-2.544e-02</VOLTS>
          <CURRNT_NAMP>1.000e+00</CURRNT_NAMP>
          <TIME>2021-09-27 06:19:46</TIME>
          <TEMP_DEGC>22.800</TEMP_DEGC>
          <AIR_TEMP_DEGC>22.800</AIR_TEMP_DEGC>
          <RH_PRCNT>21.900</RH_PRCNT>
        </DATA>
        <DATA>
          <VOLTS>-3.540e-03</VOLTS>
          <CURRNT_NAMP>2.000e+00</CURRNT_NAMP>
          <TIME>2021-09-27 06:19:47</TIME>
          <TEMP_DEGC>22.800</TEMP_DEGC>
          <AIR_TEMP_DEGC>22.800</AIR_TEMP_DEGC>
          <RH_PRCNT>21.900</RH_PRCNT>
        </DATA>
        <DATA>
          <VOLTS>1.857e-02</VOLTS>
          <CURRNT_NAMP>3.000e+00</CURRNT_NAMP>
          <TIME>2021-09-27 06:19:47</TIME>
          <TEMP_DEGC>22.700</TEMP_DEGC>
          <AIR_TEMP_DEGC>22.700</AIR_TEMP_DEGC>
          <RH_PRCNT>21.900</RH_PRCNT>
        </DATA>
        <DATA>
          <VOLTS>3.313e-02</VOLTS>
          <CURRNT_NAMP>4.000e+00</CURRNT_NAMP>
          <TIME>2021-09-27 06:19:48</TIME>
          <TEMP_DEGC>22.700</TEMP_DEGC>
          <AIR_TEMP_DEGC>22.700</AIR_TEMP_DEGC>
          <RH_PRCNT>21.900</RH_PRCNT>
        </DATA>
        <DATA>
          <VOLTS>5.630e-02</VOLTS>
          <CURRNT_NAMP>5.000e+00</CURRNT_NAMP>
          <TIME>2021-09-27 06:19:48</TIME>
          <TEMP_DEGC>22.700</TEMP_DEGC>
          <AIR_TEMP_DEGC>22.700</AIR_TEMP_DEGC>
          <RH_PRCNT>21.900</RH_PRCNT>
        </DATA>
        <DATA>
          <VOLTS>7.816e-02</VOLTS>
          <CURRNT_NAMP>6.000e+00</CURRNT_NAMP>
          <TIME>2021-09-27 06:19:49</TIME>
          <TEMP_DEGC>22.700</TEMP_DEGC>
          <AIR_TEMP_DEGC>22.700</AIR_TEMP_DEGC>
          <RH_PRCNT>21.900</RH_PRCNT>
        </DATA>
        <DATA>
          <VOLTS>9.982e-02</VOLTS>
          <CURRNT_NAMP>7.000e+00</CURRNT_NAMP>
          <TIME>2021-09-27 06:19:49</TIME>
          <TEMP_DEGC>22.700</TEMP_DEGC>
          <AIR_TEMP_DEGC>22.700</AIR_TEMP_DEGC>
          <RH_PRCNT>21.900</RH_PRCNT>
        </DATA>
        <DATA>
          <VOLTS>1.209e-01</VOLTS>
          <CURRNT_NAMP>8.000e+00</CURRNT_NAMP>
          <TIME>2021-09-27 06:19:50</TIME>
          <TEMP_DEGC>22.700</TEMP_DEGC>
          <AIR_TEMP_DEGC>22.700</AIR_TEMP_DEGC>
          <RH_PRCNT>21.900</RH_PRCNT>
        </DATA>
        <DATA>
          <VOLTS>1.407e-01</VOLTS>
          <CURRNT_NAMP>9.000e+00</CURRNT_NAMP>
          <TIME>2021-09-27 06:19:50</TIME>
          <TEMP_DEGC>22.700</TEMP_DEGC>
          <AIR_TEMP_DEGC>22.700</AIR_TEMP_DEGC>
          <RH_PRCNT>21.900</RH_PRCNT>
        </DATA>
        <DATA>
          <VOLTS>1.603e-01</VOLTS>
          <CURRNT_NAMP>1.000e+01</CURRNT_NAMP>
          <TIME>2021-09-27 06:19:51</TIME>
          <TEMP_DEGC>22.700</TEMP_DEGC>
          <AIR_TEMP_DEGC>22.700</AIR_TEMP_DEGC>
          <RH_PRCNT>21.900</RH_PRCNT>
        </DATA>
        <CHILD_DATA_SET>
          <HEADER>
            <TYPE>
              <EXTENSION_TABLE_NAME>HALFMOON_IV_PAR</EXTENSION_TABLE_NAME>
              <NAME>Tracker Halfmoon IV Parameters</NAME>
            </TYPE>
          </HEADER>
          <DATA_SET>
            <COMMENT_DESCRIPTION>Test</COMMENT_DESCRIPTION>
            <VERSION>IV_measurement</VERSION>
            <PART>
              <NAME_LABEL>37400_049_2-S_HM_EE</NAME_LABEL>
              <KIND_OF_PART>2S Halfmoon E</KIND_OF_PART>
            </PART>
            <DATA>
              <R_OHM>2.002e+07</R_OHM>
            </DATA>
          </DATA_SET>
        </CHILD_DATA_SET>
      </DATA_SET>
    </CHILD_DATA_SET>
  </DATA_SET>
</ROOT>
