<?xml version="1.0"?>
<ROOT>
  <HEADER>
    <TYPE>
      <EXTENSION_TABLE_NAME>HALFMOON_METADATA</EXTENSION_TABLE_NAME>
      <NAME>Tracker Halfmoon Metadata</NAME>
    </TYPE>
    <RUN mode="SEQUENCE_NUMBER" sequence="TRK_OT_RUN_SEQ">
      <RUN_TYPE>PQC</RUN_TYPE>
      <LOCATION>Demokritos</LOCATION>
      <INITIATED_BY_USER>A. Kyriakis</INITIATED_BY_USER>
      <RUN_BEGIN_TIMESTAMP>2021-09-24 15:39:16</RUN_BEGIN_TIMESTAMP>
      <COMMENT_DESCRIPTION>Test</COMMENT_DESCRIPTION>
    </RUN>
  </HEADER>
  <DATA_SET>
    <COMMENT_DESCRIPTION>Metadata with flute and structure</COMMENT_DESCRIPTION>
    <VERSION>v2</VERSION>
    <PART>
      <NAME_LABEL>37400_006_2-S_HM_EE</NAME_LABEL>
      <KIND_OF_PART>2S Halfmoon E</KIND_OF_PART>
    </PART>
    <DATA>
      <KIND_OF_HM_FLUTE_ID>PQC4</KIND_OF_HM_FLUTE_ID>
      <KIND_OF_HM_STRUCT_ID>GCD05</KIND_OF_HM_STRUCT_ID>
      <KIND_OF_HM_SET_ID>Left</KIND_OF_HM_SET_ID>
      <KIND_OF_HM_CONFIG_ID>Not Used</KIND_OF_HM_CONFIG_ID>
      <EQUIPMENT>KEITHLEY 2410</EQUIPMENT>
      <WAITING_TIME_S>0.500</WAITING_TIME_S>
      <TEMP_SET_DEGC>21.600</TEMP_SET_DEGC>
      <AV_TEMP_DEGC>21.600</AV_TEMP_DEGC>
      <PROCEDURE_TYPE>GCD051</PROCEDURE_TYPE>
      <FILE_NAME>Demokritos_VPX37400_006_2-S_HM_E_Left_PQC4_GCD05_IV.xml</FILE_NAME>
    </DATA>
    <CHILD_DATA_SET>
      <HEADER>
        <TYPE>
          <EXTENSION_TABLE_NAME>TEST_SENSOR_IV</EXTENSION_TABLE_NAME>
          <NAME>Tracker Halfmoon IV Test</NAME>
        </TYPE>
      </HEADER>
      <DATA_SET>
        <COMMENT_DESCRIPTION>Test</COMMENT_DESCRIPTION>
        <VERSION>V2</VERSION>
        <PART>
          <NAME_LABEL>37400_006_2-S_HM_EE</NAME_LABEL>
          <KIND_OF_PART>2S Halfmoon E</KIND_OF_PART>
        </PART>
        <DATA>
          <VOLTS>-15.000</VOLTS>
          <CURRNT_NAMP>-5.679e-04</CURRNT_NAMP>
          <TIME>2021-09-24 03:39:16</TIME>
          <TEMP_DEGC>21.600</TEMP_DEGC>
          <AIR_TEMP_DEGC>21.600</AIR_TEMP_DEGC>
          <RH_PRCNT>20.800</RH_PRCNT>
        </DATA>
        <DATA>
          <VOLTS>-14.900</VOLTS>
          <CURRNT_NAMP>2.493e-03</CURRNT_NAMP>
          <TIME>2021-09-24 03:39:16</TIME>
          <TEMP_DEGC>21.600</TEMP_DEGC>
          <AIR_TEMP_DEGC>21.600</AIR_TEMP_DEGC>
          <RH_PRCNT>20.800</RH_PRCNT>
        </DATA>
        <DATA>
          <VOLTS>-14.800</VOLTS>
          <CURRNT_NAMP>3.081e-03</CURRNT_NAMP>
          <TIME>2021-09-24 03:39:20</TIME>
          <TEMP_DEGC>21.600</TEMP_DEGC>
          <AIR_TEMP_DEGC>21.600</AIR_TEMP_DEGC>
          <RH_PRCNT>20.800</RH_PRCNT>
        </DATA>
        <DATA>
          <VOLTS>-14.700</VOLTS>
          <CURRNT_NAMP>3.180e-03</CURRNT_NAMP>
          <TIME>2021-09-24 03:39:20</TIME>
          <TEMP_DEGC>21.600</TEMP_DEGC>
          <AIR_TEMP_DEGC>21.600</AIR_TEMP_DEGC>
          <RH_PRCNT>20.800</RH_PRCNT>
        </DATA>
        <DATA>
          <VOLTS>-14.600</VOLTS>
          <CURRNT_NAMP>3.224e-03</CURRNT_NAMP>
          <TIME>2021-09-24 03:39:21</TIME>
          <TEMP_DEGC>21.600</TEMP_DEGC>
          <AIR_TEMP_DEGC>21.600</AIR_TEMP_DEGC>
          <RH_PRCNT>20.800</RH_PRCNT>
        </DATA>
        <DATA>
          <VOLTS>-14.500</VOLTS>
          <CURRNT_NAMP>3.257e-03</CURRNT_NAMP>
          <TIME>2021-09-24 03:39:21</TIME>
          <TEMP_DEGC>21.600</TEMP_DEGC>
          <AIR_TEMP_DEGC>21.600</AIR_TEMP_DEGC>
          <RH_PRCNT>20.800</RH_PRCNT>
        </DATA>
        <DATA>
          <VOLTS>-14.400</VOLTS>
          <CURRNT_NAMP>3.284e-03</CURRNT_NAMP>
          <TIME>2021-09-24 03:39:23</TIME>
          <TEMP_DEGC>21.600</TEMP_DEGC>
          <AIR_TEMP_DEGC>21.600</AIR_TEMP_DEGC>
          <RH_PRCNT>20.800</RH_PRCNT>
        </DATA>
        <DATA>
          <VOLTS>-14.300</VOLTS>
          <CURRNT_NAMP>3.318e-03</CURRNT_NAMP>
          <TIME>2021-09-24 03:39:23</TIME>
          <TEMP_DEGC>21.600</TEMP_DEGC>
          <AIR_TEMP_DEGC>21.600</AIR_TEMP_DEGC>
          <RH_PRCNT>20.800</RH_PRCNT>
        </DATA>
        <DATA>
          <VOLTS>-14.200</VOLTS>
          <CURRNT_NAMP>3.359e-03</CURRNT_NAMP>
          <TIME>2021-09-24 03:39:25</TIME>
          <TEMP_DEGC>21.600</TEMP_DEGC>
          <AIR_TEMP_DEGC>21.600</AIR_TEMP_DEGC>
          <RH_PRCNT>20.800</RH_PRCNT>
        </DATA>
        <DATA>
          <VOLTS>-14.100</VOLTS>
          <CURRNT_NAMP>3.387e-03</CURRNT_NAMP>
          <TIME>2021-09-24 03:39:25</TIME>
          <TEMP_DEGC>21.600</TEMP_DEGC>
          <AIR_TEMP_DEGC>21.600</AIR_TEMP_DEGC>
          <RH_PRCNT>20.800</RH_PRCNT>
        </DATA>
        <DATA>
          <VOLTS>-14.000</VOLTS>
          <CURRNT_NAMP>3.397e-03</CURRNT_NAMP>
          <TIME>2021-09-24 03:39:26</TIME>
          <TEMP_DEGC>21.600</TEMP_DEGC>
          <AIR_TEMP_DEGC>21.600</AIR_TEMP_DEGC>
          <RH_PRCNT>20.800</RH_PRCNT>
        </DATA>
        <DATA>
          <VOLTS>-13.900</VOLTS>
          <CURRNT_NAMP>3.428e-03</CURRNT_NAMP>
          <TIME>2021-09-24 03:39:26</TIME>
          <TEMP_DEGC>21.600</TEMP_DEGC>
          <AIR_TEMP_DEGC>21.600</AIR_TEMP_DEGC>
          <RH_PRCNT>20.800</RH_PRCNT>
        </DATA>
        <DATA>
          <VOLTS>-13.800</VOLTS>
          <CURRNT_NAMP>3.449e-03</CURRNT_NAMP>
          <TIME>2021-09-24 03:39:28</TIME>
          <TEMP_DEGC>21.600</TEMP_DEGC>
          <AIR_TEMP_DEGC>21.600</AIR_TEMP_DEGC>
          <RH_PRCNT>20.800</RH_PRCNT>
        </DATA>
        <DATA>
          <VOLTS>-13.700</VOLTS>
          <CURRNT_NAMP>3.475e-03</CURRNT_NAMP>
          <TIME>2021-09-24 03:39:28</TIME>
          <TEMP_DEGC>21.600</TEMP_DEGC>
          <AIR_TEMP_DEGC>21.600</AIR_TEMP_DEGC>
          <RH_PRCNT>20.800</RH_PRCNT>
        </DATA>
        <DATA>
          <VOLTS>-13.600</VOLTS>
          <CURRNT_NAMP>3.488e-03</CURRNT_NAMP>
          <TIME>2021-09-24 03:39:30</TIME>
          <TEMP_DEGC>21.600</TEMP_DEGC>
          <AIR_TEMP_DEGC>21.600</AIR_TEMP_DEGC>
          <RH_PRCNT>20.800</RH_PRCNT>
        </DATA>
        <DATA>
          <VOLTS>-13.500</VOLTS>
          <CURRNT_NAMP>3.520e-03</CURRNT_NAMP>
          <TIME>2021-09-24 03:39:30</TIME>
          <TEMP_DEGC>21.600</TEMP_DEGC>
          <AIR_TEMP_DEGC>21.600</AIR_TEMP_DEGC>
          <RH_PRCNT>20.800</RH_PRCNT>
        </DATA>
        <DATA>
          <VOLTS>-13.400</VOLTS>
          <CURRNT_NAMP>3.537e-03</CURRNT_NAMP>
          <TIME>2021-09-24 03:39:31</TIME>
          <TEMP_DEGC>21.600</TEMP_DEGC>
          <AIR_TEMP_DEGC>21.600</AIR_TEMP_DEGC>
          <RH_PRCNT>20.800</RH_PRCNT>
        </DATA>
        <DATA>
          <VOLTS>-13.300</VOLTS>
          <CURRNT_NAMP>3.573e-03</CURRNT_NAMP>
          <TIME>2021-09-24 03:39:31</TIME>
          <TEMP_DEGC>21.600</TEMP_DEGC>
          <AIR_TEMP_DEGC>21.600</AIR_TEMP_DEGC>
          <RH_PRCNT>20.800</RH_PRCNT>
        </DATA>
        <DATA>
          <VOLTS>-13.200</VOLTS>
          <CURRNT_NAMP>3.583e-03</CURRNT_NAMP>
          <TIME>2021-09-24 03:39:33</TIME>
          <TEMP_DEGC>21.600</TEMP_DEGC>
          <AIR_TEMP_DEGC>21.600</AIR_TEMP_DEGC>
          <RH_PRCNT>20.800</RH_PRCNT>
        </DATA>
        <DATA>
          <VOLTS>-13.100</VOLTS>
          <CURRNT_NAMP>3.597e-03</CURRNT_NAMP>
          <TIME>2021-09-24 03:39:33</TIME>
          <TEMP_DEGC>21.600</TEMP_DEGC>
          <AIR_TEMP_DEGC>21.600</AIR_TEMP_DEGC>
          <RH_PRCNT>20.800</RH_PRCNT>
        </DATA>
        <DATA>
          <VOLTS>-13.000</VOLTS>
          <CURRNT_NAMP>3.624e-03</CURRNT_NAMP>
          <TIME>2021-09-24 03:39:34</TIME>
          <TEMP_DEGC>21.600</TEMP_DEGC>
          <AIR_TEMP_DEGC>21.600</AIR_TEMP_DEGC>
          <RH_PRCNT>20.800</RH_PRCNT>
        </DATA>
        <DATA>
          <VOLTS>-12.900</VOLTS>
          <CURRNT_NAMP>3.652e-03</CURRNT_NAMP>
          <TIME>2021-09-24 03:39:34</TIME>
          <TEMP_DEGC>21.600</TEMP_DEGC>
          <AIR_TEMP_DEGC>21.600</AIR_TEMP_DEGC>
          <RH_PRCNT>20.800</RH_PRCNT>
        </DATA>
        <DATA>
          <VOLTS>-12.800</VOLTS>
          <CURRNT_NAMP>3.663e-03</CURRNT_NAMP>
          <TIME>2021-09-24 03:39:36</TIME>
          <TEMP_DEGC>21.600</TEMP_DEGC>
          <AIR_TEMP_DEGC>21.600</AIR_TEMP_DEGC>
          <RH_PRCNT>20.800</RH_PRCNT>
        </DATA>
        <DATA>
          <VOLTS>-12.700</VOLTS>
          <CURRNT_NAMP>3.687e-03</CURRNT_NAMP>
          <TIME>2021-09-24 03:39:36</TIME>
          <TEMP_DEGC>21.600</TEMP_DEGC>
          <AIR_TEMP_DEGC>21.600</AIR_TEMP_DEGC>
          <RH_PRCNT>20.800</RH_PRCNT>
        </DATA>
        <DATA>
          <VOLTS>-12.600</VOLTS>
          <CURRNT_NAMP>3.716e-03</CURRNT_NAMP>
          <TIME>2021-09-24 03:39:38</TIME>
          <TEMP_DEGC>21.600</TEMP_DEGC>
          <AIR_TEMP_DEGC>21.600</AIR_TEMP_DEGC>
          <RH_PRCNT>20.800</RH_PRCNT>
        </DATA>
        <DATA>
          <VOLTS>-12.500</VOLTS>
          <CURRNT_NAMP>3.739e-03</CURRNT_NAMP>
          <TIME>2021-09-24 03:39:38</TIME>
          <TEMP_DEGC>21.600</TEMP_DEGC>
          <AIR_TEMP_DEGC>21.600</AIR_TEMP_DEGC>
          <RH_PRCNT>20.900</RH_PRCNT>
        </DATA>
        <DATA>
          <VOLTS>-12.400</VOLTS>
          <CURRNT_NAMP>3.746e-03</CURRNT_NAMP>
          <TIME>2021-09-24 03:39:39</TIME>
          <TEMP_DEGC>21.600</TEMP_DEGC>
          <AIR_TEMP_DEGC>21.600</AIR_TEMP_DEGC>
          <RH_PRCNT>20.800</RH_PRCNT>
        </DATA>
        <DATA>
          <VOLTS>-12.300</VOLTS>
          <CURRNT_NAMP>3.781e-03</CURRNT_NAMP>
          <TIME>2021-09-24 03:39:39</TIME>
          <TEMP_DEGC>21.600</TEMP_DEGC>
          <AIR_TEMP_DEGC>21.600</AIR_TEMP_DEGC>
          <RH_PRCNT>20.800</RH_PRCNT>
        </DATA>
        <DATA>
          <VOLTS>-12.200</VOLTS>
          <CURRNT_NAMP>3.847e-03</CURRNT_NAMP>
          <TIME>2021-09-24 03:39:41</TIME>
          <TEMP_DEGC>21.600</TEMP_DEGC>
          <AIR_TEMP_DEGC>21.600</AIR_TEMP_DEGC>
          <RH_PRCNT>20.800</RH_PRCNT>
        </DATA>
        <DATA>
          <VOLTS>-12.100</VOLTS>
          <CURRNT_NAMP>3.841e-03</CURRNT_NAMP>
          <TIME>2021-09-24 03:39:41</TIME>
          <TEMP_DEGC>21.600</TEMP_DEGC>
          <AIR_TEMP_DEGC>21.600</AIR_TEMP_DEGC>
          <RH_PRCNT>20.900</RH_PRCNT>
        </DATA>
        <DATA>
          <VOLTS>-12.000</VOLTS>
          <CURRNT_NAMP>3.853e-03</CURRNT_NAMP>
          <TIME>2021-09-24 03:39:43</TIME>
          <TEMP_DEGC>21.600</TEMP_DEGC>
          <AIR_TEMP_DEGC>21.600</AIR_TEMP_DEGC>
          <RH_PRCNT>20.800</RH_PRCNT>
        </DATA>
        <DATA>
          <VOLTS>-11.900</VOLTS>
          <CURRNT_NAMP>3.863e-03</CURRNT_NAMP>
          <TIME>2021-09-24 03:39:43</TIME>
          <TEMP_DEGC>21.600</TEMP_DEGC>
          <AIR_TEMP_DEGC>21.600</AIR_TEMP_DEGC>
          <RH_PRCNT>20.800</RH_PRCNT>
        </DATA>
        <DATA>
          <VOLTS>-11.800</VOLTS>
          <CURRNT_NAMP>3.882e-03</CURRNT_NAMP>
          <TIME>2021-09-24 03:39:44</TIME>
          <TEMP_DEGC>21.600</TEMP_DEGC>
          <AIR_TEMP_DEGC>21.600</AIR_TEMP_DEGC>
          <RH_PRCNT>20.900</RH_PRCNT>
        </DATA>
        <DATA>
          <VOLTS>-11.700</VOLTS>
          <CURRNT_NAMP>3.918e-03</CURRNT_NAMP>
          <TIME>2021-09-24 03:39:44</TIME>
          <TEMP_DEGC>21.600</TEMP_DEGC>
          <AIR_TEMP_DEGC>21.600</AIR_TEMP_DEGC>
          <RH_PRCNT>20.800</RH_PRCNT>
        </DATA>
        <DATA>
          <VOLTS>-11.600</VOLTS>
          <CURRNT_NAMP>3.952e-03</CURRNT_NAMP>
          <TIME>2021-09-24 03:39:46</TIME>
          <TEMP_DEGC>21.600</TEMP_DEGC>
          <AIR_TEMP_DEGC>21.600</AIR_TEMP_DEGC>
          <RH_PRCNT>20.800</RH_PRCNT>
        </DATA>
        <DATA>
          <VOLTS>-11.500</VOLTS>
          <CURRNT_NAMP>3.975e-03</CURRNT_NAMP>
          <TIME>2021-09-24 03:39:46</TIME>
          <TEMP_DEGC>21.600</TEMP_DEGC>
          <AIR_TEMP_DEGC>21.600</AIR_TEMP_DEGC>
          <RH_PRCNT>20.900</RH_PRCNT>
        </DATA>
        <DATA>
          <VOLTS>-11.400</VOLTS>
          <CURRNT_NAMP>3.992e-03</CURRNT_NAMP>
          <TIME>2021-09-24 03:39:48</TIME>
          <TEMP_DEGC>21.600</TEMP_DEGC>
          <AIR_TEMP_DEGC>21.600</AIR_TEMP_DEGC>
          <RH_PRCNT>20.800</RH_PRCNT>
        </DATA>
        <DATA>
          <VOLTS>-11.300</VOLTS>
          <CURRNT_NAMP>4.005e-03</CURRNT_NAMP>
          <TIME>2021-09-24 03:39:48</TIME>
          <TEMP_DEGC>21.600</TEMP_DEGC>
          <AIR_TEMP_DEGC>21.600</AIR_TEMP_DEGC>
          <RH_PRCNT>20.800</RH_PRCNT>
        </DATA>
        <DATA>
          <VOLTS>-11.200</VOLTS>
          <CURRNT_NAMP>4.013e-03</CURRNT_NAMP>
          <TIME>2021-09-24 03:39:49</TIME>
          <TEMP_DEGC>21.600</TEMP_DEGC>
          <AIR_TEMP_DEGC>21.600</AIR_TEMP_DEGC>
          <RH_PRCNT>20.800</RH_PRCNT>
        </DATA>
        <DATA>
          <VOLTS>-11.100</VOLTS>
          <CURRNT_NAMP>4.059e-03</CURRNT_NAMP>
          <TIME>2021-09-24 03:39:49</TIME>
          <TEMP_DEGC>21.600</TEMP_DEGC>
          <AIR_TEMP_DEGC>21.600</AIR_TEMP_DEGC>
          <RH_PRCNT>20.900</RH_PRCNT>
        </DATA>
        <DATA>
          <VOLTS>-11.000</VOLTS>
          <CURRNT_NAMP>4.077e-03</CURRNT_NAMP>
          <TIME>2021-09-24 03:39:51</TIME>
          <TEMP_DEGC>21.600</TEMP_DEGC>
          <AIR_TEMP_DEGC>21.600</AIR_TEMP_DEGC>
          <RH_PRCNT>20.800</RH_PRCNT>
        </DATA>
        <DATA>
          <VOLTS>-10.900</VOLTS>
          <CURRNT_NAMP>4.073e-03</CURRNT_NAMP>
          <TIME>2021-09-24 03:39:51</TIME>
          <TEMP_DEGC>21.600</TEMP_DEGC>
          <AIR_TEMP_DEGC>21.600</AIR_TEMP_DEGC>
          <RH_PRCNT>20.800</RH_PRCNT>
        </DATA>
        <DATA>
          <VOLTS>-10.800</VOLTS>
          <CURRNT_NAMP>4.089e-03</CURRNT_NAMP>
          <TIME>2021-09-24 03:39:53</TIME>
          <TEMP_DEGC>21.600</TEMP_DEGC>
          <AIR_TEMP_DEGC>21.600</AIR_TEMP_DEGC>
          <RH_PRCNT>20.900</RH_PRCNT>
        </DATA>
        <DATA>
          <VOLTS>-10.700</VOLTS>
          <CURRNT_NAMP>4.088e-03</CURRNT_NAMP>
          <TIME>2021-09-24 03:39:53</TIME>
          <TEMP_DEGC>21.600</TEMP_DEGC>
          <AIR_TEMP_DEGC>21.600</AIR_TEMP_DEGC>
          <RH_PRCNT>20.800</RH_PRCNT>
        </DATA>
        <DATA>
          <VOLTS>-10.600</VOLTS>
          <CURRNT_NAMP>4.114e-03</CURRNT_NAMP>
          <TIME>2021-09-24 03:39:54</TIME>
          <TEMP_DEGC>21.600</TEMP_DEGC>
          <AIR_TEMP_DEGC>21.600</AIR_TEMP_DEGC>
          <RH_PRCNT>20.800</RH_PRCNT>
        </DATA>
        <DATA>
          <VOLTS>-10.500</VOLTS>
          <CURRNT_NAMP>4.124e-03</CURRNT_NAMP>
          <TIME>2021-09-24 03:39:54</TIME>
          <TEMP_DEGC>21.600</TEMP_DEGC>
          <AIR_TEMP_DEGC>21.600</AIR_TEMP_DEGC>
          <RH_PRCNT>20.900</RH_PRCNT>
        </DATA>
        <DATA>
          <VOLTS>-10.400</VOLTS>
          <CURRNT_NAMP>4.149e-03</CURRNT_NAMP>
          <TIME>2021-09-24 03:39:56</TIME>
          <TEMP_DEGC>21.600</TEMP_DEGC>
          <AIR_TEMP_DEGC>21.600</AIR_TEMP_DEGC>
          <RH_PRCNT>20.800</RH_PRCNT>
        </DATA>
        <DATA>
          <VOLTS>-10.300</VOLTS>
          <CURRNT_NAMP>4.183e-03</CURRNT_NAMP>
          <TIME>2021-09-24 03:39:56</TIME>
          <TEMP_DEGC>21.600</TEMP_DEGC>
          <AIR_TEMP_DEGC>21.600</AIR_TEMP_DEGC>
          <RH_PRCNT>20.800</RH_PRCNT>
        </DATA>
        <DATA>
          <VOLTS>-10.200</VOLTS>
          <CURRNT_NAMP>4.205e-03</CURRNT_NAMP>
          <TIME>2021-09-24 03:39:57</TIME>
          <TEMP_DEGC>21.600</TEMP_DEGC>
          <AIR_TEMP_DEGC>21.600</AIR_TEMP_DEGC>
          <RH_PRCNT>20.900</RH_PRCNT>
        </DATA>
        <DATA>
          <VOLTS>-10.100</VOLTS>
          <CURRNT_NAMP>4.231e-03</CURRNT_NAMP>
          <TIME>2021-09-24 03:39:57</TIME>
          <TEMP_DEGC>21.600</TEMP_DEGC>
          <AIR_TEMP_DEGC>21.600</AIR_TEMP_DEGC>
          <RH_PRCNT>20.900</RH_PRCNT>
        </DATA>
        <DATA>
          <VOLTS>-10.000</VOLTS>
          <CURRNT_NAMP>4.255e-03</CURRNT_NAMP>
          <TIME>2021-09-24 03:39:59</TIME>
          <TEMP_DEGC>21.600</TEMP_DEGC>
          <AIR_TEMP_DEGC>21.600</AIR_TEMP_DEGC>
          <RH_PRCNT>20.800</RH_PRCNT>
        </DATA>
        <DATA>
          <VOLTS>-9.900</VOLTS>
          <CURRNT_NAMP>4.275e-03</CURRNT_NAMP>
          <TIME>2021-09-24 03:39:59</TIME>
          <TEMP_DEGC>21.600</TEMP_DEGC>
          <AIR_TEMP_DEGC>21.600</AIR_TEMP_DEGC>
          <RH_PRCNT>20.800</RH_PRCNT>
        </DATA>
        <DATA>
          <VOLTS>-9.800</VOLTS>
          <CURRNT_NAMP>4.315e-03</CURRNT_NAMP>
          <TIME>2021-09-24 03:40:01</TIME>
          <TEMP_DEGC>21.600</TEMP_DEGC>
          <AIR_TEMP_DEGC>21.600</AIR_TEMP_DEGC>
          <RH_PRCNT>20.900</RH_PRCNT>
        </DATA>
        <DATA>
          <VOLTS>-9.700</VOLTS>
          <CURRNT_NAMP>4.338e-03</CURRNT_NAMP>
          <TIME>2021-09-24 03:40:01</TIME>
          <TEMP_DEGC>21.600</TEMP_DEGC>
          <AIR_TEMP_DEGC>21.600</AIR_TEMP_DEGC>
          <RH_PRCNT>20.800</RH_PRCNT>
        </DATA>
        <DATA>
          <VOLTS>-9.600</VOLTS>
          <CURRNT_NAMP>4.405e-03</CURRNT_NAMP>
          <TIME>2021-09-24 03:40:02</TIME>
          <TEMP_DEGC>21.600</TEMP_DEGC>
          <AIR_TEMP_DEGC>21.600</AIR_TEMP_DEGC>
          <RH_PRCNT>20.800</RH_PRCNT>
        </DATA>
        <DATA>
          <VOLTS>-9.500</VOLTS>
          <CURRNT_NAMP>4.430e-03</CURRNT_NAMP>
          <TIME>2021-09-24 03:40:02</TIME>
          <TEMP_DEGC>21.600</TEMP_DEGC>
          <AIR_TEMP_DEGC>21.600</AIR_TEMP_DEGC>
          <RH_PRCNT>20.900</RH_PRCNT>
        </DATA>
        <DATA>
          <VOLTS>-9.400</VOLTS>
          <CURRNT_NAMP>4.463e-03</CURRNT_NAMP>
          <TIME>2021-09-24 03:40:04</TIME>
          <TEMP_DEGC>21.600</TEMP_DEGC>
          <AIR_TEMP_DEGC>21.600</AIR_TEMP_DEGC>
          <RH_PRCNT>20.800</RH_PRCNT>
        </DATA>
        <DATA>
          <VOLTS>-9.300</VOLTS>
          <CURRNT_NAMP>4.502e-03</CURRNT_NAMP>
          <TIME>2021-09-24 03:40:04</TIME>
          <TEMP_DEGC>21.600</TEMP_DEGC>
          <AIR_TEMP_DEGC>21.600</AIR_TEMP_DEGC>
          <RH_PRCNT>20.800</RH_PRCNT>
        </DATA>
        <DATA>
          <VOLTS>-9.200</VOLTS>
          <CURRNT_NAMP>4.555e-03</CURRNT_NAMP>
          <TIME>2021-09-24 03:40:06</TIME>
          <TEMP_DEGC>21.600</TEMP_DEGC>
          <AIR_TEMP_DEGC>21.600</AIR_TEMP_DEGC>
          <RH_PRCNT>20.800</RH_PRCNT>
        </DATA>
        <DATA>
          <VOLTS>-9.100</VOLTS>
          <CURRNT_NAMP>4.612e-03</CURRNT_NAMP>
          <TIME>2021-09-24 03:40:06</TIME>
          <TEMP_DEGC>21.600</TEMP_DEGC>
          <AIR_TEMP_DEGC>21.600</AIR_TEMP_DEGC>
          <RH_PRCNT>20.900</RH_PRCNT>
        </DATA>
        <DATA>
          <VOLTS>-9.000</VOLTS>
          <CURRNT_NAMP>4.675e-03</CURRNT_NAMP>
          <TIME>2021-09-24 03:40:07</TIME>
          <TEMP_DEGC>21.600</TEMP_DEGC>
          <AIR_TEMP_DEGC>21.600</AIR_TEMP_DEGC>
          <RH_PRCNT>20.800</RH_PRCNT>
        </DATA>
        <DATA>
          <VOLTS>-8.900</VOLTS>
          <CURRNT_NAMP>4.734e-03</CURRNT_NAMP>
          <TIME>2021-09-24 03:40:07</TIME>
          <TEMP_DEGC>21.600</TEMP_DEGC>
          <AIR_TEMP_DEGC>21.600</AIR_TEMP_DEGC>
          <RH_PRCNT>20.800</RH_PRCNT>
        </DATA>
        <DATA>
          <VOLTS>-8.800</VOLTS>
          <CURRNT_NAMP>4.804e-03</CURRNT_NAMP>
          <TIME>2021-09-24 03:40:09</TIME>
          <TEMP_DEGC>21.600</TEMP_DEGC>
          <AIR_TEMP_DEGC>21.600</AIR_TEMP_DEGC>
          <RH_PRCNT>20.900</RH_PRCNT>
        </DATA>
        <DATA>
          <VOLTS>-8.700</VOLTS>
          <CURRNT_NAMP>4.896e-03</CURRNT_NAMP>
          <TIME>2021-09-24 03:40:09</TIME>
          <TEMP_DEGC>21.600</TEMP_DEGC>
          <AIR_TEMP_DEGC>21.600</AIR_TEMP_DEGC>
          <RH_PRCNT>20.800</RH_PRCNT>
        </DATA>
        <DATA>
          <VOLTS>-8.600</VOLTS>
          <CURRNT_NAMP>4.997e-03</CURRNT_NAMP>
          <TIME>2021-09-24 03:40:11</TIME>
          <TEMP_DEGC>21.600</TEMP_DEGC>
          <AIR_TEMP_DEGC>21.600</AIR_TEMP_DEGC>
          <RH_PRCNT>20.800</RH_PRCNT>
        </DATA>
        <DATA>
          <VOLTS>-8.500</VOLTS>
          <CURRNT_NAMP>5.105e-03</CURRNT_NAMP>
          <TIME>2021-09-24 03:40:11</TIME>
          <TEMP_DEGC>21.600</TEMP_DEGC>
          <AIR_TEMP_DEGC>21.600</AIR_TEMP_DEGC>
          <RH_PRCNT>20.800</RH_PRCNT>
        </DATA>
        <DATA>
          <VOLTS>-8.400</VOLTS>
          <CURRNT_NAMP>5.249e-03</CURRNT_NAMP>
          <TIME>2021-09-24 03:40:12</TIME>
          <TEMP_DEGC>21.600</TEMP_DEGC>
          <AIR_TEMP_DEGC>21.600</AIR_TEMP_DEGC>
          <RH_PRCNT>20.800</RH_PRCNT>
        </DATA>
        <DATA>
          <VOLTS>-8.300</VOLTS>
          <CURRNT_NAMP>5.415e-03</CURRNT_NAMP>
          <TIME>2021-09-24 03:40:12</TIME>
          <TEMP_DEGC>21.600</TEMP_DEGC>
          <AIR_TEMP_DEGC>21.600</AIR_TEMP_DEGC>
          <RH_PRCNT>20.800</RH_PRCNT>
        </DATA>
        <DATA>
          <VOLTS>-8.200</VOLTS>
          <CURRNT_NAMP>5.621e-03</CURRNT_NAMP>
          <TIME>2021-09-24 03:40:14</TIME>
          <TEMP_DEGC>21.600</TEMP_DEGC>
          <AIR_TEMP_DEGC>21.600</AIR_TEMP_DEGC>
          <RH_PRCNT>20.800</RH_PRCNT>
        </DATA>
        <DATA>
          <VOLTS>-8.100</VOLTS>
          <CURRNT_NAMP>5.901e-03</CURRNT_NAMP>
          <TIME>2021-09-24 03:40:14</TIME>
          <TEMP_DEGC>21.600</TEMP_DEGC>
          <AIR_TEMP_DEGC>21.600</AIR_TEMP_DEGC>
          <RH_PRCNT>20.800</RH_PRCNT>
        </DATA>
        <DATA>
          <VOLTS>-8.000</VOLTS>
          <CURRNT_NAMP>6.229e-03</CURRNT_NAMP>
          <TIME>2021-09-24 03:40:16</TIME>
          <TEMP_DEGC>21.600</TEMP_DEGC>
          <AIR_TEMP_DEGC>21.600</AIR_TEMP_DEGC>
          <RH_PRCNT>20.800</RH_PRCNT>
        </DATA>
        <DATA>
          <VOLTS>-7.900</VOLTS>
          <CURRNT_NAMP>6.765e-03</CURRNT_NAMP>
          <TIME>2021-09-24 03:40:16</TIME>
          <TEMP_DEGC>21.600</TEMP_DEGC>
          <AIR_TEMP_DEGC>21.600</AIR_TEMP_DEGC>
          <RH_PRCNT>20.800</RH_PRCNT>
        </DATA>
        <DATA>
          <VOLTS>-7.800</VOLTS>
          <CURRNT_NAMP>7.743e-03</CURRNT_NAMP>
          <TIME>2021-09-24 03:40:17</TIME>
          <TEMP_DEGC>21.600</TEMP_DEGC>
          <AIR_TEMP_DEGC>21.600</AIR_TEMP_DEGC>
          <RH_PRCNT>20.800</RH_PRCNT>
        </DATA>
        <DATA>
          <VOLTS>-7.700</VOLTS>
          <CURRNT_NAMP>9.169e-03</CURRNT_NAMP>
          <TIME>2021-09-24 03:40:17</TIME>
          <TEMP_DEGC>21.600</TEMP_DEGC>
          <AIR_TEMP_DEGC>21.600</AIR_TEMP_DEGC>
          <RH_PRCNT>20.800</RH_PRCNT>
        </DATA>
        <DATA>
          <VOLTS>-7.600</VOLTS>
          <CURRNT_NAMP>1.043e-02</CURRNT_NAMP>
          <TIME>2021-09-24 03:40:19</TIME>
          <TEMP_DEGC>21.600</TEMP_DEGC>
          <AIR_TEMP_DEGC>21.600</AIR_TEMP_DEGC>
          <RH_PRCNT>20.800</RH_PRCNT>
        </DATA>
        <DATA>
          <VOLTS>-7.500</VOLTS>
          <CURRNT_NAMP>1.105e-02</CURRNT_NAMP>
          <TIME>2021-09-24 03:40:19</TIME>
          <TEMP_DEGC>21.600</TEMP_DEGC>
          <AIR_TEMP_DEGC>21.600</AIR_TEMP_DEGC>
          <RH_PRCNT>20.800</RH_PRCNT>
        </DATA>
        <DATA>
          <VOLTS>-7.400</VOLTS>
          <CURRNT_NAMP>1.134e-02</CURRNT_NAMP>
          <TIME>2021-09-24 03:40:21</TIME>
          <TEMP_DEGC>21.600</TEMP_DEGC>
          <AIR_TEMP_DEGC>21.600</AIR_TEMP_DEGC>
          <RH_PRCNT>20.800</RH_PRCNT>
        </DATA>
        <DATA>
          <VOLTS>-7.300</VOLTS>
          <CURRNT_NAMP>1.145e-02</CURRNT_NAMP>
          <TIME>2021-09-24 03:40:21</TIME>
          <TEMP_DEGC>21.600</TEMP_DEGC>
          <AIR_TEMP_DEGC>21.600</AIR_TEMP_DEGC>
          <RH_PRCNT>20.800</RH_PRCNT>
        </DATA>
        <DATA>
          <VOLTS>-7.200</VOLTS>
          <CURRNT_NAMP>1.147e-02</CURRNT_NAMP>
          <TIME>2021-09-24 03:40:22</TIME>
          <TEMP_DEGC>21.600</TEMP_DEGC>
          <AIR_TEMP_DEGC>21.600</AIR_TEMP_DEGC>
          <RH_PRCNT>20.800</RH_PRCNT>
        </DATA>
        <DATA>
          <VOLTS>-7.100</VOLTS>
          <CURRNT_NAMP>1.148e-02</CURRNT_NAMP>
          <TIME>2021-09-24 03:40:22</TIME>
          <TEMP_DEGC>21.600</TEMP_DEGC>
          <AIR_TEMP_DEGC>21.600</AIR_TEMP_DEGC>
          <RH_PRCNT>20.800</RH_PRCNT>
        </DATA>
        <DATA>
          <VOLTS>-7.000</VOLTS>
          <CURRNT_NAMP>1.148e-02</CURRNT_NAMP>
          <TIME>2021-09-24 03:40:24</TIME>
          <TEMP_DEGC>21.600</TEMP_DEGC>
          <AIR_TEMP_DEGC>21.600</AIR_TEMP_DEGC>
          <RH_PRCNT>20.800</RH_PRCNT>
        </DATA>
        <DATA>
          <VOLTS>-6.900</VOLTS>
          <CURRNT_NAMP>1.148e-02</CURRNT_NAMP>
          <TIME>2021-09-24 03:40:24</TIME>
          <TEMP_DEGC>21.600</TEMP_DEGC>
          <AIR_TEMP_DEGC>21.600</AIR_TEMP_DEGC>
          <RH_PRCNT>20.800</RH_PRCNT>
        </DATA>
        <DATA>
          <VOLTS>-6.800</VOLTS>
          <CURRNT_NAMP>1.147e-02</CURRNT_NAMP>
          <TIME>2021-09-24 03:40:25</TIME>
          <TEMP_DEGC>21.600</TEMP_DEGC>
          <AIR_TEMP_DEGC>21.600</AIR_TEMP_DEGC>
          <RH_PRCNT>20.800</RH_PRCNT>
        </DATA>
        <DATA>
          <VOLTS>-6.700</VOLTS>
          <CURRNT_NAMP>1.148e-02</CURRNT_NAMP>
          <TIME>2021-09-24 03:40:25</TIME>
          <TEMP_DEGC>21.600</TEMP_DEGC>
          <AIR_TEMP_DEGC>21.600</AIR_TEMP_DEGC>
          <RH_PRCNT>20.800</RH_PRCNT>
        </DATA>
        <DATA>
          <VOLTS>-6.600</VOLTS>
          <CURRNT_NAMP>1.149e-02</CURRNT_NAMP>
          <TIME>2021-09-24 03:40:27</TIME>
          <TEMP_DEGC>21.600</TEMP_DEGC>
          <AIR_TEMP_DEGC>21.600</AIR_TEMP_DEGC>
          <RH_PRCNT>20.800</RH_PRCNT>
        </DATA>
        <DATA>
          <VOLTS>-6.500</VOLTS>
          <CURRNT_NAMP>1.148e-02</CURRNT_NAMP>
          <TIME>2021-09-24 03:40:27</TIME>
          <TEMP_DEGC>21.600</TEMP_DEGC>
          <AIR_TEMP_DEGC>21.600</AIR_TEMP_DEGC>
          <RH_PRCNT>20.800</RH_PRCNT>
        </DATA>
        <DATA>
          <VOLTS>-6.400</VOLTS>
          <CURRNT_NAMP>1.148e-02</CURRNT_NAMP>
          <TIME>2021-09-24 03:40:29</TIME>
          <TEMP_DEGC>21.600</TEMP_DEGC>
          <AIR_TEMP_DEGC>21.600</AIR_TEMP_DEGC>
          <RH_PRCNT>20.800</RH_PRCNT>
        </DATA>
        <DATA>
          <VOLTS>-6.300</VOLTS>
          <CURRNT_NAMP>1.148e-02</CURRNT_NAMP>
          <TIME>2021-09-24 03:40:29</TIME>
          <TEMP_DEGC>21.600</TEMP_DEGC>
          <AIR_TEMP_DEGC>21.600</AIR_TEMP_DEGC>
          <RH_PRCNT>20.800</RH_PRCNT>
        </DATA>
        <DATA>
          <VOLTS>-6.200</VOLTS>
          <CURRNT_NAMP>1.149e-02</CURRNT_NAMP>
          <TIME>2021-09-24 03:40:30</TIME>
          <TEMP_DEGC>21.600</TEMP_DEGC>
          <AIR_TEMP_DEGC>21.600</AIR_TEMP_DEGC>
          <RH_PRCNT>20.800</RH_PRCNT>
        </DATA>
        <DATA>
          <VOLTS>-6.100</VOLTS>
          <CURRNT_NAMP>1.148e-02</CURRNT_NAMP>
          <TIME>2021-09-24 03:40:30</TIME>
          <TEMP_DEGC>21.600</TEMP_DEGC>
          <AIR_TEMP_DEGC>21.600</AIR_TEMP_DEGC>
          <RH_PRCNT>20.800</RH_PRCNT>
        </DATA>
        <DATA>
          <VOLTS>-6.000</VOLTS>
          <CURRNT_NAMP>1.148e-02</CURRNT_NAMP>
          <TIME>2021-09-24 03:40:32</TIME>
          <TEMP_DEGC>21.600</TEMP_DEGC>
          <AIR_TEMP_DEGC>21.600</AIR_TEMP_DEGC>
          <RH_PRCNT>20.800</RH_PRCNT>
        </DATA>
        <DATA>
          <VOLTS>-5.900</VOLTS>
          <CURRNT_NAMP>1.150e-02</CURRNT_NAMP>
          <TIME>2021-09-24 03:40:32</TIME>
          <TEMP_DEGC>21.600</TEMP_DEGC>
          <AIR_TEMP_DEGC>21.600</AIR_TEMP_DEGC>
          <RH_PRCNT>20.800</RH_PRCNT>
        </DATA>
        <DATA>
          <VOLTS>-5.800</VOLTS>
          <CURRNT_NAMP>1.148e-02</CURRNT_NAMP>
          <TIME>2021-09-24 03:40:34</TIME>
          <TEMP_DEGC>21.600</TEMP_DEGC>
          <AIR_TEMP_DEGC>21.600</AIR_TEMP_DEGC>
          <RH_PRCNT>20.800</RH_PRCNT>
        </DATA>
        <DATA>
          <VOLTS>-5.700</VOLTS>
          <CURRNT_NAMP>1.147e-02</CURRNT_NAMP>
          <TIME>2021-09-24 03:40:34</TIME>
          <TEMP_DEGC>21.600</TEMP_DEGC>
          <AIR_TEMP_DEGC>21.600</AIR_TEMP_DEGC>
          <RH_PRCNT>20.800</RH_PRCNT>
        </DATA>
        <DATA>
          <VOLTS>-5.600</VOLTS>
          <CURRNT_NAMP>1.146e-02</CURRNT_NAMP>
          <TIME>2021-09-24 03:40:35</TIME>
          <TEMP_DEGC>21.600</TEMP_DEGC>
          <AIR_TEMP_DEGC>21.600</AIR_TEMP_DEGC>
          <RH_PRCNT>20.800</RH_PRCNT>
        </DATA>
        <DATA>
          <VOLTS>-5.500</VOLTS>
          <CURRNT_NAMP>1.145e-02</CURRNT_NAMP>
          <TIME>2021-09-24 03:40:35</TIME>
          <TEMP_DEGC>21.600</TEMP_DEGC>
          <AIR_TEMP_DEGC>21.600</AIR_TEMP_DEGC>
          <RH_PRCNT>20.800</RH_PRCNT>
        </DATA>
        <DATA>
          <VOLTS>-5.400</VOLTS>
          <CURRNT_NAMP>1.146e-02</CURRNT_NAMP>
          <TIME>2021-09-24 03:40:37</TIME>
          <TEMP_DEGC>21.600</TEMP_DEGC>
          <AIR_TEMP_DEGC>21.600</AIR_TEMP_DEGC>
          <RH_PRCNT>20.800</RH_PRCNT>
        </DATA>
        <DATA>
          <VOLTS>-5.300</VOLTS>
          <CURRNT_NAMP>1.145e-02</CURRNT_NAMP>
          <TIME>2021-09-24 03:40:37</TIME>
          <TEMP_DEGC>21.600</TEMP_DEGC>
          <AIR_TEMP_DEGC>21.600</AIR_TEMP_DEGC>
          <RH_PRCNT>20.800</RH_PRCNT>
        </DATA>
        <DATA>
          <VOLTS>-5.200</VOLTS>
          <CURRNT_NAMP>1.145e-02</CURRNT_NAMP>
          <TIME>2021-09-24 03:40:39</TIME>
          <TEMP_DEGC>21.600</TEMP_DEGC>
          <AIR_TEMP_DEGC>21.600</AIR_TEMP_DEGC>
          <RH_PRCNT>20.800</RH_PRCNT>
        </DATA>
        <DATA>
          <VOLTS>-5.100</VOLTS>
          <CURRNT_NAMP>1.144e-02</CURRNT_NAMP>
          <TIME>2021-09-24 03:40:39</TIME>
          <TEMP_DEGC>21.600</TEMP_DEGC>
          <AIR_TEMP_DEGC>21.600</AIR_TEMP_DEGC>
          <RH_PRCNT>20.800</RH_PRCNT>
        </DATA>
        <DATA>
          <VOLTS>-5.000</VOLTS>
          <CURRNT_NAMP>1.144e-02</CURRNT_NAMP>
          <TIME>2021-09-24 03:40:40</TIME>
          <TEMP_DEGC>21.600</TEMP_DEGC>
          <AIR_TEMP_DEGC>21.600</AIR_TEMP_DEGC>
          <RH_PRCNT>20.800</RH_PRCNT>
        </DATA>
        <DATA>
          <VOLTS>-4.900</VOLTS>
          <CURRNT_NAMP>1.145e-02</CURRNT_NAMP>
          <TIME>2021-09-24 03:40:40</TIME>
          <TEMP_DEGC>21.600</TEMP_DEGC>
          <AIR_TEMP_DEGC>21.600</AIR_TEMP_DEGC>
          <RH_PRCNT>20.800</RH_PRCNT>
        </DATA>
        <DATA>
          <VOLTS>-4.800</VOLTS>
          <CURRNT_NAMP>1.144e-02</CURRNT_NAMP>
          <TIME>2021-09-24 03:40:42</TIME>
          <TEMP_DEGC>21.600</TEMP_DEGC>
          <AIR_TEMP_DEGC>21.600</AIR_TEMP_DEGC>
          <RH_PRCNT>20.800</RH_PRCNT>
        </DATA>
        <DATA>
          <VOLTS>-4.700</VOLTS>
          <CURRNT_NAMP>1.143e-02</CURRNT_NAMP>
          <TIME>2021-09-24 03:40:42</TIME>
          <TEMP_DEGC>21.600</TEMP_DEGC>
          <AIR_TEMP_DEGC>21.600</AIR_TEMP_DEGC>
          <RH_PRCNT>20.800</RH_PRCNT>
        </DATA>
        <DATA>
          <VOLTS>-4.600</VOLTS>
          <CURRNT_NAMP>1.142e-02</CURRNT_NAMP>
          <TIME>2021-09-24 03:40:44</TIME>
          <TEMP_DEGC>21.600</TEMP_DEGC>
          <AIR_TEMP_DEGC>21.600</AIR_TEMP_DEGC>
          <RH_PRCNT>20.800</RH_PRCNT>
        </DATA>
        <DATA>
          <VOLTS>-4.500</VOLTS>
          <CURRNT_NAMP>1.142e-02</CURRNT_NAMP>
          <TIME>2021-09-24 03:40:44</TIME>
          <TEMP_DEGC>21.600</TEMP_DEGC>
          <AIR_TEMP_DEGC>21.600</AIR_TEMP_DEGC>
          <RH_PRCNT>20.800</RH_PRCNT>
        </DATA>
        <DATA>
          <VOLTS>-4.400</VOLTS>
          <CURRNT_NAMP>1.141e-02</CURRNT_NAMP>
          <TIME>2021-09-24 03:40:45</TIME>
          <TEMP_DEGC>21.600</TEMP_DEGC>
          <AIR_TEMP_DEGC>21.600</AIR_TEMP_DEGC>
          <RH_PRCNT>20.800</RH_PRCNT>
        </DATA>
        <DATA>
          <VOLTS>-4.300</VOLTS>
          <CURRNT_NAMP>1.140e-02</CURRNT_NAMP>
          <TIME>2021-09-24 03:40:45</TIME>
          <TEMP_DEGC>21.600</TEMP_DEGC>
          <AIR_TEMP_DEGC>21.600</AIR_TEMP_DEGC>
          <RH_PRCNT>20.800</RH_PRCNT>
        </DATA>
        <DATA>
          <VOLTS>-4.200</VOLTS>
          <CURRNT_NAMP>1.138e-02</CURRNT_NAMP>
          <TIME>2021-09-24 03:40:47</TIME>
          <TEMP_DEGC>21.600</TEMP_DEGC>
          <AIR_TEMP_DEGC>21.600</AIR_TEMP_DEGC>
          <RH_PRCNT>20.800</RH_PRCNT>
        </DATA>
        <DATA>
          <VOLTS>-4.100</VOLTS>
          <CURRNT_NAMP>1.139e-02</CURRNT_NAMP>
          <TIME>2021-09-24 03:40:47</TIME>
          <TEMP_DEGC>21.600</TEMP_DEGC>
          <AIR_TEMP_DEGC>21.600</AIR_TEMP_DEGC>
          <RH_PRCNT>20.800</RH_PRCNT>
        </DATA>
        <DATA>
          <VOLTS>-4.000</VOLTS>
          <CURRNT_NAMP>1.136e-02</CURRNT_NAMP>
          <TIME>2021-09-24 03:40:48</TIME>
          <TEMP_DEGC>21.600</TEMP_DEGC>
          <AIR_TEMP_DEGC>21.600</AIR_TEMP_DEGC>
          <RH_PRCNT>20.800</RH_PRCNT>
        </DATA>
        <DATA>
          <VOLTS>-3.900</VOLTS>
          <CURRNT_NAMP>1.137e-02</CURRNT_NAMP>
          <TIME>2021-09-24 03:40:48</TIME>
          <TEMP_DEGC>21.600</TEMP_DEGC>
          <AIR_TEMP_DEGC>21.600</AIR_TEMP_DEGC>
          <RH_PRCNT>20.800</RH_PRCNT>
        </DATA>
        <DATA>
          <VOLTS>-3.800</VOLTS>
          <CURRNT_NAMP>1.135e-02</CURRNT_NAMP>
          <TIME>2021-09-24 03:40:50</TIME>
          <TEMP_DEGC>21.600</TEMP_DEGC>
          <AIR_TEMP_DEGC>21.600</AIR_TEMP_DEGC>
          <RH_PRCNT>20.800</RH_PRCNT>
        </DATA>
        <DATA>
          <VOLTS>-3.700</VOLTS>
          <CURRNT_NAMP>1.131e-02</CURRNT_NAMP>
          <TIME>2021-09-24 03:40:50</TIME>
          <TEMP_DEGC>21.600</TEMP_DEGC>
          <AIR_TEMP_DEGC>21.600</AIR_TEMP_DEGC>
          <RH_PRCNT>20.800</RH_PRCNT>
        </DATA>
        <DATA>
          <VOLTS>-3.600</VOLTS>
          <CURRNT_NAMP>1.131e-02</CURRNT_NAMP>
          <TIME>2021-09-24 03:40:52</TIME>
          <TEMP_DEGC>21.600</TEMP_DEGC>
          <AIR_TEMP_DEGC>21.600</AIR_TEMP_DEGC>
          <RH_PRCNT>20.800</RH_PRCNT>
        </DATA>
        <DATA>
          <VOLTS>-3.500</VOLTS>
          <CURRNT_NAMP>1.130e-02</CURRNT_NAMP>
          <TIME>2021-09-24 03:40:52</TIME>
          <TEMP_DEGC>21.600</TEMP_DEGC>
          <AIR_TEMP_DEGC>21.600</AIR_TEMP_DEGC>
          <RH_PRCNT>20.800</RH_PRCNT>
        </DATA>
        <DATA>
          <VOLTS>-3.400</VOLTS>
          <CURRNT_NAMP>1.128e-02</CURRNT_NAMP>
          <TIME>2021-09-24 03:40:53</TIME>
          <TEMP_DEGC>21.600</TEMP_DEGC>
          <AIR_TEMP_DEGC>21.600</AIR_TEMP_DEGC>
          <RH_PRCNT>20.800</RH_PRCNT>
        </DATA>
        <DATA>
          <VOLTS>-3.300</VOLTS>
          <CURRNT_NAMP>1.126e-02</CURRNT_NAMP>
          <TIME>2021-09-24 03:40:53</TIME>
          <TEMP_DEGC>21.600</TEMP_DEGC>
          <AIR_TEMP_DEGC>21.600</AIR_TEMP_DEGC>
          <RH_PRCNT>20.800</RH_PRCNT>
        </DATA>
        <DATA>
          <VOLTS>-3.200</VOLTS>
          <CURRNT_NAMP>1.123e-02</CURRNT_NAMP>
          <TIME>2021-09-24 03:40:55</TIME>
          <TEMP_DEGC>21.600</TEMP_DEGC>
          <AIR_TEMP_DEGC>21.600</AIR_TEMP_DEGC>
          <RH_PRCNT>20.800</RH_PRCNT>
        </DATA>
        <DATA>
          <VOLTS>-3.100</VOLTS>
          <CURRNT_NAMP>1.120e-02</CURRNT_NAMP>
          <TIME>2021-09-24 03:40:55</TIME>
          <TEMP_DEGC>21.600</TEMP_DEGC>
          <AIR_TEMP_DEGC>21.600</AIR_TEMP_DEGC>
          <RH_PRCNT>20.800</RH_PRCNT>
        </DATA>
        <DATA>
          <VOLTS>-3.000</VOLTS>
          <CURRNT_NAMP>1.118e-02</CURRNT_NAMP>
          <TIME>2021-09-24 03:40:57</TIME>
          <TEMP_DEGC>21.600</TEMP_DEGC>
          <AIR_TEMP_DEGC>21.600</AIR_TEMP_DEGC>
          <RH_PRCNT>20.800</RH_PRCNT>
        </DATA>
        <DATA>
          <VOLTS>-2.900</VOLTS>
          <CURRNT_NAMP>1.113e-02</CURRNT_NAMP>
          <TIME>2021-09-24 03:40:57</TIME>
          <TEMP_DEGC>21.600</TEMP_DEGC>
          <AIR_TEMP_DEGC>21.600</AIR_TEMP_DEGC>
          <RH_PRCNT>20.800</RH_PRCNT>
        </DATA>
        <DATA>
          <VOLTS>-2.800</VOLTS>
          <CURRNT_NAMP>1.107e-02</CURRNT_NAMP>
          <TIME>2021-09-24 03:40:58</TIME>
          <TEMP_DEGC>21.600</TEMP_DEGC>
          <AIR_TEMP_DEGC>21.600</AIR_TEMP_DEGC>
          <RH_PRCNT>20.800</RH_PRCNT>
        </DATA>
        <DATA>
          <VOLTS>-2.700</VOLTS>
          <CURRNT_NAMP>1.099e-02</CURRNT_NAMP>
          <TIME>2021-09-24 03:40:58</TIME>
          <TEMP_DEGC>21.600</TEMP_DEGC>
          <AIR_TEMP_DEGC>21.600</AIR_TEMP_DEGC>
          <RH_PRCNT>20.700</RH_PRCNT>
        </DATA>
        <DATA>
          <VOLTS>-2.600</VOLTS>
          <CURRNT_NAMP>1.088e-02</CURRNT_NAMP>
          <TIME>2021-09-24 03:41:00</TIME>
          <TEMP_DEGC>21.600</TEMP_DEGC>
          <AIR_TEMP_DEGC>21.600</AIR_TEMP_DEGC>
          <RH_PRCNT>20.700</RH_PRCNT>
        </DATA>
        <DATA>
          <VOLTS>-2.500</VOLTS>
          <CURRNT_NAMP>1.073e-02</CURRNT_NAMP>
          <TIME>2021-09-24 03:41:00</TIME>
          <TEMP_DEGC>21.600</TEMP_DEGC>
          <AIR_TEMP_DEGC>21.600</AIR_TEMP_DEGC>
          <RH_PRCNT>20.800</RH_PRCNT>
        </DATA>
        <DATA>
          <VOLTS>-2.400</VOLTS>
          <CURRNT_NAMP>1.048e-02</CURRNT_NAMP>
          <TIME>2021-09-24 03:41:02</TIME>
          <TEMP_DEGC>21.600</TEMP_DEGC>
          <AIR_TEMP_DEGC>21.600</AIR_TEMP_DEGC>
          <RH_PRCNT>20.700</RH_PRCNT>
        </DATA>
        <DATA>
          <VOLTS>-2.300</VOLTS>
          <CURRNT_NAMP>9.904e-03</CURRNT_NAMP>
          <TIME>2021-09-24 03:41:02</TIME>
          <TEMP_DEGC>21.600</TEMP_DEGC>
          <AIR_TEMP_DEGC>21.600</AIR_TEMP_DEGC>
          <RH_PRCNT>20.700</RH_PRCNT>
        </DATA>
        <DATA>
          <VOLTS>-2.200</VOLTS>
          <CURRNT_NAMP>8.303e-03</CURRNT_NAMP>
          <TIME>2021-09-24 03:41:03</TIME>
          <TEMP_DEGC>21.600</TEMP_DEGC>
          <AIR_TEMP_DEGC>21.600</AIR_TEMP_DEGC>
          <RH_PRCNT>20.800</RH_PRCNT>
        </DATA>
        <DATA>
          <VOLTS>-2.100</VOLTS>
          <CURRNT_NAMP>5.763e-03</CURRNT_NAMP>
          <TIME>2021-09-24 03:41:03</TIME>
          <TEMP_DEGC>21.600</TEMP_DEGC>
          <AIR_TEMP_DEGC>21.600</AIR_TEMP_DEGC>
          <RH_PRCNT>20.800</RH_PRCNT>
        </DATA>
        <DATA>
          <VOLTS>-2.000</VOLTS>
          <CURRNT_NAMP>4.343e-03</CURRNT_NAMP>
          <TIME>2021-09-24 03:41:05</TIME>
          <TEMP_DEGC>21.600</TEMP_DEGC>
          <AIR_TEMP_DEGC>21.600</AIR_TEMP_DEGC>
          <RH_PRCNT>20.700</RH_PRCNT>
        </DATA>
        <DATA>
          <VOLTS>-1.900</VOLTS>
          <CURRNT_NAMP>3.606e-03</CURRNT_NAMP>
          <TIME>2021-09-24 03:41:05</TIME>
          <TEMP_DEGC>21.600</TEMP_DEGC>
          <AIR_TEMP_DEGC>21.600</AIR_TEMP_DEGC>
          <RH_PRCNT>20.800</RH_PRCNT>
        </DATA>
        <DATA>
          <VOLTS>-1.800</VOLTS>
          <CURRNT_NAMP>3.148e-03</CURRNT_NAMP>
          <TIME>2021-09-24 03:41:07</TIME>
          <TEMP_DEGC>21.600</TEMP_DEGC>
          <AIR_TEMP_DEGC>21.600</AIR_TEMP_DEGC>
          <RH_PRCNT>20.800</RH_PRCNT>
        </DATA>
        <DATA>
          <VOLTS>-1.700</VOLTS>
          <CURRNT_NAMP>2.846e-03</CURRNT_NAMP>
          <TIME>2021-09-24 03:41:07</TIME>
          <TEMP_DEGC>21.600</TEMP_DEGC>
          <AIR_TEMP_DEGC>21.600</AIR_TEMP_DEGC>
          <RH_PRCNT>20.700</RH_PRCNT>
        </DATA>
        <DATA>
          <VOLTS>-1.600</VOLTS>
          <CURRNT_NAMP>2.695e-03</CURRNT_NAMP>
          <TIME>2021-09-24 03:41:08</TIME>
          <TEMP_DEGC>21.600</TEMP_DEGC>
          <AIR_TEMP_DEGC>21.600</AIR_TEMP_DEGC>
          <RH_PRCNT>20.700</RH_PRCNT>
        </DATA>
        <DATA>
          <VOLTS>-1.500</VOLTS>
          <CURRNT_NAMP>2.579e-03</CURRNT_NAMP>
          <TIME>2021-09-24 03:41:08</TIME>
          <TEMP_DEGC>21.600</TEMP_DEGC>
          <AIR_TEMP_DEGC>21.600</AIR_TEMP_DEGC>
          <RH_PRCNT>20.800</RH_PRCNT>
        </DATA>
        <DATA>
          <VOLTS>-1.400</VOLTS>
          <CURRNT_NAMP>2.524e-03</CURRNT_NAMP>
          <TIME>2021-09-24 03:41:10</TIME>
          <TEMP_DEGC>21.600</TEMP_DEGC>
          <AIR_TEMP_DEGC>21.600</AIR_TEMP_DEGC>
          <RH_PRCNT>20.700</RH_PRCNT>
        </DATA>
        <DATA>
          <VOLTS>-1.300</VOLTS>
          <CURRNT_NAMP>2.502e-03</CURRNT_NAMP>
          <TIME>2021-09-24 03:41:10</TIME>
          <TEMP_DEGC>21.600</TEMP_DEGC>
          <AIR_TEMP_DEGC>21.600</AIR_TEMP_DEGC>
          <RH_PRCNT>20.700</RH_PRCNT>
        </DATA>
        <DATA>
          <VOLTS>-1.200</VOLTS>
          <CURRNT_NAMP>2.477e-03</CURRNT_NAMP>
          <TIME>2021-09-24 03:41:11</TIME>
          <TEMP_DEGC>21.600</TEMP_DEGC>
          <AIR_TEMP_DEGC>21.600</AIR_TEMP_DEGC>
          <RH_PRCNT>20.700</RH_PRCNT>
        </DATA>
        <DATA>
          <VOLTS>-1.100</VOLTS>
          <CURRNT_NAMP>2.460e-03</CURRNT_NAMP>
          <TIME>2021-09-24 03:41:11</TIME>
          <TEMP_DEGC>21.600</TEMP_DEGC>
          <AIR_TEMP_DEGC>21.600</AIR_TEMP_DEGC>
          <RH_PRCNT>20.700</RH_PRCNT>
        </DATA>
        <DATA>
          <VOLTS>-1.000</VOLTS>
          <CURRNT_NAMP>2.472e-03</CURRNT_NAMP>
          <TIME>2021-09-24 03:41:13</TIME>
          <TEMP_DEGC>21.600</TEMP_DEGC>
          <AIR_TEMP_DEGC>21.600</AIR_TEMP_DEGC>
          <RH_PRCNT>20.700</RH_PRCNT>
        </DATA>
        <DATA>
          <VOLTS>-0.900</VOLTS>
          <CURRNT_NAMP>2.476e-03</CURRNT_NAMP>
          <TIME>2021-09-24 03:41:13</TIME>
          <TEMP_DEGC>21.600</TEMP_DEGC>
          <AIR_TEMP_DEGC>21.600</AIR_TEMP_DEGC>
          <RH_PRCNT>20.700</RH_PRCNT>
        </DATA>
        <DATA>
          <VOLTS>-0.800</VOLTS>
          <CURRNT_NAMP>2.447e-03</CURRNT_NAMP>
          <TIME>2021-09-24 03:41:15</TIME>
          <TEMP_DEGC>21.600</TEMP_DEGC>
          <AIR_TEMP_DEGC>21.600</AIR_TEMP_DEGC>
          <RH_PRCNT>20.700</RH_PRCNT>
        </DATA>
        <DATA>
          <VOLTS>-0.700</VOLTS>
          <CURRNT_NAMP>2.445e-03</CURRNT_NAMP>
          <TIME>2021-09-24 03:41:15</TIME>
          <TEMP_DEGC>21.600</TEMP_DEGC>
          <AIR_TEMP_DEGC>21.600</AIR_TEMP_DEGC>
          <RH_PRCNT>20.700</RH_PRCNT>
        </DATA>
        <DATA>
          <VOLTS>-0.600</VOLTS>
          <CURRNT_NAMP>2.439e-03</CURRNT_NAMP>
          <TIME>2021-09-24 03:41:16</TIME>
          <TEMP_DEGC>21.600</TEMP_DEGC>
          <AIR_TEMP_DEGC>21.600</AIR_TEMP_DEGC>
          <RH_PRCNT>20.700</RH_PRCNT>
        </DATA>
        <DATA>
          <VOLTS>-0.500</VOLTS>
          <CURRNT_NAMP>2.426e-03</CURRNT_NAMP>
          <TIME>2021-09-24 03:41:16</TIME>
          <TEMP_DEGC>21.600</TEMP_DEGC>
          <AIR_TEMP_DEGC>21.600</AIR_TEMP_DEGC>
          <RH_PRCNT>20.700</RH_PRCNT>
        </DATA>
        <DATA>
          <VOLTS>-0.400</VOLTS>
          <CURRNT_NAMP>2.499e-03</CURRNT_NAMP>
          <TIME>2021-09-24 03:41:18</TIME>
          <TEMP_DEGC>21.600</TEMP_DEGC>
          <AIR_TEMP_DEGC>21.600</AIR_TEMP_DEGC>
          <RH_PRCNT>20.700</RH_PRCNT>
        </DATA>
        <DATA>
          <VOLTS>-0.300</VOLTS>
          <CURRNT_NAMP>2.467e-03</CURRNT_NAMP>
          <TIME>2021-09-24 03:41:18</TIME>
          <TEMP_DEGC>21.600</TEMP_DEGC>
          <AIR_TEMP_DEGC>21.600</AIR_TEMP_DEGC>
          <RH_PRCNT>20.700</RH_PRCNT>
        </DATA>
        <DATA>
          <VOLTS>-0.200</VOLTS>
          <CURRNT_NAMP>2.452e-03</CURRNT_NAMP>
          <TIME>2021-09-24 03:41:20</TIME>
          <TEMP_DEGC>21.600</TEMP_DEGC>
          <AIR_TEMP_DEGC>21.600</AIR_TEMP_DEGC>
          <RH_PRCNT>20.700</RH_PRCNT>
        </DATA>
        <DATA>
          <VOLTS>-0.100</VOLTS>
          <CURRNT_NAMP>2.432e-03</CURRNT_NAMP>
          <TIME>2021-09-24 03:41:20</TIME>
          <TEMP_DEGC>21.600</TEMP_DEGC>
          <AIR_TEMP_DEGC>21.600</AIR_TEMP_DEGC>
          <RH_PRCNT>20.700</RH_PRCNT>
        </DATA>
        <DATA>
          <VOLTS>0.000</VOLTS>
          <CURRNT_NAMP>2.463e-03</CURRNT_NAMP>
          <TIME>2021-09-24 03:41:21</TIME>
          <TEMP_DEGC>21.600</TEMP_DEGC>
          <AIR_TEMP_DEGC>21.600</AIR_TEMP_DEGC>
          <RH_PRCNT>20.700</RH_PRCNT>
        </DATA>
        <DATA>
          <VOLTS>0.100</VOLTS>
          <CURRNT_NAMP>2.453e-03</CURRNT_NAMP>
          <TIME>2021-09-24 03:41:21</TIME>
          <TEMP_DEGC>21.600</TEMP_DEGC>
          <AIR_TEMP_DEGC>21.600</AIR_TEMP_DEGC>
          <RH_PRCNT>20.700</RH_PRCNT>
        </DATA>
        <DATA>
          <VOLTS>0.200</VOLTS>
          <CURRNT_NAMP>2.442e-03</CURRNT_NAMP>
          <TIME>2021-09-24 03:41:23</TIME>
          <TEMP_DEGC>21.600</TEMP_DEGC>
          <AIR_TEMP_DEGC>21.600</AIR_TEMP_DEGC>
          <RH_PRCNT>20.700</RH_PRCNT>
        </DATA>
        <DATA>
          <VOLTS>0.300</VOLTS>
          <CURRNT_NAMP>2.448e-03</CURRNT_NAMP>
          <TIME>2021-09-24 03:41:23</TIME>
          <TEMP_DEGC>21.600</TEMP_DEGC>
          <AIR_TEMP_DEGC>21.600</AIR_TEMP_DEGC>
          <RH_PRCNT>20.700</RH_PRCNT>
        </DATA>
        <DATA>
          <VOLTS>0.400</VOLTS>
          <CURRNT_NAMP>2.432e-03</CURRNT_NAMP>
          <TIME>2021-09-24 03:41:25</TIME>
          <TEMP_DEGC>21.600</TEMP_DEGC>
          <AIR_TEMP_DEGC>21.600</AIR_TEMP_DEGC>
          <RH_PRCNT>20.700</RH_PRCNT>
        </DATA>
        <DATA>
          <VOLTS>0.500</VOLTS>
          <CURRNT_NAMP>2.437e-03</CURRNT_NAMP>
          <TIME>2021-09-24 03:41:25</TIME>
          <TEMP_DEGC>21.600</TEMP_DEGC>
          <AIR_TEMP_DEGC>21.600</AIR_TEMP_DEGC>
          <RH_PRCNT>20.700</RH_PRCNT>
        </DATA>
        <DATA>
          <VOLTS>0.600</VOLTS>
          <CURRNT_NAMP>2.447e-03</CURRNT_NAMP>
          <TIME>2021-09-24 03:41:26</TIME>
          <TEMP_DEGC>21.600</TEMP_DEGC>
          <AIR_TEMP_DEGC>21.600</AIR_TEMP_DEGC>
          <RH_PRCNT>20.700</RH_PRCNT>
        </DATA>
        <DATA>
          <VOLTS>0.700</VOLTS>
          <CURRNT_NAMP>2.416e-03</CURRNT_NAMP>
          <TIME>2021-09-24 03:41:26</TIME>
          <TEMP_DEGC>21.600</TEMP_DEGC>
          <AIR_TEMP_DEGC>21.600</AIR_TEMP_DEGC>
          <RH_PRCNT>20.700</RH_PRCNT>
        </DATA>
        <DATA>
          <VOLTS>0.800</VOLTS>
          <CURRNT_NAMP>2.416e-03</CURRNT_NAMP>
          <TIME>2021-09-24 03:41:28</TIME>
          <TEMP_DEGC>21.600</TEMP_DEGC>
          <AIR_TEMP_DEGC>21.600</AIR_TEMP_DEGC>
          <RH_PRCNT>20.700</RH_PRCNT>
        </DATA>
        <DATA>
          <VOLTS>0.900</VOLTS>
          <CURRNT_NAMP>2.430e-03</CURRNT_NAMP>
          <TIME>2021-09-24 03:41:28</TIME>
          <TEMP_DEGC>21.600</TEMP_DEGC>
          <AIR_TEMP_DEGC>21.600</AIR_TEMP_DEGC>
          <RH_PRCNT>20.700</RH_PRCNT>
        </DATA>
        <DATA>
          <VOLTS>1.000</VOLTS>
          <CURRNT_NAMP>2.424e-03</CURRNT_NAMP>
          <TIME>2021-09-24 03:41:30</TIME>
          <TEMP_DEGC>21.600</TEMP_DEGC>
          <AIR_TEMP_DEGC>21.600</AIR_TEMP_DEGC>
          <RH_PRCNT>20.700</RH_PRCNT>
        </DATA>
        <DATA>
          <VOLTS>1.100</VOLTS>
          <CURRNT_NAMP>2.425e-03</CURRNT_NAMP>
          <TIME>2021-09-24 03:41:30</TIME>
          <TEMP_DEGC>21.600</TEMP_DEGC>
          <AIR_TEMP_DEGC>21.600</AIR_TEMP_DEGC>
          <RH_PRCNT>20.700</RH_PRCNT>
        </DATA>
        <DATA>
          <VOLTS>1.200</VOLTS>
          <CURRNT_NAMP>2.419e-03</CURRNT_NAMP>
          <TIME>2021-09-24 03:41:31</TIME>
          <TEMP_DEGC>21.600</TEMP_DEGC>
          <AIR_TEMP_DEGC>21.600</AIR_TEMP_DEGC>
          <RH_PRCNT>20.700</RH_PRCNT>
        </DATA>
        <DATA>
          <VOLTS>1.300</VOLTS>
          <CURRNT_NAMP>2.408e-03</CURRNT_NAMP>
          <TIME>2021-09-24 03:41:31</TIME>
          <TEMP_DEGC>21.600</TEMP_DEGC>
          <AIR_TEMP_DEGC>21.600</AIR_TEMP_DEGC>
          <RH_PRCNT>20.700</RH_PRCNT>
        </DATA>
        <DATA>
          <VOLTS>1.400</VOLTS>
          <CURRNT_NAMP>2.411e-03</CURRNT_NAMP>
          <TIME>2021-09-24 03:41:33</TIME>
          <TEMP_DEGC>21.600</TEMP_DEGC>
          <AIR_TEMP_DEGC>21.600</AIR_TEMP_DEGC>
          <RH_PRCNT>20.700</RH_PRCNT>
        </DATA>
        <DATA>
          <VOLTS>1.500</VOLTS>
          <CURRNT_NAMP>2.455e-03</CURRNT_NAMP>
          <TIME>2021-09-24 03:41:33</TIME>
          <TEMP_DEGC>21.600</TEMP_DEGC>
          <AIR_TEMP_DEGC>21.600</AIR_TEMP_DEGC>
          <RH_PRCNT>20.700</RH_PRCNT>
        </DATA>
        <DATA>
          <VOLTS>1.600</VOLTS>
          <CURRNT_NAMP>2.413e-03</CURRNT_NAMP>
          <TIME>2021-09-24 03:41:35</TIME>
          <TEMP_DEGC>21.600</TEMP_DEGC>
          <AIR_TEMP_DEGC>21.600</AIR_TEMP_DEGC>
          <RH_PRCNT>20.700</RH_PRCNT>
        </DATA>
        <DATA>
          <VOLTS>1.700</VOLTS>
          <CURRNT_NAMP>2.392e-03</CURRNT_NAMP>
          <TIME>2021-09-24 03:41:35</TIME>
          <TEMP_DEGC>21.600</TEMP_DEGC>
          <AIR_TEMP_DEGC>21.600</AIR_TEMP_DEGC>
          <RH_PRCNT>20.700</RH_PRCNT>
        </DATA>
        <DATA>
          <VOLTS>1.800</VOLTS>
          <CURRNT_NAMP>2.420e-03</CURRNT_NAMP>
          <TIME>2021-09-24 03:41:36</TIME>
          <TEMP_DEGC>21.600</TEMP_DEGC>
          <AIR_TEMP_DEGC>21.600</AIR_TEMP_DEGC>
          <RH_PRCNT>20.700</RH_PRCNT>
        </DATA>
        <DATA>
          <VOLTS>1.900</VOLTS>
          <CURRNT_NAMP>2.397e-03</CURRNT_NAMP>
          <TIME>2021-09-24 03:41:36</TIME>
          <TEMP_DEGC>21.600</TEMP_DEGC>
          <AIR_TEMP_DEGC>21.600</AIR_TEMP_DEGC>
          <RH_PRCNT>20.700</RH_PRCNT>
        </DATA>
        <DATA>
          <VOLTS>2.000</VOLTS>
          <CURRNT_NAMP>2.406e-03</CURRNT_NAMP>
          <TIME>2021-09-24 03:41:38</TIME>
          <TEMP_DEGC>21.600</TEMP_DEGC>
          <AIR_TEMP_DEGC>21.600</AIR_TEMP_DEGC>
          <RH_PRCNT>20.700</RH_PRCNT>
        </DATA>
        <DATA>
          <VOLTS>2.100</VOLTS>
          <CURRNT_NAMP>2.408e-03</CURRNT_NAMP>
          <TIME>2021-09-24 03:41:38</TIME>
          <TEMP_DEGC>21.600</TEMP_DEGC>
          <AIR_TEMP_DEGC>21.600</AIR_TEMP_DEGC>
          <RH_PRCNT>20.700</RH_PRCNT>
        </DATA>
        <DATA>
          <VOLTS>2.200</VOLTS>
          <CURRNT_NAMP>2.402e-03</CURRNT_NAMP>
          <TIME>2021-09-24 03:41:39</TIME>
          <TEMP_DEGC>21.600</TEMP_DEGC>
          <AIR_TEMP_DEGC>21.600</AIR_TEMP_DEGC>
          <RH_PRCNT>20.700</RH_PRCNT>
        </DATA>
        <DATA>
          <VOLTS>2.300</VOLTS>
          <CURRNT_NAMP>2.402e-03</CURRNT_NAMP>
          <TIME>2021-09-24 03:41:39</TIME>
          <TEMP_DEGC>21.600</TEMP_DEGC>
          <AIR_TEMP_DEGC>21.600</AIR_TEMP_DEGC>
          <RH_PRCNT>20.700</RH_PRCNT>
        </DATA>
        <DATA>
          <VOLTS>2.400</VOLTS>
          <CURRNT_NAMP>2.407e-03</CURRNT_NAMP>
          <TIME>2021-09-24 03:41:41</TIME>
          <TEMP_DEGC>21.600</TEMP_DEGC>
          <AIR_TEMP_DEGC>21.600</AIR_TEMP_DEGC>
          <RH_PRCNT>20.700</RH_PRCNT>
        </DATA>
        <DATA>
          <VOLTS>2.500</VOLTS>
          <CURRNT_NAMP>2.402e-03</CURRNT_NAMP>
          <TIME>2021-09-24 03:41:41</TIME>
          <TEMP_DEGC>21.600</TEMP_DEGC>
          <AIR_TEMP_DEGC>21.600</AIR_TEMP_DEGC>
          <RH_PRCNT>20.700</RH_PRCNT>
        </DATA>
        <DATA>
          <VOLTS>2.600</VOLTS>
          <CURRNT_NAMP>2.410e-03</CURRNT_NAMP>
          <TIME>2021-09-24 03:41:43</TIME>
          <TEMP_DEGC>21.600</TEMP_DEGC>
          <AIR_TEMP_DEGC>21.600</AIR_TEMP_DEGC>
          <RH_PRCNT>20.700</RH_PRCNT>
        </DATA>
        <DATA>
          <VOLTS>2.700</VOLTS>
          <CURRNT_NAMP>2.428e-03</CURRNT_NAMP>
          <TIME>2021-09-24 03:41:43</TIME>
          <TEMP_DEGC>21.600</TEMP_DEGC>
          <AIR_TEMP_DEGC>21.600</AIR_TEMP_DEGC>
          <RH_PRCNT>20.700</RH_PRCNT>
        </DATA>
        <DATA>
          <VOLTS>2.800</VOLTS>
          <CURRNT_NAMP>2.405e-03</CURRNT_NAMP>
          <TIME>2021-09-24 03:41:44</TIME>
          <TEMP_DEGC>21.600</TEMP_DEGC>
          <AIR_TEMP_DEGC>21.600</AIR_TEMP_DEGC>
          <RH_PRCNT>20.700</RH_PRCNT>
        </DATA>
        <DATA>
          <VOLTS>2.900</VOLTS>
          <CURRNT_NAMP>2.426e-03</CURRNT_NAMP>
          <TIME>2021-09-24 03:41:44</TIME>
          <TEMP_DEGC>21.600</TEMP_DEGC>
          <AIR_TEMP_DEGC>21.600</AIR_TEMP_DEGC>
          <RH_PRCNT>20.700</RH_PRCNT>
        </DATA>
        <DATA>
          <VOLTS>3.000</VOLTS>
          <CURRNT_NAMP>2.414e-03</CURRNT_NAMP>
          <TIME>2021-09-24 03:41:46</TIME>
          <TEMP_DEGC>21.600</TEMP_DEGC>
          <AIR_TEMP_DEGC>21.600</AIR_TEMP_DEGC>
          <RH_PRCNT>20.700</RH_PRCNT>
        </DATA>
        <DATA>
          <VOLTS>3.100</VOLTS>
          <CURRNT_NAMP>2.431e-03</CURRNT_NAMP>
          <TIME>2021-09-24 03:41:46</TIME>
          <TEMP_DEGC>21.600</TEMP_DEGC>
          <AIR_TEMP_DEGC>21.600</AIR_TEMP_DEGC>
          <RH_PRCNT>20.700</RH_PRCNT>
        </DATA>
        <DATA>
          <VOLTS>3.200</VOLTS>
          <CURRNT_NAMP>2.447e-03</CURRNT_NAMP>
          <TIME>2021-09-24 03:41:48</TIME>
          <TEMP_DEGC>21.600</TEMP_DEGC>
          <AIR_TEMP_DEGC>21.600</AIR_TEMP_DEGC>
          <RH_PRCNT>20.700</RH_PRCNT>
        </DATA>
        <DATA>
          <VOLTS>3.300</VOLTS>
          <CURRNT_NAMP>2.431e-03</CURRNT_NAMP>
          <TIME>2021-09-24 03:41:48</TIME>
          <TEMP_DEGC>21.600</TEMP_DEGC>
          <AIR_TEMP_DEGC>21.600</AIR_TEMP_DEGC>
          <RH_PRCNT>20.700</RH_PRCNT>
        </DATA>
        <DATA>
          <VOLTS>3.400</VOLTS>
          <CURRNT_NAMP>2.473e-03</CURRNT_NAMP>
          <TIME>2021-09-24 03:41:49</TIME>
          <TEMP_DEGC>21.600</TEMP_DEGC>
          <AIR_TEMP_DEGC>21.600</AIR_TEMP_DEGC>
          <RH_PRCNT>20.700</RH_PRCNT>
        </DATA>
        <DATA>
          <VOLTS>3.500</VOLTS>
          <CURRNT_NAMP>2.417e-03</CURRNT_NAMP>
          <TIME>2021-09-24 03:41:49</TIME>
          <TEMP_DEGC>21.600</TEMP_DEGC>
          <AIR_TEMP_DEGC>21.600</AIR_TEMP_DEGC>
          <RH_PRCNT>20.700</RH_PRCNT>
        </DATA>
        <DATA>
          <VOLTS>3.600</VOLTS>
          <CURRNT_NAMP>2.424e-03</CURRNT_NAMP>
          <TIME>2021-09-24 03:41:51</TIME>
          <TEMP_DEGC>21.600</TEMP_DEGC>
          <AIR_TEMP_DEGC>21.600</AIR_TEMP_DEGC>
          <RH_PRCNT>20.700</RH_PRCNT>
        </DATA>
        <DATA>
          <VOLTS>3.700</VOLTS>
          <CURRNT_NAMP>2.422e-03</CURRNT_NAMP>
          <TIME>2021-09-24 03:41:51</TIME>
          <TEMP_DEGC>21.600</TEMP_DEGC>
          <AIR_TEMP_DEGC>21.600</AIR_TEMP_DEGC>
          <RH_PRCNT>20.700</RH_PRCNT>
        </DATA>
        <DATA>
          <VOLTS>3.800</VOLTS>
          <CURRNT_NAMP>2.414e-03</CURRNT_NAMP>
          <TIME>2021-09-24 03:41:53</TIME>
          <TEMP_DEGC>21.600</TEMP_DEGC>
          <AIR_TEMP_DEGC>21.600</AIR_TEMP_DEGC>
          <RH_PRCNT>20.700</RH_PRCNT>
        </DATA>
        <DATA>
          <VOLTS>3.900</VOLTS>
          <CURRNT_NAMP>2.395e-03</CURRNT_NAMP>
          <TIME>2021-09-24 03:41:53</TIME>
          <TEMP_DEGC>21.600</TEMP_DEGC>
          <AIR_TEMP_DEGC>21.600</AIR_TEMP_DEGC>
          <RH_PRCNT>20.700</RH_PRCNT>
        </DATA>
        <DATA>
          <VOLTS>4.000</VOLTS>
          <CURRNT_NAMP>2.381e-03</CURRNT_NAMP>
          <TIME>2021-09-24 03:41:54</TIME>
          <TEMP_DEGC>21.600</TEMP_DEGC>
          <AIR_TEMP_DEGC>21.600</AIR_TEMP_DEGC>
          <RH_PRCNT>20.600</RH_PRCNT>
        </DATA>
        <DATA>
          <VOLTS>4.100</VOLTS>
          <CURRNT_NAMP>2.395e-03</CURRNT_NAMP>
          <TIME>2021-09-24 03:41:54</TIME>
          <TEMP_DEGC>21.600</TEMP_DEGC>
          <AIR_TEMP_DEGC>21.600</AIR_TEMP_DEGC>
          <RH_PRCNT>20.700</RH_PRCNT>
        </DATA>
        <DATA>
          <VOLTS>4.200</VOLTS>
          <CURRNT_NAMP>2.412e-03</CURRNT_NAMP>
          <TIME>2021-09-24 03:41:56</TIME>
          <TEMP_DEGC>21.600</TEMP_DEGC>
          <AIR_TEMP_DEGC>21.600</AIR_TEMP_DEGC>
          <RH_PRCNT>20.600</RH_PRCNT>
        </DATA>
        <DATA>
          <VOLTS>4.300</VOLTS>
          <CURRNT_NAMP>2.387e-03</CURRNT_NAMP>
          <TIME>2021-09-24 03:41:56</TIME>
          <TEMP_DEGC>21.600</TEMP_DEGC>
          <AIR_TEMP_DEGC>21.600</AIR_TEMP_DEGC>
          <RH_PRCNT>20.600</RH_PRCNT>
        </DATA>
        <DATA>
          <VOLTS>4.400</VOLTS>
          <CURRNT_NAMP>2.404e-03</CURRNT_NAMP>
          <TIME>2021-09-24 03:41:58</TIME>
          <TEMP_DEGC>21.600</TEMP_DEGC>
          <AIR_TEMP_DEGC>21.600</AIR_TEMP_DEGC>
          <RH_PRCNT>20.700</RH_PRCNT>
        </DATA>
        <DATA>
          <VOLTS>4.500</VOLTS>
          <CURRNT_NAMP>2.400e-03</CURRNT_NAMP>
          <TIME>2021-09-24 03:41:58</TIME>
          <TEMP_DEGC>21.600</TEMP_DEGC>
          <AIR_TEMP_DEGC>21.600</AIR_TEMP_DEGC>
          <RH_PRCNT>20.700</RH_PRCNT>
        </DATA>
        <DATA>
          <VOLTS>4.600</VOLTS>
          <CURRNT_NAMP>2.423e-03</CURRNT_NAMP>
          <TIME>2021-09-24 03:41:59</TIME>
          <TEMP_DEGC>21.600</TEMP_DEGC>
          <AIR_TEMP_DEGC>21.600</AIR_TEMP_DEGC>
          <RH_PRCNT>20.700</RH_PRCNT>
        </DATA>
        <DATA>
          <VOLTS>4.700</VOLTS>
          <CURRNT_NAMP>2.392e-03</CURRNT_NAMP>
          <TIME>2021-09-24 03:41:59</TIME>
          <TEMP_DEGC>21.600</TEMP_DEGC>
          <AIR_TEMP_DEGC>21.600</AIR_TEMP_DEGC>
          <RH_PRCNT>20.600</RH_PRCNT>
        </DATA>
        <DATA>
          <VOLTS>4.800</VOLTS>
          <CURRNT_NAMP>2.396e-03</CURRNT_NAMP>
          <TIME>2021-09-24 03:42:01</TIME>
          <TEMP_DEGC>21.600</TEMP_DEGC>
          <AIR_TEMP_DEGC>21.600</AIR_TEMP_DEGC>
          <RH_PRCNT>20.700</RH_PRCNT>
        </DATA>
        <DATA>
          <VOLTS>4.900</VOLTS>
          <CURRNT_NAMP>2.397e-03</CURRNT_NAMP>
          <TIME>2021-09-24 03:42:01</TIME>
          <TEMP_DEGC>21.600</TEMP_DEGC>
          <AIR_TEMP_DEGC>21.600</AIR_TEMP_DEGC>
          <RH_PRCNT>20.700</RH_PRCNT>
        </DATA>
        <DATA>
          <VOLTS>5.000</VOLTS>
          <CURRNT_NAMP>2.390e-03</CURRNT_NAMP>
          <TIME>2021-09-24 03:42:03</TIME>
          <TEMP_DEGC>21.600</TEMP_DEGC>
          <AIR_TEMP_DEGC>21.600</AIR_TEMP_DEGC>
          <RH_PRCNT>20.600</RH_PRCNT>
        </DATA>
        <CHILD_DATA_SET>
          <HEADER>
            <TYPE>
              <EXTENSION_TABLE_NAME>HALFMOON_IV_PAR</EXTENSION_TABLE_NAME>
              <NAME>Tracker Halfmoon IV Parameters</NAME>
            </TYPE>
          </HEADER>
          <DATA_SET>
            <COMMENT_DESCRIPTION>Test</COMMENT_DESCRIPTION>
            <VERSION>IV_measurement-004</VERSION>
            <PART>
              <NAME_LABEL>37400_006_2-S_HM_EE</NAME_LABEL>
              <KIND_OF_PART>2S Halfmoon E</KIND_OF_PART>
            </PART>
            <DATA>
              <ISURF_PAMPR>9.034</ISURF_PAMPR>
              <S0_CMSEC>1.270</S0_CMSEC>
              <VFB_ACC_V>-2.718</VFB_ACC_V>
            </DATA>
          </DATA_SET>
        </CHILD_DATA_SET>
      </DATA_SET>
    </CHILD_DATA_SET>
  </DATA_SET>
</ROOT>
