<?xml version="1.0"?>
<ROOT>
  <HEADER>
    <TYPE>
      <EXTENSION_TABLE_NAME>HALFMOON_METADATA</EXTENSION_TABLE_NAME>
      <NAME>Tracker Halfmoon Metadata</NAME>
    </TYPE>
    <RUN mode="SEQUENCE_NUMBER" sequence="TRK_OT_RUN_SEQ">
      <RUN_TYPE>PQC</RUN_TYPE>
      <LOCATION>Demokritos</LOCATION>
      <INITIATED_BY_USER>A. Kyriakis</INITIATED_BY_USER>
      <RUN_BEGIN_TIMESTAMP>2021-09-27 12:06:05</RUN_BEGIN_TIMESTAMP>
      <COMMENT_DESCRIPTION>Test</COMMENT_DESCRIPTION>
    </RUN>
  </HEADER>
  <DATA_SET>
    <COMMENT_DESCRIPTION>Metadata with flute and structure</COMMENT_DESCRIPTION>
    <VERSION>IV_measurement</VERSION>
    <PART>
      <NAME_LABEL>37400_006_2-S_HM_WW</NAME_LABEL>
      <KIND_OF_PART>2S Halfmoon W</KIND_OF_PART>
    </PART>
    <DATA>
      <KIND_OF_HM_FLUTE_ID>PQC4</KIND_OF_HM_FLUTE_ID>
      <KIND_OF_HM_STRUCT_ID>CBKR_STRIP</KIND_OF_HM_STRUCT_ID>
      <KIND_OF_HM_SET_ID>Left</KIND_OF_HM_SET_ID>
      <KIND_OF_HM_CONFIG_ID>Rotated</KIND_OF_HM_CONFIG_ID>
      <EQUIPMENT>KEITHLEY 2410</EQUIPMENT>
      <WAITING_TIME_S>0.200</WAITING_TIME_S>
      <TEMP_SET_DEGC>22.100</TEMP_SET_DEGC>
      <AV_TEMP_DEGC>22.100</AV_TEMP_DEGC>
      <PROCEDURE_TYPE>CBKR_STRIP</PROCEDURE_TYPE>
      <FILE_NAME>Demokritos_VPX37400_006_2-S_HM_W_Left_PQC4_CBKRStrip_r.xml</FILE_NAME>
    </DATA>
    <CHILD_DATA_SET>
      <HEADER>
        <TYPE>
          <EXTENSION_TABLE_NAME>TEST_SENSOR_IV</EXTENSION_TABLE_NAME>
          <NAME>Tracker Halfmoon IV Test</NAME>
        </TYPE>
      </HEADER>
      <DATA_SET>
        <COMMENT_DESCRIPTION>Test</COMMENT_DESCRIPTION>
        <VERSION>IV_measurement</VERSION>
        <PART>
          <NAME_LABEL>37400_006_2-S_HM_WW</NAME_LABEL>
          <KIND_OF_PART>2S Halfmoon W</KIND_OF_PART>
        </PART>
        <DATA>
          <VOLTS>-1.069e-02</VOLTS>
          <CURRNT_NAMP>-1.000e+05</CURRNT_NAMP>
          <TIME>2021-09-27 12:06:05</TIME>
          <TEMP_DEGC>22.100</TEMP_DEGC>
          <AIR_TEMP_DEGC>22.100</AIR_TEMP_DEGC>
          <RH_PRCNT>22.100</RH_PRCNT>
        </DATA>
        <DATA>
          <VOLTS>-1.193e-02</VOLTS>
          <CURRNT_NAMP>-9.500e+04</CURRNT_NAMP>
          <TIME>2021-09-27 12:06:05</TIME>
          <TEMP_DEGC>22.100</TEMP_DEGC>
          <AIR_TEMP_DEGC>22.100</AIR_TEMP_DEGC>
          <RH_PRCNT>22.100</RH_PRCNT>
        </DATA>
        <DATA>
          <VOLTS>-1.208e-02</VOLTS>
          <CURRNT_NAMP>-9.000e+04</CURRNT_NAMP>
          <TIME>2021-09-27 12:06:06</TIME>
          <TEMP_DEGC>22.000</TEMP_DEGC>
          <AIR_TEMP_DEGC>22.000</AIR_TEMP_DEGC>
          <RH_PRCNT>22.100</RH_PRCNT>
        </DATA>
        <DATA>
          <VOLTS>-1.192e-02</VOLTS>
          <CURRNT_NAMP>-8.500e+04</CURRNT_NAMP>
          <TIME>2021-09-27 12:06:06</TIME>
          <TEMP_DEGC>22.000</TEMP_DEGC>
          <AIR_TEMP_DEGC>22.000</AIR_TEMP_DEGC>
          <RH_PRCNT>22.100</RH_PRCNT>
        </DATA>
        <DATA>
          <VOLTS>-1.142e-02</VOLTS>
          <CURRNT_NAMP>-8.000e+04</CURRNT_NAMP>
          <TIME>2021-09-27 12:06:07</TIME>
          <TEMP_DEGC>22.000</TEMP_DEGC>
          <AIR_TEMP_DEGC>22.000</AIR_TEMP_DEGC>
          <RH_PRCNT>22.100</RH_PRCNT>
        </DATA>
        <DATA>
          <VOLTS>-1.077e-02</VOLTS>
          <CURRNT_NAMP>-7.500e+04</CURRNT_NAMP>
          <TIME>2021-09-27 12:06:07</TIME>
          <TEMP_DEGC>22.000</TEMP_DEGC>
          <AIR_TEMP_DEGC>22.000</AIR_TEMP_DEGC>
          <RH_PRCNT>22.100</RH_PRCNT>
        </DATA>
        <DATA>
          <VOLTS>-1.011e-02</VOLTS>
          <CURRNT_NAMP>-7.000e+04</CURRNT_NAMP>
          <TIME>2021-09-27 12:06:08</TIME>
          <TEMP_DEGC>22.100</TEMP_DEGC>
          <AIR_TEMP_DEGC>22.100</AIR_TEMP_DEGC>
          <RH_PRCNT>22.100</RH_PRCNT>
        </DATA>
        <DATA>
          <VOLTS>-9.510e-03</VOLTS>
          <CURRNT_NAMP>-6.500e+04</CURRNT_NAMP>
          <TIME>2021-09-27 12:06:08</TIME>
          <TEMP_DEGC>22.100</TEMP_DEGC>
          <AIR_TEMP_DEGC>22.100</AIR_TEMP_DEGC>
          <RH_PRCNT>22.100</RH_PRCNT>
        </DATA>
        <DATA>
          <VOLTS>-8.900e-03</VOLTS>
          <CURRNT_NAMP>-6.000e+04</CURRNT_NAMP>
          <TIME>2021-09-27 12:06:09</TIME>
          <TEMP_DEGC>22.100</TEMP_DEGC>
          <AIR_TEMP_DEGC>22.100</AIR_TEMP_DEGC>
          <RH_PRCNT>22.100</RH_PRCNT>
        </DATA>
        <DATA>
          <VOLTS>-8.300e-03</VOLTS>
          <CURRNT_NAMP>-5.500e+04</CURRNT_NAMP>
          <TIME>2021-09-27 12:06:09</TIME>
          <TEMP_DEGC>22.100</TEMP_DEGC>
          <AIR_TEMP_DEGC>22.100</AIR_TEMP_DEGC>
          <RH_PRCNT>22.000</RH_PRCNT>
        </DATA>
        <DATA>
          <VOLTS>-7.880e-03</VOLTS>
          <CURRNT_NAMP>-5.000e+04</CURRNT_NAMP>
          <TIME>2021-09-27 12:06:10</TIME>
          <TEMP_DEGC>22.100</TEMP_DEGC>
          <AIR_TEMP_DEGC>22.100</AIR_TEMP_DEGC>
          <RH_PRCNT>22.100</RH_PRCNT>
        </DATA>
        <DATA>
          <VOLTS>-7.210e-03</VOLTS>
          <CURRNT_NAMP>-4.500e+04</CURRNT_NAMP>
          <TIME>2021-09-27 12:06:10</TIME>
          <TEMP_DEGC>22.100</TEMP_DEGC>
          <AIR_TEMP_DEGC>22.100</AIR_TEMP_DEGC>
          <RH_PRCNT>22.000</RH_PRCNT>
        </DATA>
        <DATA>
          <VOLTS>-6.530e-03</VOLTS>
          <CURRNT_NAMP>-4.000e+04</CURRNT_NAMP>
          <TIME>2021-09-27 12:06:11</TIME>
          <TEMP_DEGC>22.100</TEMP_DEGC>
          <AIR_TEMP_DEGC>22.100</AIR_TEMP_DEGC>
          <RH_PRCNT>22.000</RH_PRCNT>
        </DATA>
        <DATA>
          <VOLTS>-6.050e-03</VOLTS>
          <CURRNT_NAMP>-3.500e+04</CURRNT_NAMP>
          <TIME>2021-09-27 12:06:11</TIME>
          <TEMP_DEGC>22.100</TEMP_DEGC>
          <AIR_TEMP_DEGC>22.100</AIR_TEMP_DEGC>
          <RH_PRCNT>22.000</RH_PRCNT>
        </DATA>
        <DATA>
          <VOLTS>-5.370e-03</VOLTS>
          <CURRNT_NAMP>-3.000e+04</CURRNT_NAMP>
          <TIME>2021-09-27 12:06:12</TIME>
          <TEMP_DEGC>22.100</TEMP_DEGC>
          <AIR_TEMP_DEGC>22.100</AIR_TEMP_DEGC>
          <RH_PRCNT>22.000</RH_PRCNT>
        </DATA>
        <DATA>
          <VOLTS>-4.890e-03</VOLTS>
          <CURRNT_NAMP>-2.500e+04</CURRNT_NAMP>
          <TIME>2021-09-27 12:06:12</TIME>
          <TEMP_DEGC>22.100</TEMP_DEGC>
          <AIR_TEMP_DEGC>22.100</AIR_TEMP_DEGC>
          <RH_PRCNT>22.000</RH_PRCNT>
        </DATA>
        <DATA>
          <VOLTS>-4.150e-03</VOLTS>
          <CURRNT_NAMP>-2.000e+04</CURRNT_NAMP>
          <TIME>2021-09-27 12:06:13</TIME>
          <TEMP_DEGC>22.100</TEMP_DEGC>
          <AIR_TEMP_DEGC>22.100</AIR_TEMP_DEGC>
          <RH_PRCNT>22.100</RH_PRCNT>
        </DATA>
        <DATA>
          <VOLTS>-3.650e-03</VOLTS>
          <CURRNT_NAMP>-1.500e+04</CURRNT_NAMP>
          <TIME>2021-09-27 12:06:13</TIME>
          <TEMP_DEGC>22.100</TEMP_DEGC>
          <AIR_TEMP_DEGC>22.100</AIR_TEMP_DEGC>
          <RH_PRCNT>22.100</RH_PRCNT>
        </DATA>
        <DATA>
          <VOLTS>-3.160e-03</VOLTS>
          <CURRNT_NAMP>-1.000e+04</CURRNT_NAMP>
          <TIME>2021-09-27 12:06:14</TIME>
          <TEMP_DEGC>22.100</TEMP_DEGC>
          <AIR_TEMP_DEGC>22.100</AIR_TEMP_DEGC>
          <RH_PRCNT>22.000</RH_PRCNT>
        </DATA>
        <DATA>
          <VOLTS>-2.350e-03</VOLTS>
          <CURRNT_NAMP>-5.000e+03</CURRNT_NAMP>
          <TIME>2021-09-27 12:06:14</TIME>
          <TEMP_DEGC>22.100</TEMP_DEGC>
          <AIR_TEMP_DEGC>22.100</AIR_TEMP_DEGC>
          <RH_PRCNT>22.000</RH_PRCNT>
        </DATA>
        <DATA>
          <VOLTS>-1.590e-03</VOLTS>
          <CURRNT_NAMP>0.000e+00</CURRNT_NAMP>
          <TIME>2021-09-27 12:06:15</TIME>
          <TEMP_DEGC>22.100</TEMP_DEGC>
          <AIR_TEMP_DEGC>22.100</AIR_TEMP_DEGC>
          <RH_PRCNT>22.000</RH_PRCNT>
        </DATA>
        <DATA>
          <VOLTS>-8.800e-04</VOLTS>
          <CURRNT_NAMP>5.000e+03</CURRNT_NAMP>
          <TIME>2021-09-27 12:06:15</TIME>
          <TEMP_DEGC>22.100</TEMP_DEGC>
          <AIR_TEMP_DEGC>22.100</AIR_TEMP_DEGC>
          <RH_PRCNT>22.000</RH_PRCNT>
        </DATA>
        <DATA>
          <VOLTS>-2.500e-04</VOLTS>
          <CURRNT_NAMP>1.000e+04</CURRNT_NAMP>
          <TIME>2021-09-27 12:06:16</TIME>
          <TEMP_DEGC>22.100</TEMP_DEGC>
          <AIR_TEMP_DEGC>22.100</AIR_TEMP_DEGC>
          <RH_PRCNT>22.000</RH_PRCNT>
        </DATA>
        <DATA>
          <VOLTS>3.500e-04</VOLTS>
          <CURRNT_NAMP>1.500e+04</CURRNT_NAMP>
          <TIME>2021-09-27 12:06:16</TIME>
          <TEMP_DEGC>22.100</TEMP_DEGC>
          <AIR_TEMP_DEGC>22.100</AIR_TEMP_DEGC>
          <RH_PRCNT>22.100</RH_PRCNT>
        </DATA>
        <DATA>
          <VOLTS>9.600e-04</VOLTS>
          <CURRNT_NAMP>2.000e+04</CURRNT_NAMP>
          <TIME>2021-09-27 12:06:17</TIME>
          <TEMP_DEGC>22.100</TEMP_DEGC>
          <AIR_TEMP_DEGC>22.100</AIR_TEMP_DEGC>
          <RH_PRCNT>22.000</RH_PRCNT>
        </DATA>
        <DATA>
          <VOLTS>1.380e-03</VOLTS>
          <CURRNT_NAMP>2.500e+04</CURRNT_NAMP>
          <TIME>2021-09-27 12:06:17</TIME>
          <TEMP_DEGC>22.100</TEMP_DEGC>
          <AIR_TEMP_DEGC>22.100</AIR_TEMP_DEGC>
          <RH_PRCNT>22.000</RH_PRCNT>
        </DATA>
        <DATA>
          <VOLTS>1.880e-03</VOLTS>
          <CURRNT_NAMP>3.000e+04</CURRNT_NAMP>
          <TIME>2021-09-27 12:06:18</TIME>
          <TEMP_DEGC>22.100</TEMP_DEGC>
          <AIR_TEMP_DEGC>22.100</AIR_TEMP_DEGC>
          <RH_PRCNT>22.000</RH_PRCNT>
        </DATA>
        <DATA>
          <VOLTS>2.640e-03</VOLTS>
          <CURRNT_NAMP>3.500e+04</CURRNT_NAMP>
          <TIME>2021-09-27 12:06:18</TIME>
          <TEMP_DEGC>22.100</TEMP_DEGC>
          <AIR_TEMP_DEGC>22.100</AIR_TEMP_DEGC>
          <RH_PRCNT>22.000</RH_PRCNT>
        </DATA>
        <DATA>
          <VOLTS>3.410e-03</VOLTS>
          <CURRNT_NAMP>4.000e+04</CURRNT_NAMP>
          <TIME>2021-09-27 12:06:19</TIME>
          <TEMP_DEGC>22.100</TEMP_DEGC>
          <AIR_TEMP_DEGC>22.100</AIR_TEMP_DEGC>
          <RH_PRCNT>22.000</RH_PRCNT>
        </DATA>
        <DATA>
          <VOLTS>4.130e-03</VOLTS>
          <CURRNT_NAMP>4.500e+04</CURRNT_NAMP>
          <TIME>2021-09-27 12:06:19</TIME>
          <TEMP_DEGC>22.000</TEMP_DEGC>
          <AIR_TEMP_DEGC>22.000</AIR_TEMP_DEGC>
          <RH_PRCNT>22.000</RH_PRCNT>
        </DATA>
        <DATA>
          <VOLTS>4.780e-03</VOLTS>
          <CURRNT_NAMP>5.000e+04</CURRNT_NAMP>
          <TIME>2021-09-27 12:06:21</TIME>
          <TEMP_DEGC>22.100</TEMP_DEGC>
          <AIR_TEMP_DEGC>22.100</AIR_TEMP_DEGC>
          <RH_PRCNT>22.000</RH_PRCNT>
        </DATA>
        <DATA>
          <VOLTS>5.420e-03</VOLTS>
          <CURRNT_NAMP>5.500e+04</CURRNT_NAMP>
          <TIME>2021-09-27 12:06:21</TIME>
          <TEMP_DEGC>22.100</TEMP_DEGC>
          <AIR_TEMP_DEGC>22.100</AIR_TEMP_DEGC>
          <RH_PRCNT>22.000</RH_PRCNT>
        </DATA>
        <DATA>
          <VOLTS>6.060e-03</VOLTS>
          <CURRNT_NAMP>6.000e+04</CURRNT_NAMP>
          <TIME>2021-09-27 12:06:22</TIME>
          <TEMP_DEGC>22.100</TEMP_DEGC>
          <AIR_TEMP_DEGC>22.100</AIR_TEMP_DEGC>
          <RH_PRCNT>22.000</RH_PRCNT>
        </DATA>
        <DATA>
          <VOLTS>6.700e-03</VOLTS>
          <CURRNT_NAMP>6.500e+04</CURRNT_NAMP>
          <TIME>2021-09-27 12:06:22</TIME>
          <TEMP_DEGC>22.000</TEMP_DEGC>
          <AIR_TEMP_DEGC>22.000</AIR_TEMP_DEGC>
          <RH_PRCNT>22.000</RH_PRCNT>
        </DATA>
        <DATA>
          <VOLTS>7.340e-03</VOLTS>
          <CURRNT_NAMP>7.000e+04</CURRNT_NAMP>
          <TIME>2021-09-27 12:06:23</TIME>
          <TEMP_DEGC>22.100</TEMP_DEGC>
          <AIR_TEMP_DEGC>22.100</AIR_TEMP_DEGC>
          <RH_PRCNT>22.000</RH_PRCNT>
        </DATA>
        <DATA>
          <VOLTS>7.990e-03</VOLTS>
          <CURRNT_NAMP>7.500e+04</CURRNT_NAMP>
          <TIME>2021-09-27 12:06:23</TIME>
          <TEMP_DEGC>22.000</TEMP_DEGC>
          <AIR_TEMP_DEGC>22.000</AIR_TEMP_DEGC>
          <RH_PRCNT>22.000</RH_PRCNT>
        </DATA>
        <DATA>
          <VOLTS>8.640e-03</VOLTS>
          <CURRNT_NAMP>8.000e+04</CURRNT_NAMP>
          <TIME>2021-09-27 12:06:24</TIME>
          <TEMP_DEGC>22.100</TEMP_DEGC>
          <AIR_TEMP_DEGC>22.100</AIR_TEMP_DEGC>
          <RH_PRCNT>22.000</RH_PRCNT>
        </DATA>
        <DATA>
          <VOLTS>9.090e-03</VOLTS>
          <CURRNT_NAMP>8.500e+04</CURRNT_NAMP>
          <TIME>2021-09-27 12:06:24</TIME>
          <TEMP_DEGC>22.100</TEMP_DEGC>
          <AIR_TEMP_DEGC>22.100</AIR_TEMP_DEGC>
          <RH_PRCNT>22.000</RH_PRCNT>
        </DATA>
        <DATA>
          <VOLTS>9.820e-03</VOLTS>
          <CURRNT_NAMP>9.000e+04</CURRNT_NAMP>
          <TIME>2021-09-27 12:06:25</TIME>
          <TEMP_DEGC>22.100</TEMP_DEGC>
          <AIR_TEMP_DEGC>22.100</AIR_TEMP_DEGC>
          <RH_PRCNT>22.000</RH_PRCNT>
        </DATA>
        <DATA>
          <VOLTS>1.054e-02</VOLTS>
          <CURRNT_NAMP>9.500e+04</CURRNT_NAMP>
          <TIME>2021-09-27 12:06:25</TIME>
          <TEMP_DEGC>22.100</TEMP_DEGC>
          <AIR_TEMP_DEGC>22.100</AIR_TEMP_DEGC>
          <RH_PRCNT>22.000</RH_PRCNT>
        </DATA>
        <DATA>
          <VOLTS>1.127e-02</VOLTS>
          <CURRNT_NAMP>1.000e+05</CURRNT_NAMP>
          <TIME>2021-09-27 12:06:26</TIME>
          <TEMP_DEGC>22.100</TEMP_DEGC>
          <AIR_TEMP_DEGC>22.100</AIR_TEMP_DEGC>
          <RH_PRCNT>22.000</RH_PRCNT>
        </DATA>
        <CHILD_DATA_SET>
          <HEADER>
            <TYPE>
              <EXTENSION_TABLE_NAME>HALFMOON_IV_PAR</EXTENSION_TABLE_NAME>
              <NAME>Tracker Halfmoon IV Parameters</NAME>
            </TYPE>
          </HEADER>
          <DATA_SET>
            <COMMENT_DESCRIPTION>Test</COMMENT_DESCRIPTION>
            <VERSION>IV_measurement</VERSION>
            <PART>
              <NAME_LABEL>37400_006_2-S_HM_WW</NAME_LABEL>
              <KIND_OF_PART>2S Halfmoon W</KIND_OF_PART>
            </PART>
            <DATA>
              <RC_OHM>115.382</RC_OHM>
              <R_OHM>124.968</R_OHM>
            </DATA>
          </DATA_SET>
        </CHILD_DATA_SET>
      </DATA_SET>
    </CHILD_DATA_SET>
  </DATA_SET>
</ROOT>
