<?xml version="1.0"?>
<ROOT>
  <HEADER>
    <TYPE>
      <EXTENSION_TABLE_NAME>HALFMOON_METADATA</EXTENSION_TABLE_NAME>
      <NAME>Tracker Halfmoon Metadata</NAME>
    </TYPE>
    <RUN mode="SEQUENCE_NUMBER" sequence="TRK_OT_RUN_SEQ">
      <RUN_TYPE>PQC</RUN_TYPE>
      <LOCATION>Demokritos</LOCATION>
      <INITIATED_BY_USER>A. Kyriakis</INITIATED_BY_USER>
      <RUN_BEGIN_TIMESTAMP>2021-09-27 11:18:55</RUN_BEGIN_TIMESTAMP>
      <COMMENT_DESCRIPTION>Test</COMMENT_DESCRIPTION>
    </RUN>
  </HEADER>
  <DATA_SET>
    <COMMENT_DESCRIPTION>Metadata with flute and structure</COMMENT_DESCRIPTION>
    <VERSION>IV_measurement</VERSION>
    <PART>
      <NAME_LABEL>37400_006_2-S_HM_WW</NAME_LABEL>
      <KIND_OF_PART>2S Halfmoon W</KIND_OF_PART>
    </PART>
    <DATA>
      <KIND_OF_HM_FLUTE_ID>PQC4</KIND_OF_HM_FLUTE_ID>
      <KIND_OF_HM_STRUCT_ID>CBKR_POLY</KIND_OF_HM_STRUCT_ID>
      <KIND_OF_HM_SET_ID>Left</KIND_OF_HM_SET_ID>
      <KIND_OF_HM_CONFIG_ID>Rotated</KIND_OF_HM_CONFIG_ID>
      <EQUIPMENT>KEITHLEY 2410</EQUIPMENT>
      <WAITING_TIME_S>0.200</WAITING_TIME_S>
      <TEMP_SET_DEGC>21.700</TEMP_SET_DEGC>
      <AV_TEMP_DEGC>21.700</AV_TEMP_DEGC>
      <PROCEDURE_TYPE>CBKR_POLY</PROCEDURE_TYPE>
      <FILE_NAME>Demokritos_VPX37400_006_2-S_HM_W_Left_PQC4_CBKRPoly_r.xml</FILE_NAME>
    </DATA>
    <CHILD_DATA_SET>
      <HEADER>
        <TYPE>
          <EXTENSION_TABLE_NAME>TEST_SENSOR_IV</EXTENSION_TABLE_NAME>
          <NAME>Tracker Halfmoon IV Test</NAME>
        </TYPE>
      </HEADER>
      <DATA_SET>
        <COMMENT_DESCRIPTION>Test</COMMENT_DESCRIPTION>
        <VERSION>IV_measurement</VERSION>
        <PART>
          <NAME_LABEL>37400_006_2-S_HM_WW</NAME_LABEL>
          <KIND_OF_PART>2S Halfmoon W</KIND_OF_PART>
        </PART>
        <DATA>
          <VOLTS>-7.020e-03</VOLTS>
          <CURRNT_NAMP>-100.000</CURRNT_NAMP>
          <TIME>2021-09-27 11:18:55</TIME>
          <TEMP_DEGC>21.700</TEMP_DEGC>
          <AIR_TEMP_DEGC>21.700</AIR_TEMP_DEGC>
          <RH_PRCNT>22.700</RH_PRCNT>
        </DATA>
        <DATA>
          <VOLTS>-6.980e-03</VOLTS>
          <CURRNT_NAMP>-95.000</CURRNT_NAMP>
          <TIME>2021-09-27 11:18:55</TIME>
          <TEMP_DEGC>21.700</TEMP_DEGC>
          <AIR_TEMP_DEGC>21.700</AIR_TEMP_DEGC>
          <RH_PRCNT>22.700</RH_PRCNT>
        </DATA>
        <DATA>
          <VOLTS>-6.830e-03</VOLTS>
          <CURRNT_NAMP>-90.000</CURRNT_NAMP>
          <TIME>2021-09-27 11:18:56</TIME>
          <TEMP_DEGC>21.700</TEMP_DEGC>
          <AIR_TEMP_DEGC>21.700</AIR_TEMP_DEGC>
          <RH_PRCNT>22.700</RH_PRCNT>
        </DATA>
        <DATA>
          <VOLTS>-6.590e-03</VOLTS>
          <CURRNT_NAMP>-85.000</CURRNT_NAMP>
          <TIME>2021-09-27 11:18:56</TIME>
          <TEMP_DEGC>21.700</TEMP_DEGC>
          <AIR_TEMP_DEGC>21.700</AIR_TEMP_DEGC>
          <RH_PRCNT>22.700</RH_PRCNT>
        </DATA>
        <DATA>
          <VOLTS>-6.250e-03</VOLTS>
          <CURRNT_NAMP>-80.000</CURRNT_NAMP>
          <TIME>2021-09-27 11:18:57</TIME>
          <TEMP_DEGC>21.700</TEMP_DEGC>
          <AIR_TEMP_DEGC>21.700</AIR_TEMP_DEGC>
          <RH_PRCNT>22.700</RH_PRCNT>
        </DATA>
        <DATA>
          <VOLTS>-5.900e-03</VOLTS>
          <CURRNT_NAMP>-75.000</CURRNT_NAMP>
          <TIME>2021-09-27 11:18:57</TIME>
          <TEMP_DEGC>21.700</TEMP_DEGC>
          <AIR_TEMP_DEGC>21.700</AIR_TEMP_DEGC>
          <RH_PRCNT>22.700</RH_PRCNT>
        </DATA>
        <DATA>
          <VOLTS>-5.560e-03</VOLTS>
          <CURRNT_NAMP>-70.000</CURRNT_NAMP>
          <TIME>2021-09-27 11:18:58</TIME>
          <TEMP_DEGC>21.700</TEMP_DEGC>
          <AIR_TEMP_DEGC>21.700</AIR_TEMP_DEGC>
          <RH_PRCNT>22.700</RH_PRCNT>
        </DATA>
        <DATA>
          <VOLTS>-5.210e-03</VOLTS>
          <CURRNT_NAMP>-65.000</CURRNT_NAMP>
          <TIME>2021-09-27 11:18:58</TIME>
          <TEMP_DEGC>21.700</TEMP_DEGC>
          <AIR_TEMP_DEGC>21.700</AIR_TEMP_DEGC>
          <RH_PRCNT>22.700</RH_PRCNT>
        </DATA>
        <DATA>
          <VOLTS>-4.870e-03</VOLTS>
          <CURRNT_NAMP>-60.000</CURRNT_NAMP>
          <TIME>2021-09-27 11:18:59</TIME>
          <TEMP_DEGC>21.700</TEMP_DEGC>
          <AIR_TEMP_DEGC>21.700</AIR_TEMP_DEGC>
          <RH_PRCNT>22.700</RH_PRCNT>
        </DATA>
        <DATA>
          <VOLTS>-4.520e-03</VOLTS>
          <CURRNT_NAMP>-55.000</CURRNT_NAMP>
          <TIME>2021-09-27 11:18:59</TIME>
          <TEMP_DEGC>21.700</TEMP_DEGC>
          <AIR_TEMP_DEGC>21.700</AIR_TEMP_DEGC>
          <RH_PRCNT>22.700</RH_PRCNT>
        </DATA>
        <DATA>
          <VOLTS>-4.170e-03</VOLTS>
          <CURRNT_NAMP>-50.000</CURRNT_NAMP>
          <TIME>2021-09-27 11:19:00</TIME>
          <TEMP_DEGC>21.700</TEMP_DEGC>
          <AIR_TEMP_DEGC>21.700</AIR_TEMP_DEGC>
          <RH_PRCNT>22.700</RH_PRCNT>
        </DATA>
        <DATA>
          <VOLTS>-3.820e-03</VOLTS>
          <CURRNT_NAMP>-45.000</CURRNT_NAMP>
          <TIME>2021-09-27 11:19:00</TIME>
          <TEMP_DEGC>21.700</TEMP_DEGC>
          <AIR_TEMP_DEGC>21.700</AIR_TEMP_DEGC>
          <RH_PRCNT>22.700</RH_PRCNT>
        </DATA>
        <DATA>
          <VOLTS>-3.470e-03</VOLTS>
          <CURRNT_NAMP>-40.000</CURRNT_NAMP>
          <TIME>2021-09-27 11:19:01</TIME>
          <TEMP_DEGC>21.700</TEMP_DEGC>
          <AIR_TEMP_DEGC>21.700</AIR_TEMP_DEGC>
          <RH_PRCNT>22.700</RH_PRCNT>
        </DATA>
        <DATA>
          <VOLTS>-3.120e-03</VOLTS>
          <CURRNT_NAMP>-35.000</CURRNT_NAMP>
          <TIME>2021-09-27 11:19:01</TIME>
          <TEMP_DEGC>21.700</TEMP_DEGC>
          <AIR_TEMP_DEGC>21.700</AIR_TEMP_DEGC>
          <RH_PRCNT>22.700</RH_PRCNT>
        </DATA>
        <DATA>
          <VOLTS>-2.770e-03</VOLTS>
          <CURRNT_NAMP>-30.000</CURRNT_NAMP>
          <TIME>2021-09-27 11:19:02</TIME>
          <TEMP_DEGC>21.700</TEMP_DEGC>
          <AIR_TEMP_DEGC>21.700</AIR_TEMP_DEGC>
          <RH_PRCNT>22.700</RH_PRCNT>
        </DATA>
        <DATA>
          <VOLTS>-2.410e-03</VOLTS>
          <CURRNT_NAMP>-25.000</CURRNT_NAMP>
          <TIME>2021-09-27 11:19:02</TIME>
          <TEMP_DEGC>21.700</TEMP_DEGC>
          <AIR_TEMP_DEGC>21.700</AIR_TEMP_DEGC>
          <RH_PRCNT>22.700</RH_PRCNT>
        </DATA>
        <DATA>
          <VOLTS>-2.060e-03</VOLTS>
          <CURRNT_NAMP>-20.000</CURRNT_NAMP>
          <TIME>2021-09-27 11:19:03</TIME>
          <TEMP_DEGC>21.700</TEMP_DEGC>
          <AIR_TEMP_DEGC>21.700</AIR_TEMP_DEGC>
          <RH_PRCNT>22.700</RH_PRCNT>
        </DATA>
        <DATA>
          <VOLTS>-1.700e-03</VOLTS>
          <CURRNT_NAMP>-15.000</CURRNT_NAMP>
          <TIME>2021-09-27 11:19:03</TIME>
          <TEMP_DEGC>21.700</TEMP_DEGC>
          <AIR_TEMP_DEGC>21.700</AIR_TEMP_DEGC>
          <RH_PRCNT>22.700</RH_PRCNT>
        </DATA>
        <DATA>
          <VOLTS>-1.490e-03</VOLTS>
          <CURRNT_NAMP>-10.000</CURRNT_NAMP>
          <TIME>2021-09-27 11:19:04</TIME>
          <TEMP_DEGC>21.700</TEMP_DEGC>
          <AIR_TEMP_DEGC>21.700</AIR_TEMP_DEGC>
          <RH_PRCNT>22.700</RH_PRCNT>
        </DATA>
        <DATA>
          <VOLTS>-1.100e-03</VOLTS>
          <CURRNT_NAMP>-5.000</CURRNT_NAMP>
          <TIME>2021-09-27 11:19:04</TIME>
          <TEMP_DEGC>21.700</TEMP_DEGC>
          <AIR_TEMP_DEGC>21.700</AIR_TEMP_DEGC>
          <RH_PRCNT>22.700</RH_PRCNT>
        </DATA>
        <DATA>
          <VOLTS>-7.100e-04</VOLTS>
          <CURRNT_NAMP>0.000</CURRNT_NAMP>
          <TIME>2021-09-27 11:19:05</TIME>
          <TEMP_DEGC>21.700</TEMP_DEGC>
          <AIR_TEMP_DEGC>21.700</AIR_TEMP_DEGC>
          <RH_PRCNT>22.700</RH_PRCNT>
        </DATA>
        <DATA>
          <VOLTS>-3.100e-04</VOLTS>
          <CURRNT_NAMP>5.000</CURRNT_NAMP>
          <TIME>2021-09-27 11:19:05</TIME>
          <TEMP_DEGC>21.700</TEMP_DEGC>
          <AIR_TEMP_DEGC>21.700</AIR_TEMP_DEGC>
          <RH_PRCNT>22.700</RH_PRCNT>
        </DATA>
        <DATA>
          <VOLTS>7.000e-05</VOLTS>
          <CURRNT_NAMP>10.000</CURRNT_NAMP>
          <TIME>2021-09-27 11:19:06</TIME>
          <TEMP_DEGC>21.700</TEMP_DEGC>
          <AIR_TEMP_DEGC>21.700</AIR_TEMP_DEGC>
          <RH_PRCNT>22.700</RH_PRCNT>
        </DATA>
        <DATA>
          <VOLTS>4.300e-04</VOLTS>
          <CURRNT_NAMP>15.000</CURRNT_NAMP>
          <TIME>2021-09-27 11:19:06</TIME>
          <TEMP_DEGC>21.700</TEMP_DEGC>
          <AIR_TEMP_DEGC>21.700</AIR_TEMP_DEGC>
          <RH_PRCNT>22.700</RH_PRCNT>
        </DATA>
        <DATA>
          <VOLTS>7.900e-04</VOLTS>
          <CURRNT_NAMP>20.000</CURRNT_NAMP>
          <TIME>2021-09-27 11:19:07</TIME>
          <TEMP_DEGC>21.700</TEMP_DEGC>
          <AIR_TEMP_DEGC>21.700</AIR_TEMP_DEGC>
          <RH_PRCNT>22.700</RH_PRCNT>
        </DATA>
        <DATA>
          <VOLTS>1.150e-03</VOLTS>
          <CURRNT_NAMP>25.000</CURRNT_NAMP>
          <TIME>2021-09-27 11:19:07</TIME>
          <TEMP_DEGC>21.700</TEMP_DEGC>
          <AIR_TEMP_DEGC>21.700</AIR_TEMP_DEGC>
          <RH_PRCNT>22.700</RH_PRCNT>
        </DATA>
        <DATA>
          <VOLTS>1.510e-03</VOLTS>
          <CURRNT_NAMP>30.000</CURRNT_NAMP>
          <TIME>2021-09-27 11:19:08</TIME>
          <TEMP_DEGC>21.700</TEMP_DEGC>
          <AIR_TEMP_DEGC>21.700</AIR_TEMP_DEGC>
          <RH_PRCNT>22.700</RH_PRCNT>
        </DATA>
        <DATA>
          <VOLTS>1.870e-03</VOLTS>
          <CURRNT_NAMP>35.000</CURRNT_NAMP>
          <TIME>2021-09-27 11:19:08</TIME>
          <TEMP_DEGC>21.700</TEMP_DEGC>
          <AIR_TEMP_DEGC>21.700</AIR_TEMP_DEGC>
          <RH_PRCNT>22.700</RH_PRCNT>
        </DATA>
        <DATA>
          <VOLTS>2.230e-03</VOLTS>
          <CURRNT_NAMP>40.000</CURRNT_NAMP>
          <TIME>2021-09-27 11:19:10</TIME>
          <TEMP_DEGC>21.700</TEMP_DEGC>
          <AIR_TEMP_DEGC>21.700</AIR_TEMP_DEGC>
          <RH_PRCNT>22.700</RH_PRCNT>
        </DATA>
        <DATA>
          <VOLTS>2.590e-03</VOLTS>
          <CURRNT_NAMP>45.000</CURRNT_NAMP>
          <TIME>2021-09-27 11:19:10</TIME>
          <TEMP_DEGC>21.700</TEMP_DEGC>
          <AIR_TEMP_DEGC>21.700</AIR_TEMP_DEGC>
          <RH_PRCNT>22.700</RH_PRCNT>
        </DATA>
        <DATA>
          <VOLTS>2.960e-03</VOLTS>
          <CURRNT_NAMP>50.000</CURRNT_NAMP>
          <TIME>2021-09-27 11:19:11</TIME>
          <TEMP_DEGC>21.700</TEMP_DEGC>
          <AIR_TEMP_DEGC>21.700</AIR_TEMP_DEGC>
          <RH_PRCNT>22.700</RH_PRCNT>
        </DATA>
        <DATA>
          <VOLTS>3.330e-03</VOLTS>
          <CURRNT_NAMP>55.000</CURRNT_NAMP>
          <TIME>2021-09-27 11:19:11</TIME>
          <TEMP_DEGC>21.700</TEMP_DEGC>
          <AIR_TEMP_DEGC>21.700</AIR_TEMP_DEGC>
          <RH_PRCNT>22.700</RH_PRCNT>
        </DATA>
        <DATA>
          <VOLTS>3.700e-03</VOLTS>
          <CURRNT_NAMP>60.000</CURRNT_NAMP>
          <TIME>2021-09-27 11:19:12</TIME>
          <TEMP_DEGC>21.700</TEMP_DEGC>
          <AIR_TEMP_DEGC>21.700</AIR_TEMP_DEGC>
          <RH_PRCNT>22.700</RH_PRCNT>
        </DATA>
        <DATA>
          <VOLTS>4.070e-03</VOLTS>
          <CURRNT_NAMP>65.000</CURRNT_NAMP>
          <TIME>2021-09-27 11:19:12</TIME>
          <TEMP_DEGC>21.700</TEMP_DEGC>
          <AIR_TEMP_DEGC>21.700</AIR_TEMP_DEGC>
          <RH_PRCNT>22.700</RH_PRCNT>
        </DATA>
        <DATA>
          <VOLTS>4.430e-03</VOLTS>
          <CURRNT_NAMP>70.000</CURRNT_NAMP>
          <TIME>2021-09-27 11:19:13</TIME>
          <TEMP_DEGC>21.700</TEMP_DEGC>
          <AIR_TEMP_DEGC>21.700</AIR_TEMP_DEGC>
          <RH_PRCNT>22.700</RH_PRCNT>
        </DATA>
        <DATA>
          <VOLTS>4.800e-03</VOLTS>
          <CURRNT_NAMP>75.000</CURRNT_NAMP>
          <TIME>2021-09-27 11:19:13</TIME>
          <TEMP_DEGC>21.700</TEMP_DEGC>
          <AIR_TEMP_DEGC>21.700</AIR_TEMP_DEGC>
          <RH_PRCNT>22.700</RH_PRCNT>
        </DATA>
        <DATA>
          <VOLTS>5.170e-03</VOLTS>
          <CURRNT_NAMP>80.000</CURRNT_NAMP>
          <TIME>2021-09-27 11:19:14</TIME>
          <TEMP_DEGC>21.700</TEMP_DEGC>
          <AIR_TEMP_DEGC>21.700</AIR_TEMP_DEGC>
          <RH_PRCNT>22.700</RH_PRCNT>
        </DATA>
        <DATA>
          <VOLTS>5.540e-03</VOLTS>
          <CURRNT_NAMP>85.000</CURRNT_NAMP>
          <TIME>2021-09-27 11:19:14</TIME>
          <TEMP_DEGC>21.700</TEMP_DEGC>
          <AIR_TEMP_DEGC>21.700</AIR_TEMP_DEGC>
          <RH_PRCNT>22.700</RH_PRCNT>
        </DATA>
        <DATA>
          <VOLTS>5.910e-03</VOLTS>
          <CURRNT_NAMP>90.000</CURRNT_NAMP>
          <TIME>2021-09-27 11:19:15</TIME>
          <TEMP_DEGC>21.700</TEMP_DEGC>
          <AIR_TEMP_DEGC>21.700</AIR_TEMP_DEGC>
          <RH_PRCNT>22.700</RH_PRCNT>
        </DATA>
        <DATA>
          <VOLTS>6.280e-03</VOLTS>
          <CURRNT_NAMP>95.000</CURRNT_NAMP>
          <TIME>2021-09-27 11:19:15</TIME>
          <TEMP_DEGC>21.700</TEMP_DEGC>
          <AIR_TEMP_DEGC>21.700</AIR_TEMP_DEGC>
          <RH_PRCNT>22.700</RH_PRCNT>
        </DATA>
        <DATA>
          <VOLTS>6.640e-03</VOLTS>
          <CURRNT_NAMP>100.000</CURRNT_NAMP>
          <TIME>2021-09-27 11:19:16</TIME>
          <TEMP_DEGC>21.700</TEMP_DEGC>
          <AIR_TEMP_DEGC>21.700</AIR_TEMP_DEGC>
          <RH_PRCNT>22.700</RH_PRCNT>
        </DATA>
        <CHILD_DATA_SET>
          <HEADER>
            <TYPE>
              <EXTENSION_TABLE_NAME>HALFMOON_IV_PAR</EXTENSION_TABLE_NAME>
              <NAME>Tracker Halfmoon IV Parameters</NAME>
            </TYPE>
          </HEADER>
          <DATA_SET>
            <COMMENT_DESCRIPTION>Test</COMMENT_DESCRIPTION>
            <VERSION>IV_measurement</VERSION>
            <PART>
              <NAME_LABEL>37400_006_2-S_HM_WW</NAME_LABEL>
              <KIND_OF_PART>2S Halfmoon W</KIND_OF_PART>
            </PART>
            <DATA>
              <RC_OHM>7.09372e+04</RC_OHM>
              <R_OHM>7.14512e+04</R_OHM>
            </DATA>
          </DATA_SET>
        </CHILD_DATA_SET>
      </DATA_SET>
    </CHILD_DATA_SET>
  </DATA_SET>
</ROOT>
