<?xml version="1.0"?>
<ROOT>
  <HEADER>
    <TYPE>
      <EXTENSION_TABLE_NAME>HALFMOON_METADATA</EXTENSION_TABLE_NAME>
      <NAME>Tracker Halfmoon Metadata</NAME>
    </TYPE>
    <RUN mode="SEQUENCE_NUMBER" sequence="TRK_OT_RUN_SEQ">
      <RUN_TYPE>PQC</RUN_TYPE>
      <LOCATION>Demokritos</LOCATION>
      <INITIATED_BY_USER>A. Kyriakis</INITIATED_BY_USER>
      <RUN_BEGIN_TIMESTAMP>2021-09-27 01:18:32</RUN_BEGIN_TIMESTAMP>
      <COMMENT_DESCRIPTION>Test</COMMENT_DESCRIPTION>
    </RUN>
  </HEADER>
  <DATA_SET>
    <COMMENT_DESCRIPTION>Metadata with flute and structure</COMMENT_DESCRIPTION>
    <VERSION>IV_measurement</VERSION>
    <PART>
      <NAME_LABEL>37400_019_2-S_HM_EE</NAME_LABEL>
      <KIND_OF_PART>2S Halfmoon E</KIND_OF_PART>
    </PART>
    <DATA>
      <KIND_OF_HM_FLUTE_ID>PQC4</KIND_OF_HM_FLUTE_ID>
      <KIND_OF_HM_STRUCT_ID>CC_EDGE</KIND_OF_HM_STRUCT_ID>
      <KIND_OF_HM_SET_ID>Left</KIND_OF_HM_SET_ID>
      <KIND_OF_HM_CONFIG_ID>Not Used</KIND_OF_HM_CONFIG_ID>
      <EQUIPMENT>KEITHLEY 2410</EQUIPMENT>
      <WAITING_TIME_S>0.20000</WAITING_TIME_S>
      <TEMP_SET_DEGC>22.400</TEMP_SET_DEGC>
      <AV_TEMP_DEGC>22.400</AV_TEMP_DEGC>
      <PROCEDURE_TYPE>CC_EDGE</PROCEDURE_TYPE>
      <FILE_NAME>Demokritos_VPX37400_019_2-S_HM_E_Left_PQC4_CCEdge_IV.xml</FILE_NAME>
    </DATA>
    <CHILD_DATA_SET>
      <HEADER>
        <TYPE>
          <EXTENSION_TABLE_NAME>TEST_SENSOR_IV</EXTENSION_TABLE_NAME>
          <NAME>Tracker Halfmoon IV Test</NAME>
        </TYPE>
      </HEADER>
      <DATA_SET>
        <COMMENT_DESCRIPTION>Test</COMMENT_DESCRIPTION>
        <VERSION>IV_measurement</VERSION>
        <PART>
          <NAME_LABEL>37400_019_2-S_HM_EE</NAME_LABEL>
          <KIND_OF_PART>2S Halfmoon E</KIND_OF_PART>
        </PART>
        <DATA>
          <VOLTS>-1.776e-01</VOLTS>
          <CURRNT_NAMP>-2.000e+03</CURRNT_NAMP>
          <TIME>2021-09-27 01:18:32</TIME>
          <TEMP_DEGC>22.400</TEMP_DEGC>
          <AIR_TEMP_DEGC>22.400</AIR_TEMP_DEGC>
          <RH_PRCNT>22.300</RH_PRCNT>
        </DATA>
        <DATA>
          <VOLTS>-1.768e-01</VOLTS>
          <CURRNT_NAMP>-1.900e+03</CURRNT_NAMP>
          <TIME>2021-09-27 01:18:32</TIME>
          <TEMP_DEGC>22.400</TEMP_DEGC>
          <AIR_TEMP_DEGC>22.400</AIR_TEMP_DEGC>
          <RH_PRCNT>22.300</RH_PRCNT>
        </DATA>
        <DATA>
          <VOLTS>-1.750e-01</VOLTS>
          <CURRNT_NAMP>-1.800e+03</CURRNT_NAMP>
          <TIME>2021-09-27 01:18:33</TIME>
          <TEMP_DEGC>22.400</TEMP_DEGC>
          <AIR_TEMP_DEGC>22.400</AIR_TEMP_DEGC>
          <RH_PRCNT>22.300</RH_PRCNT>
        </DATA>
        <DATA>
          <VOLTS>-1.691e-01</VOLTS>
          <CURRNT_NAMP>-1.700e+03</CURRNT_NAMP>
          <TIME>2021-09-27 01:18:33</TIME>
          <TEMP_DEGC>22.400</TEMP_DEGC>
          <AIR_TEMP_DEGC>22.400</AIR_TEMP_DEGC>
          <RH_PRCNT>22.300</RH_PRCNT>
        </DATA>
        <DATA>
          <VOLTS>-1.640e-01</VOLTS>
          <CURRNT_NAMP>-1.600e+03</CURRNT_NAMP>
          <TIME>2021-09-27 01:18:34</TIME>
          <TEMP_DEGC>22.400</TEMP_DEGC>
          <AIR_TEMP_DEGC>22.400</AIR_TEMP_DEGC>
          <RH_PRCNT>22.300</RH_PRCNT>
        </DATA>
        <DATA>
          <VOLTS>-1.535e-01</VOLTS>
          <CURRNT_NAMP>-1.500e+03</CURRNT_NAMP>
          <TIME>2021-09-27 01:18:34</TIME>
          <TEMP_DEGC>22.400</TEMP_DEGC>
          <AIR_TEMP_DEGC>22.400</AIR_TEMP_DEGC>
          <RH_PRCNT>22.300</RH_PRCNT>
        </DATA>
        <DATA>
          <VOLTS>-1.464e-01</VOLTS>
          <CURRNT_NAMP>-1.400e+03</CURRNT_NAMP>
          <TIME>2021-09-27 01:18:35</TIME>
          <TEMP_DEGC>22.400</TEMP_DEGC>
          <AIR_TEMP_DEGC>22.400</AIR_TEMP_DEGC>
          <RH_PRCNT>22.300</RH_PRCNT>
        </DATA>
        <DATA>
          <VOLTS>-1.392e-01</VOLTS>
          <CURRNT_NAMP>-1.300e+03</CURRNT_NAMP>
          <TIME>2021-09-27 01:18:35</TIME>
          <TEMP_DEGC>22.400</TEMP_DEGC>
          <AIR_TEMP_DEGC>22.400</AIR_TEMP_DEGC>
          <RH_PRCNT>22.300</RH_PRCNT>
        </DATA>
        <DATA>
          <VOLTS>-1.318e-01</VOLTS>
          <CURRNT_NAMP>-1.200e+03</CURRNT_NAMP>
          <TIME>2021-09-27 01:18:36</TIME>
          <TEMP_DEGC>22.400</TEMP_DEGC>
          <AIR_TEMP_DEGC>22.400</AIR_TEMP_DEGC>
          <RH_PRCNT>22.300</RH_PRCNT>
        </DATA>
        <DATA>
          <VOLTS>-1.239e-01</VOLTS>
          <CURRNT_NAMP>-1.100e+03</CURRNT_NAMP>
          <TIME>2021-09-27 01:18:36</TIME>
          <TEMP_DEGC>22.400</TEMP_DEGC>
          <AIR_TEMP_DEGC>22.400</AIR_TEMP_DEGC>
          <RH_PRCNT>22.300</RH_PRCNT>
        </DATA>
        <DATA>
          <VOLTS>-1.118e-01</VOLTS>
          <CURRNT_NAMP>-1.000e+03</CURRNT_NAMP>
          <TIME>2021-09-27 01:18:37</TIME>
          <TEMP_DEGC>22.400</TEMP_DEGC>
          <AIR_TEMP_DEGC>22.400</AIR_TEMP_DEGC>
          <RH_PRCNT>22.300</RH_PRCNT>
        </DATA>
        <DATA>
          <VOLTS>-1.034e-01</VOLTS>
          <CURRNT_NAMP>-9.000e+02</CURRNT_NAMP>
          <TIME>2021-09-27 01:18:37</TIME>
          <TEMP_DEGC>22.400</TEMP_DEGC>
          <AIR_TEMP_DEGC>22.400</AIR_TEMP_DEGC>
          <RH_PRCNT>22.300</RH_PRCNT>
        </DATA>
        <DATA>
          <VOLTS>-9.183e-02</VOLTS>
          <CURRNT_NAMP>-8.000e+02</CURRNT_NAMP>
          <TIME>2021-09-27 01:18:38</TIME>
          <TEMP_DEGC>22.400</TEMP_DEGC>
          <AIR_TEMP_DEGC>22.400</AIR_TEMP_DEGC>
          <RH_PRCNT>22.300</RH_PRCNT>
        </DATA>
        <DATA>
          <VOLTS>-8.112e-02</VOLTS>
          <CURRNT_NAMP>-7.000e+02</CURRNT_NAMP>
          <TIME>2021-09-27 01:18:38</TIME>
          <TEMP_DEGC>22.400</TEMP_DEGC>
          <AIR_TEMP_DEGC>22.400</AIR_TEMP_DEGC>
          <RH_PRCNT>22.300</RH_PRCNT>
        </DATA>
        <DATA>
          <VOLTS>-7.182e-02</VOLTS>
          <CURRNT_NAMP>-6.000e+02</CURRNT_NAMP>
          <TIME>2021-09-27 01:18:39</TIME>
          <TEMP_DEGC>22.400</TEMP_DEGC>
          <AIR_TEMP_DEGC>22.400</AIR_TEMP_DEGC>
          <RH_PRCNT>22.300</RH_PRCNT>
        </DATA>
        <DATA>
          <VOLTS>-6.180e-02</VOLTS>
          <CURRNT_NAMP>-5.000e+02</CURRNT_NAMP>
          <TIME>2021-09-27 01:18:39</TIME>
          <TEMP_DEGC>22.400</TEMP_DEGC>
          <AIR_TEMP_DEGC>22.400</AIR_TEMP_DEGC>
          <RH_PRCNT>22.300</RH_PRCNT>
        </DATA>
        <DATA>
          <VOLTS>-5.595e-02</VOLTS>
          <CURRNT_NAMP>-4.000e+02</CURRNT_NAMP>
          <TIME>2021-09-27 01:18:40</TIME>
          <TEMP_DEGC>22.400</TEMP_DEGC>
          <AIR_TEMP_DEGC>22.400</AIR_TEMP_DEGC>
          <RH_PRCNT>22.300</RH_PRCNT>
        </DATA>
        <DATA>
          <VOLTS>-4.985e-02</VOLTS>
          <CURRNT_NAMP>-3.000e+02</CURRNT_NAMP>
          <TIME>2021-09-27 01:18:40</TIME>
          <TEMP_DEGC>22.400</TEMP_DEGC>
          <AIR_TEMP_DEGC>22.400</AIR_TEMP_DEGC>
          <RH_PRCNT>22.300</RH_PRCNT>
        </DATA>
        <DATA>
          <VOLTS>-3.923e-02</VOLTS>
          <CURRNT_NAMP>-2.000e+02</CURRNT_NAMP>
          <TIME>2021-09-27 01:18:41</TIME>
          <TEMP_DEGC>22.400</TEMP_DEGC>
          <AIR_TEMP_DEGC>22.400</AIR_TEMP_DEGC>
          <RH_PRCNT>22.300</RH_PRCNT>
        </DATA>
        <DATA>
          <VOLTS>-3.207e-02</VOLTS>
          <CURRNT_NAMP>-1.000e+02</CURRNT_NAMP>
          <TIME>2021-09-27 01:18:41</TIME>
          <TEMP_DEGC>22.400</TEMP_DEGC>
          <AIR_TEMP_DEGC>22.400</AIR_TEMP_DEGC>
          <RH_PRCNT>22.300</RH_PRCNT>
        </DATA>
        <DATA>
          <VOLTS>-2.087e-02</VOLTS>
          <CURRNT_NAMP>0.000e+00</CURRNT_NAMP>
          <TIME>2021-09-27 01:18:42</TIME>
          <TEMP_DEGC>22.400</TEMP_DEGC>
          <AIR_TEMP_DEGC>22.400</AIR_TEMP_DEGC>
          <RH_PRCNT>22.300</RH_PRCNT>
        </DATA>
        <DATA>
          <VOLTS>-1.386e-02</VOLTS>
          <CURRNT_NAMP>1.000e+02</CURRNT_NAMP>
          <TIME>2021-09-27 01:18:42</TIME>
          <TEMP_DEGC>22.400</TEMP_DEGC>
          <AIR_TEMP_DEGC>22.400</AIR_TEMP_DEGC>
          <RH_PRCNT>22.300</RH_PRCNT>
        </DATA>
        <DATA>
          <VOLTS>-3.840e-03</VOLTS>
          <CURRNT_NAMP>2.000e+02</CURRNT_NAMP>
          <TIME>2021-09-27 01:18:43</TIME>
          <TEMP_DEGC>22.400</TEMP_DEGC>
          <AIR_TEMP_DEGC>22.400</AIR_TEMP_DEGC>
          <RH_PRCNT>22.300</RH_PRCNT>
        </DATA>
        <DATA>
          <VOLTS>5.800e-03</VOLTS>
          <CURRNT_NAMP>3.000e+02</CURRNT_NAMP>
          <TIME>2021-09-27 01:18:43</TIME>
          <TEMP_DEGC>22.400</TEMP_DEGC>
          <AIR_TEMP_DEGC>22.400</AIR_TEMP_DEGC>
          <RH_PRCNT>22.300</RH_PRCNT>
        </DATA>
        <DATA>
          <VOLTS>1.513e-02</VOLTS>
          <CURRNT_NAMP>4.000e+02</CURRNT_NAMP>
          <TIME>2021-09-27 01:18:44</TIME>
          <TEMP_DEGC>22.400</TEMP_DEGC>
          <AIR_TEMP_DEGC>22.400</AIR_TEMP_DEGC>
          <RH_PRCNT>22.300</RH_PRCNT>
        </DATA>
        <DATA>
          <VOLTS>2.126e-02</VOLTS>
          <CURRNT_NAMP>5.000e+02</CURRNT_NAMP>
          <TIME>2021-09-27 01:18:44</TIME>
          <TEMP_DEGC>22.400</TEMP_DEGC>
          <AIR_TEMP_DEGC>22.400</AIR_TEMP_DEGC>
          <RH_PRCNT>22.300</RH_PRCNT>
        </DATA>
        <DATA>
          <VOLTS>3.044e-02</VOLTS>
          <CURRNT_NAMP>6.000e+02</CURRNT_NAMP>
          <TIME>2021-09-27 01:18:45</TIME>
          <TEMP_DEGC>22.400</TEMP_DEGC>
          <AIR_TEMP_DEGC>22.400</AIR_TEMP_DEGC>
          <RH_PRCNT>22.300</RH_PRCNT>
        </DATA>
        <DATA>
          <VOLTS>3.999e-02</VOLTS>
          <CURRNT_NAMP>7.000e+02</CURRNT_NAMP>
          <TIME>2021-09-27 01:18:45</TIME>
          <TEMP_DEGC>22.400</TEMP_DEGC>
          <AIR_TEMP_DEGC>22.400</AIR_TEMP_DEGC>
          <RH_PRCNT>22.300</RH_PRCNT>
        </DATA>
        <DATA>
          <VOLTS>4.970e-02</VOLTS>
          <CURRNT_NAMP>8.000e+02</CURRNT_NAMP>
          <TIME>2021-09-27 01:18:46</TIME>
          <TEMP_DEGC>22.400</TEMP_DEGC>
          <AIR_TEMP_DEGC>22.400</AIR_TEMP_DEGC>
          <RH_PRCNT>22.300</RH_PRCNT>
        </DATA>
        <DATA>
          <VOLTS>6.017e-02</VOLTS>
          <CURRNT_NAMP>9.000e+02</CURRNT_NAMP>
          <TIME>2021-09-27 01:18:46</TIME>
          <TEMP_DEGC>22.400</TEMP_DEGC>
          <AIR_TEMP_DEGC>22.400</AIR_TEMP_DEGC>
          <RH_PRCNT>22.300</RH_PRCNT>
        </DATA>
        <DATA>
          <VOLTS>6.961e-02</VOLTS>
          <CURRNT_NAMP>1.000e+03</CURRNT_NAMP>
          <TIME>2021-09-27 01:18:47</TIME>
          <TEMP_DEGC>22.400</TEMP_DEGC>
          <AIR_TEMP_DEGC>22.400</AIR_TEMP_DEGC>
          <RH_PRCNT>22.300</RH_PRCNT>
        </DATA>
        <DATA>
          <VOLTS>7.869e-02</VOLTS>
          <CURRNT_NAMP>1.100e+03</CURRNT_NAMP>
          <TIME>2021-09-27 01:18:47</TIME>
          <TEMP_DEGC>22.400</TEMP_DEGC>
          <AIR_TEMP_DEGC>22.400</AIR_TEMP_DEGC>
          <RH_PRCNT>22.300</RH_PRCNT>
        </DATA>
        <DATA>
          <VOLTS>8.711e-02</VOLTS>
          <CURRNT_NAMP>1.200e+03</CURRNT_NAMP>
          <TIME>2021-09-27 01:18:49</TIME>
          <TEMP_DEGC>22.400</TEMP_DEGC>
          <AIR_TEMP_DEGC>22.400</AIR_TEMP_DEGC>
          <RH_PRCNT>22.300</RH_PRCNT>
        </DATA>
        <DATA>
          <VOLTS>9.573e-02</VOLTS>
          <CURRNT_NAMP>1.300e+03</CURRNT_NAMP>
          <TIME>2021-09-27 01:18:49</TIME>
          <TEMP_DEGC>22.400</TEMP_DEGC>
          <AIR_TEMP_DEGC>22.400</AIR_TEMP_DEGC>
          <RH_PRCNT>22.300</RH_PRCNT>
        </DATA>
        <DATA>
          <VOLTS>1.037e-01</VOLTS>
          <CURRNT_NAMP>1.400e+03</CURRNT_NAMP>
          <TIME>2021-09-27 01:18:50</TIME>
          <TEMP_DEGC>22.400</TEMP_DEGC>
          <AIR_TEMP_DEGC>22.400</AIR_TEMP_DEGC>
          <RH_PRCNT>22.300</RH_PRCNT>
        </DATA>
        <DATA>
          <VOLTS>1.125e-01</VOLTS>
          <CURRNT_NAMP>1.500e+03</CURRNT_NAMP>
          <TIME>2021-09-27 01:18:50</TIME>
          <TEMP_DEGC>22.400</TEMP_DEGC>
          <AIR_TEMP_DEGC>22.400</AIR_TEMP_DEGC>
          <RH_PRCNT>22.300</RH_PRCNT>
        </DATA>
        <DATA>
          <VOLTS>1.212e-01</VOLTS>
          <CURRNT_NAMP>1.600e+03</CURRNT_NAMP>
          <TIME>2021-09-27 01:18:51</TIME>
          <TEMP_DEGC>22.400</TEMP_DEGC>
          <AIR_TEMP_DEGC>22.400</AIR_TEMP_DEGC>
          <RH_PRCNT>22.300</RH_PRCNT>
        </DATA>
        <DATA>
          <VOLTS>1.309e-01</VOLTS>
          <CURRNT_NAMP>1.700e+03</CURRNT_NAMP>
          <TIME>2021-09-27 01:18:51</TIME>
          <TEMP_DEGC>22.400</TEMP_DEGC>
          <AIR_TEMP_DEGC>22.400</AIR_TEMP_DEGC>
          <RH_PRCNT>22.300</RH_PRCNT>
        </DATA>
        <DATA>
          <VOLTS>1.420e-01</VOLTS>
          <CURRNT_NAMP>1.800e+03</CURRNT_NAMP>
          <TIME>2021-09-27 01:18:52</TIME>
          <TEMP_DEGC>22.400</TEMP_DEGC>
          <AIR_TEMP_DEGC>22.400</AIR_TEMP_DEGC>
          <RH_PRCNT>22.300</RH_PRCNT>
        </DATA>
        <DATA>
          <VOLTS>1.485e-01</VOLTS>
          <CURRNT_NAMP>1.900e+03</CURRNT_NAMP>
          <TIME>2021-09-27 01:18:52</TIME>
          <TEMP_DEGC>22.400</TEMP_DEGC>
          <AIR_TEMP_DEGC>22.400</AIR_TEMP_DEGC>
          <RH_PRCNT>22.300</RH_PRCNT>
        </DATA>
        <DATA>
          <VOLTS>1.601e-01</VOLTS>
          <CURRNT_NAMP>2.000e+03</CURRNT_NAMP>
          <TIME>2021-09-27 01:18:53</TIME>
          <TEMP_DEGC>22.400</TEMP_DEGC>
          <AIR_TEMP_DEGC>22.400</AIR_TEMP_DEGC>
          <RH_PRCNT>22.300</RH_PRCNT>
        </DATA>
        <CHILD_DATA_SET>
          <HEADER>
            <TYPE>
              <EXTENSION_TABLE_NAME>HALFMOON_IV_PAR</EXTENSION_TABLE_NAME>
              <NAME>Tracker Halfmoon IV Parameters</NAME>
            </TYPE>
          </HEADER>
          <DATA_SET>
            <COMMENT_DESCRIPTION>Test</COMMENT_DESCRIPTION>
            <VERSION>IV_measurement</VERSION>
            <PART>
              <NAME_LABEL>37400_019_2-S_HM_EE</NAME_LABEL>
              <KIND_OF_PART>2S Halfmoon E</KIND_OF_PART>
            </PART>
            <DATA>
              <R_OHM>8.947e+04</R_OHM>
            </DATA>
          </DATA_SET>
        </CHILD_DATA_SET>
      </DATA_SET>
    </CHILD_DATA_SET>
  </DATA_SET>
</ROOT>
