<?xml version="1.0"?>
<ROOT>
  <HEADER>
    <TYPE>
      <EXTENSION_TABLE_NAME>HALFMOON_METADATA</EXTENSION_TABLE_NAME>
      <NAME>Tracker Halfmoon Metadata</NAME>
    </TYPE>
    <RUN mode="SEQUENCE_NUMBER" sequence="TRK_OT_RUN_SEQ">
      <RUN_TYPE>PQC</RUN_TYPE>
      <LOCATION>Demokritos</LOCATION>
      <INITIATED_BY_USER>A. Kyriakis</INITIATED_BY_USER>
      <RUN_BEGIN_TIMESTAMP>2021-09-24 15:44:53</RUN_BEGIN_TIMESTAMP>
      <COMMENT_DESCRIPTION>Test</COMMENT_DESCRIPTION>
    </RUN>
  </HEADER>
  <DATA_SET>
    <COMMENT_DESCRIPTION>Metadata with flute and structure</COMMENT_DESCRIPTION>
    <VERSION>IV_measurement</VERSION>
    <PART>
      <NAME_LABEL>37400_006_2-S_HM_EE</NAME_LABEL>
      <KIND_OF_PART>2S Halfmoon E</KIND_OF_PART>
    </PART>
    <DATA>
      <KIND_OF_HM_FLUTE_ID>PQC4</KIND_OF_HM_FLUTE_ID>
      <KIND_OF_HM_STRUCT_ID>CBKR_STRIP</KIND_OF_HM_STRUCT_ID>
      <KIND_OF_HM_SET_ID>Left</KIND_OF_HM_SET_ID>
      <KIND_OF_HM_CONFIG_ID>Standard</KIND_OF_HM_CONFIG_ID>
      <EQUIPMENT>KEITHLEY 2410</EQUIPMENT>
      <WAITING_TIME_S>0.200</WAITING_TIME_S>
      <TEMP_SET_DEGC>21.600</TEMP_SET_DEGC>
      <AV_TEMP_DEGC>21.600</AV_TEMP_DEGC>
      <PROCEDURE_TYPE>CBKR_STRIP</PROCEDURE_TYPE>
      <FILE_NAME>Demokritos_VPX37400_006_2-S_HM_E_Left_PQC4_CBKRStrip_s.xml</FILE_NAME>
    </DATA>
    <CHILD_DATA_SET>
      <HEADER>
        <TYPE>
          <EXTENSION_TABLE_NAME>TEST_SENSOR_IV</EXTENSION_TABLE_NAME>
          <NAME>Tracker Halfmoon IV Test</NAME>
        </TYPE>
      </HEADER>
      <DATA_SET>
        <COMMENT_DESCRIPTION>Test</COMMENT_DESCRIPTION>
        <VERSION>IV_measurement</VERSION>
        <PART>
          <NAME_LABEL>37400_006_2-S_HM_EE</NAME_LABEL>
          <KIND_OF_PART>2S Halfmoon E</KIND_OF_PART>
        </PART>
        <DATA>
          <VOLTS>-1.575e-02</VOLTS>
          <CURRNT_NAMP>-1.000e+05</CURRNT_NAMP>
          <TIME>2021-09-24 03:44:53</TIME>
          <TEMP_DEGC>21.600</TEMP_DEGC>
          <AIR_TEMP_DEGC>21.600</AIR_TEMP_DEGC>
          <RH_PRCNT>20.700</RH_PRCNT>
        </DATA>
        <DATA>
          <VOLTS>-1.575e-02</VOLTS>
          <CURRNT_NAMP>-9.500e+04</CURRNT_NAMP>
          <TIME>2021-09-24 03:44:53</TIME>
          <TEMP_DEGC>21.600</TEMP_DEGC>
          <AIR_TEMP_DEGC>21.600</AIR_TEMP_DEGC>
          <RH_PRCNT>20.700</RH_PRCNT>
        </DATA>
        <DATA>
          <VOLTS>-1.545e-02</VOLTS>
          <CURRNT_NAMP>-9.000e+04</CURRNT_NAMP>
          <TIME>2021-09-24 03:44:54</TIME>
          <TEMP_DEGC>21.600</TEMP_DEGC>
          <AIR_TEMP_DEGC>21.600</AIR_TEMP_DEGC>
          <RH_PRCNT>20.700</RH_PRCNT>
        </DATA>
        <DATA>
          <VOLTS>-1.492e-02</VOLTS>
          <CURRNT_NAMP>-8.500e+04</CURRNT_NAMP>
          <TIME>2021-09-24 03:44:54</TIME>
          <TEMP_DEGC>21.600</TEMP_DEGC>
          <AIR_TEMP_DEGC>21.600</AIR_TEMP_DEGC>
          <RH_PRCNT>20.700</RH_PRCNT>
        </DATA>
        <DATA>
          <VOLTS>-1.415e-02</VOLTS>
          <CURRNT_NAMP>-8.000e+04</CURRNT_NAMP>
          <TIME>2021-09-24 03:44:55</TIME>
          <TEMP_DEGC>21.600</TEMP_DEGC>
          <AIR_TEMP_DEGC>21.600</AIR_TEMP_DEGC>
          <RH_PRCNT>20.700</RH_PRCNT>
        </DATA>
        <DATA>
          <VOLTS>-1.332e-02</VOLTS>
          <CURRNT_NAMP>-7.500e+04</CURRNT_NAMP>
          <TIME>2021-09-24 03:44:55</TIME>
          <TEMP_DEGC>21.600</TEMP_DEGC>
          <AIR_TEMP_DEGC>21.600</AIR_TEMP_DEGC>
          <RH_PRCNT>20.700</RH_PRCNT>
        </DATA>
        <DATA>
          <VOLTS>-1.285e-02</VOLTS>
          <CURRNT_NAMP>-7.000e+04</CURRNT_NAMP>
          <TIME>2021-09-24 03:44:56</TIME>
          <TEMP_DEGC>21.600</TEMP_DEGC>
          <AIR_TEMP_DEGC>21.600</AIR_TEMP_DEGC>
          <RH_PRCNT>20.700</RH_PRCNT>
        </DATA>
        <DATA>
          <VOLTS>-1.232e-02</VOLTS>
          <CURRNT_NAMP>-6.500e+04</CURRNT_NAMP>
          <TIME>2021-09-24 03:44:56</TIME>
          <TEMP_DEGC>21.600</TEMP_DEGC>
          <AIR_TEMP_DEGC>21.600</AIR_TEMP_DEGC>
          <RH_PRCNT>20.700</RH_PRCNT>
        </DATA>
        <DATA>
          <VOLTS>-1.170e-02</VOLTS>
          <CURRNT_NAMP>-6.000e+04</CURRNT_NAMP>
          <TIME>2021-09-24 03:44:57</TIME>
          <TEMP_DEGC>21.600</TEMP_DEGC>
          <AIR_TEMP_DEGC>21.600</AIR_TEMP_DEGC>
          <RH_PRCNT>20.700</RH_PRCNT>
        </DATA>
        <DATA>
          <VOLTS>-1.069e-02</VOLTS>
          <CURRNT_NAMP>-5.500e+04</CURRNT_NAMP>
          <TIME>2021-09-24 03:44:57</TIME>
          <TEMP_DEGC>21.600</TEMP_DEGC>
          <AIR_TEMP_DEGC>21.600</AIR_TEMP_DEGC>
          <RH_PRCNT>20.700</RH_PRCNT>
        </DATA>
        <DATA>
          <VOLTS>-9.680e-03</VOLTS>
          <CURRNT_NAMP>-5.000e+04</CURRNT_NAMP>
          <TIME>2021-09-24 03:44:58</TIME>
          <TEMP_DEGC>21.600</TEMP_DEGC>
          <AIR_TEMP_DEGC>21.600</AIR_TEMP_DEGC>
          <RH_PRCNT>20.700</RH_PRCNT>
        </DATA>
        <DATA>
          <VOLTS>-8.740e-03</VOLTS>
          <CURRNT_NAMP>-4.500e+04</CURRNT_NAMP>
          <TIME>2021-09-24 03:44:58</TIME>
          <TEMP_DEGC>21.600</TEMP_DEGC>
          <AIR_TEMP_DEGC>21.600</AIR_TEMP_DEGC>
          <RH_PRCNT>20.700</RH_PRCNT>
        </DATA>
        <DATA>
          <VOLTS>-7.870e-03</VOLTS>
          <CURRNT_NAMP>-4.000e+04</CURRNT_NAMP>
          <TIME>2021-09-24 03:44:59</TIME>
          <TEMP_DEGC>21.600</TEMP_DEGC>
          <AIR_TEMP_DEGC>21.600</AIR_TEMP_DEGC>
          <RH_PRCNT>20.700</RH_PRCNT>
        </DATA>
        <DATA>
          <VOLTS>-7.080e-03</VOLTS>
          <CURRNT_NAMP>-3.500e+04</CURRNT_NAMP>
          <TIME>2021-09-24 03:44:59</TIME>
          <TEMP_DEGC>21.600</TEMP_DEGC>
          <AIR_TEMP_DEGC>21.600</AIR_TEMP_DEGC>
          <RH_PRCNT>20.700</RH_PRCNT>
        </DATA>
        <DATA>
          <VOLTS>-6.290e-03</VOLTS>
          <CURRNT_NAMP>-3.000e+04</CURRNT_NAMP>
          <TIME>2021-09-24 03:45:00</TIME>
          <TEMP_DEGC>21.600</TEMP_DEGC>
          <AIR_TEMP_DEGC>21.600</AIR_TEMP_DEGC>
          <RH_PRCNT>20.700</RH_PRCNT>
        </DATA>
        <DATA>
          <VOLTS>-5.490e-03</VOLTS>
          <CURRNT_NAMP>-2.500e+04</CURRNT_NAMP>
          <TIME>2021-09-24 03:45:00</TIME>
          <TEMP_DEGC>21.600</TEMP_DEGC>
          <AIR_TEMP_DEGC>21.600</AIR_TEMP_DEGC>
          <RH_PRCNT>20.700</RH_PRCNT>
        </DATA>
        <DATA>
          <VOLTS>-5.010e-03</VOLTS>
          <CURRNT_NAMP>-2.000e+04</CURRNT_NAMP>
          <TIME>2021-09-24 03:45:01</TIME>
          <TEMP_DEGC>21.600</TEMP_DEGC>
          <AIR_TEMP_DEGC>21.600</AIR_TEMP_DEGC>
          <RH_PRCNT>20.700</RH_PRCNT>
        </DATA>
        <DATA>
          <VOLTS>-4.130e-03</VOLTS>
          <CURRNT_NAMP>-1.500e+04</CURRNT_NAMP>
          <TIME>2021-09-24 03:45:01</TIME>
          <TEMP_DEGC>21.600</TEMP_DEGC>
          <AIR_TEMP_DEGC>21.600</AIR_TEMP_DEGC>
          <RH_PRCNT>20.700</RH_PRCNT>
        </DATA>
        <DATA>
          <VOLTS>-3.240e-03</VOLTS>
          <CURRNT_NAMP>-1.000e+04</CURRNT_NAMP>
          <TIME>2021-09-24 03:45:02</TIME>
          <TEMP_DEGC>21.600</TEMP_DEGC>
          <AIR_TEMP_DEGC>21.600</AIR_TEMP_DEGC>
          <RH_PRCNT>20.700</RH_PRCNT>
        </DATA>
        <DATA>
          <VOLTS>-2.360e-03</VOLTS>
          <CURRNT_NAMP>-5.000e+03</CURRNT_NAMP>
          <TIME>2021-09-24 03:45:02</TIME>
          <TEMP_DEGC>21.600</TEMP_DEGC>
          <AIR_TEMP_DEGC>21.600</AIR_TEMP_DEGC>
          <RH_PRCNT>20.700</RH_PRCNT>
        </DATA>
        <DATA>
          <VOLTS>-1.460e-03</VOLTS>
          <CURRNT_NAMP>0.000e+00</CURRNT_NAMP>
          <TIME>2021-09-24 03:45:03</TIME>
          <TEMP_DEGC>21.600</TEMP_DEGC>
          <AIR_TEMP_DEGC>21.600</AIR_TEMP_DEGC>
          <RH_PRCNT>20.700</RH_PRCNT>
        </DATA>
        <DATA>
          <VOLTS>-6.500e-04</VOLTS>
          <CURRNT_NAMP>5.000e+03</CURRNT_NAMP>
          <TIME>2021-09-24 03:45:03</TIME>
          <TEMP_DEGC>21.600</TEMP_DEGC>
          <AIR_TEMP_DEGC>21.600</AIR_TEMP_DEGC>
          <RH_PRCNT>20.700</RH_PRCNT>
        </DATA>
        <DATA>
          <VOLTS>1.500e-04</VOLTS>
          <CURRNT_NAMP>1.000e+04</CURRNT_NAMP>
          <TIME>2021-09-24 03:45:04</TIME>
          <TEMP_DEGC>21.600</TEMP_DEGC>
          <AIR_TEMP_DEGC>21.600</AIR_TEMP_DEGC>
          <RH_PRCNT>20.700</RH_PRCNT>
        </DATA>
        <DATA>
          <VOLTS>9.700e-04</VOLTS>
          <CURRNT_NAMP>1.500e+04</CURRNT_NAMP>
          <TIME>2021-09-24 03:45:04</TIME>
          <TEMP_DEGC>21.600</TEMP_DEGC>
          <AIR_TEMP_DEGC>21.600</AIR_TEMP_DEGC>
          <RH_PRCNT>20.700</RH_PRCNT>
        </DATA>
        <DATA>
          <VOLTS>1.790e-03</VOLTS>
          <CURRNT_NAMP>2.000e+04</CURRNT_NAMP>
          <TIME>2021-09-24 03:45:05</TIME>
          <TEMP_DEGC>21.600</TEMP_DEGC>
          <AIR_TEMP_DEGC>21.600</AIR_TEMP_DEGC>
          <RH_PRCNT>20.700</RH_PRCNT>
        </DATA>
        <DATA>
          <VOLTS>2.620e-03</VOLTS>
          <CURRNT_NAMP>2.500e+04</CURRNT_NAMP>
          <TIME>2021-09-24 03:45:05</TIME>
          <TEMP_DEGC>21.600</TEMP_DEGC>
          <AIR_TEMP_DEGC>21.600</AIR_TEMP_DEGC>
          <RH_PRCNT>20.700</RH_PRCNT>
        </DATA>
        <DATA>
          <VOLTS>3.450e-03</VOLTS>
          <CURRNT_NAMP>3.000e+04</CURRNT_NAMP>
          <TIME>2021-09-24 03:45:06</TIME>
          <TEMP_DEGC>21.600</TEMP_DEGC>
          <AIR_TEMP_DEGC>21.600</AIR_TEMP_DEGC>
          <RH_PRCNT>20.700</RH_PRCNT>
        </DATA>
        <DATA>
          <VOLTS>4.270e-03</VOLTS>
          <CURRNT_NAMP>3.500e+04</CURRNT_NAMP>
          <TIME>2021-09-24 03:45:06</TIME>
          <TEMP_DEGC>21.600</TEMP_DEGC>
          <AIR_TEMP_DEGC>21.600</AIR_TEMP_DEGC>
          <RH_PRCNT>20.700</RH_PRCNT>
        </DATA>
        <DATA>
          <VOLTS>5.100e-03</VOLTS>
          <CURRNT_NAMP>4.000e+04</CURRNT_NAMP>
          <TIME>2021-09-24 03:45:07</TIME>
          <TEMP_DEGC>21.600</TEMP_DEGC>
          <AIR_TEMP_DEGC>21.600</AIR_TEMP_DEGC>
          <RH_PRCNT>20.700</RH_PRCNT>
        </DATA>
        <DATA>
          <VOLTS>5.940e-03</VOLTS>
          <CURRNT_NAMP>4.500e+04</CURRNT_NAMP>
          <TIME>2021-09-24 03:45:07</TIME>
          <TEMP_DEGC>21.600</TEMP_DEGC>
          <AIR_TEMP_DEGC>21.600</AIR_TEMP_DEGC>
          <RH_PRCNT>20.700</RH_PRCNT>
        </DATA>
        <DATA>
          <VOLTS>6.770e-03</VOLTS>
          <CURRNT_NAMP>5.000e+04</CURRNT_NAMP>
          <TIME>2021-09-24 03:45:09</TIME>
          <TEMP_DEGC>21.600</TEMP_DEGC>
          <AIR_TEMP_DEGC>21.600</AIR_TEMP_DEGC>
          <RH_PRCNT>20.700</RH_PRCNT>
        </DATA>
        <DATA>
          <VOLTS>7.610e-03</VOLTS>
          <CURRNT_NAMP>5.500e+04</CURRNT_NAMP>
          <TIME>2021-09-24 03:45:09</TIME>
          <TEMP_DEGC>21.600</TEMP_DEGC>
          <AIR_TEMP_DEGC>21.600</AIR_TEMP_DEGC>
          <RH_PRCNT>20.700</RH_PRCNT>
        </DATA>
        <DATA>
          <VOLTS>8.450e-03</VOLTS>
          <CURRNT_NAMP>6.000e+04</CURRNT_NAMP>
          <TIME>2021-09-24 03:45:10</TIME>
          <TEMP_DEGC>21.600</TEMP_DEGC>
          <AIR_TEMP_DEGC>21.600</AIR_TEMP_DEGC>
          <RH_PRCNT>20.700</RH_PRCNT>
        </DATA>
        <DATA>
          <VOLTS>9.290e-03</VOLTS>
          <CURRNT_NAMP>6.500e+04</CURRNT_NAMP>
          <TIME>2021-09-24 03:45:10</TIME>
          <TEMP_DEGC>21.600</TEMP_DEGC>
          <AIR_TEMP_DEGC>21.600</AIR_TEMP_DEGC>
          <RH_PRCNT>20.700</RH_PRCNT>
        </DATA>
        <DATA>
          <VOLTS>1.014e-02</VOLTS>
          <CURRNT_NAMP>7.000e+04</CURRNT_NAMP>
          <TIME>2021-09-24 03:45:11</TIME>
          <TEMP_DEGC>21.600</TEMP_DEGC>
          <AIR_TEMP_DEGC>21.600</AIR_TEMP_DEGC>
          <RH_PRCNT>20.700</RH_PRCNT>
        </DATA>
        <DATA>
          <VOLTS>1.064e-02</VOLTS>
          <CURRNT_NAMP>7.500e+04</CURRNT_NAMP>
          <TIME>2021-09-24 03:45:11</TIME>
          <TEMP_DEGC>21.600</TEMP_DEGC>
          <AIR_TEMP_DEGC>21.600</AIR_TEMP_DEGC>
          <RH_PRCNT>20.700</RH_PRCNT>
        </DATA>
        <DATA>
          <VOLTS>1.157e-02</VOLTS>
          <CURRNT_NAMP>8.000e+04</CURRNT_NAMP>
          <TIME>2021-09-24 03:45:12</TIME>
          <TEMP_DEGC>21.600</TEMP_DEGC>
          <AIR_TEMP_DEGC>21.600</AIR_TEMP_DEGC>
          <RH_PRCNT>20.700</RH_PRCNT>
        </DATA>
        <DATA>
          <VOLTS>1.251e-02</VOLTS>
          <CURRNT_NAMP>8.500e+04</CURRNT_NAMP>
          <TIME>2021-09-24 03:45:12</TIME>
          <TEMP_DEGC>21.600</TEMP_DEGC>
          <AIR_TEMP_DEGC>21.600</AIR_TEMP_DEGC>
          <RH_PRCNT>20.700</RH_PRCNT>
        </DATA>
        <DATA>
          <VOLTS>1.344e-02</VOLTS>
          <CURRNT_NAMP>9.000e+04</CURRNT_NAMP>
          <TIME>2021-09-24 03:45:13</TIME>
          <TEMP_DEGC>21.600</TEMP_DEGC>
          <AIR_TEMP_DEGC>21.600</AIR_TEMP_DEGC>
          <RH_PRCNT>20.700</RH_PRCNT>
        </DATA>
        <DATA>
          <VOLTS>1.403e-02</VOLTS>
          <CURRNT_NAMP>9.500e+04</CURRNT_NAMP>
          <TIME>2021-09-24 03:45:13</TIME>
          <TEMP_DEGC>21.600</TEMP_DEGC>
          <AIR_TEMP_DEGC>21.600</AIR_TEMP_DEGC>
          <RH_PRCNT>20.700</RH_PRCNT>
        </DATA>
        <DATA>
          <VOLTS>1.497e-02</VOLTS>
          <CURRNT_NAMP>1.000e+05</CURRNT_NAMP>
          <TIME>2021-09-24 03:45:14</TIME>
          <TEMP_DEGC>21.600</TEMP_DEGC>
          <AIR_TEMP_DEGC>21.600</AIR_TEMP_DEGC>
          <RH_PRCNT>20.700</RH_PRCNT>
        </DATA>
        <CHILD_DATA_SET>
          <HEADER>
            <TYPE>
              <EXTENSION_TABLE_NAME>HALFMOON_IV_PAR</EXTENSION_TABLE_NAME>
              <NAME>Tracker Halfmoon IV Parameters</NAME>
            </TYPE>
          </HEADER>
          <DATA_SET>
            <COMMENT_DESCRIPTION>Test</COMMENT_DESCRIPTION>
            <VERSION>IV_measurement</VERSION>
            <PART>
              <NAME_LABEL>37400_006_2-S_HM_EE</NAME_LABEL>
              <KIND_OF_PART>2S Halfmoon E</KIND_OF_PART>
            </PART>
            <DATA>
              <RC_OHM>153.866</RC_OHM>
              <R_OHM>163.370</R_OHM>
            </DATA>
          </DATA_SET>
        </CHILD_DATA_SET>
      </DATA_SET>
    </CHILD_DATA_SET>
  </DATA_SET>
</ROOT>
