<?xml version="1.0"?>
<ROOT>
  <HEADER>
    <TYPE>
      <EXTENSION_TABLE_NAME>HALFMOON_METADATA</EXTENSION_TABLE_NAME>
      <NAME>Tracker Halfmoon Metadata</NAME>
    </TYPE>
    <RUN mode="SEQUENCE_NUMBER" sequence="TRK_OT_RUN_SEQ">
      <RUN_TYPE>PQC</RUN_TYPE>
      <LOCATION>Demokritos</LOCATION>
      <INITIATED_BY_USER>A. Kyriakis</INITIATED_BY_USER>
      <RUN_BEGIN_TIMESTAMP>2021-09-24 15:49:46</RUN_BEGIN_TIMESTAMP>
      <COMMENT_DESCRIPTION>Test</COMMENT_DESCRIPTION>
    </RUN>
  </HEADER>
  <DATA_SET>
    <COMMENT_DESCRIPTION>Metadata with flute and structure</COMMENT_DESCRIPTION>
    <VERSION>IV_measurement</VERSION>
    <PART>
      <NAME_LABEL>37400_006_2-S_HM_EE</NAME_LABEL>
      <KIND_OF_PART>2S Halfmoon E</KIND_OF_PART>
    </PART>
    <DATA>
      <KIND_OF_HM_FLUTE_ID>PQC4</KIND_OF_HM_FLUTE_ID>
      <KIND_OF_HM_STRUCT_ID>CC_POLY</KIND_OF_HM_STRUCT_ID>
      <KIND_OF_HM_SET_ID>Left</KIND_OF_HM_SET_ID>
      <KIND_OF_HM_CONFIG_ID>Not Used</KIND_OF_HM_CONFIG_ID>
      <EQUIPMENT>KEITHLEY 2410</EQUIPMENT>
      <WAITING_TIME_S>0.20000</WAITING_TIME_S>
      <TEMP_SET_DEGC>21.600</TEMP_SET_DEGC>
      <AV_TEMP_DEGC>21.600</AV_TEMP_DEGC>
      <PROCEDURE_TYPE>CC_POLY</PROCEDURE_TYPE>
      <FILE_NAME>Demokritos_VPX37400_006_2-S_HM_E_Left_PQC4_CCPoly_IV.xml</FILE_NAME>
    </DATA>
    <CHILD_DATA_SET>
      <HEADER>
        <TYPE>
          <EXTENSION_TABLE_NAME>TEST_SENSOR_IV</EXTENSION_TABLE_NAME>
          <NAME>Tracker Halfmoon IV Test</NAME>
        </TYPE>
      </HEADER>
      <DATA_SET>
        <COMMENT_DESCRIPTION>Test</COMMENT_DESCRIPTION>
        <VERSION>IV_measurement</VERSION>
        <PART>
          <NAME_LABEL>37400_006_2-S_HM_EE</NAME_LABEL>
          <KIND_OF_PART>2S Halfmoon E</KIND_OF_PART>
        </PART>
        <DATA>
          <VOLTS>-1.735e-01</VOLTS>
          <CURRNT_NAMP>-1.000e+01</CURRNT_NAMP>
          <TIME>2021-09-24 03:49:46</TIME>
          <TEMP_DEGC>21.600</TEMP_DEGC>
          <AIR_TEMP_DEGC>21.600</AIR_TEMP_DEGC>
          <RH_PRCNT>20.500</RH_PRCNT>
        </DATA>
        <DATA>
          <VOLTS>-1.754e-01</VOLTS>
          <CURRNT_NAMP>-9.000e+00</CURRNT_NAMP>
          <TIME>2021-09-24 03:49:46</TIME>
          <TEMP_DEGC>21.600</TEMP_DEGC>
          <AIR_TEMP_DEGC>21.600</AIR_TEMP_DEGC>
          <RH_PRCNT>20.500</RH_PRCNT>
        </DATA>
        <DATA>
          <VOLTS>-1.693e-01</VOLTS>
          <CURRNT_NAMP>-8.000e+00</CURRNT_NAMP>
          <TIME>2021-09-24 03:49:47</TIME>
          <TEMP_DEGC>21.600</TEMP_DEGC>
          <AIR_TEMP_DEGC>21.600</AIR_TEMP_DEGC>
          <RH_PRCNT>20.500</RH_PRCNT>
        </DATA>
        <DATA>
          <VOLTS>-1.576e-01</VOLTS>
          <CURRNT_NAMP>-7.000e+00</CURRNT_NAMP>
          <TIME>2021-09-24 03:49:47</TIME>
          <TEMP_DEGC>21.600</TEMP_DEGC>
          <AIR_TEMP_DEGC>21.600</AIR_TEMP_DEGC>
          <RH_PRCNT>20.500</RH_PRCNT>
        </DATA>
        <DATA>
          <VOLTS>-1.469e-01</VOLTS>
          <CURRNT_NAMP>-6.000e+00</CURRNT_NAMP>
          <TIME>2021-09-24 03:49:48</TIME>
          <TEMP_DEGC>21.600</TEMP_DEGC>
          <AIR_TEMP_DEGC>21.600</AIR_TEMP_DEGC>
          <RH_PRCNT>20.500</RH_PRCNT>
        </DATA>
        <DATA>
          <VOLTS>-1.262e-01</VOLTS>
          <CURRNT_NAMP>-5.000e+00</CURRNT_NAMP>
          <TIME>2021-09-24 03:49:48</TIME>
          <TEMP_DEGC>21.600</TEMP_DEGC>
          <AIR_TEMP_DEGC>21.600</AIR_TEMP_DEGC>
          <RH_PRCNT>20.500</RH_PRCNT>
        </DATA>
        <DATA>
          <VOLTS>-1.067e-01</VOLTS>
          <CURRNT_NAMP>-4.000e+00</CURRNT_NAMP>
          <TIME>2021-09-24 03:49:49</TIME>
          <TEMP_DEGC>21.600</TEMP_DEGC>
          <AIR_TEMP_DEGC>21.600</AIR_TEMP_DEGC>
          <RH_PRCNT>20.500</RH_PRCNT>
        </DATA>
        <DATA>
          <VOLTS>-8.711e-02</VOLTS>
          <CURRNT_NAMP>-3.000e+00</CURRNT_NAMP>
          <TIME>2021-09-24 03:49:49</TIME>
          <TEMP_DEGC>21.600</TEMP_DEGC>
          <AIR_TEMP_DEGC>21.600</AIR_TEMP_DEGC>
          <RH_PRCNT>20.500</RH_PRCNT>
        </DATA>
        <DATA>
          <VOLTS>-6.818e-02</VOLTS>
          <CURRNT_NAMP>-2.000e+00</CURRNT_NAMP>
          <TIME>2021-09-24 03:49:50</TIME>
          <TEMP_DEGC>21.600</TEMP_DEGC>
          <AIR_TEMP_DEGC>21.600</AIR_TEMP_DEGC>
          <RH_PRCNT>20.500</RH_PRCNT>
        </DATA>
        <DATA>
          <VOLTS>-5.051e-02</VOLTS>
          <CURRNT_NAMP>-1.000e+00</CURRNT_NAMP>
          <TIME>2021-09-24 03:49:50</TIME>
          <TEMP_DEGC>21.600</TEMP_DEGC>
          <AIR_TEMP_DEGC>21.600</AIR_TEMP_DEGC>
          <RH_PRCNT>20.500</RH_PRCNT>
        </DATA>
        <DATA>
          <VOLTS>-3.288e-02</VOLTS>
          <CURRNT_NAMP>0.000e+00</CURRNT_NAMP>
          <TIME>2021-09-24 03:49:51</TIME>
          <TEMP_DEGC>21.600</TEMP_DEGC>
          <AIR_TEMP_DEGC>21.600</AIR_TEMP_DEGC>
          <RH_PRCNT>20.500</RH_PRCNT>
        </DATA>
        <DATA>
          <VOLTS>-2.178e-02</VOLTS>
          <CURRNT_NAMP>1.000e+00</CURRNT_NAMP>
          <TIME>2021-09-24 03:49:51</TIME>
          <TEMP_DEGC>21.600</TEMP_DEGC>
          <AIR_TEMP_DEGC>21.600</AIR_TEMP_DEGC>
          <RH_PRCNT>20.500</RH_PRCNT>
        </DATA>
        <DATA>
          <VOLTS>-2.310e-03</VOLTS>
          <CURRNT_NAMP>2.000e+00</CURRNT_NAMP>
          <TIME>2021-09-24 03:49:52</TIME>
          <TEMP_DEGC>21.600</TEMP_DEGC>
          <AIR_TEMP_DEGC>21.600</AIR_TEMP_DEGC>
          <RH_PRCNT>20.500</RH_PRCNT>
        </DATA>
        <DATA>
          <VOLTS>1.723e-02</VOLTS>
          <CURRNT_NAMP>3.000e+00</CURRNT_NAMP>
          <TIME>2021-09-24 03:49:52</TIME>
          <TEMP_DEGC>21.600</TEMP_DEGC>
          <AIR_TEMP_DEGC>21.600</AIR_TEMP_DEGC>
          <RH_PRCNT>20.500</RH_PRCNT>
        </DATA>
        <DATA>
          <VOLTS>3.676e-02</VOLTS>
          <CURRNT_NAMP>4.000e+00</CURRNT_NAMP>
          <TIME>2021-09-24 03:49:53</TIME>
          <TEMP_DEGC>21.600</TEMP_DEGC>
          <AIR_TEMP_DEGC>21.600</AIR_TEMP_DEGC>
          <RH_PRCNT>20.500</RH_PRCNT>
        </DATA>
        <DATA>
          <VOLTS>5.580e-02</VOLTS>
          <CURRNT_NAMP>5.000e+00</CURRNT_NAMP>
          <TIME>2021-09-24 03:49:53</TIME>
          <TEMP_DEGC>21.600</TEMP_DEGC>
          <AIR_TEMP_DEGC>21.600</AIR_TEMP_DEGC>
          <RH_PRCNT>20.500</RH_PRCNT>
        </DATA>
        <DATA>
          <VOLTS>7.349e-02</VOLTS>
          <CURRNT_NAMP>6.000e+00</CURRNT_NAMP>
          <TIME>2021-09-24 03:49:54</TIME>
          <TEMP_DEGC>21.600</TEMP_DEGC>
          <AIR_TEMP_DEGC>21.600</AIR_TEMP_DEGC>
          <RH_PRCNT>20.500</RH_PRCNT>
        </DATA>
        <DATA>
          <VOLTS>9.127e-02</VOLTS>
          <CURRNT_NAMP>7.000e+00</CURRNT_NAMP>
          <TIME>2021-09-24 03:49:54</TIME>
          <TEMP_DEGC>21.600</TEMP_DEGC>
          <AIR_TEMP_DEGC>21.600</AIR_TEMP_DEGC>
          <RH_PRCNT>20.500</RH_PRCNT>
        </DATA>
        <DATA>
          <VOLTS>1.089e-01</VOLTS>
          <CURRNT_NAMP>8.000e+00</CURRNT_NAMP>
          <TIME>2021-09-24 03:49:55</TIME>
          <TEMP_DEGC>21.600</TEMP_DEGC>
          <AIR_TEMP_DEGC>21.600</AIR_TEMP_DEGC>
          <RH_PRCNT>20.500</RH_PRCNT>
        </DATA>
        <DATA>
          <VOLTS>1.266e-01</VOLTS>
          <CURRNT_NAMP>9.000e+00</CURRNT_NAMP>
          <TIME>2021-09-24 03:49:55</TIME>
          <TEMP_DEGC>21.600</TEMP_DEGC>
          <AIR_TEMP_DEGC>21.600</AIR_TEMP_DEGC>
          <RH_PRCNT>20.500</RH_PRCNT>
        </DATA>
        <DATA>
          <VOLTS>1.378e-01</VOLTS>
          <CURRNT_NAMP>1.000e+01</CURRNT_NAMP>
          <TIME>2021-09-24 03:49:56</TIME>
          <TEMP_DEGC>21.600</TEMP_DEGC>
          <AIR_TEMP_DEGC>21.600</AIR_TEMP_DEGC>
          <RH_PRCNT>20.600</RH_PRCNT>
        </DATA>
        <CHILD_DATA_SET>
          <HEADER>
            <TYPE>
              <EXTENSION_TABLE_NAME>HALFMOON_IV_PAR</EXTENSION_TABLE_NAME>
              <NAME>Tracker Halfmoon IV Parameters</NAME>
            </TYPE>
          </HEADER>
          <DATA_SET>
            <COMMENT_DESCRIPTION>Test</COMMENT_DESCRIPTION>
            <VERSION>IV_measurement</VERSION>
            <PART>
              <NAME_LABEL>37400_006_2-S_HM_EE</NAME_LABEL>
              <KIND_OF_PART>2S Halfmoon E</KIND_OF_PART>
            </PART>
            <DATA>
              <R_OHM>1.843e+07</R_OHM>
            </DATA>
          </DATA_SET>
        </CHILD_DATA_SET>
      </DATA_SET>
    </CHILD_DATA_SET>
  </DATA_SET>
</ROOT>
