<?xml version="1.0"?>
<ROOT>
  <HEADER>
    <TYPE>
      <EXTENSION_TABLE_NAME>HALFMOON_METADATA</EXTENSION_TABLE_NAME>
      <NAME>Tracker Halfmoon Metadata</NAME>
    </TYPE>
    <RUN mode="SEQUENCE_NUMBER" sequence="TRK_OT_RUN_SEQ">
      <RUN_TYPE>PQC</RUN_TYPE>
      <LOCATION>Demokritos</LOCATION>
      <INITIATED_BY_USER>A. Kyriakis</INITIATED_BY_USER>
      <RUN_BEGIN_TIMESTAMP>2021-09-29 08:41:33</RUN_BEGIN_TIMESTAMP>
      <COMMENT_DESCRIPTION>Test</COMMENT_DESCRIPTION>
    </RUN>
  </HEADER>
  <DATA_SET>
    <COMMENT_DESCRIPTION>Metadata with flute and structure</COMMENT_DESCRIPTION>
    <VERSION>IV_measurement</VERSION>
    <PART>
      <NAME_LABEL>37400_027_2-S_HM_WW</NAME_LABEL>
      <KIND_OF_PART>2S Halfmoon W</KIND_OF_PART>
    </PART>
    <DATA>
      <KIND_OF_HM_FLUTE_ID>PQC2</KIND_OF_HM_FLUTE_ID>
      <KIND_OF_HM_STRUCT_ID>LINEWIDTH_STOP</KIND_OF_HM_STRUCT_ID>
      <KIND_OF_HM_SET_ID>Left</KIND_OF_HM_SET_ID>
      <KIND_OF_HM_CONFIG_ID>Not Used</KIND_OF_HM_CONFIG_ID>
      <EQUIPMENT>KEITHLEY 2410</EQUIPMENT>
      <WAITING_TIME_S>0.200</WAITING_TIME_S>
      <TEMP_SET_DEGC>20.600</TEMP_SET_DEGC>
      <AV_TEMP_DEGC>20.600</AV_TEMP_DEGC>
      <PROCEDURE_TYPE>LINEWIDTH_STOP</PROCEDURE_TYPE>
      <FILE_NAME>Demokritos_VPX37400_027_2-S_HM_W_Left_PQC2_LinewidthStop.xml</FILE_NAME>
    </DATA>
    <CHILD_DATA_SET>
      <HEADER>
        <TYPE>
          <EXTENSION_TABLE_NAME>TEST_SENSOR_IV</EXTENSION_TABLE_NAME>
          <NAME>Tracker Halfmoon IV Test</NAME>
        </TYPE>
      </HEADER>
      <DATA_SET>
        <COMMENT_DESCRIPTION>Test</COMMENT_DESCRIPTION>
        <VERSION>IV_measurement</VERSION>
        <PART>
          <NAME_LABEL>37400_027_2-S_HM_WW</NAME_LABEL>
          <KIND_OF_PART>2S Halfmoon W</KIND_OF_PART>
        </PART>
        <DATA>
          <VOLTS>-5.475e-02</VOLTS>
          <CURRNT_NAMP>-1.000e+03</CURRNT_NAMP>
          <TIME>2021-09-29 08:41:33</TIME>
          <TEMP_DEGC>20.600</TEMP_DEGC>
          <AIR_TEMP_DEGC>20.600</AIR_TEMP_DEGC>
          <RH_PRCNT>29.300</RH_PRCNT>
        </DATA>
        <DATA>
          <VOLTS>-5.328e-02</VOLTS>
          <CURRNT_NAMP>-9.500e+02</CURRNT_NAMP>
          <TIME>2021-09-29 08:41:34</TIME>
          <TEMP_DEGC>20.600</TEMP_DEGC>
          <AIR_TEMP_DEGC>20.600</AIR_TEMP_DEGC>
          <RH_PRCNT>29.300</RH_PRCNT>
        </DATA>
        <DATA>
          <VOLTS>-5.215e-02</VOLTS>
          <CURRNT_NAMP>-9.000e+02</CURRNT_NAMP>
          <TIME>2021-09-29 08:41:35</TIME>
          <TEMP_DEGC>20.600</TEMP_DEGC>
          <AIR_TEMP_DEGC>20.600</AIR_TEMP_DEGC>
          <RH_PRCNT>29.300</RH_PRCNT>
        </DATA>
        <DATA>
          <VOLTS>-5.135e-02</VOLTS>
          <CURRNT_NAMP>-8.500e+02</CURRNT_NAMP>
          <TIME>2021-09-29 08:41:36</TIME>
          <TEMP_DEGC>20.600</TEMP_DEGC>
          <AIR_TEMP_DEGC>20.600</AIR_TEMP_DEGC>
          <RH_PRCNT>29.300</RH_PRCNT>
        </DATA>
        <DATA>
          <VOLTS>-4.827e-02</VOLTS>
          <CURRNT_NAMP>-8.000e+02</CURRNT_NAMP>
          <TIME>2021-09-29 08:41:37</TIME>
          <TEMP_DEGC>20.600</TEMP_DEGC>
          <AIR_TEMP_DEGC>20.600</AIR_TEMP_DEGC>
          <RH_PRCNT>29.300</RH_PRCNT>
        </DATA>
        <DATA>
          <VOLTS>-4.595e-02</VOLTS>
          <CURRNT_NAMP>-7.500e+02</CURRNT_NAMP>
          <TIME>2021-09-29 08:41:38</TIME>
          <TEMP_DEGC>20.600</TEMP_DEGC>
          <AIR_TEMP_DEGC>20.600</AIR_TEMP_DEGC>
          <RH_PRCNT>29.300</RH_PRCNT>
        </DATA>
        <DATA>
          <VOLTS>-3.918e-02</VOLTS>
          <CURRNT_NAMP>-7.000e+02</CURRNT_NAMP>
          <TIME>2021-09-29 08:41:39</TIME>
          <TEMP_DEGC>20.600</TEMP_DEGC>
          <AIR_TEMP_DEGC>20.600</AIR_TEMP_DEGC>
          <RH_PRCNT>29.300</RH_PRCNT>
        </DATA>
        <DATA>
          <VOLTS>-3.267e-02</VOLTS>
          <CURRNT_NAMP>-6.500e+02</CURRNT_NAMP>
          <TIME>2021-09-29 08:41:40</TIME>
          <TEMP_DEGC>20.600</TEMP_DEGC>
          <AIR_TEMP_DEGC>20.600</AIR_TEMP_DEGC>
          <RH_PRCNT>29.300</RH_PRCNT>
        </DATA>
        <DATA>
          <VOLTS>-2.983e-02</VOLTS>
          <CURRNT_NAMP>-6.000e+02</CURRNT_NAMP>
          <TIME>2021-09-29 08:41:41</TIME>
          <TEMP_DEGC>20.600</TEMP_DEGC>
          <AIR_TEMP_DEGC>20.600</AIR_TEMP_DEGC>
          <RH_PRCNT>29.300</RH_PRCNT>
        </DATA>
        <DATA>
          <VOLTS>-2.656e-02</VOLTS>
          <CURRNT_NAMP>-5.500e+02</CURRNT_NAMP>
          <TIME>2021-09-29 08:41:42</TIME>
          <TEMP_DEGC>20.600</TEMP_DEGC>
          <AIR_TEMP_DEGC>20.600</AIR_TEMP_DEGC>
          <RH_PRCNT>29.300</RH_PRCNT>
        </DATA>
        <DATA>
          <VOLTS>-2.675e-02</VOLTS>
          <CURRNT_NAMP>-5.000e+02</CURRNT_NAMP>
          <TIME>2021-09-29 08:41:43</TIME>
          <TEMP_DEGC>20.600</TEMP_DEGC>
          <AIR_TEMP_DEGC>20.600</AIR_TEMP_DEGC>
          <RH_PRCNT>29.300</RH_PRCNT>
        </DATA>
        <DATA>
          <VOLTS>-2.274e-02</VOLTS>
          <CURRNT_NAMP>-4.500e+02</CURRNT_NAMP>
          <TIME>2021-09-29 08:41:44</TIME>
          <TEMP_DEGC>20.600</TEMP_DEGC>
          <AIR_TEMP_DEGC>20.600</AIR_TEMP_DEGC>
          <RH_PRCNT>29.300</RH_PRCNT>
        </DATA>
        <DATA>
          <VOLTS>-1.890e-02</VOLTS>
          <CURRNT_NAMP>-4.000e+02</CURRNT_NAMP>
          <TIME>2021-09-29 08:41:45</TIME>
          <TEMP_DEGC>20.600</TEMP_DEGC>
          <AIR_TEMP_DEGC>20.600</AIR_TEMP_DEGC>
          <RH_PRCNT>29.300</RH_PRCNT>
        </DATA>
        <DATA>
          <VOLTS>-1.713e-02</VOLTS>
          <CURRNT_NAMP>-3.500e+02</CURRNT_NAMP>
          <TIME>2021-09-29 08:41:46</TIME>
          <TEMP_DEGC>20.600</TEMP_DEGC>
          <AIR_TEMP_DEGC>20.600</AIR_TEMP_DEGC>
          <RH_PRCNT>29.200</RH_PRCNT>
        </DATA>
        <DATA>
          <VOLTS>-1.392e-02</VOLTS>
          <CURRNT_NAMP>-3.000e+02</CURRNT_NAMP>
          <TIME>2021-09-29 08:41:47</TIME>
          <TEMP_DEGC>20.600</TEMP_DEGC>
          <AIR_TEMP_DEGC>20.600</AIR_TEMP_DEGC>
          <RH_PRCNT>29.200</RH_PRCNT>
        </DATA>
        <DATA>
          <VOLTS>-1.328e-02</VOLTS>
          <CURRNT_NAMP>-2.500e+02</CURRNT_NAMP>
          <TIME>2021-09-29 08:41:49</TIME>
          <TEMP_DEGC>20.600</TEMP_DEGC>
          <AIR_TEMP_DEGC>20.600</AIR_TEMP_DEGC>
          <RH_PRCNT>29.200</RH_PRCNT>
        </DATA>
        <DATA>
          <VOLTS>-1.099e-02</VOLTS>
          <CURRNT_NAMP>-2.000e+02</CURRNT_NAMP>
          <TIME>2021-09-29 08:41:50</TIME>
          <TEMP_DEGC>20.600</TEMP_DEGC>
          <AIR_TEMP_DEGC>20.600</AIR_TEMP_DEGC>
          <RH_PRCNT>29.300</RH_PRCNT>
        </DATA>
        <DATA>
          <VOLTS>-7.970e-03</VOLTS>
          <CURRNT_NAMP>-1.500e+02</CURRNT_NAMP>
          <TIME>2021-09-29 08:41:51</TIME>
          <TEMP_DEGC>20.600</TEMP_DEGC>
          <AIR_TEMP_DEGC>20.600</AIR_TEMP_DEGC>
          <RH_PRCNT>29.200</RH_PRCNT>
        </DATA>
        <DATA>
          <VOLTS>-5.810e-03</VOLTS>
          <CURRNT_NAMP>-1.000e+02</CURRNT_NAMP>
          <TIME>2021-09-29 08:41:52</TIME>
          <TEMP_DEGC>20.600</TEMP_DEGC>
          <AIR_TEMP_DEGC>20.600</AIR_TEMP_DEGC>
          <RH_PRCNT>29.200</RH_PRCNT>
        </DATA>
        <DATA>
          <VOLTS>-3.930e-03</VOLTS>
          <CURRNT_NAMP>-5.000e+01</CURRNT_NAMP>
          <TIME>2021-09-29 08:41:53</TIME>
          <TEMP_DEGC>20.600</TEMP_DEGC>
          <AIR_TEMP_DEGC>20.600</AIR_TEMP_DEGC>
          <RH_PRCNT>29.200</RH_PRCNT>
        </DATA>
        <DATA>
          <VOLTS>-2.770e-03</VOLTS>
          <CURRNT_NAMP>0.000e+00</CURRNT_NAMP>
          <TIME>2021-09-29 08:41:54</TIME>
          <TEMP_DEGC>20.600</TEMP_DEGC>
          <AIR_TEMP_DEGC>20.600</AIR_TEMP_DEGC>
          <RH_PRCNT>29.200</RH_PRCNT>
        </DATA>
        <DATA>
          <VOLTS>-1.410e-03</VOLTS>
          <CURRNT_NAMP>5.000e+01</CURRNT_NAMP>
          <TIME>2021-09-29 08:41:55</TIME>
          <TEMP_DEGC>20.600</TEMP_DEGC>
          <AIR_TEMP_DEGC>20.600</AIR_TEMP_DEGC>
          <RH_PRCNT>29.200</RH_PRCNT>
        </DATA>
        <DATA>
          <VOLTS>1.520e-03</VOLTS>
          <CURRNT_NAMP>1.000e+02</CURRNT_NAMP>
          <TIME>2021-09-29 08:41:56</TIME>
          <TEMP_DEGC>20.600</TEMP_DEGC>
          <AIR_TEMP_DEGC>20.600</AIR_TEMP_DEGC>
          <RH_PRCNT>29.200</RH_PRCNT>
        </DATA>
        <DATA>
          <VOLTS>5.680e-03</VOLTS>
          <CURRNT_NAMP>1.500e+02</CURRNT_NAMP>
          <TIME>2021-09-29 08:41:57</TIME>
          <TEMP_DEGC>20.600</TEMP_DEGC>
          <AIR_TEMP_DEGC>20.600</AIR_TEMP_DEGC>
          <RH_PRCNT>29.200</RH_PRCNT>
        </DATA>
        <DATA>
          <VOLTS>8.790e-03</VOLTS>
          <CURRNT_NAMP>2.000e+02</CURRNT_NAMP>
          <TIME>2021-09-29 08:41:58</TIME>
          <TEMP_DEGC>20.600</TEMP_DEGC>
          <AIR_TEMP_DEGC>20.600</AIR_TEMP_DEGC>
          <RH_PRCNT>29.200</RH_PRCNT>
        </DATA>
        <DATA>
          <VOLTS>1.081e-02</VOLTS>
          <CURRNT_NAMP>2.500e+02</CURRNT_NAMP>
          <TIME>2021-09-29 08:41:59</TIME>
          <TEMP_DEGC>20.600</TEMP_DEGC>
          <AIR_TEMP_DEGC>20.600</AIR_TEMP_DEGC>
          <RH_PRCNT>29.200</RH_PRCNT>
        </DATA>
        <DATA>
          <VOLTS>1.159e-02</VOLTS>
          <CURRNT_NAMP>3.000e+02</CURRNT_NAMP>
          <TIME>2021-09-29 08:42:00</TIME>
          <TEMP_DEGC>20.600</TEMP_DEGC>
          <AIR_TEMP_DEGC>20.600</AIR_TEMP_DEGC>
          <RH_PRCNT>29.200</RH_PRCNT>
        </DATA>
        <DATA>
          <VOLTS>1.368e-02</VOLTS>
          <CURRNT_NAMP>3.500e+02</CURRNT_NAMP>
          <TIME>2021-09-29 08:42:01</TIME>
          <TEMP_DEGC>20.600</TEMP_DEGC>
          <AIR_TEMP_DEGC>20.600</AIR_TEMP_DEGC>
          <RH_PRCNT>29.200</RH_PRCNT>
        </DATA>
        <DATA>
          <VOLTS>1.565e-02</VOLTS>
          <CURRNT_NAMP>4.000e+02</CURRNT_NAMP>
          <TIME>2021-09-29 08:42:02</TIME>
          <TEMP_DEGC>20.600</TEMP_DEGC>
          <AIR_TEMP_DEGC>20.600</AIR_TEMP_DEGC>
          <RH_PRCNT>29.200</RH_PRCNT>
        </DATA>
        <DATA>
          <VOLTS>1.857e-02</VOLTS>
          <CURRNT_NAMP>4.500e+02</CURRNT_NAMP>
          <TIME>2021-09-29 08:42:04</TIME>
          <TEMP_DEGC>20.600</TEMP_DEGC>
          <AIR_TEMP_DEGC>20.600</AIR_TEMP_DEGC>
          <RH_PRCNT>29.200</RH_PRCNT>
        </DATA>
        <DATA>
          <VOLTS>2.136e-02</VOLTS>
          <CURRNT_NAMP>5.000e+02</CURRNT_NAMP>
          <TIME>2021-09-29 08:42:05</TIME>
          <TEMP_DEGC>20.600</TEMP_DEGC>
          <AIR_TEMP_DEGC>20.600</AIR_TEMP_DEGC>
          <RH_PRCNT>29.200</RH_PRCNT>
        </DATA>
        <DATA>
          <VOLTS>2.466e-02</VOLTS>
          <CURRNT_NAMP>5.500e+02</CURRNT_NAMP>
          <TIME>2021-09-29 08:42:06</TIME>
          <TEMP_DEGC>20.600</TEMP_DEGC>
          <AIR_TEMP_DEGC>20.600</AIR_TEMP_DEGC>
          <RH_PRCNT>29.200</RH_PRCNT>
        </DATA>
        <DATA>
          <VOLTS>2.747e-02</VOLTS>
          <CURRNT_NAMP>6.000e+02</CURRNT_NAMP>
          <TIME>2021-09-29 08:42:07</TIME>
          <TEMP_DEGC>20.600</TEMP_DEGC>
          <AIR_TEMP_DEGC>20.600</AIR_TEMP_DEGC>
          <RH_PRCNT>29.200</RH_PRCNT>
        </DATA>
        <DATA>
          <VOLTS>3.014e-02</VOLTS>
          <CURRNT_NAMP>6.500e+02</CURRNT_NAMP>
          <TIME>2021-09-29 08:42:08</TIME>
          <TEMP_DEGC>20.600</TEMP_DEGC>
          <AIR_TEMP_DEGC>20.600</AIR_TEMP_DEGC>
          <RH_PRCNT>29.200</RH_PRCNT>
        </DATA>
        <DATA>
          <VOLTS>3.221e-02</VOLTS>
          <CURRNT_NAMP>7.000e+02</CURRNT_NAMP>
          <TIME>2021-09-29 08:42:09</TIME>
          <TEMP_DEGC>20.600</TEMP_DEGC>
          <AIR_TEMP_DEGC>20.600</AIR_TEMP_DEGC>
          <RH_PRCNT>29.200</RH_PRCNT>
        </DATA>
        <DATA>
          <VOLTS>3.400e-02</VOLTS>
          <CURRNT_NAMP>7.500e+02</CURRNT_NAMP>
          <TIME>2021-09-29 08:42:10</TIME>
          <TEMP_DEGC>20.600</TEMP_DEGC>
          <AIR_TEMP_DEGC>20.600</AIR_TEMP_DEGC>
          <RH_PRCNT>29.200</RH_PRCNT>
        </DATA>
        <DATA>
          <VOLTS>3.624e-02</VOLTS>
          <CURRNT_NAMP>8.000e+02</CURRNT_NAMP>
          <TIME>2021-09-29 08:42:11</TIME>
          <TEMP_DEGC>20.600</TEMP_DEGC>
          <AIR_TEMP_DEGC>20.600</AIR_TEMP_DEGC>
          <RH_PRCNT>29.200</RH_PRCNT>
        </DATA>
        <DATA>
          <VOLTS>3.826e-02</VOLTS>
          <CURRNT_NAMP>8.500e+02</CURRNT_NAMP>
          <TIME>2021-09-29 08:42:12</TIME>
          <TEMP_DEGC>20.600</TEMP_DEGC>
          <AIR_TEMP_DEGC>20.600</AIR_TEMP_DEGC>
          <RH_PRCNT>29.200</RH_PRCNT>
        </DATA>
        <DATA>
          <VOLTS>4.113e-02</VOLTS>
          <CURRNT_NAMP>9.000e+02</CURRNT_NAMP>
          <TIME>2021-09-29 08:42:13</TIME>
          <TEMP_DEGC>20.600</TEMP_DEGC>
          <AIR_TEMP_DEGC>20.600</AIR_TEMP_DEGC>
          <RH_PRCNT>29.200</RH_PRCNT>
        </DATA>
        <DATA>
          <VOLTS>4.326e-02</VOLTS>
          <CURRNT_NAMP>9.500e+02</CURRNT_NAMP>
          <TIME>2021-09-29 08:42:14</TIME>
          <TEMP_DEGC>20.600</TEMP_DEGC>
          <AIR_TEMP_DEGC>20.600</AIR_TEMP_DEGC>
          <RH_PRCNT>29.200</RH_PRCNT>
        </DATA>
        <DATA>
          <VOLTS>4.543e-02</VOLTS>
          <CURRNT_NAMP>1.000e+03</CURRNT_NAMP>
          <TIME>2021-09-29 08:42:15</TIME>
          <TEMP_DEGC>20.600</TEMP_DEGC>
          <AIR_TEMP_DEGC>20.600</AIR_TEMP_DEGC>
          <RH_PRCNT>29.200</RH_PRCNT>
        </DATA>
        <CHILD_DATA_SET>
          <HEADER>
            <TYPE>
              <EXTENSION_TABLE_NAME>HALFMOON_IV_PAR</EXTENSION_TABLE_NAME>
              <NAME>Tracker Halfmoon IV Parameters</NAME>
            </TYPE>
          </HEADER>
          <DATA_SET>
            <COMMENT_DESCRIPTION>Test</COMMENT_DESCRIPTION>
            <VERSION>IV_measurement</VERSION>
            <PART>
              <NAME_LABEL>37400_027_2-S_HM_WW</NAME_LABEL>
              <KIND_OF_PART>2S Halfmoon W</KIND_OF_PART>
            </PART>
            <DATA>
              <T_UM>48.928</T_UM>
              <R_OHM>4.974e+04</R_OHM>
            </DATA>
          </DATA_SET>
        </CHILD_DATA_SET>
      </DATA_SET>
    </CHILD_DATA_SET>
  </DATA_SET>
</ROOT>
