<?xml version="1.0"?>
<ROOT>
  <HEADER>
    <TYPE>
      <EXTENSION_TABLE_NAME>HALFMOON_METADATA</EXTENSION_TABLE_NAME>
      <NAME>Tracker Halfmoon Metadata</NAME>
    </TYPE>
    <RUN mode="SEQUENCE_NUMBER" sequence="TRK_OT_RUN_SEQ">
      <RUN_TYPE>PQC</RUN_TYPE>
      <LOCATION>Demokritos</LOCATION>
      <INITIATED_BY_USER>A. Kyriakis</INITIATED_BY_USER>
      <RUN_BEGIN_TIMESTAMP>2021-09-29 10:26:54</RUN_BEGIN_TIMESTAMP>
      <COMMENT_DESCRIPTION>Test</COMMENT_DESCRIPTION>
    </RUN>
  </HEADER>
  <DATA_SET>
    <COMMENT_DESCRIPTION>Metadata with flute and structure</COMMENT_DESCRIPTION>
    <VERSION>IV_measurement</VERSION>
    <PART>
      <NAME_LABEL>37400_037_2-S_HM_WW</NAME_LABEL>
      <KIND_OF_PART>2S Halfmoon W</KIND_OF_PART>
    </PART>
    <DATA>
      <KIND_OF_HM_FLUTE_ID>PQC2</KIND_OF_HM_FLUTE_ID>
      <KIND_OF_HM_STRUCT_ID>DIEL_SW</KIND_OF_HM_STRUCT_ID>
      <KIND_OF_HM_SET_ID>Left</KIND_OF_HM_SET_ID>
      <KIND_OF_HM_CONFIG_ID>Not Used</KIND_OF_HM_CONFIG_ID>
      <EQUIPMENT>KEITHLEY 2410</EQUIPMENT>
      <WAITING_TIME_S>0.500</WAITING_TIME_S>
      <TEMP_SET_DEGC>21.200</TEMP_SET_DEGC>
      <AV_TEMP_DEGC>21.200</AV_TEMP_DEGC>
      <PROCEDURE_TYPE>Diel_IV1</PROCEDURE_TYPE>
      <FILE_NAME>Demokritos_VPX37400_037_2-S_HM_W_Left_PQC2_DielSW_IV.xml</FILE_NAME>
    </DATA>
    <CHILD_DATA_SET>
      <HEADER>
        <TYPE>
          <EXTENSION_TABLE_NAME>TEST_SENSOR_IV</EXTENSION_TABLE_NAME>
          <NAME>Tracker Halfmoon IV Test</NAME>
        </TYPE>
      </HEADER>
      <DATA_SET>
        <COMMENT_DESCRIPTION>Test</COMMENT_DESCRIPTION>
        <VERSION>IV_measurement</VERSION>
        <PART>
          <NAME_LABEL>37400_037_2-S_HM_WW</NAME_LABEL>
          <KIND_OF_PART>2S Halfmoon W</KIND_OF_PART>
        </PART>
        <DATA>
          <VOLTS>0.00</VOLTS>
          <CURRNT_NAMP>-0.0039</CURRNT_NAMP>
          <TIME>2021-09-29 10:26:58</TIME>
          <TEMP_DEGC>2.120e+01</TEMP_DEGC>
          <AIR_TEMP_DEGC>21.200</AIR_TEMP_DEGC>
          <RH_PRCNT>21.900</RH_PRCNT>
        </DATA>
        <DATA>
          <VOLTS>10.00</VOLTS>
          <CURRNT_NAMP>0.0150</CURRNT_NAMP>
          <TIME>2021-09-29 10:27:03</TIME>
          <TEMP_DEGC>2.120e+01</TEMP_DEGC>
          <AIR_TEMP_DEGC>21.200</AIR_TEMP_DEGC>
          <RH_PRCNT>21.900</RH_PRCNT>
        </DATA>
        <DATA>
          <VOLTS>20.00</VOLTS>
          <CURRNT_NAMP>0.0237</CURRNT_NAMP>
          <TIME>2021-09-29 10:27:05</TIME>
          <TEMP_DEGC>2.120e+01</TEMP_DEGC>
          <AIR_TEMP_DEGC>21.200</AIR_TEMP_DEGC>
          <RH_PRCNT>21.900</RH_PRCNT>
        </DATA>
        <DATA>
          <VOLTS>30.00</VOLTS>
          <CURRNT_NAMP>0.0257</CURRNT_NAMP>
          <TIME>2021-09-29 10:27:06</TIME>
          <TEMP_DEGC>2.120e+01</TEMP_DEGC>
          <AIR_TEMP_DEGC>21.200</AIR_TEMP_DEGC>
          <RH_PRCNT>21.900</RH_PRCNT>
        </DATA>
        <DATA>
          <VOLTS>40.00</VOLTS>
          <CURRNT_NAMP>0.0265</CURRNT_NAMP>
          <TIME>2021-09-29 10:27:08</TIME>
          <TEMP_DEGC>2.120e+01</TEMP_DEGC>
          <AIR_TEMP_DEGC>21.200</AIR_TEMP_DEGC>
          <RH_PRCNT>21.900</RH_PRCNT>
        </DATA>
        <DATA>
          <VOLTS>50.00</VOLTS>
          <CURRNT_NAMP>0.0270</CURRNT_NAMP>
          <TIME>2021-09-29 10:27:09</TIME>
          <TEMP_DEGC>2.120e+01</TEMP_DEGC>
          <AIR_TEMP_DEGC>21.200</AIR_TEMP_DEGC>
          <RH_PRCNT>21.900</RH_PRCNT>
        </DATA>
        <DATA>
          <VOLTS>60.00</VOLTS>
          <CURRNT_NAMP>0.0258</CURRNT_NAMP>
          <TIME>2021-09-29 10:27:11</TIME>
          <TEMP_DEGC>2.120e+01</TEMP_DEGC>
          <AIR_TEMP_DEGC>21.200</AIR_TEMP_DEGC>
          <RH_PRCNT>21.900</RH_PRCNT>
        </DATA>
        <DATA>
          <VOLTS>70.00</VOLTS>
          <CURRNT_NAMP>0.0245</CURRNT_NAMP>
          <TIME>2021-09-29 10:27:13</TIME>
          <TEMP_DEGC>2.120e+01</TEMP_DEGC>
          <AIR_TEMP_DEGC>21.200</AIR_TEMP_DEGC>
          <RH_PRCNT>21.900</RH_PRCNT>
        </DATA>
        <DATA>
          <VOLTS>80.00</VOLTS>
          <CURRNT_NAMP>0.0246</CURRNT_NAMP>
          <TIME>2021-09-29 10:27:14</TIME>
          <TEMP_DEGC>2.120e+01</TEMP_DEGC>
          <AIR_TEMP_DEGC>21.200</AIR_TEMP_DEGC>
          <RH_PRCNT>21.800</RH_PRCNT>
        </DATA>
        <DATA>
          <VOLTS>90.00</VOLTS>
          <CURRNT_NAMP>0.0251</CURRNT_NAMP>
          <TIME>2021-09-29 10:27:16</TIME>
          <TEMP_DEGC>2.120e+01</TEMP_DEGC>
          <AIR_TEMP_DEGC>21.200</AIR_TEMP_DEGC>
          <RH_PRCNT>21.800</RH_PRCNT>
        </DATA>
        <DATA>
          <VOLTS>100.00</VOLTS>
          <CURRNT_NAMP>0.0258</CURRNT_NAMP>
          <TIME>2021-09-29 10:27:18</TIME>
          <TEMP_DEGC>2.120e+01</TEMP_DEGC>
          <AIR_TEMP_DEGC>21.200</AIR_TEMP_DEGC>
          <RH_PRCNT>21.900</RH_PRCNT>
        </DATA>
        <DATA>
          <VOLTS>110.00</VOLTS>
          <CURRNT_NAMP>0.0268</CURRNT_NAMP>
          <TIME>2021-09-29 10:27:19</TIME>
          <TEMP_DEGC>2.120e+01</TEMP_DEGC>
          <AIR_TEMP_DEGC>21.200</AIR_TEMP_DEGC>
          <RH_PRCNT>21.800</RH_PRCNT>
        </DATA>
        <DATA>
          <VOLTS>120.00</VOLTS>
          <CURRNT_NAMP>0.0281</CURRNT_NAMP>
          <TIME>2021-09-29 10:27:21</TIME>
          <TEMP_DEGC>2.120e+01</TEMP_DEGC>
          <AIR_TEMP_DEGC>21.200</AIR_TEMP_DEGC>
          <RH_PRCNT>21.800</RH_PRCNT>
        </DATA>
        <DATA>
          <VOLTS>130.00</VOLTS>
          <CURRNT_NAMP>0.0295</CURRNT_NAMP>
          <TIME>2021-09-29 10:27:23</TIME>
          <TEMP_DEGC>2.120e+01</TEMP_DEGC>
          <AIR_TEMP_DEGC>21.200</AIR_TEMP_DEGC>
          <RH_PRCNT>21.800</RH_PRCNT>
        </DATA>
        <DATA>
          <VOLTS>140.00</VOLTS>
          <CURRNT_NAMP>0.0344</CURRNT_NAMP>
          <TIME>2021-09-29 10:27:24</TIME>
          <TEMP_DEGC>2.120e+01</TEMP_DEGC>
          <AIR_TEMP_DEGC>21.200</AIR_TEMP_DEGC>
          <RH_PRCNT>21.800</RH_PRCNT>
        </DATA>
        <DATA>
          <VOLTS>150.00</VOLTS>
          <CURRNT_NAMP>0.0449</CURRNT_NAMP>
          <TIME>2021-09-29 10:27:26</TIME>
          <TEMP_DEGC>2.120e+01</TEMP_DEGC>
          <AIR_TEMP_DEGC>21.200</AIR_TEMP_DEGC>
          <RH_PRCNT>21.800</RH_PRCNT>
        </DATA>
        <DATA>
          <VOLTS>160.00</VOLTS>
          <CURRNT_NAMP>0.0655</CURRNT_NAMP>
          <TIME>2021-09-29 10:27:28</TIME>
          <TEMP_DEGC>2.120e+01</TEMP_DEGC>
          <AIR_TEMP_DEGC>21.200</AIR_TEMP_DEGC>
          <RH_PRCNT>21.800</RH_PRCNT>
        </DATA>
        <DATA>
          <VOLTS>170.00</VOLTS>
          <CURRNT_NAMP>0.1017</CURRNT_NAMP>
          <TIME>2021-09-29 10:27:29</TIME>
          <TEMP_DEGC>2.120e+01</TEMP_DEGC>
          <AIR_TEMP_DEGC>21.200</AIR_TEMP_DEGC>
          <RH_PRCNT>21.800</RH_PRCNT>
        </DATA>
        <DATA>
          <VOLTS>180.00</VOLTS>
          <CURRNT_NAMP>0.1546</CURRNT_NAMP>
          <TIME>2021-09-29 10:27:31</TIME>
          <TEMP_DEGC>2.120e+01</TEMP_DEGC>
          <AIR_TEMP_DEGC>21.200</AIR_TEMP_DEGC>
          <RH_PRCNT>21.800</RH_PRCNT>
        </DATA>
        <DATA>
          <VOLTS>190.00</VOLTS>
          <CURRNT_NAMP>0.0625</CURRNT_NAMP>
          <TIME>2021-09-29 10:27:32</TIME>
          <TEMP_DEGC>2.120e+01</TEMP_DEGC>
          <AIR_TEMP_DEGC>21.200</AIR_TEMP_DEGC>
          <RH_PRCNT>21.800</RH_PRCNT>
        </DATA>
        <DATA>
          <VOLTS>200.00</VOLTS>
          <CURRNT_NAMP>0.3107</CURRNT_NAMP>
          <TIME>2021-09-29 10:27:35</TIME>
          <TEMP_DEGC>2.120e+01</TEMP_DEGC>
          <AIR_TEMP_DEGC>21.200</AIR_TEMP_DEGC>
          <RH_PRCNT>21.800</RH_PRCNT>
        </DATA>
        <CHILD_DATA_SET>
          <HEADER>
            <TYPE>
              <EXTENSION_TABLE_NAME>HALFMOON_IV_PAR</EXTENSION_TABLE_NAME>
              <NAME>Tracker Halfmoon IV Parameters</NAME>
            </TYPE>
          </HEADER>
          <DATA_SET>
            <COMMENT_DESCRIPTION>Test</COMMENT_DESCRIPTION>
            <VERSION>IV_measurement</VERSION>
            <PART>
              <NAME_LABEL>37400_037_2-S_HM_WW</NAME_LABEL>
              <KIND_OF_PART>2S Halfmoon W</KIND_OF_PART>
            </PART>
            <DATA>
              <VBD_V>200.000</VBD_V>
            </DATA>
          </DATA_SET>
        </CHILD_DATA_SET>
      </DATA_SET>
    </CHILD_DATA_SET>
  </DATA_SET>
</ROOT>
