<?xml version="1.0"?>
<ROOT>
  <HEADER>
    <TYPE>
      <EXTENSION_TABLE_NAME>HALFMOON_METADATA</EXTENSION_TABLE_NAME>
      <NAME>Tracker Halfmoon Metadata</NAME>
    </TYPE>
    <RUN mode="SEQUENCE_NUMBER" sequence="TRK_OT_RUN_SEQ">
      <RUN_TYPE>PQC</RUN_TYPE>
      <LOCATION>Demokritos</LOCATION>
      <INITIATED_BY_USER>A. Kyriakis</INITIATED_BY_USER>
      <RUN_BEGIN_TIMESTAMP>2021-09-28 09:30:18</RUN_BEGIN_TIMESTAMP>
      <COMMENT_DESCRIPTION>Test</COMMENT_DESCRIPTION>
    </RUN>
  </HEADER>
  <DATA_SET>
    <COMMENT_DESCRIPTION>Metadata with flute and structure</COMMENT_DESCRIPTION>
    <VERSION>v2</VERSION>
    <PART>
      <NAME_LABEL>37400_049_2-S_HM_WW</NAME_LABEL>
      <KIND_OF_PART>2S Halfmoon W</KIND_OF_PART>
    </PART>
    <DATA>
      <KIND_OF_HM_FLUTE_ID>PQC2</KIND_OF_HM_FLUTE_ID>
      <KIND_OF_HM_STRUCT_ID>GCD</KIND_OF_HM_STRUCT_ID>
      <KIND_OF_HM_SET_ID>Left</KIND_OF_HM_SET_ID>
      <KIND_OF_HM_CONFIG_ID>Not Used</KIND_OF_HM_CONFIG_ID>
      <EQUIPMENT>KEITHLEY 2410</EQUIPMENT>
      <WAITING_TIME_S>0.500</WAITING_TIME_S>
      <TEMP_SET_DEGC>20.800</TEMP_SET_DEGC>
      <AV_TEMP_DEGC>20.800</AV_TEMP_DEGC>
      <PROCEDURE_TYPE>GCD1</PROCEDURE_TYPE>
      <FILE_NAME>Demokritos_VPX37400_049_2-S_HM_W_Left_PQC2_GCD_IV.xml</FILE_NAME>
    </DATA>
    <CHILD_DATA_SET>
      <HEADER>
        <TYPE>
          <EXTENSION_TABLE_NAME>TEST_SENSOR_IV</EXTENSION_TABLE_NAME>
          <NAME>Tracker Halfmoon IV Test</NAME>
        </TYPE>
      </HEADER>
      <DATA_SET>
        <COMMENT_DESCRIPTION>Test</COMMENT_DESCRIPTION>
        <VERSION>V2</VERSION>
        <PART>
          <NAME_LABEL>37400_049_2-S_HM_WW</NAME_LABEL>
          <KIND_OF_PART>2S Halfmoon W</KIND_OF_PART>
        </PART>
        <DATA>
          <VOLTS>-15.000</VOLTS>
          <CURRNT_NAMP>-3.515e-03</CURRNT_NAMP>
          <TIME>2021-09-28 09:30:18</TIME>
          <TEMP_DEGC>20.800</TEMP_DEGC>
          <AIR_TEMP_DEGC>20.800</AIR_TEMP_DEGC>
          <RH_PRCNT>26.200</RH_PRCNT>
        </DATA>
        <DATA>
          <VOLTS>-14.900</VOLTS>
          <CURRNT_NAMP>2.621e-03</CURRNT_NAMP>
          <TIME>2021-09-28 09:30:22</TIME>
          <TEMP_DEGC>20.800</TEMP_DEGC>
          <AIR_TEMP_DEGC>20.800</AIR_TEMP_DEGC>
          <RH_PRCNT>26.200</RH_PRCNT>
        </DATA>
        <DATA>
          <VOLTS>-14.800</VOLTS>
          <CURRNT_NAMP>3.769e-03</CURRNT_NAMP>
          <TIME>2021-09-28 09:30:23</TIME>
          <TEMP_DEGC>20.800</TEMP_DEGC>
          <AIR_TEMP_DEGC>20.800</AIR_TEMP_DEGC>
          <RH_PRCNT>26.200</RH_PRCNT>
        </DATA>
        <DATA>
          <VOLTS>-14.700</VOLTS>
          <CURRNT_NAMP>3.970e-03</CURRNT_NAMP>
          <TIME>2021-09-28 09:30:25</TIME>
          <TEMP_DEGC>20.800</TEMP_DEGC>
          <AIR_TEMP_DEGC>20.800</AIR_TEMP_DEGC>
          <RH_PRCNT>26.200</RH_PRCNT>
        </DATA>
        <DATA>
          <VOLTS>-14.600</VOLTS>
          <CURRNT_NAMP>3.985e-03</CURRNT_NAMP>
          <TIME>2021-09-28 09:30:27</TIME>
          <TEMP_DEGC>20.800</TEMP_DEGC>
          <AIR_TEMP_DEGC>20.800</AIR_TEMP_DEGC>
          <RH_PRCNT>26.300</RH_PRCNT>
        </DATA>
        <DATA>
          <VOLTS>-14.500</VOLTS>
          <CURRNT_NAMP>3.989e-03</CURRNT_NAMP>
          <TIME>2021-09-28 09:30:28</TIME>
          <TEMP_DEGC>20.800</TEMP_DEGC>
          <AIR_TEMP_DEGC>20.800</AIR_TEMP_DEGC>
          <RH_PRCNT>26.300</RH_PRCNT>
        </DATA>
        <DATA>
          <VOLTS>-14.400</VOLTS>
          <CURRNT_NAMP>4.012e-03</CURRNT_NAMP>
          <TIME>2021-09-28 09:30:30</TIME>
          <TEMP_DEGC>20.800</TEMP_DEGC>
          <AIR_TEMP_DEGC>20.800</AIR_TEMP_DEGC>
          <RH_PRCNT>26.300</RH_PRCNT>
        </DATA>
        <DATA>
          <VOLTS>-14.300</VOLTS>
          <CURRNT_NAMP>4.026e-03</CURRNT_NAMP>
          <TIME>2021-09-28 09:30:32</TIME>
          <TEMP_DEGC>20.800</TEMP_DEGC>
          <AIR_TEMP_DEGC>20.800</AIR_TEMP_DEGC>
          <RH_PRCNT>26.300</RH_PRCNT>
        </DATA>
        <DATA>
          <VOLTS>-14.200</VOLTS>
          <CURRNT_NAMP>4.027e-03</CURRNT_NAMP>
          <TIME>2021-09-28 09:30:33</TIME>
          <TEMP_DEGC>20.800</TEMP_DEGC>
          <AIR_TEMP_DEGC>20.800</AIR_TEMP_DEGC>
          <RH_PRCNT>26.300</RH_PRCNT>
        </DATA>
        <DATA>
          <VOLTS>-14.100</VOLTS>
          <CURRNT_NAMP>4.007e-03</CURRNT_NAMP>
          <TIME>2021-09-28 09:30:35</TIME>
          <TEMP_DEGC>20.800</TEMP_DEGC>
          <AIR_TEMP_DEGC>20.800</AIR_TEMP_DEGC>
          <RH_PRCNT>26.300</RH_PRCNT>
        </DATA>
        <DATA>
          <VOLTS>-14.000</VOLTS>
          <CURRNT_NAMP>4.016e-03</CURRNT_NAMP>
          <TIME>2021-09-28 09:30:36</TIME>
          <TEMP_DEGC>20.800</TEMP_DEGC>
          <AIR_TEMP_DEGC>20.800</AIR_TEMP_DEGC>
          <RH_PRCNT>26.300</RH_PRCNT>
        </DATA>
        <DATA>
          <VOLTS>-13.900</VOLTS>
          <CURRNT_NAMP>4.033e-03</CURRNT_NAMP>
          <TIME>2021-09-28 09:30:38</TIME>
          <TEMP_DEGC>20.800</TEMP_DEGC>
          <AIR_TEMP_DEGC>20.800</AIR_TEMP_DEGC>
          <RH_PRCNT>26.300</RH_PRCNT>
        </DATA>
        <DATA>
          <VOLTS>-13.800</VOLTS>
          <CURRNT_NAMP>4.031e-03</CURRNT_NAMP>
          <TIME>2021-09-28 09:30:40</TIME>
          <TEMP_DEGC>20.800</TEMP_DEGC>
          <AIR_TEMP_DEGC>20.800</AIR_TEMP_DEGC>
          <RH_PRCNT>26.300</RH_PRCNT>
        </DATA>
        <DATA>
          <VOLTS>-13.700</VOLTS>
          <CURRNT_NAMP>3.993e-03</CURRNT_NAMP>
          <TIME>2021-09-28 09:30:41</TIME>
          <TEMP_DEGC>20.800</TEMP_DEGC>
          <AIR_TEMP_DEGC>20.800</AIR_TEMP_DEGC>
          <RH_PRCNT>26.300</RH_PRCNT>
        </DATA>
        <DATA>
          <VOLTS>-13.600</VOLTS>
          <CURRNT_NAMP>4.015e-03</CURRNT_NAMP>
          <TIME>2021-09-28 09:30:43</TIME>
          <TEMP_DEGC>20.900</TEMP_DEGC>
          <AIR_TEMP_DEGC>20.900</AIR_TEMP_DEGC>
          <RH_PRCNT>26.300</RH_PRCNT>
        </DATA>
        <DATA>
          <VOLTS>-13.500</VOLTS>
          <CURRNT_NAMP>4.020e-03</CURRNT_NAMP>
          <TIME>2021-09-28 09:30:45</TIME>
          <TEMP_DEGC>20.800</TEMP_DEGC>
          <AIR_TEMP_DEGC>20.800</AIR_TEMP_DEGC>
          <RH_PRCNT>26.300</RH_PRCNT>
        </DATA>
        <DATA>
          <VOLTS>-13.400</VOLTS>
          <CURRNT_NAMP>4.061e-03</CURRNT_NAMP>
          <TIME>2021-09-28 09:30:46</TIME>
          <TEMP_DEGC>20.800</TEMP_DEGC>
          <AIR_TEMP_DEGC>20.800</AIR_TEMP_DEGC>
          <RH_PRCNT>26.300</RH_PRCNT>
        </DATA>
        <DATA>
          <VOLTS>-13.300</VOLTS>
          <CURRNT_NAMP>4.072e-03</CURRNT_NAMP>
          <TIME>2021-09-28 09:30:48</TIME>
          <TEMP_DEGC>20.800</TEMP_DEGC>
          <AIR_TEMP_DEGC>20.800</AIR_TEMP_DEGC>
          <RH_PRCNT>26.300</RH_PRCNT>
        </DATA>
        <DATA>
          <VOLTS>-13.200</VOLTS>
          <CURRNT_NAMP>4.040e-03</CURRNT_NAMP>
          <TIME>2021-09-28 09:30:50</TIME>
          <TEMP_DEGC>20.800</TEMP_DEGC>
          <AIR_TEMP_DEGC>20.800</AIR_TEMP_DEGC>
          <RH_PRCNT>26.300</RH_PRCNT>
        </DATA>
        <DATA>
          <VOLTS>-13.100</VOLTS>
          <CURRNT_NAMP>4.044e-03</CURRNT_NAMP>
          <TIME>2021-09-28 09:30:51</TIME>
          <TEMP_DEGC>20.800</TEMP_DEGC>
          <AIR_TEMP_DEGC>20.800</AIR_TEMP_DEGC>
          <RH_PRCNT>26.300</RH_PRCNT>
        </DATA>
        <DATA>
          <VOLTS>-13.000</VOLTS>
          <CURRNT_NAMP>4.047e-03</CURRNT_NAMP>
          <TIME>2021-09-28 09:30:53</TIME>
          <TEMP_DEGC>20.800</TEMP_DEGC>
          <AIR_TEMP_DEGC>20.800</AIR_TEMP_DEGC>
          <RH_PRCNT>26.300</RH_PRCNT>
        </DATA>
        <DATA>
          <VOLTS>-12.900</VOLTS>
          <CURRNT_NAMP>4.030e-03</CURRNT_NAMP>
          <TIME>2021-09-28 09:30:55</TIME>
          <TEMP_DEGC>20.800</TEMP_DEGC>
          <AIR_TEMP_DEGC>20.800</AIR_TEMP_DEGC>
          <RH_PRCNT>26.400</RH_PRCNT>
        </DATA>
        <DATA>
          <VOLTS>-12.800</VOLTS>
          <CURRNT_NAMP>4.021e-03</CURRNT_NAMP>
          <TIME>2021-09-28 09:30:56</TIME>
          <TEMP_DEGC>20.800</TEMP_DEGC>
          <AIR_TEMP_DEGC>20.800</AIR_TEMP_DEGC>
          <RH_PRCNT>26.400</RH_PRCNT>
        </DATA>
        <DATA>
          <VOLTS>-12.700</VOLTS>
          <CURRNT_NAMP>4.037e-03</CURRNT_NAMP>
          <TIME>2021-09-28 09:30:58</TIME>
          <TEMP_DEGC>20.800</TEMP_DEGC>
          <AIR_TEMP_DEGC>20.800</AIR_TEMP_DEGC>
          <RH_PRCNT>26.400</RH_PRCNT>
        </DATA>
        <DATA>
          <VOLTS>-12.600</VOLTS>
          <CURRNT_NAMP>4.029e-03</CURRNT_NAMP>
          <TIME>2021-09-28 09:30:59</TIME>
          <TEMP_DEGC>20.800</TEMP_DEGC>
          <AIR_TEMP_DEGC>20.800</AIR_TEMP_DEGC>
          <RH_PRCNT>26.400</RH_PRCNT>
        </DATA>
        <DATA>
          <VOLTS>-12.500</VOLTS>
          <CURRNT_NAMP>4.038e-03</CURRNT_NAMP>
          <TIME>2021-09-28 09:31:01</TIME>
          <TEMP_DEGC>20.800</TEMP_DEGC>
          <AIR_TEMP_DEGC>20.800</AIR_TEMP_DEGC>
          <RH_PRCNT>26.400</RH_PRCNT>
        </DATA>
        <DATA>
          <VOLTS>-12.400</VOLTS>
          <CURRNT_NAMP>4.048e-03</CURRNT_NAMP>
          <TIME>2021-09-28 09:31:03</TIME>
          <TEMP_DEGC>20.800</TEMP_DEGC>
          <AIR_TEMP_DEGC>20.800</AIR_TEMP_DEGC>
          <RH_PRCNT>26.400</RH_PRCNT>
        </DATA>
        <DATA>
          <VOLTS>-12.300</VOLTS>
          <CURRNT_NAMP>4.061e-03</CURRNT_NAMP>
          <TIME>2021-09-28 09:31:04</TIME>
          <TEMP_DEGC>20.800</TEMP_DEGC>
          <AIR_TEMP_DEGC>20.800</AIR_TEMP_DEGC>
          <RH_PRCNT>26.400</RH_PRCNT>
        </DATA>
        <DATA>
          <VOLTS>-12.200</VOLTS>
          <CURRNT_NAMP>4.049e-03</CURRNT_NAMP>
          <TIME>2021-09-28 09:31:06</TIME>
          <TEMP_DEGC>20.900</TEMP_DEGC>
          <AIR_TEMP_DEGC>20.900</AIR_TEMP_DEGC>
          <RH_PRCNT>26.400</RH_PRCNT>
        </DATA>
        <DATA>
          <VOLTS>-12.100</VOLTS>
          <CURRNT_NAMP>4.061e-03</CURRNT_NAMP>
          <TIME>2021-09-28 09:31:08</TIME>
          <TEMP_DEGC>20.800</TEMP_DEGC>
          <AIR_TEMP_DEGC>20.800</AIR_TEMP_DEGC>
          <RH_PRCNT>26.400</RH_PRCNT>
        </DATA>
        <DATA>
          <VOLTS>-12.000</VOLTS>
          <CURRNT_NAMP>4.063e-03</CURRNT_NAMP>
          <TIME>2021-09-28 09:31:09</TIME>
          <TEMP_DEGC>20.800</TEMP_DEGC>
          <AIR_TEMP_DEGC>20.800</AIR_TEMP_DEGC>
          <RH_PRCNT>26.400</RH_PRCNT>
        </DATA>
        <DATA>
          <VOLTS>-11.900</VOLTS>
          <CURRNT_NAMP>4.064e-03</CURRNT_NAMP>
          <TIME>2021-09-28 09:31:11</TIME>
          <TEMP_DEGC>20.800</TEMP_DEGC>
          <AIR_TEMP_DEGC>20.800</AIR_TEMP_DEGC>
          <RH_PRCNT>26.400</RH_PRCNT>
        </DATA>
        <DATA>
          <VOLTS>-11.800</VOLTS>
          <CURRNT_NAMP>4.089e-03</CURRNT_NAMP>
          <TIME>2021-09-28 09:31:13</TIME>
          <TEMP_DEGC>20.800</TEMP_DEGC>
          <AIR_TEMP_DEGC>20.800</AIR_TEMP_DEGC>
          <RH_PRCNT>26.400</RH_PRCNT>
        </DATA>
        <DATA>
          <VOLTS>-11.700</VOLTS>
          <CURRNT_NAMP>4.095e-03</CURRNT_NAMP>
          <TIME>2021-09-28 09:31:14</TIME>
          <TEMP_DEGC>20.900</TEMP_DEGC>
          <AIR_TEMP_DEGC>20.900</AIR_TEMP_DEGC>
          <RH_PRCNT>26.300</RH_PRCNT>
        </DATA>
        <DATA>
          <VOLTS>-11.600</VOLTS>
          <CURRNT_NAMP>4.094e-03</CURRNT_NAMP>
          <TIME>2021-09-28 09:31:16</TIME>
          <TEMP_DEGC>20.900</TEMP_DEGC>
          <AIR_TEMP_DEGC>20.900</AIR_TEMP_DEGC>
          <RH_PRCNT>26.400</RH_PRCNT>
        </DATA>
        <DATA>
          <VOLTS>-11.500</VOLTS>
          <CURRNT_NAMP>4.106e-03</CURRNT_NAMP>
          <TIME>2021-09-28 09:31:18</TIME>
          <TEMP_DEGC>20.800</TEMP_DEGC>
          <AIR_TEMP_DEGC>20.800</AIR_TEMP_DEGC>
          <RH_PRCNT>26.300</RH_PRCNT>
        </DATA>
        <DATA>
          <VOLTS>-11.400</VOLTS>
          <CURRNT_NAMP>4.129e-03</CURRNT_NAMP>
          <TIME>2021-09-28 09:31:19</TIME>
          <TEMP_DEGC>20.800</TEMP_DEGC>
          <AIR_TEMP_DEGC>20.800</AIR_TEMP_DEGC>
          <RH_PRCNT>26.300</RH_PRCNT>
        </DATA>
        <DATA>
          <VOLTS>-11.300</VOLTS>
          <CURRNT_NAMP>4.132e-03</CURRNT_NAMP>
          <TIME>2021-09-28 09:31:21</TIME>
          <TEMP_DEGC>20.800</TEMP_DEGC>
          <AIR_TEMP_DEGC>20.800</AIR_TEMP_DEGC>
          <RH_PRCNT>26.300</RH_PRCNT>
        </DATA>
        <DATA>
          <VOLTS>-11.200</VOLTS>
          <CURRNT_NAMP>4.142e-03</CURRNT_NAMP>
          <TIME>2021-09-28 09:31:22</TIME>
          <TEMP_DEGC>20.900</TEMP_DEGC>
          <AIR_TEMP_DEGC>20.900</AIR_TEMP_DEGC>
          <RH_PRCNT>26.300</RH_PRCNT>
        </DATA>
        <DATA>
          <VOLTS>-11.100</VOLTS>
          <CURRNT_NAMP>4.143e-03</CURRNT_NAMP>
          <TIME>2021-09-28 09:31:24</TIME>
          <TEMP_DEGC>20.800</TEMP_DEGC>
          <AIR_TEMP_DEGC>20.800</AIR_TEMP_DEGC>
          <RH_PRCNT>26.300</RH_PRCNT>
        </DATA>
        <DATA>
          <VOLTS>-11.000</VOLTS>
          <CURRNT_NAMP>4.151e-03</CURRNT_NAMP>
          <TIME>2021-09-28 09:31:26</TIME>
          <TEMP_DEGC>20.800</TEMP_DEGC>
          <AIR_TEMP_DEGC>20.800</AIR_TEMP_DEGC>
          <RH_PRCNT>26.300</RH_PRCNT>
        </DATA>
        <DATA>
          <VOLTS>-10.900</VOLTS>
          <CURRNT_NAMP>4.176e-03</CURRNT_NAMP>
          <TIME>2021-09-28 09:31:27</TIME>
          <TEMP_DEGC>20.800</TEMP_DEGC>
          <AIR_TEMP_DEGC>20.800</AIR_TEMP_DEGC>
          <RH_PRCNT>26.300</RH_PRCNT>
        </DATA>
        <DATA>
          <VOLTS>-10.800</VOLTS>
          <CURRNT_NAMP>4.178e-03</CURRNT_NAMP>
          <TIME>2021-09-28 09:31:29</TIME>
          <TEMP_DEGC>20.800</TEMP_DEGC>
          <AIR_TEMP_DEGC>20.800</AIR_TEMP_DEGC>
          <RH_PRCNT>26.300</RH_PRCNT>
        </DATA>
        <DATA>
          <VOLTS>-10.700</VOLTS>
          <CURRNT_NAMP>4.214e-03</CURRNT_NAMP>
          <TIME>2021-09-28 09:31:31</TIME>
          <TEMP_DEGC>20.900</TEMP_DEGC>
          <AIR_TEMP_DEGC>20.900</AIR_TEMP_DEGC>
          <RH_PRCNT>26.200</RH_PRCNT>
        </DATA>
        <DATA>
          <VOLTS>-10.600</VOLTS>
          <CURRNT_NAMP>4.233e-03</CURRNT_NAMP>
          <TIME>2021-09-28 09:31:32</TIME>
          <TEMP_DEGC>20.800</TEMP_DEGC>
          <AIR_TEMP_DEGC>20.800</AIR_TEMP_DEGC>
          <RH_PRCNT>26.300</RH_PRCNT>
        </DATA>
        <DATA>
          <VOLTS>-10.500</VOLTS>
          <CURRNT_NAMP>4.228e-03</CURRNT_NAMP>
          <TIME>2021-09-28 09:31:34</TIME>
          <TEMP_DEGC>20.900</TEMP_DEGC>
          <AIR_TEMP_DEGC>20.900</AIR_TEMP_DEGC>
          <RH_PRCNT>26.200</RH_PRCNT>
        </DATA>
        <DATA>
          <VOLTS>-10.400</VOLTS>
          <CURRNT_NAMP>4.251e-03</CURRNT_NAMP>
          <TIME>2021-09-28 09:31:36</TIME>
          <TEMP_DEGC>20.800</TEMP_DEGC>
          <AIR_TEMP_DEGC>20.800</AIR_TEMP_DEGC>
          <RH_PRCNT>26.200</RH_PRCNT>
        </DATA>
        <DATA>
          <VOLTS>-10.300</VOLTS>
          <CURRNT_NAMP>4.276e-03</CURRNT_NAMP>
          <TIME>2021-09-28 09:31:37</TIME>
          <TEMP_DEGC>20.900</TEMP_DEGC>
          <AIR_TEMP_DEGC>20.900</AIR_TEMP_DEGC>
          <RH_PRCNT>26.200</RH_PRCNT>
        </DATA>
        <DATA>
          <VOLTS>-10.200</VOLTS>
          <CURRNT_NAMP>4.299e-03</CURRNT_NAMP>
          <TIME>2021-09-28 09:31:39</TIME>
          <TEMP_DEGC>20.900</TEMP_DEGC>
          <AIR_TEMP_DEGC>20.900</AIR_TEMP_DEGC>
          <RH_PRCNT>26.200</RH_PRCNT>
        </DATA>
        <DATA>
          <VOLTS>-10.100</VOLTS>
          <CURRNT_NAMP>4.294e-03</CURRNT_NAMP>
          <TIME>2021-09-28 09:31:41</TIME>
          <TEMP_DEGC>20.900</TEMP_DEGC>
          <AIR_TEMP_DEGC>20.900</AIR_TEMP_DEGC>
          <RH_PRCNT>26.200</RH_PRCNT>
        </DATA>
        <DATA>
          <VOLTS>-10.000</VOLTS>
          <CURRNT_NAMP>4.299e-03</CURRNT_NAMP>
          <TIME>2021-09-28 09:31:42</TIME>
          <TEMP_DEGC>20.900</TEMP_DEGC>
          <AIR_TEMP_DEGC>20.900</AIR_TEMP_DEGC>
          <RH_PRCNT>26.200</RH_PRCNT>
        </DATA>
        <DATA>
          <VOLTS>-9.900</VOLTS>
          <CURRNT_NAMP>4.346e-03</CURRNT_NAMP>
          <TIME>2021-09-28 09:31:44</TIME>
          <TEMP_DEGC>20.800</TEMP_DEGC>
          <AIR_TEMP_DEGC>20.800</AIR_TEMP_DEGC>
          <RH_PRCNT>26.200</RH_PRCNT>
        </DATA>
        <DATA>
          <VOLTS>-9.800</VOLTS>
          <CURRNT_NAMP>4.368e-03</CURRNT_NAMP>
          <TIME>2021-09-28 09:31:45</TIME>
          <TEMP_DEGC>20.900</TEMP_DEGC>
          <AIR_TEMP_DEGC>20.900</AIR_TEMP_DEGC>
          <RH_PRCNT>26.200</RH_PRCNT>
        </DATA>
        <DATA>
          <VOLTS>-9.700</VOLTS>
          <CURRNT_NAMP>4.396e-03</CURRNT_NAMP>
          <TIME>2021-09-28 09:31:47</TIME>
          <TEMP_DEGC>20.900</TEMP_DEGC>
          <AIR_TEMP_DEGC>20.900</AIR_TEMP_DEGC>
          <RH_PRCNT>26.200</RH_PRCNT>
        </DATA>
        <DATA>
          <VOLTS>-9.600</VOLTS>
          <CURRNT_NAMP>4.432e-03</CURRNT_NAMP>
          <TIME>2021-09-28 09:31:49</TIME>
          <TEMP_DEGC>20.900</TEMP_DEGC>
          <AIR_TEMP_DEGC>20.900</AIR_TEMP_DEGC>
          <RH_PRCNT>26.200</RH_PRCNT>
        </DATA>
        <DATA>
          <VOLTS>-9.500</VOLTS>
          <CURRNT_NAMP>4.473e-03</CURRNT_NAMP>
          <TIME>2021-09-28 09:31:50</TIME>
          <TEMP_DEGC>20.900</TEMP_DEGC>
          <AIR_TEMP_DEGC>20.900</AIR_TEMP_DEGC>
          <RH_PRCNT>26.200</RH_PRCNT>
        </DATA>
        <DATA>
          <VOLTS>-9.400</VOLTS>
          <CURRNT_NAMP>4.511e-03</CURRNT_NAMP>
          <TIME>2021-09-28 09:31:52</TIME>
          <TEMP_DEGC>20.900</TEMP_DEGC>
          <AIR_TEMP_DEGC>20.900</AIR_TEMP_DEGC>
          <RH_PRCNT>26.200</RH_PRCNT>
        </DATA>
        <DATA>
          <VOLTS>-9.300</VOLTS>
          <CURRNT_NAMP>4.520e-03</CURRNT_NAMP>
          <TIME>2021-09-28 09:31:54</TIME>
          <TEMP_DEGC>20.900</TEMP_DEGC>
          <AIR_TEMP_DEGC>20.900</AIR_TEMP_DEGC>
          <RH_PRCNT>26.200</RH_PRCNT>
        </DATA>
        <DATA>
          <VOLTS>-9.200</VOLTS>
          <CURRNT_NAMP>4.571e-03</CURRNT_NAMP>
          <TIME>2021-09-28 09:31:55</TIME>
          <TEMP_DEGC>20.900</TEMP_DEGC>
          <AIR_TEMP_DEGC>20.900</AIR_TEMP_DEGC>
          <RH_PRCNT>26.200</RH_PRCNT>
        </DATA>
        <DATA>
          <VOLTS>-9.100</VOLTS>
          <CURRNT_NAMP>4.641e-03</CURRNT_NAMP>
          <TIME>2021-09-28 09:31:57</TIME>
          <TEMP_DEGC>20.900</TEMP_DEGC>
          <AIR_TEMP_DEGC>20.900</AIR_TEMP_DEGC>
          <RH_PRCNT>26.200</RH_PRCNT>
        </DATA>
        <DATA>
          <VOLTS>-9.000</VOLTS>
          <CURRNT_NAMP>4.704e-03</CURRNT_NAMP>
          <TIME>2021-09-28 09:31:59</TIME>
          <TEMP_DEGC>20.900</TEMP_DEGC>
          <AIR_TEMP_DEGC>20.900</AIR_TEMP_DEGC>
          <RH_PRCNT>26.200</RH_PRCNT>
        </DATA>
        <DATA>
          <VOLTS>-8.900</VOLTS>
          <CURRNT_NAMP>4.737e-03</CURRNT_NAMP>
          <TIME>2021-09-28 09:32:00</TIME>
          <TEMP_DEGC>20.900</TEMP_DEGC>
          <AIR_TEMP_DEGC>20.900</AIR_TEMP_DEGC>
          <RH_PRCNT>26.200</RH_PRCNT>
        </DATA>
        <DATA>
          <VOLTS>-8.800</VOLTS>
          <CURRNT_NAMP>4.833e-03</CURRNT_NAMP>
          <TIME>2021-09-28 09:32:02</TIME>
          <TEMP_DEGC>20.900</TEMP_DEGC>
          <AIR_TEMP_DEGC>20.900</AIR_TEMP_DEGC>
          <RH_PRCNT>26.200</RH_PRCNT>
        </DATA>
        <DATA>
          <VOLTS>-8.700</VOLTS>
          <CURRNT_NAMP>4.918e-03</CURRNT_NAMP>
          <TIME>2021-09-28 09:32:04</TIME>
          <TEMP_DEGC>20.900</TEMP_DEGC>
          <AIR_TEMP_DEGC>20.900</AIR_TEMP_DEGC>
          <RH_PRCNT>26.200</RH_PRCNT>
        </DATA>
        <DATA>
          <VOLTS>-8.600</VOLTS>
          <CURRNT_NAMP>4.988e-03</CURRNT_NAMP>
          <TIME>2021-09-28 09:32:05</TIME>
          <TEMP_DEGC>20.900</TEMP_DEGC>
          <AIR_TEMP_DEGC>20.900</AIR_TEMP_DEGC>
          <RH_PRCNT>26.200</RH_PRCNT>
        </DATA>
        <DATA>
          <VOLTS>-8.500</VOLTS>
          <CURRNT_NAMP>5.116e-03</CURRNT_NAMP>
          <TIME>2021-09-28 09:32:07</TIME>
          <TEMP_DEGC>20.900</TEMP_DEGC>
          <AIR_TEMP_DEGC>20.900</AIR_TEMP_DEGC>
          <RH_PRCNT>26.200</RH_PRCNT>
        </DATA>
        <DATA>
          <VOLTS>-8.400</VOLTS>
          <CURRNT_NAMP>5.238e-03</CURRNT_NAMP>
          <TIME>2021-09-28 09:32:09</TIME>
          <TEMP_DEGC>20.900</TEMP_DEGC>
          <AIR_TEMP_DEGC>20.900</AIR_TEMP_DEGC>
          <RH_PRCNT>26.100</RH_PRCNT>
        </DATA>
        <DATA>
          <VOLTS>-8.300</VOLTS>
          <CURRNT_NAMP>5.426e-03</CURRNT_NAMP>
          <TIME>2021-09-28 09:32:10</TIME>
          <TEMP_DEGC>20.900</TEMP_DEGC>
          <AIR_TEMP_DEGC>20.900</AIR_TEMP_DEGC>
          <RH_PRCNT>26.200</RH_PRCNT>
        </DATA>
        <DATA>
          <VOLTS>-8.200</VOLTS>
          <CURRNT_NAMP>5.679e-03</CURRNT_NAMP>
          <TIME>2021-09-28 09:32:12</TIME>
          <TEMP_DEGC>20.900</TEMP_DEGC>
          <AIR_TEMP_DEGC>20.900</AIR_TEMP_DEGC>
          <RH_PRCNT>26.100</RH_PRCNT>
        </DATA>
        <DATA>
          <VOLTS>-8.100</VOLTS>
          <CURRNT_NAMP>6.024e-03</CURRNT_NAMP>
          <TIME>2021-09-28 09:32:13</TIME>
          <TEMP_DEGC>20.900</TEMP_DEGC>
          <AIR_TEMP_DEGC>20.900</AIR_TEMP_DEGC>
          <RH_PRCNT>26.100</RH_PRCNT>
        </DATA>
        <DATA>
          <VOLTS>-8.000</VOLTS>
          <CURRNT_NAMP>6.579e-03</CURRNT_NAMP>
          <TIME>2021-09-28 09:32:15</TIME>
          <TEMP_DEGC>20.900</TEMP_DEGC>
          <AIR_TEMP_DEGC>20.900</AIR_TEMP_DEGC>
          <RH_PRCNT>26.100</RH_PRCNT>
        </DATA>
        <DATA>
          <VOLTS>-7.900</VOLTS>
          <CURRNT_NAMP>7.309e-03</CURRNT_NAMP>
          <TIME>2021-09-28 09:32:17</TIME>
          <TEMP_DEGC>20.900</TEMP_DEGC>
          <AIR_TEMP_DEGC>20.900</AIR_TEMP_DEGC>
          <RH_PRCNT>26.200</RH_PRCNT>
        </DATA>
        <DATA>
          <VOLTS>-7.800</VOLTS>
          <CURRNT_NAMP>7.722e-03</CURRNT_NAMP>
          <TIME>2021-09-28 09:32:18</TIME>
          <TEMP_DEGC>20.900</TEMP_DEGC>
          <AIR_TEMP_DEGC>20.900</AIR_TEMP_DEGC>
          <RH_PRCNT>26.100</RH_PRCNT>
        </DATA>
        <DATA>
          <VOLTS>-7.700</VOLTS>
          <CURRNT_NAMP>7.903e-03</CURRNT_NAMP>
          <TIME>2021-09-28 09:32:20</TIME>
          <TEMP_DEGC>20.900</TEMP_DEGC>
          <AIR_TEMP_DEGC>20.900</AIR_TEMP_DEGC>
          <RH_PRCNT>26.100</RH_PRCNT>
        </DATA>
        <DATA>
          <VOLTS>-7.600</VOLTS>
          <CURRNT_NAMP>7.936e-03</CURRNT_NAMP>
          <TIME>2021-09-28 09:32:22</TIME>
          <TEMP_DEGC>20.900</TEMP_DEGC>
          <AIR_TEMP_DEGC>20.900</AIR_TEMP_DEGC>
          <RH_PRCNT>26.200</RH_PRCNT>
        </DATA>
        <DATA>
          <VOLTS>-7.500</VOLTS>
          <CURRNT_NAMP>8.029e-03</CURRNT_NAMP>
          <TIME>2021-09-28 09:32:23</TIME>
          <TEMP_DEGC>20.900</TEMP_DEGC>
          <AIR_TEMP_DEGC>20.900</AIR_TEMP_DEGC>
          <RH_PRCNT>26.100</RH_PRCNT>
        </DATA>
        <DATA>
          <VOLTS>-7.400</VOLTS>
          <CURRNT_NAMP>8.227e-03</CURRNT_NAMP>
          <TIME>2021-09-28 09:32:25</TIME>
          <TEMP_DEGC>20.900</TEMP_DEGC>
          <AIR_TEMP_DEGC>20.900</AIR_TEMP_DEGC>
          <RH_PRCNT>26.100</RH_PRCNT>
        </DATA>
        <DATA>
          <VOLTS>-7.300</VOLTS>
          <CURRNT_NAMP>8.330e-03</CURRNT_NAMP>
          <TIME>2021-09-28 09:32:27</TIME>
          <TEMP_DEGC>20.900</TEMP_DEGC>
          <AIR_TEMP_DEGC>20.900</AIR_TEMP_DEGC>
          <RH_PRCNT>26.200</RH_PRCNT>
        </DATA>
        <DATA>
          <VOLTS>-7.200</VOLTS>
          <CURRNT_NAMP>8.345e-03</CURRNT_NAMP>
          <TIME>2021-09-28 09:32:28</TIME>
          <TEMP_DEGC>20.900</TEMP_DEGC>
          <AIR_TEMP_DEGC>20.900</AIR_TEMP_DEGC>
          <RH_PRCNT>26.200</RH_PRCNT>
        </DATA>
        <DATA>
          <VOLTS>-7.100</VOLTS>
          <CURRNT_NAMP>8.362e-03</CURRNT_NAMP>
          <TIME>2021-09-28 09:32:30</TIME>
          <TEMP_DEGC>20.900</TEMP_DEGC>
          <AIR_TEMP_DEGC>20.900</AIR_TEMP_DEGC>
          <RH_PRCNT>26.100</RH_PRCNT>
        </DATA>
        <DATA>
          <VOLTS>-7.000</VOLTS>
          <CURRNT_NAMP>8.358e-03</CURRNT_NAMP>
          <TIME>2021-09-28 09:32:32</TIME>
          <TEMP_DEGC>20.900</TEMP_DEGC>
          <AIR_TEMP_DEGC>20.900</AIR_TEMP_DEGC>
          <RH_PRCNT>26.100</RH_PRCNT>
        </DATA>
        <DATA>
          <VOLTS>-6.900</VOLTS>
          <CURRNT_NAMP>8.401e-03</CURRNT_NAMP>
          <TIME>2021-09-28 09:32:33</TIME>
          <TEMP_DEGC>20.900</TEMP_DEGC>
          <AIR_TEMP_DEGC>20.900</AIR_TEMP_DEGC>
          <RH_PRCNT>26.100</RH_PRCNT>
        </DATA>
        <DATA>
          <VOLTS>-6.800</VOLTS>
          <CURRNT_NAMP>8.358e-03</CURRNT_NAMP>
          <TIME>2021-09-28 09:32:35</TIME>
          <TEMP_DEGC>20.900</TEMP_DEGC>
          <AIR_TEMP_DEGC>20.900</AIR_TEMP_DEGC>
          <RH_PRCNT>26.100</RH_PRCNT>
        </DATA>
        <DATA>
          <VOLTS>-6.700</VOLTS>
          <CURRNT_NAMP>8.359e-03</CURRNT_NAMP>
          <TIME>2021-09-28 09:32:36</TIME>
          <TEMP_DEGC>20.900</TEMP_DEGC>
          <AIR_TEMP_DEGC>20.900</AIR_TEMP_DEGC>
          <RH_PRCNT>26.100</RH_PRCNT>
        </DATA>
        <DATA>
          <VOLTS>-6.600</VOLTS>
          <CURRNT_NAMP>8.365e-03</CURRNT_NAMP>
          <TIME>2021-09-28 09:32:38</TIME>
          <TEMP_DEGC>20.900</TEMP_DEGC>
          <AIR_TEMP_DEGC>20.900</AIR_TEMP_DEGC>
          <RH_PRCNT>26.100</RH_PRCNT>
        </DATA>
        <DATA>
          <VOLTS>-6.500</VOLTS>
          <CURRNT_NAMP>8.363e-03</CURRNT_NAMP>
          <TIME>2021-09-28 09:32:40</TIME>
          <TEMP_DEGC>20.900</TEMP_DEGC>
          <AIR_TEMP_DEGC>20.900</AIR_TEMP_DEGC>
          <RH_PRCNT>26.100</RH_PRCNT>
        </DATA>
        <DATA>
          <VOLTS>-6.400</VOLTS>
          <CURRNT_NAMP>8.345e-03</CURRNT_NAMP>
          <TIME>2021-09-28 09:32:41</TIME>
          <TEMP_DEGC>20.900</TEMP_DEGC>
          <AIR_TEMP_DEGC>20.900</AIR_TEMP_DEGC>
          <RH_PRCNT>26.100</RH_PRCNT>
        </DATA>
        <DATA>
          <VOLTS>-6.300</VOLTS>
          <CURRNT_NAMP>8.339e-03</CURRNT_NAMP>
          <TIME>2021-09-28 09:32:43</TIME>
          <TEMP_DEGC>20.900</TEMP_DEGC>
          <AIR_TEMP_DEGC>20.900</AIR_TEMP_DEGC>
          <RH_PRCNT>26.100</RH_PRCNT>
        </DATA>
        <DATA>
          <VOLTS>-6.200</VOLTS>
          <CURRNT_NAMP>8.336e-03</CURRNT_NAMP>
          <TIME>2021-09-28 09:32:45</TIME>
          <TEMP_DEGC>20.900</TEMP_DEGC>
          <AIR_TEMP_DEGC>20.900</AIR_TEMP_DEGC>
          <RH_PRCNT>26.100</RH_PRCNT>
        </DATA>
        <DATA>
          <VOLTS>-6.100</VOLTS>
          <CURRNT_NAMP>8.325e-03</CURRNT_NAMP>
          <TIME>2021-09-28 09:32:46</TIME>
          <TEMP_DEGC>20.900</TEMP_DEGC>
          <AIR_TEMP_DEGC>20.900</AIR_TEMP_DEGC>
          <RH_PRCNT>26.100</RH_PRCNT>
        </DATA>
        <DATA>
          <VOLTS>-6.000</VOLTS>
          <CURRNT_NAMP>8.328e-03</CURRNT_NAMP>
          <TIME>2021-09-28 09:32:48</TIME>
          <TEMP_DEGC>20.900</TEMP_DEGC>
          <AIR_TEMP_DEGC>20.900</AIR_TEMP_DEGC>
          <RH_PRCNT>26.100</RH_PRCNT>
        </DATA>
        <DATA>
          <VOLTS>-5.900</VOLTS>
          <CURRNT_NAMP>8.320e-03</CURRNT_NAMP>
          <TIME>2021-09-28 09:32:50</TIME>
          <TEMP_DEGC>20.900</TEMP_DEGC>
          <AIR_TEMP_DEGC>20.900</AIR_TEMP_DEGC>
          <RH_PRCNT>26.100</RH_PRCNT>
        </DATA>
        <DATA>
          <VOLTS>-5.800</VOLTS>
          <CURRNT_NAMP>8.318e-03</CURRNT_NAMP>
          <TIME>2021-09-28 09:32:51</TIME>
          <TEMP_DEGC>20.900</TEMP_DEGC>
          <AIR_TEMP_DEGC>20.900</AIR_TEMP_DEGC>
          <RH_PRCNT>26.100</RH_PRCNT>
        </DATA>
        <DATA>
          <VOLTS>-5.700</VOLTS>
          <CURRNT_NAMP>8.311e-03</CURRNT_NAMP>
          <TIME>2021-09-28 09:32:53</TIME>
          <TEMP_DEGC>20.900</TEMP_DEGC>
          <AIR_TEMP_DEGC>20.900</AIR_TEMP_DEGC>
          <RH_PRCNT>26.100</RH_PRCNT>
        </DATA>
        <DATA>
          <VOLTS>-5.600</VOLTS>
          <CURRNT_NAMP>8.307e-03</CURRNT_NAMP>
          <TIME>2021-09-28 09:32:55</TIME>
          <TEMP_DEGC>20.900</TEMP_DEGC>
          <AIR_TEMP_DEGC>20.900</AIR_TEMP_DEGC>
          <RH_PRCNT>26.100</RH_PRCNT>
        </DATA>
        <DATA>
          <VOLTS>-5.500</VOLTS>
          <CURRNT_NAMP>8.300e-03</CURRNT_NAMP>
          <TIME>2021-09-28 09:32:56</TIME>
          <TEMP_DEGC>20.900</TEMP_DEGC>
          <AIR_TEMP_DEGC>20.900</AIR_TEMP_DEGC>
          <RH_PRCNT>26.100</RH_PRCNT>
        </DATA>
        <DATA>
          <VOLTS>-5.400</VOLTS>
          <CURRNT_NAMP>8.290e-03</CURRNT_NAMP>
          <TIME>2021-09-28 09:32:58</TIME>
          <TEMP_DEGC>20.900</TEMP_DEGC>
          <AIR_TEMP_DEGC>20.900</AIR_TEMP_DEGC>
          <RH_PRCNT>26.100</RH_PRCNT>
        </DATA>
        <DATA>
          <VOLTS>-5.300</VOLTS>
          <CURRNT_NAMP>8.285e-03</CURRNT_NAMP>
          <TIME>2021-09-28 09:32:59</TIME>
          <TEMP_DEGC>20.900</TEMP_DEGC>
          <AIR_TEMP_DEGC>20.900</AIR_TEMP_DEGC>
          <RH_PRCNT>26.100</RH_PRCNT>
        </DATA>
        <DATA>
          <VOLTS>-5.200</VOLTS>
          <CURRNT_NAMP>8.289e-03</CURRNT_NAMP>
          <TIME>2021-09-28 09:33:01</TIME>
          <TEMP_DEGC>20.900</TEMP_DEGC>
          <AIR_TEMP_DEGC>20.900</AIR_TEMP_DEGC>
          <RH_PRCNT>26.100</RH_PRCNT>
        </DATA>
        <DATA>
          <VOLTS>-5.100</VOLTS>
          <CURRNT_NAMP>8.276e-03</CURRNT_NAMP>
          <TIME>2021-09-28 09:33:03</TIME>
          <TEMP_DEGC>20.900</TEMP_DEGC>
          <AIR_TEMP_DEGC>20.900</AIR_TEMP_DEGC>
          <RH_PRCNT>26.100</RH_PRCNT>
        </DATA>
        <DATA>
          <VOLTS>-5.000</VOLTS>
          <CURRNT_NAMP>8.260e-03</CURRNT_NAMP>
          <TIME>2021-09-28 09:33:04</TIME>
          <TEMP_DEGC>20.900</TEMP_DEGC>
          <AIR_TEMP_DEGC>20.900</AIR_TEMP_DEGC>
          <RH_PRCNT>26.100</RH_PRCNT>
        </DATA>
        <DATA>
          <VOLTS>-4.900</VOLTS>
          <CURRNT_NAMP>8.263e-03</CURRNT_NAMP>
          <TIME>2021-09-28 09:33:06</TIME>
          <TEMP_DEGC>20.900</TEMP_DEGC>
          <AIR_TEMP_DEGC>20.900</AIR_TEMP_DEGC>
          <RH_PRCNT>26.100</RH_PRCNT>
        </DATA>
        <DATA>
          <VOLTS>-4.800</VOLTS>
          <CURRNT_NAMP>8.250e-03</CURRNT_NAMP>
          <TIME>2021-09-28 09:33:08</TIME>
          <TEMP_DEGC>20.900</TEMP_DEGC>
          <AIR_TEMP_DEGC>20.900</AIR_TEMP_DEGC>
          <RH_PRCNT>26.100</RH_PRCNT>
        </DATA>
        <DATA>
          <VOLTS>-4.700</VOLTS>
          <CURRNT_NAMP>8.251e-03</CURRNT_NAMP>
          <TIME>2021-09-28 09:33:09</TIME>
          <TEMP_DEGC>20.900</TEMP_DEGC>
          <AIR_TEMP_DEGC>20.900</AIR_TEMP_DEGC>
          <RH_PRCNT>26.000</RH_PRCNT>
        </DATA>
        <DATA>
          <VOLTS>-4.600</VOLTS>
          <CURRNT_NAMP>8.280e-03</CURRNT_NAMP>
          <TIME>2021-09-28 09:33:11</TIME>
          <TEMP_DEGC>20.900</TEMP_DEGC>
          <AIR_TEMP_DEGC>20.900</AIR_TEMP_DEGC>
          <RH_PRCNT>26.100</RH_PRCNT>
        </DATA>
        <DATA>
          <VOLTS>-4.500</VOLTS>
          <CURRNT_NAMP>8.275e-03</CURRNT_NAMP>
          <TIME>2021-09-28 09:33:13</TIME>
          <TEMP_DEGC>20.900</TEMP_DEGC>
          <AIR_TEMP_DEGC>20.900</AIR_TEMP_DEGC>
          <RH_PRCNT>26.000</RH_PRCNT>
        </DATA>
        <DATA>
          <VOLTS>-4.400</VOLTS>
          <CURRNT_NAMP>8.232e-03</CURRNT_NAMP>
          <TIME>2021-09-28 09:33:14</TIME>
          <TEMP_DEGC>20.900</TEMP_DEGC>
          <AIR_TEMP_DEGC>20.900</AIR_TEMP_DEGC>
          <RH_PRCNT>26.000</RH_PRCNT>
        </DATA>
        <DATA>
          <VOLTS>-4.300</VOLTS>
          <CURRNT_NAMP>8.213e-03</CURRNT_NAMP>
          <TIME>2021-09-28 09:33:16</TIME>
          <TEMP_DEGC>20.900</TEMP_DEGC>
          <AIR_TEMP_DEGC>20.900</AIR_TEMP_DEGC>
          <RH_PRCNT>26.100</RH_PRCNT>
        </DATA>
        <DATA>
          <VOLTS>-4.200</VOLTS>
          <CURRNT_NAMP>8.203e-03</CURRNT_NAMP>
          <TIME>2021-09-28 09:33:18</TIME>
          <TEMP_DEGC>20.900</TEMP_DEGC>
          <AIR_TEMP_DEGC>20.900</AIR_TEMP_DEGC>
          <RH_PRCNT>26.000</RH_PRCNT>
        </DATA>
        <DATA>
          <VOLTS>-4.100</VOLTS>
          <CURRNT_NAMP>8.243e-03</CURRNT_NAMP>
          <TIME>2021-09-28 09:33:19</TIME>
          <TEMP_DEGC>20.900</TEMP_DEGC>
          <AIR_TEMP_DEGC>20.900</AIR_TEMP_DEGC>
          <RH_PRCNT>26.000</RH_PRCNT>
        </DATA>
        <DATA>
          <VOLTS>-4.000</VOLTS>
          <CURRNT_NAMP>8.205e-03</CURRNT_NAMP>
          <TIME>2021-09-28 09:33:21</TIME>
          <TEMP_DEGC>20.900</TEMP_DEGC>
          <AIR_TEMP_DEGC>20.900</AIR_TEMP_DEGC>
          <RH_PRCNT>26.000</RH_PRCNT>
        </DATA>
        <DATA>
          <VOLTS>-3.900</VOLTS>
          <CURRNT_NAMP>8.182e-03</CURRNT_NAMP>
          <TIME>2021-09-28 09:33:22</TIME>
          <TEMP_DEGC>20.900</TEMP_DEGC>
          <AIR_TEMP_DEGC>20.900</AIR_TEMP_DEGC>
          <RH_PRCNT>26.000</RH_PRCNT>
        </DATA>
        <DATA>
          <VOLTS>-3.800</VOLTS>
          <CURRNT_NAMP>8.203e-03</CURRNT_NAMP>
          <TIME>2021-09-28 09:33:24</TIME>
          <TEMP_DEGC>20.900</TEMP_DEGC>
          <AIR_TEMP_DEGC>20.900</AIR_TEMP_DEGC>
          <RH_PRCNT>26.000</RH_PRCNT>
        </DATA>
        <DATA>
          <VOLTS>-3.700</VOLTS>
          <CURRNT_NAMP>8.162e-03</CURRNT_NAMP>
          <TIME>2021-09-28 09:33:26</TIME>
          <TEMP_DEGC>20.900</TEMP_DEGC>
          <AIR_TEMP_DEGC>20.900</AIR_TEMP_DEGC>
          <RH_PRCNT>26.000</RH_PRCNT>
        </DATA>
        <DATA>
          <VOLTS>-3.600</VOLTS>
          <CURRNT_NAMP>8.145e-03</CURRNT_NAMP>
          <TIME>2021-09-28 09:33:27</TIME>
          <TEMP_DEGC>20.900</TEMP_DEGC>
          <AIR_TEMP_DEGC>20.900</AIR_TEMP_DEGC>
          <RH_PRCNT>26.000</RH_PRCNT>
        </DATA>
        <DATA>
          <VOLTS>-3.500</VOLTS>
          <CURRNT_NAMP>8.136e-03</CURRNT_NAMP>
          <TIME>2021-09-28 09:33:29</TIME>
          <TEMP_DEGC>20.900</TEMP_DEGC>
          <AIR_TEMP_DEGC>20.900</AIR_TEMP_DEGC>
          <RH_PRCNT>26.000</RH_PRCNT>
        </DATA>
        <DATA>
          <VOLTS>-3.400</VOLTS>
          <CURRNT_NAMP>8.088e-03</CURRNT_NAMP>
          <TIME>2021-09-28 09:33:31</TIME>
          <TEMP_DEGC>20.900</TEMP_DEGC>
          <AIR_TEMP_DEGC>20.900</AIR_TEMP_DEGC>
          <RH_PRCNT>26.000</RH_PRCNT>
        </DATA>
        <DATA>
          <VOLTS>-3.300</VOLTS>
          <CURRNT_NAMP>8.066e-03</CURRNT_NAMP>
          <TIME>2021-09-28 09:33:32</TIME>
          <TEMP_DEGC>20.900</TEMP_DEGC>
          <AIR_TEMP_DEGC>20.900</AIR_TEMP_DEGC>
          <RH_PRCNT>26.000</RH_PRCNT>
        </DATA>
        <DATA>
          <VOLTS>-3.200</VOLTS>
          <CURRNT_NAMP>8.036e-03</CURRNT_NAMP>
          <TIME>2021-09-28 09:33:34</TIME>
          <TEMP_DEGC>20.900</TEMP_DEGC>
          <AIR_TEMP_DEGC>20.900</AIR_TEMP_DEGC>
          <RH_PRCNT>26.000</RH_PRCNT>
        </DATA>
        <DATA>
          <VOLTS>-3.100</VOLTS>
          <CURRNT_NAMP>8.040e-03</CURRNT_NAMP>
          <TIME>2021-09-28 09:33:36</TIME>
          <TEMP_DEGC>20.900</TEMP_DEGC>
          <AIR_TEMP_DEGC>20.900</AIR_TEMP_DEGC>
          <RH_PRCNT>26.000</RH_PRCNT>
        </DATA>
        <DATA>
          <VOLTS>-3.000</VOLTS>
          <CURRNT_NAMP>7.980e-03</CURRNT_NAMP>
          <TIME>2021-09-28 09:33:37</TIME>
          <TEMP_DEGC>20.900</TEMP_DEGC>
          <AIR_TEMP_DEGC>20.900</AIR_TEMP_DEGC>
          <RH_PRCNT>26.000</RH_PRCNT>
        </DATA>
        <DATA>
          <VOLTS>-2.900</VOLTS>
          <CURRNT_NAMP>7.931e-03</CURRNT_NAMP>
          <TIME>2021-09-28 09:33:39</TIME>
          <TEMP_DEGC>20.900</TEMP_DEGC>
          <AIR_TEMP_DEGC>20.900</AIR_TEMP_DEGC>
          <RH_PRCNT>26.000</RH_PRCNT>
        </DATA>
        <DATA>
          <VOLTS>-2.800</VOLTS>
          <CURRNT_NAMP>7.886e-03</CURRNT_NAMP>
          <TIME>2021-09-28 09:33:41</TIME>
          <TEMP_DEGC>20.900</TEMP_DEGC>
          <AIR_TEMP_DEGC>20.900</AIR_TEMP_DEGC>
          <RH_PRCNT>26.000</RH_PRCNT>
        </DATA>
        <DATA>
          <VOLTS>-2.700</VOLTS>
          <CURRNT_NAMP>7.773e-03</CURRNT_NAMP>
          <TIME>2021-09-28 09:33:42</TIME>
          <TEMP_DEGC>20.900</TEMP_DEGC>
          <AIR_TEMP_DEGC>20.900</AIR_TEMP_DEGC>
          <RH_PRCNT>26.000</RH_PRCNT>
        </DATA>
        <DATA>
          <VOLTS>-2.600</VOLTS>
          <CURRNT_NAMP>7.588e-03</CURRNT_NAMP>
          <TIME>2021-09-28 09:33:44</TIME>
          <TEMP_DEGC>20.900</TEMP_DEGC>
          <AIR_TEMP_DEGC>20.900</AIR_TEMP_DEGC>
          <RH_PRCNT>26.000</RH_PRCNT>
        </DATA>
        <DATA>
          <VOLTS>-2.500</VOLTS>
          <CURRNT_NAMP>7.304e-03</CURRNT_NAMP>
          <TIME>2021-09-28 09:33:46</TIME>
          <TEMP_DEGC>20.900</TEMP_DEGC>
          <AIR_TEMP_DEGC>20.900</AIR_TEMP_DEGC>
          <RH_PRCNT>25.900</RH_PRCNT>
        </DATA>
        <DATA>
          <VOLTS>-2.400</VOLTS>
          <CURRNT_NAMP>6.609e-03</CURRNT_NAMP>
          <TIME>2021-09-28 09:33:47</TIME>
          <TEMP_DEGC>20.900</TEMP_DEGC>
          <AIR_TEMP_DEGC>20.900</AIR_TEMP_DEGC>
          <RH_PRCNT>25.900</RH_PRCNT>
        </DATA>
        <DATA>
          <VOLTS>-2.300</VOLTS>
          <CURRNT_NAMP>5.271e-03</CURRNT_NAMP>
          <TIME>2021-09-28 09:33:49</TIME>
          <TEMP_DEGC>20.900</TEMP_DEGC>
          <AIR_TEMP_DEGC>20.900</AIR_TEMP_DEGC>
          <RH_PRCNT>26.000</RH_PRCNT>
        </DATA>
        <DATA>
          <VOLTS>-2.200</VOLTS>
          <CURRNT_NAMP>4.349e-03</CURRNT_NAMP>
          <TIME>2021-09-28 09:33:50</TIME>
          <TEMP_DEGC>20.900</TEMP_DEGC>
          <AIR_TEMP_DEGC>20.900</AIR_TEMP_DEGC>
          <RH_PRCNT>25.900</RH_PRCNT>
        </DATA>
        <DATA>
          <VOLTS>-2.100</VOLTS>
          <CURRNT_NAMP>3.960e-03</CURRNT_NAMP>
          <TIME>2021-09-28 09:33:52</TIME>
          <TEMP_DEGC>20.900</TEMP_DEGC>
          <AIR_TEMP_DEGC>20.900</AIR_TEMP_DEGC>
          <RH_PRCNT>25.900</RH_PRCNT>
        </DATA>
        <DATA>
          <VOLTS>-2.000</VOLTS>
          <CURRNT_NAMP>3.721e-03</CURRNT_NAMP>
          <TIME>2021-09-28 09:33:54</TIME>
          <TEMP_DEGC>20.900</TEMP_DEGC>
          <AIR_TEMP_DEGC>20.900</AIR_TEMP_DEGC>
          <RH_PRCNT>25.900</RH_PRCNT>
        </DATA>
        <DATA>
          <VOLTS>-1.900</VOLTS>
          <CURRNT_NAMP>3.343e-03</CURRNT_NAMP>
          <TIME>2021-09-28 09:33:55</TIME>
          <TEMP_DEGC>20.900</TEMP_DEGC>
          <AIR_TEMP_DEGC>20.900</AIR_TEMP_DEGC>
          <RH_PRCNT>25.900</RH_PRCNT>
        </DATA>
        <DATA>
          <VOLTS>-1.800</VOLTS>
          <CURRNT_NAMP>3.005e-03</CURRNT_NAMP>
          <TIME>2021-09-28 09:33:57</TIME>
          <TEMP_DEGC>20.900</TEMP_DEGC>
          <AIR_TEMP_DEGC>20.900</AIR_TEMP_DEGC>
          <RH_PRCNT>25.900</RH_PRCNT>
        </DATA>
        <DATA>
          <VOLTS>-1.700</VOLTS>
          <CURRNT_NAMP>2.863e-03</CURRNT_NAMP>
          <TIME>2021-09-28 09:33:59</TIME>
          <TEMP_DEGC>20.900</TEMP_DEGC>
          <AIR_TEMP_DEGC>20.900</AIR_TEMP_DEGC>
          <RH_PRCNT>25.900</RH_PRCNT>
        </DATA>
        <DATA>
          <VOLTS>-1.600</VOLTS>
          <CURRNT_NAMP>2.848e-03</CURRNT_NAMP>
          <TIME>2021-09-28 09:34:00</TIME>
          <TEMP_DEGC>20.900</TEMP_DEGC>
          <AIR_TEMP_DEGC>20.900</AIR_TEMP_DEGC>
          <RH_PRCNT>25.900</RH_PRCNT>
        </DATA>
        <DATA>
          <VOLTS>-1.500</VOLTS>
          <CURRNT_NAMP>2.778e-03</CURRNT_NAMP>
          <TIME>2021-09-28 09:34:02</TIME>
          <TEMP_DEGC>20.900</TEMP_DEGC>
          <AIR_TEMP_DEGC>20.900</AIR_TEMP_DEGC>
          <RH_PRCNT>25.900</RH_PRCNT>
        </DATA>
        <DATA>
          <VOLTS>-1.400</VOLTS>
          <CURRNT_NAMP>2.750e-03</CURRNT_NAMP>
          <TIME>2021-09-28 09:34:04</TIME>
          <TEMP_DEGC>20.900</TEMP_DEGC>
          <AIR_TEMP_DEGC>20.900</AIR_TEMP_DEGC>
          <RH_PRCNT>25.900</RH_PRCNT>
        </DATA>
        <DATA>
          <VOLTS>-1.300</VOLTS>
          <CURRNT_NAMP>2.721e-03</CURRNT_NAMP>
          <TIME>2021-09-28 09:34:05</TIME>
          <TEMP_DEGC>20.900</TEMP_DEGC>
          <AIR_TEMP_DEGC>20.900</AIR_TEMP_DEGC>
          <RH_PRCNT>25.900</RH_PRCNT>
        </DATA>
        <DATA>
          <VOLTS>-1.200</VOLTS>
          <CURRNT_NAMP>2.714e-03</CURRNT_NAMP>
          <TIME>2021-09-28 09:34:07</TIME>
          <TEMP_DEGC>20.900</TEMP_DEGC>
          <AIR_TEMP_DEGC>20.900</AIR_TEMP_DEGC>
          <RH_PRCNT>25.900</RH_PRCNT>
        </DATA>
        <DATA>
          <VOLTS>-1.100</VOLTS>
          <CURRNT_NAMP>2.696e-03</CURRNT_NAMP>
          <TIME>2021-09-28 09:34:09</TIME>
          <TEMP_DEGC>20.900</TEMP_DEGC>
          <AIR_TEMP_DEGC>20.900</AIR_TEMP_DEGC>
          <RH_PRCNT>25.900</RH_PRCNT>
        </DATA>
        <DATA>
          <VOLTS>-1.000</VOLTS>
          <CURRNT_NAMP>2.683e-03</CURRNT_NAMP>
          <TIME>2021-09-28 09:34:10</TIME>
          <TEMP_DEGC>20.900</TEMP_DEGC>
          <AIR_TEMP_DEGC>20.900</AIR_TEMP_DEGC>
          <RH_PRCNT>25.900</RH_PRCNT>
        </DATA>
        <DATA>
          <VOLTS>-0.900</VOLTS>
          <CURRNT_NAMP>2.759e-03</CURRNT_NAMP>
          <TIME>2021-09-28 09:34:12</TIME>
          <TEMP_DEGC>20.900</TEMP_DEGC>
          <AIR_TEMP_DEGC>20.900</AIR_TEMP_DEGC>
          <RH_PRCNT>25.900</RH_PRCNT>
        </DATA>
        <DATA>
          <VOLTS>-0.800</VOLTS>
          <CURRNT_NAMP>2.508e-03</CURRNT_NAMP>
          <TIME>2021-09-28 09:34:14</TIME>
          <TEMP_DEGC>20.900</TEMP_DEGC>
          <AIR_TEMP_DEGC>20.900</AIR_TEMP_DEGC>
          <RH_PRCNT>25.900</RH_PRCNT>
        </DATA>
        <DATA>
          <VOLTS>-0.700</VOLTS>
          <CURRNT_NAMP>2.630e-03</CURRNT_NAMP>
          <TIME>2021-09-28 09:34:15</TIME>
          <TEMP_DEGC>20.900</TEMP_DEGC>
          <AIR_TEMP_DEGC>20.900</AIR_TEMP_DEGC>
          <RH_PRCNT>26.000</RH_PRCNT>
        </DATA>
        <DATA>
          <VOLTS>-0.600</VOLTS>
          <CURRNT_NAMP>2.559e-03</CURRNT_NAMP>
          <TIME>2021-09-28 09:34:17</TIME>
          <TEMP_DEGC>20.900</TEMP_DEGC>
          <AIR_TEMP_DEGC>20.900</AIR_TEMP_DEGC>
          <RH_PRCNT>26.000</RH_PRCNT>
        </DATA>
        <DATA>
          <VOLTS>-0.500</VOLTS>
          <CURRNT_NAMP>2.558e-03</CURRNT_NAMP>
          <TIME>2021-09-28 09:34:18</TIME>
          <TEMP_DEGC>20.900</TEMP_DEGC>
          <AIR_TEMP_DEGC>20.900</AIR_TEMP_DEGC>
          <RH_PRCNT>25.900</RH_PRCNT>
        </DATA>
        <DATA>
          <VOLTS>-0.400</VOLTS>
          <CURRNT_NAMP>2.599e-03</CURRNT_NAMP>
          <TIME>2021-09-28 09:34:20</TIME>
          <TEMP_DEGC>20.900</TEMP_DEGC>
          <AIR_TEMP_DEGC>20.900</AIR_TEMP_DEGC>
          <RH_PRCNT>25.900</RH_PRCNT>
        </DATA>
        <DATA>
          <VOLTS>-0.300</VOLTS>
          <CURRNT_NAMP>2.635e-03</CURRNT_NAMP>
          <TIME>2021-09-28 09:34:22</TIME>
          <TEMP_DEGC>20.900</TEMP_DEGC>
          <AIR_TEMP_DEGC>20.900</AIR_TEMP_DEGC>
          <RH_PRCNT>26.000</RH_PRCNT>
        </DATA>
        <DATA>
          <VOLTS>-0.200</VOLTS>
          <CURRNT_NAMP>2.655e-03</CURRNT_NAMP>
          <TIME>2021-09-28 09:34:23</TIME>
          <TEMP_DEGC>20.900</TEMP_DEGC>
          <AIR_TEMP_DEGC>20.900</AIR_TEMP_DEGC>
          <RH_PRCNT>25.900</RH_PRCNT>
        </DATA>
        <DATA>
          <VOLTS>-0.100</VOLTS>
          <CURRNT_NAMP>2.635e-03</CURRNT_NAMP>
          <TIME>2021-09-28 09:34:25</TIME>
          <TEMP_DEGC>20.900</TEMP_DEGC>
          <AIR_TEMP_DEGC>20.900</AIR_TEMP_DEGC>
          <RH_PRCNT>25.900</RH_PRCNT>
        </DATA>
        <DATA>
          <VOLTS>0.000</VOLTS>
          <CURRNT_NAMP>2.665e-03</CURRNT_NAMP>
          <TIME>2021-09-28 09:34:27</TIME>
          <TEMP_DEGC>20.900</TEMP_DEGC>
          <AIR_TEMP_DEGC>20.900</AIR_TEMP_DEGC>
          <RH_PRCNT>26.000</RH_PRCNT>
        </DATA>
        <DATA>
          <VOLTS>0.100</VOLTS>
          <CURRNT_NAMP>2.634e-03</CURRNT_NAMP>
          <TIME>2021-09-28 09:34:28</TIME>
          <TEMP_DEGC>20.900</TEMP_DEGC>
          <AIR_TEMP_DEGC>20.900</AIR_TEMP_DEGC>
          <RH_PRCNT>25.900</RH_PRCNT>
        </DATA>
        <DATA>
          <VOLTS>0.200</VOLTS>
          <CURRNT_NAMP>2.632e-03</CURRNT_NAMP>
          <TIME>2021-09-28 09:34:30</TIME>
          <TEMP_DEGC>21.000</TEMP_DEGC>
          <AIR_TEMP_DEGC>21.000</AIR_TEMP_DEGC>
          <RH_PRCNT>25.900</RH_PRCNT>
        </DATA>
        <DATA>
          <VOLTS>0.300</VOLTS>
          <CURRNT_NAMP>2.649e-03</CURRNT_NAMP>
          <TIME>2021-09-28 09:34:32</TIME>
          <TEMP_DEGC>20.900</TEMP_DEGC>
          <AIR_TEMP_DEGC>20.900</AIR_TEMP_DEGC>
          <RH_PRCNT>26.000</RH_PRCNT>
        </DATA>
        <DATA>
          <VOLTS>0.400</VOLTS>
          <CURRNT_NAMP>2.642e-03</CURRNT_NAMP>
          <TIME>2021-09-28 09:34:33</TIME>
          <TEMP_DEGC>21.000</TEMP_DEGC>
          <AIR_TEMP_DEGC>21.000</AIR_TEMP_DEGC>
          <RH_PRCNT>25.900</RH_PRCNT>
        </DATA>
        <DATA>
          <VOLTS>0.500</VOLTS>
          <CURRNT_NAMP>2.631e-03</CURRNT_NAMP>
          <TIME>2021-09-28 09:34:35</TIME>
          <TEMP_DEGC>20.900</TEMP_DEGC>
          <AIR_TEMP_DEGC>20.900</AIR_TEMP_DEGC>
          <RH_PRCNT>25.900</RH_PRCNT>
        </DATA>
        <DATA>
          <VOLTS>0.600</VOLTS>
          <CURRNT_NAMP>2.610e-03</CURRNT_NAMP>
          <TIME>2021-09-28 09:34:37</TIME>
          <TEMP_DEGC>20.900</TEMP_DEGC>
          <AIR_TEMP_DEGC>20.900</AIR_TEMP_DEGC>
          <RH_PRCNT>25.900</RH_PRCNT>
        </DATA>
        <DATA>
          <VOLTS>0.700</VOLTS>
          <CURRNT_NAMP>2.611e-03</CURRNT_NAMP>
          <TIME>2021-09-28 09:34:38</TIME>
          <TEMP_DEGC>21.000</TEMP_DEGC>
          <AIR_TEMP_DEGC>21.000</AIR_TEMP_DEGC>
          <RH_PRCNT>25.900</RH_PRCNT>
        </DATA>
        <DATA>
          <VOLTS>0.800</VOLTS>
          <CURRNT_NAMP>2.620e-03</CURRNT_NAMP>
          <TIME>2021-09-28 09:34:40</TIME>
          <TEMP_DEGC>21.000</TEMP_DEGC>
          <AIR_TEMP_DEGC>21.000</AIR_TEMP_DEGC>
          <RH_PRCNT>25.900</RH_PRCNT>
        </DATA>
        <DATA>
          <VOLTS>0.900</VOLTS>
          <CURRNT_NAMP>2.616e-03</CURRNT_NAMP>
          <TIME>2021-09-28 09:34:41</TIME>
          <TEMP_DEGC>20.900</TEMP_DEGC>
          <AIR_TEMP_DEGC>20.900</AIR_TEMP_DEGC>
          <RH_PRCNT>25.900</RH_PRCNT>
        </DATA>
        <DATA>
          <VOLTS>1.000</VOLTS>
          <CURRNT_NAMP>2.647e-03</CURRNT_NAMP>
          <TIME>2021-09-28 09:34:43</TIME>
          <TEMP_DEGC>20.900</TEMP_DEGC>
          <AIR_TEMP_DEGC>20.900</AIR_TEMP_DEGC>
          <RH_PRCNT>25.900</RH_PRCNT>
        </DATA>
        <DATA>
          <VOLTS>1.100</VOLTS>
          <CURRNT_NAMP>2.597e-03</CURRNT_NAMP>
          <TIME>2021-09-28 09:34:45</TIME>
          <TEMP_DEGC>20.900</TEMP_DEGC>
          <AIR_TEMP_DEGC>20.900</AIR_TEMP_DEGC>
          <RH_PRCNT>25.900</RH_PRCNT>
        </DATA>
        <DATA>
          <VOLTS>1.200</VOLTS>
          <CURRNT_NAMP>2.574e-03</CURRNT_NAMP>
          <TIME>2021-09-28 09:34:46</TIME>
          <TEMP_DEGC>21.000</TEMP_DEGC>
          <AIR_TEMP_DEGC>21.000</AIR_TEMP_DEGC>
          <RH_PRCNT>25.900</RH_PRCNT>
        </DATA>
        <DATA>
          <VOLTS>1.300</VOLTS>
          <CURRNT_NAMP>2.610e-03</CURRNT_NAMP>
          <TIME>2021-09-28 09:34:48</TIME>
          <TEMP_DEGC>21.000</TEMP_DEGC>
          <AIR_TEMP_DEGC>21.000</AIR_TEMP_DEGC>
          <RH_PRCNT>25.900</RH_PRCNT>
        </DATA>
        <DATA>
          <VOLTS>1.400</VOLTS>
          <CURRNT_NAMP>2.605e-03</CURRNT_NAMP>
          <TIME>2021-09-28 09:34:50</TIME>
          <TEMP_DEGC>21.000</TEMP_DEGC>
          <AIR_TEMP_DEGC>21.000</AIR_TEMP_DEGC>
          <RH_PRCNT>25.900</RH_PRCNT>
        </DATA>
        <DATA>
          <VOLTS>1.500</VOLTS>
          <CURRNT_NAMP>2.634e-03</CURRNT_NAMP>
          <TIME>2021-09-28 09:34:51</TIME>
          <TEMP_DEGC>20.900</TEMP_DEGC>
          <AIR_TEMP_DEGC>20.900</AIR_TEMP_DEGC>
          <RH_PRCNT>25.900</RH_PRCNT>
        </DATA>
        <DATA>
          <VOLTS>1.600</VOLTS>
          <CURRNT_NAMP>2.590e-03</CURRNT_NAMP>
          <TIME>2021-09-28 09:34:53</TIME>
          <TEMP_DEGC>20.900</TEMP_DEGC>
          <AIR_TEMP_DEGC>20.900</AIR_TEMP_DEGC>
          <RH_PRCNT>25.900</RH_PRCNT>
        </DATA>
        <DATA>
          <VOLTS>1.700</VOLTS>
          <CURRNT_NAMP>2.594e-03</CURRNT_NAMP>
          <TIME>2021-09-28 09:34:55</TIME>
          <TEMP_DEGC>21.000</TEMP_DEGC>
          <AIR_TEMP_DEGC>21.000</AIR_TEMP_DEGC>
          <RH_PRCNT>25.900</RH_PRCNT>
        </DATA>
        <DATA>
          <VOLTS>1.800</VOLTS>
          <CURRNT_NAMP>2.605e-03</CURRNT_NAMP>
          <TIME>2021-09-28 09:34:56</TIME>
          <TEMP_DEGC>21.000</TEMP_DEGC>
          <AIR_TEMP_DEGC>21.000</AIR_TEMP_DEGC>
          <RH_PRCNT>25.900</RH_PRCNT>
        </DATA>
        <DATA>
          <VOLTS>1.900</VOLTS>
          <CURRNT_NAMP>2.600e-03</CURRNT_NAMP>
          <TIME>2021-09-28 09:34:58</TIME>
          <TEMP_DEGC>21.000</TEMP_DEGC>
          <AIR_TEMP_DEGC>21.000</AIR_TEMP_DEGC>
          <RH_PRCNT>25.800</RH_PRCNT>
        </DATA>
        <DATA>
          <VOLTS>2.000</VOLTS>
          <CURRNT_NAMP>2.590e-03</CURRNT_NAMP>
          <TIME>2021-09-28 09:35:00</TIME>
          <TEMP_DEGC>20.900</TEMP_DEGC>
          <AIR_TEMP_DEGC>20.900</AIR_TEMP_DEGC>
          <RH_PRCNT>25.900</RH_PRCNT>
        </DATA>
        <DATA>
          <VOLTS>2.100</VOLTS>
          <CURRNT_NAMP>2.599e-03</CURRNT_NAMP>
          <TIME>2021-09-28 09:35:01</TIME>
          <TEMP_DEGC>20.900</TEMP_DEGC>
          <AIR_TEMP_DEGC>20.900</AIR_TEMP_DEGC>
          <RH_PRCNT>25.800</RH_PRCNT>
        </DATA>
        <DATA>
          <VOLTS>2.200</VOLTS>
          <CURRNT_NAMP>2.613e-03</CURRNT_NAMP>
          <TIME>2021-09-28 09:35:03</TIME>
          <TEMP_DEGC>21.000</TEMP_DEGC>
          <AIR_TEMP_DEGC>21.000</AIR_TEMP_DEGC>
          <RH_PRCNT>25.800</RH_PRCNT>
        </DATA>
        <DATA>
          <VOLTS>2.300</VOLTS>
          <CURRNT_NAMP>2.595e-03</CURRNT_NAMP>
          <TIME>2021-09-28 09:35:05</TIME>
          <TEMP_DEGC>21.000</TEMP_DEGC>
          <AIR_TEMP_DEGC>21.000</AIR_TEMP_DEGC>
          <RH_PRCNT>25.900</RH_PRCNT>
        </DATA>
        <DATA>
          <VOLTS>2.400</VOLTS>
          <CURRNT_NAMP>2.586e-03</CURRNT_NAMP>
          <TIME>2021-09-28 09:35:06</TIME>
          <TEMP_DEGC>21.000</TEMP_DEGC>
          <AIR_TEMP_DEGC>21.000</AIR_TEMP_DEGC>
          <RH_PRCNT>25.800</RH_PRCNT>
        </DATA>
        <DATA>
          <VOLTS>2.500</VOLTS>
          <CURRNT_NAMP>2.572e-03</CURRNT_NAMP>
          <TIME>2021-09-28 09:35:08</TIME>
          <TEMP_DEGC>21.000</TEMP_DEGC>
          <AIR_TEMP_DEGC>21.000</AIR_TEMP_DEGC>
          <RH_PRCNT>25.800</RH_PRCNT>
        </DATA>
        <DATA>
          <VOLTS>2.600</VOLTS>
          <CURRNT_NAMP>2.591e-03</CURRNT_NAMP>
          <TIME>2021-09-28 09:35:09</TIME>
          <TEMP_DEGC>20.900</TEMP_DEGC>
          <AIR_TEMP_DEGC>20.900</AIR_TEMP_DEGC>
          <RH_PRCNT>25.800</RH_PRCNT>
        </DATA>
        <DATA>
          <VOLTS>2.700</VOLTS>
          <CURRNT_NAMP>2.599e-03</CURRNT_NAMP>
          <TIME>2021-09-28 09:35:11</TIME>
          <TEMP_DEGC>21.000</TEMP_DEGC>
          <AIR_TEMP_DEGC>21.000</AIR_TEMP_DEGC>
          <RH_PRCNT>25.800</RH_PRCNT>
        </DATA>
        <DATA>
          <VOLTS>2.800</VOLTS>
          <CURRNT_NAMP>2.553e-03</CURRNT_NAMP>
          <TIME>2021-09-28 09:35:13</TIME>
          <TEMP_DEGC>21.000</TEMP_DEGC>
          <AIR_TEMP_DEGC>21.000</AIR_TEMP_DEGC>
          <RH_PRCNT>25.800</RH_PRCNT>
        </DATA>
        <DATA>
          <VOLTS>2.900</VOLTS>
          <CURRNT_NAMP>2.587e-03</CURRNT_NAMP>
          <TIME>2021-09-28 09:35:14</TIME>
          <TEMP_DEGC>21.000</TEMP_DEGC>
          <AIR_TEMP_DEGC>21.000</AIR_TEMP_DEGC>
          <RH_PRCNT>25.800</RH_PRCNT>
        </DATA>
        <DATA>
          <VOLTS>3.000</VOLTS>
          <CURRNT_NAMP>2.570e-03</CURRNT_NAMP>
          <TIME>2021-09-28 09:35:16</TIME>
          <TEMP_DEGC>21.000</TEMP_DEGC>
          <AIR_TEMP_DEGC>21.000</AIR_TEMP_DEGC>
          <RH_PRCNT>25.800</RH_PRCNT>
        </DATA>
        <DATA>
          <VOLTS>3.100</VOLTS>
          <CURRNT_NAMP>2.583e-03</CURRNT_NAMP>
          <TIME>2021-09-28 09:35:18</TIME>
          <TEMP_DEGC>20.900</TEMP_DEGC>
          <AIR_TEMP_DEGC>20.900</AIR_TEMP_DEGC>
          <RH_PRCNT>25.800</RH_PRCNT>
        </DATA>
        <DATA>
          <VOLTS>3.200</VOLTS>
          <CURRNT_NAMP>2.586e-03</CURRNT_NAMP>
          <TIME>2021-09-28 09:35:19</TIME>
          <TEMP_DEGC>21.000</TEMP_DEGC>
          <AIR_TEMP_DEGC>21.000</AIR_TEMP_DEGC>
          <RH_PRCNT>25.800</RH_PRCNT>
        </DATA>
        <DATA>
          <VOLTS>3.300</VOLTS>
          <CURRNT_NAMP>2.584e-03</CURRNT_NAMP>
          <TIME>2021-09-28 09:35:21</TIME>
          <TEMP_DEGC>21.000</TEMP_DEGC>
          <AIR_TEMP_DEGC>21.000</AIR_TEMP_DEGC>
          <RH_PRCNT>25.800</RH_PRCNT>
        </DATA>
        <DATA>
          <VOLTS>3.400</VOLTS>
          <CURRNT_NAMP>2.623e-03</CURRNT_NAMP>
          <TIME>2021-09-28 09:35:23</TIME>
          <TEMP_DEGC>21.000</TEMP_DEGC>
          <AIR_TEMP_DEGC>21.000</AIR_TEMP_DEGC>
          <RH_PRCNT>25.800</RH_PRCNT>
        </DATA>
        <DATA>
          <VOLTS>3.500</VOLTS>
          <CURRNT_NAMP>2.634e-03</CURRNT_NAMP>
          <TIME>2021-09-28 09:35:24</TIME>
          <TEMP_DEGC>21.000</TEMP_DEGC>
          <AIR_TEMP_DEGC>21.000</AIR_TEMP_DEGC>
          <RH_PRCNT>25.800</RH_PRCNT>
        </DATA>
        <DATA>
          <VOLTS>3.600</VOLTS>
          <CURRNT_NAMP>2.596e-03</CURRNT_NAMP>
          <TIME>2021-09-28 09:35:26</TIME>
          <TEMP_DEGC>21.000</TEMP_DEGC>
          <AIR_TEMP_DEGC>21.000</AIR_TEMP_DEGC>
          <RH_PRCNT>25.800</RH_PRCNT>
        </DATA>
        <DATA>
          <VOLTS>3.700</VOLTS>
          <CURRNT_NAMP>2.592e-03</CURRNT_NAMP>
          <TIME>2021-09-28 09:35:28</TIME>
          <TEMP_DEGC>21.000</TEMP_DEGC>
          <AIR_TEMP_DEGC>21.000</AIR_TEMP_DEGC>
          <RH_PRCNT>25.800</RH_PRCNT>
        </DATA>
        <DATA>
          <VOLTS>3.800</VOLTS>
          <CURRNT_NAMP>2.600e-03</CURRNT_NAMP>
          <TIME>2021-09-28 09:35:29</TIME>
          <TEMP_DEGC>21.000</TEMP_DEGC>
          <AIR_TEMP_DEGC>21.000</AIR_TEMP_DEGC>
          <RH_PRCNT>25.800</RH_PRCNT>
        </DATA>
        <DATA>
          <VOLTS>3.900</VOLTS>
          <CURRNT_NAMP>2.583e-03</CURRNT_NAMP>
          <TIME>2021-09-28 09:35:31</TIME>
          <TEMP_DEGC>21.000</TEMP_DEGC>
          <AIR_TEMP_DEGC>21.000</AIR_TEMP_DEGC>
          <RH_PRCNT>25.700</RH_PRCNT>
        </DATA>
        <DATA>
          <VOLTS>4.000</VOLTS>
          <CURRNT_NAMP>2.575e-03</CURRNT_NAMP>
          <TIME>2021-09-28 09:35:33</TIME>
          <TEMP_DEGC>21.000</TEMP_DEGC>
          <AIR_TEMP_DEGC>21.000</AIR_TEMP_DEGC>
          <RH_PRCNT>25.700</RH_PRCNT>
        </DATA>
        <DATA>
          <VOLTS>4.100</VOLTS>
          <CURRNT_NAMP>2.580e-03</CURRNT_NAMP>
          <TIME>2021-09-28 09:35:34</TIME>
          <TEMP_DEGC>21.000</TEMP_DEGC>
          <AIR_TEMP_DEGC>21.000</AIR_TEMP_DEGC>
          <RH_PRCNT>25.700</RH_PRCNT>
        </DATA>
        <DATA>
          <VOLTS>4.200</VOLTS>
          <CURRNT_NAMP>2.610e-03</CURRNT_NAMP>
          <TIME>2021-09-28 09:35:36</TIME>
          <TEMP_DEGC>21.000</TEMP_DEGC>
          <AIR_TEMP_DEGC>21.000</AIR_TEMP_DEGC>
          <RH_PRCNT>25.700</RH_PRCNT>
        </DATA>
        <DATA>
          <VOLTS>4.300</VOLTS>
          <CURRNT_NAMP>2.588e-03</CURRNT_NAMP>
          <TIME>2021-09-28 09:35:37</TIME>
          <TEMP_DEGC>21.000</TEMP_DEGC>
          <AIR_TEMP_DEGC>21.000</AIR_TEMP_DEGC>
          <RH_PRCNT>25.700</RH_PRCNT>
        </DATA>
        <DATA>
          <VOLTS>4.400</VOLTS>
          <CURRNT_NAMP>2.580e-03</CURRNT_NAMP>
          <TIME>2021-09-28 09:35:39</TIME>
          <TEMP_DEGC>21.000</TEMP_DEGC>
          <AIR_TEMP_DEGC>21.000</AIR_TEMP_DEGC>
          <RH_PRCNT>25.700</RH_PRCNT>
        </DATA>
        <DATA>
          <VOLTS>4.500</VOLTS>
          <CURRNT_NAMP>2.574e-03</CURRNT_NAMP>
          <TIME>2021-09-28 09:35:41</TIME>
          <TEMP_DEGC>21.000</TEMP_DEGC>
          <AIR_TEMP_DEGC>21.000</AIR_TEMP_DEGC>
          <RH_PRCNT>25.700</RH_PRCNT>
        </DATA>
        <DATA>
          <VOLTS>4.600</VOLTS>
          <CURRNT_NAMP>2.571e-03</CURRNT_NAMP>
          <TIME>2021-09-28 09:35:42</TIME>
          <TEMP_DEGC>21.000</TEMP_DEGC>
          <AIR_TEMP_DEGC>21.000</AIR_TEMP_DEGC>
          <RH_PRCNT>25.700</RH_PRCNT>
        </DATA>
        <DATA>
          <VOLTS>4.700</VOLTS>
          <CURRNT_NAMP>2.560e-03</CURRNT_NAMP>
          <TIME>2021-09-28 09:35:44</TIME>
          <TEMP_DEGC>21.000</TEMP_DEGC>
          <AIR_TEMP_DEGC>21.000</AIR_TEMP_DEGC>
          <RH_PRCNT>25.700</RH_PRCNT>
        </DATA>
        <DATA>
          <VOLTS>4.800</VOLTS>
          <CURRNT_NAMP>2.578e-03</CURRNT_NAMP>
          <TIME>2021-09-28 09:35:46</TIME>
          <TEMP_DEGC>21.000</TEMP_DEGC>
          <AIR_TEMP_DEGC>21.000</AIR_TEMP_DEGC>
          <RH_PRCNT>25.700</RH_PRCNT>
        </DATA>
        <DATA>
          <VOLTS>4.900</VOLTS>
          <CURRNT_NAMP>2.571e-03</CURRNT_NAMP>
          <TIME>2021-09-28 09:35:47</TIME>
          <TEMP_DEGC>21.000</TEMP_DEGC>
          <AIR_TEMP_DEGC>21.000</AIR_TEMP_DEGC>
          <RH_PRCNT>25.700</RH_PRCNT>
        </DATA>
        <DATA>
          <VOLTS>5.000</VOLTS>
          <CURRNT_NAMP>2.573e-03</CURRNT_NAMP>
          <TIME>2021-09-28 09:35:49</TIME>
          <TEMP_DEGC>21.000</TEMP_DEGC>
          <AIR_TEMP_DEGC>21.000</AIR_TEMP_DEGC>
          <RH_PRCNT>25.700</RH_PRCNT>
        </DATA>
        <DATA>
          <VOLTS>5.000</VOLTS>
          <CURRNT_NAMP>2.573e-03</CURRNT_NAMP>
          <TIME>2021-09-28 09:35:49</TIME>
          <TEMP_DEGC>21.000</TEMP_DEGC>
          <AIR_TEMP_DEGC>21.000</AIR_TEMP_DEGC>
          <RH_PRCNT>25.700</RH_PRCNT>
        </DATA>
        <CHILD_DATA_SET>
          <HEADER>
            <TYPE>
              <EXTENSION_TABLE_NAME>HALFMOON_IV_PAR</EXTENSION_TABLE_NAME>
              <NAME>Tracker Halfmoon IV Parameters</NAME>
            </TYPE>
          </HEADER>
          <DATA_SET>
            <COMMENT_DESCRIPTION>Test</COMMENT_DESCRIPTION>
            <VERSION>IV_measurement-004</VERSION>
            <PART>
              <NAME_LABEL>37400_049_2-S_HM_WW</NAME_LABEL>
              <KIND_OF_PART>2S Halfmoon W</KIND_OF_PART>
            </PART>
            <DATA>
              <ISURF_PAMPR>5.753</ISURF_PAMPR>
              <S0_CMSEC>1.241</S0_CMSEC>
              <VFB_ACC_V>-2.958</VFB_ACC_V>
            </DATA>
          </DATA_SET>
        </CHILD_DATA_SET>
      </DATA_SET>
    </CHILD_DATA_SET>
  </DATA_SET>
</ROOT>
