<?xml version="1.0"?>
<ROOT>
  <HEADER>
    <TYPE>
      <EXTENSION_TABLE_NAME>HALFMOON_METADATA</EXTENSION_TABLE_NAME>
      <NAME>Tracker Halfmoon Metadata</NAME>
    </TYPE>
    <RUN mode="SEQUENCE_NUMBER" sequence="TRK_OT_RUN_SEQ">
      <RUN_TYPE>PQC</RUN_TYPE>
      <LOCATION>Demokritos</LOCATION>
      <INITIATED_BY_USER>A. Kyriakis</INITIATED_BY_USER>
      <RUN_BEGIN_TIMESTAMP>2021-09-27 11:50:42</RUN_BEGIN_TIMESTAMP>
      <COMMENT_DESCRIPTION>Test</COMMENT_DESCRIPTION>
    </RUN>
  </HEADER>
  <DATA_SET>
    <COMMENT_DESCRIPTION>Metadata with flute and structure</COMMENT_DESCRIPTION>
    <VERSION>IV_measurement</VERSION>
    <PART>
      <NAME_LABEL>37400_006_2-S_HM_WW</NAME_LABEL>
      <KIND_OF_PART>2S Halfmoon W</KIND_OF_PART>
    </PART>
    <DATA>
      <KIND_OF_HM_FLUTE_ID>PQC2</KIND_OF_HM_FLUTE_ID>
      <KIND_OF_HM_STRUCT_ID>LINEWIDTH_STOP</KIND_OF_HM_STRUCT_ID>
      <KIND_OF_HM_SET_ID>Left</KIND_OF_HM_SET_ID>
      <KIND_OF_HM_CONFIG_ID>Not Used</KIND_OF_HM_CONFIG_ID>
      <EQUIPMENT>KEITHLEY 2410</EQUIPMENT>
      <WAITING_TIME_S>0.200</WAITING_TIME_S>
      <TEMP_SET_DEGC>22.000</TEMP_SET_DEGC>
      <AV_TEMP_DEGC>22.000</AV_TEMP_DEGC>
      <PROCEDURE_TYPE>LINEWIDTH_STOP</PROCEDURE_TYPE>
      <FILE_NAME>Demokritos_VPX37400_006_2-S_HM_W_Left_PQC2_LinewidthStop.xml</FILE_NAME>
    </DATA>
    <CHILD_DATA_SET>
      <HEADER>
        <TYPE>
          <EXTENSION_TABLE_NAME>TEST_SENSOR_IV</EXTENSION_TABLE_NAME>
          <NAME>Tracker Halfmoon IV Test</NAME>
        </TYPE>
      </HEADER>
      <DATA_SET>
        <COMMENT_DESCRIPTION>Test</COMMENT_DESCRIPTION>
        <VERSION>IV_measurement</VERSION>
        <PART>
          <NAME_LABEL>37400_006_2-S_HM_WW</NAME_LABEL>
          <KIND_OF_PART>2S Halfmoon W</KIND_OF_PART>
        </PART>
        <DATA>
          <VOLTS>-3.838e-02</VOLTS>
          <CURRNT_NAMP>-1.000e+03</CURRNT_NAMP>
          <TIME>2021-09-27 11:50:42</TIME>
          <TEMP_DEGC>22.000</TEMP_DEGC>
          <AIR_TEMP_DEGC>22.000</AIR_TEMP_DEGC>
          <RH_PRCNT>22.200</RH_PRCNT>
        </DATA>
        <DATA>
          <VOLTS>-3.814e-02</VOLTS>
          <CURRNT_NAMP>-9.500e+02</CURRNT_NAMP>
          <TIME>2021-09-27 11:50:43</TIME>
          <TEMP_DEGC>22.000</TEMP_DEGC>
          <AIR_TEMP_DEGC>22.000</AIR_TEMP_DEGC>
          <RH_PRCNT>22.200</RH_PRCNT>
        </DATA>
        <DATA>
          <VOLTS>-3.719e-02</VOLTS>
          <CURRNT_NAMP>-9.000e+02</CURRNT_NAMP>
          <TIME>2021-09-27 11:50:44</TIME>
          <TEMP_DEGC>22.000</TEMP_DEGC>
          <AIR_TEMP_DEGC>22.000</AIR_TEMP_DEGC>
          <RH_PRCNT>22.200</RH_PRCNT>
        </DATA>
        <DATA>
          <VOLTS>-3.624e-02</VOLTS>
          <CURRNT_NAMP>-8.500e+02</CURRNT_NAMP>
          <TIME>2021-09-27 11:50:45</TIME>
          <TEMP_DEGC>22.000</TEMP_DEGC>
          <AIR_TEMP_DEGC>22.000</AIR_TEMP_DEGC>
          <RH_PRCNT>22.200</RH_PRCNT>
        </DATA>
        <DATA>
          <VOLTS>-3.386e-02</VOLTS>
          <CURRNT_NAMP>-8.000e+02</CURRNT_NAMP>
          <TIME>2021-09-27 11:50:46</TIME>
          <TEMP_DEGC>22.000</TEMP_DEGC>
          <AIR_TEMP_DEGC>22.000</AIR_TEMP_DEGC>
          <RH_PRCNT>22.200</RH_PRCNT>
        </DATA>
        <DATA>
          <VOLTS>-3.122e-02</VOLTS>
          <CURRNT_NAMP>-7.500e+02</CURRNT_NAMP>
          <TIME>2021-09-27 11:50:47</TIME>
          <TEMP_DEGC>22.000</TEMP_DEGC>
          <AIR_TEMP_DEGC>22.000</AIR_TEMP_DEGC>
          <RH_PRCNT>22.200</RH_PRCNT>
        </DATA>
        <DATA>
          <VOLTS>-2.954e-02</VOLTS>
          <CURRNT_NAMP>-7.000e+02</CURRNT_NAMP>
          <TIME>2021-09-27 11:50:48</TIME>
          <TEMP_DEGC>22.000</TEMP_DEGC>
          <AIR_TEMP_DEGC>22.000</AIR_TEMP_DEGC>
          <RH_PRCNT>22.200</RH_PRCNT>
        </DATA>
        <DATA>
          <VOLTS>-2.762e-02</VOLTS>
          <CURRNT_NAMP>-6.500e+02</CURRNT_NAMP>
          <TIME>2021-09-27 11:50:49</TIME>
          <TEMP_DEGC>22.000</TEMP_DEGC>
          <AIR_TEMP_DEGC>22.000</AIR_TEMP_DEGC>
          <RH_PRCNT>22.200</RH_PRCNT>
        </DATA>
        <DATA>
          <VOLTS>-2.472e-02</VOLTS>
          <CURRNT_NAMP>-6.000e+02</CURRNT_NAMP>
          <TIME>2021-09-27 11:50:50</TIME>
          <TEMP_DEGC>22.000</TEMP_DEGC>
          <AIR_TEMP_DEGC>22.000</AIR_TEMP_DEGC>
          <RH_PRCNT>22.200</RH_PRCNT>
        </DATA>
        <DATA>
          <VOLTS>-2.181e-02</VOLTS>
          <CURRNT_NAMP>-5.500e+02</CURRNT_NAMP>
          <TIME>2021-09-27 11:50:51</TIME>
          <TEMP_DEGC>22.000</TEMP_DEGC>
          <AIR_TEMP_DEGC>22.000</AIR_TEMP_DEGC>
          <RH_PRCNT>22.200</RH_PRCNT>
        </DATA>
        <DATA>
          <VOLTS>-1.986e-02</VOLTS>
          <CURRNT_NAMP>-5.000e+02</CURRNT_NAMP>
          <TIME>2021-09-27 11:50:52</TIME>
          <TEMP_DEGC>22.000</TEMP_DEGC>
          <AIR_TEMP_DEGC>22.000</AIR_TEMP_DEGC>
          <RH_PRCNT>22.200</RH_PRCNT>
        </DATA>
        <DATA>
          <VOLTS>-1.693e-02</VOLTS>
          <CURRNT_NAMP>-4.500e+02</CURRNT_NAMP>
          <TIME>2021-09-27 11:50:53</TIME>
          <TEMP_DEGC>22.000</TEMP_DEGC>
          <AIR_TEMP_DEGC>22.000</AIR_TEMP_DEGC>
          <RH_PRCNT>22.200</RH_PRCNT>
        </DATA>
        <DATA>
          <VOLTS>-1.424e-02</VOLTS>
          <CURRNT_NAMP>-4.000e+02</CURRNT_NAMP>
          <TIME>2021-09-27 11:50:54</TIME>
          <TEMP_DEGC>22.000</TEMP_DEGC>
          <AIR_TEMP_DEGC>22.000</AIR_TEMP_DEGC>
          <RH_PRCNT>22.200</RH_PRCNT>
        </DATA>
        <DATA>
          <VOLTS>-1.154e-02</VOLTS>
          <CURRNT_NAMP>-3.500e+02</CURRNT_NAMP>
          <TIME>2021-09-27 11:50:55</TIME>
          <TEMP_DEGC>22.000</TEMP_DEGC>
          <AIR_TEMP_DEGC>22.000</AIR_TEMP_DEGC>
          <RH_PRCNT>22.200</RH_PRCNT>
        </DATA>
        <DATA>
          <VOLTS>-8.850e-03</VOLTS>
          <CURRNT_NAMP>-3.000e+02</CURRNT_NAMP>
          <TIME>2021-09-27 11:50:56</TIME>
          <TEMP_DEGC>22.000</TEMP_DEGC>
          <AIR_TEMP_DEGC>22.000</AIR_TEMP_DEGC>
          <RH_PRCNT>22.200</RH_PRCNT>
        </DATA>
        <DATA>
          <VOLTS>-6.380e-03</VOLTS>
          <CURRNT_NAMP>-2.500e+02</CURRNT_NAMP>
          <TIME>2021-09-27 11:50:58</TIME>
          <TEMP_DEGC>22.000</TEMP_DEGC>
          <AIR_TEMP_DEGC>22.000</AIR_TEMP_DEGC>
          <RH_PRCNT>22.200</RH_PRCNT>
        </DATA>
        <DATA>
          <VOLTS>-3.890e-03</VOLTS>
          <CURRNT_NAMP>-2.000e+02</CURRNT_NAMP>
          <TIME>2021-09-27 11:50:59</TIME>
          <TEMP_DEGC>22.000</TEMP_DEGC>
          <AIR_TEMP_DEGC>22.000</AIR_TEMP_DEGC>
          <RH_PRCNT>22.200</RH_PRCNT>
        </DATA>
        <DATA>
          <VOLTS>-1.400e-03</VOLTS>
          <CURRNT_NAMP>-1.500e+02</CURRNT_NAMP>
          <TIME>2021-09-27 11:51:00</TIME>
          <TEMP_DEGC>22.000</TEMP_DEGC>
          <AIR_TEMP_DEGC>22.000</AIR_TEMP_DEGC>
          <RH_PRCNT>22.200</RH_PRCNT>
        </DATA>
        <DATA>
          <VOLTS>1.090e-03</VOLTS>
          <CURRNT_NAMP>-1.000e+02</CURRNT_NAMP>
          <TIME>2021-09-27 11:51:01</TIME>
          <TEMP_DEGC>22.000</TEMP_DEGC>
          <AIR_TEMP_DEGC>22.000</AIR_TEMP_DEGC>
          <RH_PRCNT>22.200</RH_PRCNT>
        </DATA>
        <DATA>
          <VOLTS>3.590e-03</VOLTS>
          <CURRNT_NAMP>-5.000e+01</CURRNT_NAMP>
          <TIME>2021-09-27 11:51:02</TIME>
          <TEMP_DEGC>22.000</TEMP_DEGC>
          <AIR_TEMP_DEGC>22.000</AIR_TEMP_DEGC>
          <RH_PRCNT>22.200</RH_PRCNT>
        </DATA>
        <DATA>
          <VOLTS>6.100e-03</VOLTS>
          <CURRNT_NAMP>0.000e+00</CURRNT_NAMP>
          <TIME>2021-09-27 11:51:03</TIME>
          <TEMP_DEGC>22.000</TEMP_DEGC>
          <AIR_TEMP_DEGC>22.000</AIR_TEMP_DEGC>
          <RH_PRCNT>22.200</RH_PRCNT>
        </DATA>
        <DATA>
          <VOLTS>8.610e-03</VOLTS>
          <CURRNT_NAMP>5.000e+01</CURRNT_NAMP>
          <TIME>2021-09-27 11:51:04</TIME>
          <TEMP_DEGC>22.000</TEMP_DEGC>
          <AIR_TEMP_DEGC>22.000</AIR_TEMP_DEGC>
          <RH_PRCNT>22.200</RH_PRCNT>
        </DATA>
        <DATA>
          <VOLTS>1.113e-02</VOLTS>
          <CURRNT_NAMP>1.000e+02</CURRNT_NAMP>
          <TIME>2021-09-27 11:51:05</TIME>
          <TEMP_DEGC>22.000</TEMP_DEGC>
          <AIR_TEMP_DEGC>22.000</AIR_TEMP_DEGC>
          <RH_PRCNT>22.200</RH_PRCNT>
        </DATA>
        <DATA>
          <VOLTS>1.366e-02</VOLTS>
          <CURRNT_NAMP>1.500e+02</CURRNT_NAMP>
          <TIME>2021-09-27 11:51:06</TIME>
          <TEMP_DEGC>22.000</TEMP_DEGC>
          <AIR_TEMP_DEGC>22.000</AIR_TEMP_DEGC>
          <RH_PRCNT>22.200</RH_PRCNT>
        </DATA>
        <DATA>
          <VOLTS>1.619e-02</VOLTS>
          <CURRNT_NAMP>2.000e+02</CURRNT_NAMP>
          <TIME>2021-09-27 11:51:07</TIME>
          <TEMP_DEGC>22.000</TEMP_DEGC>
          <AIR_TEMP_DEGC>22.000</AIR_TEMP_DEGC>
          <RH_PRCNT>22.200</RH_PRCNT>
        </DATA>
        <DATA>
          <VOLTS>1.873e-02</VOLTS>
          <CURRNT_NAMP>2.500e+02</CURRNT_NAMP>
          <TIME>2021-09-27 11:51:08</TIME>
          <TEMP_DEGC>22.000</TEMP_DEGC>
          <AIR_TEMP_DEGC>22.000</AIR_TEMP_DEGC>
          <RH_PRCNT>22.200</RH_PRCNT>
        </DATA>
        <DATA>
          <VOLTS>2.127e-02</VOLTS>
          <CURRNT_NAMP>3.000e+02</CURRNT_NAMP>
          <TIME>2021-09-27 11:51:09</TIME>
          <TEMP_DEGC>22.000</TEMP_DEGC>
          <AIR_TEMP_DEGC>22.000</AIR_TEMP_DEGC>
          <RH_PRCNT>22.100</RH_PRCNT>
        </DATA>
        <DATA>
          <VOLTS>2.381e-02</VOLTS>
          <CURRNT_NAMP>3.500e+02</CURRNT_NAMP>
          <TIME>2021-09-27 11:51:10</TIME>
          <TEMP_DEGC>22.000</TEMP_DEGC>
          <AIR_TEMP_DEGC>22.000</AIR_TEMP_DEGC>
          <RH_PRCNT>22.100</RH_PRCNT>
        </DATA>
        <DATA>
          <VOLTS>2.637e-02</VOLTS>
          <CURRNT_NAMP>4.000e+02</CURRNT_NAMP>
          <TIME>2021-09-27 11:51:12</TIME>
          <TEMP_DEGC>22.000</TEMP_DEGC>
          <AIR_TEMP_DEGC>22.000</AIR_TEMP_DEGC>
          <RH_PRCNT>22.100</RH_PRCNT>
        </DATA>
        <DATA>
          <VOLTS>2.893e-02</VOLTS>
          <CURRNT_NAMP>4.500e+02</CURRNT_NAMP>
          <TIME>2021-09-27 11:51:13</TIME>
          <TEMP_DEGC>22.000</TEMP_DEGC>
          <AIR_TEMP_DEGC>22.000</AIR_TEMP_DEGC>
          <RH_PRCNT>22.100</RH_PRCNT>
        </DATA>
        <DATA>
          <VOLTS>3.149e-02</VOLTS>
          <CURRNT_NAMP>5.000e+02</CURRNT_NAMP>
          <TIME>2021-09-27 11:51:14</TIME>
          <TEMP_DEGC>22.000</TEMP_DEGC>
          <AIR_TEMP_DEGC>22.000</AIR_TEMP_DEGC>
          <RH_PRCNT>22.100</RH_PRCNT>
        </DATA>
        <DATA>
          <VOLTS>3.405e-02</VOLTS>
          <CURRNT_NAMP>5.500e+02</CURRNT_NAMP>
          <TIME>2021-09-27 11:51:15</TIME>
          <TEMP_DEGC>22.000</TEMP_DEGC>
          <AIR_TEMP_DEGC>22.000</AIR_TEMP_DEGC>
          <RH_PRCNT>22.100</RH_PRCNT>
        </DATA>
        <DATA>
          <VOLTS>3.662e-02</VOLTS>
          <CURRNT_NAMP>6.000e+02</CURRNT_NAMP>
          <TIME>2021-09-27 11:51:16</TIME>
          <TEMP_DEGC>22.000</TEMP_DEGC>
          <AIR_TEMP_DEGC>22.000</AIR_TEMP_DEGC>
          <RH_PRCNT>22.100</RH_PRCNT>
        </DATA>
        <DATA>
          <VOLTS>3.919e-02</VOLTS>
          <CURRNT_NAMP>6.500e+02</CURRNT_NAMP>
          <TIME>2021-09-27 11:51:17</TIME>
          <TEMP_DEGC>22.000</TEMP_DEGC>
          <AIR_TEMP_DEGC>22.000</AIR_TEMP_DEGC>
          <RH_PRCNT>22.100</RH_PRCNT>
        </DATA>
        <DATA>
          <VOLTS>4.176e-02</VOLTS>
          <CURRNT_NAMP>7.000e+02</CURRNT_NAMP>
          <TIME>2021-09-27 11:51:18</TIME>
          <TEMP_DEGC>22.000</TEMP_DEGC>
          <AIR_TEMP_DEGC>22.000</AIR_TEMP_DEGC>
          <RH_PRCNT>22.100</RH_PRCNT>
        </DATA>
        <DATA>
          <VOLTS>4.433e-02</VOLTS>
          <CURRNT_NAMP>7.500e+02</CURRNT_NAMP>
          <TIME>2021-09-27 11:51:19</TIME>
          <TEMP_DEGC>22.000</TEMP_DEGC>
          <AIR_TEMP_DEGC>22.000</AIR_TEMP_DEGC>
          <RH_PRCNT>22.100</RH_PRCNT>
        </DATA>
        <DATA>
          <VOLTS>4.691e-02</VOLTS>
          <CURRNT_NAMP>8.000e+02</CURRNT_NAMP>
          <TIME>2021-09-27 11:51:20</TIME>
          <TEMP_DEGC>22.000</TEMP_DEGC>
          <AIR_TEMP_DEGC>22.000</AIR_TEMP_DEGC>
          <RH_PRCNT>22.100</RH_PRCNT>
        </DATA>
        <DATA>
          <VOLTS>4.949e-02</VOLTS>
          <CURRNT_NAMP>8.500e+02</CURRNT_NAMP>
          <TIME>2021-09-27 11:51:21</TIME>
          <TEMP_DEGC>22.000</TEMP_DEGC>
          <AIR_TEMP_DEGC>22.000</AIR_TEMP_DEGC>
          <RH_PRCNT>22.100</RH_PRCNT>
        </DATA>
        <DATA>
          <VOLTS>5.208e-02</VOLTS>
          <CURRNT_NAMP>9.000e+02</CURRNT_NAMP>
          <TIME>2021-09-27 11:51:22</TIME>
          <TEMP_DEGC>22.000</TEMP_DEGC>
          <AIR_TEMP_DEGC>22.000</AIR_TEMP_DEGC>
          <RH_PRCNT>22.100</RH_PRCNT>
        </DATA>
        <DATA>
          <VOLTS>5.467e-02</VOLTS>
          <CURRNT_NAMP>9.500e+02</CURRNT_NAMP>
          <TIME>2021-09-27 11:51:23</TIME>
          <TEMP_DEGC>22.000</TEMP_DEGC>
          <AIR_TEMP_DEGC>22.000</AIR_TEMP_DEGC>
          <RH_PRCNT>22.100</RH_PRCNT>
        </DATA>
        <DATA>
          <VOLTS>5.726e-02</VOLTS>
          <CURRNT_NAMP>1.000e+03</CURRNT_NAMP>
          <TIME>2021-09-27 11:51:24</TIME>
          <TEMP_DEGC>22.000</TEMP_DEGC>
          <AIR_TEMP_DEGC>22.000</AIR_TEMP_DEGC>
          <RH_PRCNT>22.100</RH_PRCNT>
        </DATA>
        <CHILD_DATA_SET>
          <HEADER>
            <TYPE>
              <EXTENSION_TABLE_NAME>HALFMOON_IV_PAR</EXTENSION_TABLE_NAME>
              <NAME>Tracker Halfmoon IV Parameters</NAME>
            </TYPE>
          </HEADER>
          <DATA_SET>
            <COMMENT_DESCRIPTION>Test</COMMENT_DESCRIPTION>
            <VERSION>IV_measurement</VERSION>
            <PART>
              <NAME_LABEL>37400_006_2-S_HM_WW</NAME_LABEL>
              <KIND_OF_PART>2S Halfmoon W</KIND_OF_PART>
            </PART>
            <DATA>
              <T_UM>48.065</T_UM>
              <R_OHM>5.076e+04</R_OHM>
            </DATA>
          </DATA_SET>
        </CHILD_DATA_SET>
      </DATA_SET>
    </CHILD_DATA_SET>
  </DATA_SET>
</ROOT>
