<?xml version="1.0"?>
<ROOT>
  <HEADER>
    <TYPE>
      <EXTENSION_TABLE_NAME>HALFMOON_METADATA</EXTENSION_TABLE_NAME>
      <NAME>Tracker Halfmoon Metadata</NAME>
    </TYPE>
    <RUN mode="SEQUENCE_NUMBER" sequence="TRK_OT_RUN_SEQ">
      <RUN_TYPE>PQC</RUN_TYPE>
      <LOCATION>Demokritos</LOCATION>
      <INITIATED_BY_USER>A. Kyriakis</INITIATED_BY_USER>
      <RUN_BEGIN_TIMESTAMP>2021-09-28 11:55:46</RUN_BEGIN_TIMESTAMP>
      <COMMENT_DESCRIPTION>Test</COMMENT_DESCRIPTION>
    </RUN>
  </HEADER>
  <DATA_SET>
    <COMMENT_DESCRIPTION>Metadata with flute and structure</COMMENT_DESCRIPTION>
    <VERSION>v2</VERSION>
    <PART>
      <NAME_LABEL>37400_003_2-S_HM_EE</NAME_LABEL>
      <KIND_OF_PART>2S Halfmoon E</KIND_OF_PART>
    </PART>
    <DATA>
      <KIND_OF_HM_FLUTE_ID>PQC2</KIND_OF_HM_FLUTE_ID>
      <KIND_OF_HM_STRUCT_ID>GCD</KIND_OF_HM_STRUCT_ID>
      <KIND_OF_HM_SET_ID>Left</KIND_OF_HM_SET_ID>
      <KIND_OF_HM_CONFIG_ID>Not Used</KIND_OF_HM_CONFIG_ID>
      <EQUIPMENT>KEITHLEY 2410</EQUIPMENT>
      <WAITING_TIME_S>0.500</WAITING_TIME_S>
      <TEMP_SET_DEGC>22.300</TEMP_SET_DEGC>
      <AV_TEMP_DEGC>22.300</AV_TEMP_DEGC>
      <PROCEDURE_TYPE>GCD1</PROCEDURE_TYPE>
      <FILE_NAME>Demokritos_VPX37400_003_2-S_HM_E_Left_PQC2_GCD_IV.xml</FILE_NAME>
    </DATA>
    <CHILD_DATA_SET>
      <HEADER>
        <TYPE>
          <EXTENSION_TABLE_NAME>TEST_SENSOR_IV</EXTENSION_TABLE_NAME>
          <NAME>Tracker Halfmoon IV Test</NAME>
        </TYPE>
      </HEADER>
      <DATA_SET>
        <COMMENT_DESCRIPTION>Test</COMMENT_DESCRIPTION>
        <VERSION>V2</VERSION>
        <PART>
          <NAME_LABEL>37400_003_2-S_HM_EE</NAME_LABEL>
          <KIND_OF_PART>2S Halfmoon E</KIND_OF_PART>
        </PART>
        <DATA>
          <VOLTS>-15.000</VOLTS>
          <CURRNT_NAMP>-5.383e-03</CURRNT_NAMP>
          <TIME>2021-09-28 11:55:46</TIME>
          <TEMP_DEGC>22.300</TEMP_DEGC>
          <AIR_TEMP_DEGC>22.300</AIR_TEMP_DEGC>
          <RH_PRCNT>23.100</RH_PRCNT>
        </DATA>
        <DATA>
          <VOLTS>-14.900</VOLTS>
          <CURRNT_NAMP>2.028e-03</CURRNT_NAMP>
          <TIME>2021-09-28 11:55:50</TIME>
          <TEMP_DEGC>22.300</TEMP_DEGC>
          <AIR_TEMP_DEGC>22.300</AIR_TEMP_DEGC>
          <RH_PRCNT>23.100</RH_PRCNT>
        </DATA>
        <DATA>
          <VOLTS>-14.800</VOLTS>
          <CURRNT_NAMP>3.388e-03</CURRNT_NAMP>
          <TIME>2021-09-28 11:55:51</TIME>
          <TEMP_DEGC>22.300</TEMP_DEGC>
          <AIR_TEMP_DEGC>22.300</AIR_TEMP_DEGC>
          <RH_PRCNT>23.100</RH_PRCNT>
        </DATA>
        <DATA>
          <VOLTS>-14.700</VOLTS>
          <CURRNT_NAMP>3.515e-03</CURRNT_NAMP>
          <TIME>2021-09-28 11:55:53</TIME>
          <TEMP_DEGC>22.400</TEMP_DEGC>
          <AIR_TEMP_DEGC>22.400</AIR_TEMP_DEGC>
          <RH_PRCNT>23.100</RH_PRCNT>
        </DATA>
        <DATA>
          <VOLTS>-14.600</VOLTS>
          <CURRNT_NAMP>3.335e-03</CURRNT_NAMP>
          <TIME>2021-09-28 11:55:55</TIME>
          <TEMP_DEGC>22.300</TEMP_DEGC>
          <AIR_TEMP_DEGC>22.300</AIR_TEMP_DEGC>
          <RH_PRCNT>23.100</RH_PRCNT>
        </DATA>
        <DATA>
          <VOLTS>-14.500</VOLTS>
          <CURRNT_NAMP>3.597e-03</CURRNT_NAMP>
          <TIME>2021-09-28 11:55:56</TIME>
          <TEMP_DEGC>22.400</TEMP_DEGC>
          <AIR_TEMP_DEGC>22.400</AIR_TEMP_DEGC>
          <RH_PRCNT>23.100</RH_PRCNT>
        </DATA>
        <DATA>
          <VOLTS>-14.400</VOLTS>
          <CURRNT_NAMP>4.014e-03</CURRNT_NAMP>
          <TIME>2021-09-28 11:55:58</TIME>
          <TEMP_DEGC>22.400</TEMP_DEGC>
          <AIR_TEMP_DEGC>22.400</AIR_TEMP_DEGC>
          <RH_PRCNT>23.100</RH_PRCNT>
        </DATA>
        <DATA>
          <VOLTS>-14.300</VOLTS>
          <CURRNT_NAMP>3.736e-03</CURRNT_NAMP>
          <TIME>2021-09-28 11:55:59</TIME>
          <TEMP_DEGC>22.400</TEMP_DEGC>
          <AIR_TEMP_DEGC>22.400</AIR_TEMP_DEGC>
          <RH_PRCNT>23.100</RH_PRCNT>
        </DATA>
        <DATA>
          <VOLTS>-14.200</VOLTS>
          <CURRNT_NAMP>3.286e-03</CURRNT_NAMP>
          <TIME>2021-09-28 11:56:01</TIME>
          <TEMP_DEGC>22.400</TEMP_DEGC>
          <AIR_TEMP_DEGC>22.400</AIR_TEMP_DEGC>
          <RH_PRCNT>23.100</RH_PRCNT>
        </DATA>
        <DATA>
          <VOLTS>-14.100</VOLTS>
          <CURRNT_NAMP>3.562e-03</CURRNT_NAMP>
          <TIME>2021-09-28 11:56:03</TIME>
          <TEMP_DEGC>22.400</TEMP_DEGC>
          <AIR_TEMP_DEGC>22.400</AIR_TEMP_DEGC>
          <RH_PRCNT>23.100</RH_PRCNT>
        </DATA>
        <DATA>
          <VOLTS>-14.000</VOLTS>
          <CURRNT_NAMP>3.622e-03</CURRNT_NAMP>
          <TIME>2021-09-28 11:56:04</TIME>
          <TEMP_DEGC>22.400</TEMP_DEGC>
          <AIR_TEMP_DEGC>22.400</AIR_TEMP_DEGC>
          <RH_PRCNT>23.100</RH_PRCNT>
        </DATA>
        <DATA>
          <VOLTS>-13.900</VOLTS>
          <CURRNT_NAMP>3.632e-03</CURRNT_NAMP>
          <TIME>2021-09-28 11:56:06</TIME>
          <TEMP_DEGC>22.400</TEMP_DEGC>
          <AIR_TEMP_DEGC>22.400</AIR_TEMP_DEGC>
          <RH_PRCNT>23.100</RH_PRCNT>
        </DATA>
        <DATA>
          <VOLTS>-13.800</VOLTS>
          <CURRNT_NAMP>3.656e-03</CURRNT_NAMP>
          <TIME>2021-09-28 11:56:08</TIME>
          <TEMP_DEGC>22.400</TEMP_DEGC>
          <AIR_TEMP_DEGC>22.400</AIR_TEMP_DEGC>
          <RH_PRCNT>23.100</RH_PRCNT>
        </DATA>
        <DATA>
          <VOLTS>-13.700</VOLTS>
          <CURRNT_NAMP>3.770e-03</CURRNT_NAMP>
          <TIME>2021-09-28 11:56:09</TIME>
          <TEMP_DEGC>22.400</TEMP_DEGC>
          <AIR_TEMP_DEGC>22.400</AIR_TEMP_DEGC>
          <RH_PRCNT>23.000</RH_PRCNT>
        </DATA>
        <DATA>
          <VOLTS>-13.600</VOLTS>
          <CURRNT_NAMP>3.893e-03</CURRNT_NAMP>
          <TIME>2021-09-28 11:56:11</TIME>
          <TEMP_DEGC>22.400</TEMP_DEGC>
          <AIR_TEMP_DEGC>22.400</AIR_TEMP_DEGC>
          <RH_PRCNT>23.000</RH_PRCNT>
        </DATA>
        <DATA>
          <VOLTS>-13.500</VOLTS>
          <CURRNT_NAMP>3.687e-03</CURRNT_NAMP>
          <TIME>2021-09-28 11:56:13</TIME>
          <TEMP_DEGC>22.400</TEMP_DEGC>
          <AIR_TEMP_DEGC>22.400</AIR_TEMP_DEGC>
          <RH_PRCNT>23.100</RH_PRCNT>
        </DATA>
        <DATA>
          <VOLTS>-13.400</VOLTS>
          <CURRNT_NAMP>3.642e-03</CURRNT_NAMP>
          <TIME>2021-09-28 11:56:14</TIME>
          <TEMP_DEGC>22.300</TEMP_DEGC>
          <AIR_TEMP_DEGC>22.300</AIR_TEMP_DEGC>
          <RH_PRCNT>23.000</RH_PRCNT>
        </DATA>
        <DATA>
          <VOLTS>-13.300</VOLTS>
          <CURRNT_NAMP>3.650e-03</CURRNT_NAMP>
          <TIME>2021-09-28 11:56:16</TIME>
          <TEMP_DEGC>22.300</TEMP_DEGC>
          <AIR_TEMP_DEGC>22.300</AIR_TEMP_DEGC>
          <RH_PRCNT>23.000</RH_PRCNT>
        </DATA>
        <DATA>
          <VOLTS>-13.200</VOLTS>
          <CURRNT_NAMP>3.673e-03</CURRNT_NAMP>
          <TIME>2021-09-28 11:56:18</TIME>
          <TEMP_DEGC>22.300</TEMP_DEGC>
          <AIR_TEMP_DEGC>22.300</AIR_TEMP_DEGC>
          <RH_PRCNT>23.100</RH_PRCNT>
        </DATA>
        <DATA>
          <VOLTS>-13.100</VOLTS>
          <CURRNT_NAMP>3.679e-03</CURRNT_NAMP>
          <TIME>2021-09-28 11:56:19</TIME>
          <TEMP_DEGC>22.300</TEMP_DEGC>
          <AIR_TEMP_DEGC>22.300</AIR_TEMP_DEGC>
          <RH_PRCNT>23.000</RH_PRCNT>
        </DATA>
        <DATA>
          <VOLTS>-13.000</VOLTS>
          <CURRNT_NAMP>3.676e-03</CURRNT_NAMP>
          <TIME>2021-09-28 11:56:21</TIME>
          <TEMP_DEGC>22.400</TEMP_DEGC>
          <AIR_TEMP_DEGC>22.400</AIR_TEMP_DEGC>
          <RH_PRCNT>23.000</RH_PRCNT>
        </DATA>
        <DATA>
          <VOLTS>-12.900</VOLTS>
          <CURRNT_NAMP>3.668e-03</CURRNT_NAMP>
          <TIME>2021-09-28 11:56:22</TIME>
          <TEMP_DEGC>22.300</TEMP_DEGC>
          <AIR_TEMP_DEGC>22.300</AIR_TEMP_DEGC>
          <RH_PRCNT>23.000</RH_PRCNT>
        </DATA>
        <DATA>
          <VOLTS>-12.800</VOLTS>
          <CURRNT_NAMP>3.695e-03</CURRNT_NAMP>
          <TIME>2021-09-28 11:56:24</TIME>
          <TEMP_DEGC>22.400</TEMP_DEGC>
          <AIR_TEMP_DEGC>22.400</AIR_TEMP_DEGC>
          <RH_PRCNT>23.000</RH_PRCNT>
        </DATA>
        <DATA>
          <VOLTS>-12.700</VOLTS>
          <CURRNT_NAMP>3.686e-03</CURRNT_NAMP>
          <TIME>2021-09-28 11:56:26</TIME>
          <TEMP_DEGC>22.400</TEMP_DEGC>
          <AIR_TEMP_DEGC>22.400</AIR_TEMP_DEGC>
          <RH_PRCNT>23.000</RH_PRCNT>
        </DATA>
        <DATA>
          <VOLTS>-12.600</VOLTS>
          <CURRNT_NAMP>3.665e-03</CURRNT_NAMP>
          <TIME>2021-09-28 11:56:27</TIME>
          <TEMP_DEGC>22.400</TEMP_DEGC>
          <AIR_TEMP_DEGC>22.400</AIR_TEMP_DEGC>
          <RH_PRCNT>23.000</RH_PRCNT>
        </DATA>
        <DATA>
          <VOLTS>-12.500</VOLTS>
          <CURRNT_NAMP>3.698e-03</CURRNT_NAMP>
          <TIME>2021-09-28 11:56:29</TIME>
          <TEMP_DEGC>22.400</TEMP_DEGC>
          <AIR_TEMP_DEGC>22.400</AIR_TEMP_DEGC>
          <RH_PRCNT>23.000</RH_PRCNT>
        </DATA>
        <DATA>
          <VOLTS>-12.400</VOLTS>
          <CURRNT_NAMP>3.708e-03</CURRNT_NAMP>
          <TIME>2021-09-28 11:56:31</TIME>
          <TEMP_DEGC>22.300</TEMP_DEGC>
          <AIR_TEMP_DEGC>22.300</AIR_TEMP_DEGC>
          <RH_PRCNT>23.000</RH_PRCNT>
        </DATA>
        <DATA>
          <VOLTS>-12.300</VOLTS>
          <CURRNT_NAMP>3.704e-03</CURRNT_NAMP>
          <TIME>2021-09-28 11:56:32</TIME>
          <TEMP_DEGC>22.300</TEMP_DEGC>
          <AIR_TEMP_DEGC>22.300</AIR_TEMP_DEGC>
          <RH_PRCNT>23.000</RH_PRCNT>
        </DATA>
        <DATA>
          <VOLTS>-12.200</VOLTS>
          <CURRNT_NAMP>3.725e-03</CURRNT_NAMP>
          <TIME>2021-09-28 11:56:34</TIME>
          <TEMP_DEGC>22.400</TEMP_DEGC>
          <AIR_TEMP_DEGC>22.400</AIR_TEMP_DEGC>
          <RH_PRCNT>23.000</RH_PRCNT>
        </DATA>
        <DATA>
          <VOLTS>-12.100</VOLTS>
          <CURRNT_NAMP>3.714e-03</CURRNT_NAMP>
          <TIME>2021-09-28 11:56:36</TIME>
          <TEMP_DEGC>22.400</TEMP_DEGC>
          <AIR_TEMP_DEGC>22.400</AIR_TEMP_DEGC>
          <RH_PRCNT>23.000</RH_PRCNT>
        </DATA>
        <DATA>
          <VOLTS>-12.000</VOLTS>
          <CURRNT_NAMP>3.703e-03</CURRNT_NAMP>
          <TIME>2021-09-28 11:56:37</TIME>
          <TEMP_DEGC>22.400</TEMP_DEGC>
          <AIR_TEMP_DEGC>22.400</AIR_TEMP_DEGC>
          <RH_PRCNT>23.000</RH_PRCNT>
        </DATA>
        <DATA>
          <VOLTS>-11.900</VOLTS>
          <CURRNT_NAMP>3.712e-03</CURRNT_NAMP>
          <TIME>2021-09-28 11:56:39</TIME>
          <TEMP_DEGC>22.300</TEMP_DEGC>
          <AIR_TEMP_DEGC>22.300</AIR_TEMP_DEGC>
          <RH_PRCNT>23.000</RH_PRCNT>
        </DATA>
        <DATA>
          <VOLTS>-11.800</VOLTS>
          <CURRNT_NAMP>3.722e-03</CURRNT_NAMP>
          <TIME>2021-09-28 11:56:41</TIME>
          <TEMP_DEGC>22.300</TEMP_DEGC>
          <AIR_TEMP_DEGC>22.300</AIR_TEMP_DEGC>
          <RH_PRCNT>23.000</RH_PRCNT>
        </DATA>
        <DATA>
          <VOLTS>-11.700</VOLTS>
          <CURRNT_NAMP>3.743e-03</CURRNT_NAMP>
          <TIME>2021-09-28 11:56:42</TIME>
          <TEMP_DEGC>22.300</TEMP_DEGC>
          <AIR_TEMP_DEGC>22.300</AIR_TEMP_DEGC>
          <RH_PRCNT>23.000</RH_PRCNT>
        </DATA>
        <DATA>
          <VOLTS>-11.600</VOLTS>
          <CURRNT_NAMP>3.747e-03</CURRNT_NAMP>
          <TIME>2021-09-28 11:56:44</TIME>
          <TEMP_DEGC>22.400</TEMP_DEGC>
          <AIR_TEMP_DEGC>22.400</AIR_TEMP_DEGC>
          <RH_PRCNT>23.000</RH_PRCNT>
        </DATA>
        <DATA>
          <VOLTS>-11.500</VOLTS>
          <CURRNT_NAMP>3.748e-03</CURRNT_NAMP>
          <TIME>2021-09-28 11:56:46</TIME>
          <TEMP_DEGC>22.300</TEMP_DEGC>
          <AIR_TEMP_DEGC>22.300</AIR_TEMP_DEGC>
          <RH_PRCNT>23.000</RH_PRCNT>
        </DATA>
        <DATA>
          <VOLTS>-11.400</VOLTS>
          <CURRNT_NAMP>3.776e-03</CURRNT_NAMP>
          <TIME>2021-09-28 11:56:47</TIME>
          <TEMP_DEGC>22.300</TEMP_DEGC>
          <AIR_TEMP_DEGC>22.300</AIR_TEMP_DEGC>
          <RH_PRCNT>23.000</RH_PRCNT>
        </DATA>
        <DATA>
          <VOLTS>-11.300</VOLTS>
          <CURRNT_NAMP>3.755e-03</CURRNT_NAMP>
          <TIME>2021-09-28 11:56:49</TIME>
          <TEMP_DEGC>22.300</TEMP_DEGC>
          <AIR_TEMP_DEGC>22.300</AIR_TEMP_DEGC>
          <RH_PRCNT>23.000</RH_PRCNT>
        </DATA>
        <DATA>
          <VOLTS>-11.200</VOLTS>
          <CURRNT_NAMP>3.795e-03</CURRNT_NAMP>
          <TIME>2021-09-28 11:56:50</TIME>
          <TEMP_DEGC>22.300</TEMP_DEGC>
          <AIR_TEMP_DEGC>22.300</AIR_TEMP_DEGC>
          <RH_PRCNT>23.000</RH_PRCNT>
        </DATA>
        <DATA>
          <VOLTS>-11.100</VOLTS>
          <CURRNT_NAMP>3.804e-03</CURRNT_NAMP>
          <TIME>2021-09-28 11:56:52</TIME>
          <TEMP_DEGC>22.300</TEMP_DEGC>
          <AIR_TEMP_DEGC>22.300</AIR_TEMP_DEGC>
          <RH_PRCNT>23.000</RH_PRCNT>
        </DATA>
        <DATA>
          <VOLTS>-11.000</VOLTS>
          <CURRNT_NAMP>3.812e-03</CURRNT_NAMP>
          <TIME>2021-09-28 11:56:54</TIME>
          <TEMP_DEGC>22.400</TEMP_DEGC>
          <AIR_TEMP_DEGC>22.400</AIR_TEMP_DEGC>
          <RH_PRCNT>23.000</RH_PRCNT>
        </DATA>
        <DATA>
          <VOLTS>-10.900</VOLTS>
          <CURRNT_NAMP>3.817e-03</CURRNT_NAMP>
          <TIME>2021-09-28 11:56:55</TIME>
          <TEMP_DEGC>22.300</TEMP_DEGC>
          <AIR_TEMP_DEGC>22.300</AIR_TEMP_DEGC>
          <RH_PRCNT>23.000</RH_PRCNT>
        </DATA>
        <DATA>
          <VOLTS>-10.800</VOLTS>
          <CURRNT_NAMP>3.834e-03</CURRNT_NAMP>
          <TIME>2021-09-28 11:56:57</TIME>
          <TEMP_DEGC>22.400</TEMP_DEGC>
          <AIR_TEMP_DEGC>22.400</AIR_TEMP_DEGC>
          <RH_PRCNT>23.000</RH_PRCNT>
        </DATA>
        <DATA>
          <VOLTS>-10.700</VOLTS>
          <CURRNT_NAMP>3.837e-03</CURRNT_NAMP>
          <TIME>2021-09-28 11:56:59</TIME>
          <TEMP_DEGC>22.400</TEMP_DEGC>
          <AIR_TEMP_DEGC>22.400</AIR_TEMP_DEGC>
          <RH_PRCNT>23.000</RH_PRCNT>
        </DATA>
        <DATA>
          <VOLTS>-10.600</VOLTS>
          <CURRNT_NAMP>3.868e-03</CURRNT_NAMP>
          <TIME>2021-09-28 11:57:00</TIME>
          <TEMP_DEGC>22.300</TEMP_DEGC>
          <AIR_TEMP_DEGC>22.300</AIR_TEMP_DEGC>
          <RH_PRCNT>23.000</RH_PRCNT>
        </DATA>
        <DATA>
          <VOLTS>-10.500</VOLTS>
          <CURRNT_NAMP>3.877e-03</CURRNT_NAMP>
          <TIME>2021-09-28 11:57:02</TIME>
          <TEMP_DEGC>22.300</TEMP_DEGC>
          <AIR_TEMP_DEGC>22.300</AIR_TEMP_DEGC>
          <RH_PRCNT>23.000</RH_PRCNT>
        </DATA>
        <DATA>
          <VOLTS>-10.400</VOLTS>
          <CURRNT_NAMP>3.888e-03</CURRNT_NAMP>
          <TIME>2021-09-28 11:57:04</TIME>
          <TEMP_DEGC>22.400</TEMP_DEGC>
          <AIR_TEMP_DEGC>22.400</AIR_TEMP_DEGC>
          <RH_PRCNT>23.000</RH_PRCNT>
        </DATA>
        <DATA>
          <VOLTS>-10.300</VOLTS>
          <CURRNT_NAMP>3.907e-03</CURRNT_NAMP>
          <TIME>2021-09-28 11:57:05</TIME>
          <TEMP_DEGC>22.400</TEMP_DEGC>
          <AIR_TEMP_DEGC>22.400</AIR_TEMP_DEGC>
          <RH_PRCNT>23.000</RH_PRCNT>
        </DATA>
        <DATA>
          <VOLTS>-10.200</VOLTS>
          <CURRNT_NAMP>3.945e-03</CURRNT_NAMP>
          <TIME>2021-09-28 11:57:07</TIME>
          <TEMP_DEGC>22.300</TEMP_DEGC>
          <AIR_TEMP_DEGC>22.300</AIR_TEMP_DEGC>
          <RH_PRCNT>23.000</RH_PRCNT>
        </DATA>
        <DATA>
          <VOLTS>-10.100</VOLTS>
          <CURRNT_NAMP>3.972e-03</CURRNT_NAMP>
          <TIME>2021-09-28 11:57:08</TIME>
          <TEMP_DEGC>22.400</TEMP_DEGC>
          <AIR_TEMP_DEGC>22.400</AIR_TEMP_DEGC>
          <RH_PRCNT>23.000</RH_PRCNT>
        </DATA>
        <DATA>
          <VOLTS>-10.000</VOLTS>
          <CURRNT_NAMP>3.971e-03</CURRNT_NAMP>
          <TIME>2021-09-28 11:57:10</TIME>
          <TEMP_DEGC>22.300</TEMP_DEGC>
          <AIR_TEMP_DEGC>22.300</AIR_TEMP_DEGC>
          <RH_PRCNT>23.000</RH_PRCNT>
        </DATA>
        <DATA>
          <VOLTS>-9.900</VOLTS>
          <CURRNT_NAMP>3.989e-03</CURRNT_NAMP>
          <TIME>2021-09-28 11:57:12</TIME>
          <TEMP_DEGC>22.300</TEMP_DEGC>
          <AIR_TEMP_DEGC>22.300</AIR_TEMP_DEGC>
          <RH_PRCNT>23.000</RH_PRCNT>
        </DATA>
        <DATA>
          <VOLTS>-9.800</VOLTS>
          <CURRNT_NAMP>4.014e-03</CURRNT_NAMP>
          <TIME>2021-09-28 11:57:13</TIME>
          <TEMP_DEGC>22.300</TEMP_DEGC>
          <AIR_TEMP_DEGC>22.300</AIR_TEMP_DEGC>
          <RH_PRCNT>23.000</RH_PRCNT>
        </DATA>
        <DATA>
          <VOLTS>-9.700</VOLTS>
          <CURRNT_NAMP>4.055e-03</CURRNT_NAMP>
          <TIME>2021-09-28 11:57:15</TIME>
          <TEMP_DEGC>22.300</TEMP_DEGC>
          <AIR_TEMP_DEGC>22.300</AIR_TEMP_DEGC>
          <RH_PRCNT>23.000</RH_PRCNT>
        </DATA>
        <DATA>
          <VOLTS>-9.600</VOLTS>
          <CURRNT_NAMP>4.106e-03</CURRNT_NAMP>
          <TIME>2021-09-28 11:57:17</TIME>
          <TEMP_DEGC>22.300</TEMP_DEGC>
          <AIR_TEMP_DEGC>22.300</AIR_TEMP_DEGC>
          <RH_PRCNT>23.000</RH_PRCNT>
        </DATA>
        <DATA>
          <VOLTS>-9.500</VOLTS>
          <CURRNT_NAMP>4.123e-03</CURRNT_NAMP>
          <TIME>2021-09-28 11:57:18</TIME>
          <TEMP_DEGC>22.300</TEMP_DEGC>
          <AIR_TEMP_DEGC>22.300</AIR_TEMP_DEGC>
          <RH_PRCNT>23.000</RH_PRCNT>
        </DATA>
        <DATA>
          <VOLTS>-9.400</VOLTS>
          <CURRNT_NAMP>4.164e-03</CURRNT_NAMP>
          <TIME>2021-09-28 11:57:20</TIME>
          <TEMP_DEGC>22.300</TEMP_DEGC>
          <AIR_TEMP_DEGC>22.300</AIR_TEMP_DEGC>
          <RH_PRCNT>23.000</RH_PRCNT>
        </DATA>
        <DATA>
          <VOLTS>-9.300</VOLTS>
          <CURRNT_NAMP>4.191e-03</CURRNT_NAMP>
          <TIME>2021-09-28 11:57:22</TIME>
          <TEMP_DEGC>22.400</TEMP_DEGC>
          <AIR_TEMP_DEGC>22.400</AIR_TEMP_DEGC>
          <RH_PRCNT>23.000</RH_PRCNT>
        </DATA>
        <DATA>
          <VOLTS>-9.200</VOLTS>
          <CURRNT_NAMP>4.234e-03</CURRNT_NAMP>
          <TIME>2021-09-28 11:57:23</TIME>
          <TEMP_DEGC>22.300</TEMP_DEGC>
          <AIR_TEMP_DEGC>22.300</AIR_TEMP_DEGC>
          <RH_PRCNT>23.000</RH_PRCNT>
        </DATA>
        <DATA>
          <VOLTS>-9.100</VOLTS>
          <CURRNT_NAMP>4.296e-03</CURRNT_NAMP>
          <TIME>2021-09-28 11:57:25</TIME>
          <TEMP_DEGC>22.300</TEMP_DEGC>
          <AIR_TEMP_DEGC>22.300</AIR_TEMP_DEGC>
          <RH_PRCNT>23.000</RH_PRCNT>
        </DATA>
        <DATA>
          <VOLTS>-9.000</VOLTS>
          <CURRNT_NAMP>4.350e-03</CURRNT_NAMP>
          <TIME>2021-09-28 11:57:27</TIME>
          <TEMP_DEGC>22.300</TEMP_DEGC>
          <AIR_TEMP_DEGC>22.300</AIR_TEMP_DEGC>
          <RH_PRCNT>23.000</RH_PRCNT>
        </DATA>
        <DATA>
          <VOLTS>-8.900</VOLTS>
          <CURRNT_NAMP>4.419e-03</CURRNT_NAMP>
          <TIME>2021-09-28 11:57:28</TIME>
          <TEMP_DEGC>22.300</TEMP_DEGC>
          <AIR_TEMP_DEGC>22.300</AIR_TEMP_DEGC>
          <RH_PRCNT>23.000</RH_PRCNT>
        </DATA>
        <DATA>
          <VOLTS>-8.800</VOLTS>
          <CURRNT_NAMP>4.472e-03</CURRNT_NAMP>
          <TIME>2021-09-28 11:57:30</TIME>
          <TEMP_DEGC>22.300</TEMP_DEGC>
          <AIR_TEMP_DEGC>22.300</AIR_TEMP_DEGC>
          <RH_PRCNT>23.000</RH_PRCNT>
        </DATA>
        <DATA>
          <VOLTS>-8.700</VOLTS>
          <CURRNT_NAMP>4.561e-03</CURRNT_NAMP>
          <TIME>2021-09-28 11:57:31</TIME>
          <TEMP_DEGC>22.300</TEMP_DEGC>
          <AIR_TEMP_DEGC>22.300</AIR_TEMP_DEGC>
          <RH_PRCNT>23.000</RH_PRCNT>
        </DATA>
        <DATA>
          <VOLTS>-8.600</VOLTS>
          <CURRNT_NAMP>4.646e-03</CURRNT_NAMP>
          <TIME>2021-09-28 11:57:33</TIME>
          <TEMP_DEGC>22.300</TEMP_DEGC>
          <AIR_TEMP_DEGC>22.300</AIR_TEMP_DEGC>
          <RH_PRCNT>22.900</RH_PRCNT>
        </DATA>
        <DATA>
          <VOLTS>-8.500</VOLTS>
          <CURRNT_NAMP>4.752e-03</CURRNT_NAMP>
          <TIME>2021-09-28 11:57:35</TIME>
          <TEMP_DEGC>22.300</TEMP_DEGC>
          <AIR_TEMP_DEGC>22.300</AIR_TEMP_DEGC>
          <RH_PRCNT>23.000</RH_PRCNT>
        </DATA>
        <DATA>
          <VOLTS>-8.400</VOLTS>
          <CURRNT_NAMP>4.898e-03</CURRNT_NAMP>
          <TIME>2021-09-28 11:57:36</TIME>
          <TEMP_DEGC>22.400</TEMP_DEGC>
          <AIR_TEMP_DEGC>22.400</AIR_TEMP_DEGC>
          <RH_PRCNT>22.900</RH_PRCNT>
        </DATA>
        <DATA>
          <VOLTS>-8.300</VOLTS>
          <CURRNT_NAMP>5.071e-03</CURRNT_NAMP>
          <TIME>2021-09-28 11:57:38</TIME>
          <TEMP_DEGC>22.300</TEMP_DEGC>
          <AIR_TEMP_DEGC>22.300</AIR_TEMP_DEGC>
          <RH_PRCNT>22.900</RH_PRCNT>
        </DATA>
        <DATA>
          <VOLTS>-8.200</VOLTS>
          <CURRNT_NAMP>5.270e-03</CURRNT_NAMP>
          <TIME>2021-09-28 11:57:40</TIME>
          <TEMP_DEGC>22.300</TEMP_DEGC>
          <AIR_TEMP_DEGC>22.300</AIR_TEMP_DEGC>
          <RH_PRCNT>23.000</RH_PRCNT>
        </DATA>
        <DATA>
          <VOLTS>-8.100</VOLTS>
          <CURRNT_NAMP>5.568e-03</CURRNT_NAMP>
          <TIME>2021-09-28 11:57:41</TIME>
          <TEMP_DEGC>22.400</TEMP_DEGC>
          <AIR_TEMP_DEGC>22.400</AIR_TEMP_DEGC>
          <RH_PRCNT>22.900</RH_PRCNT>
        </DATA>
        <DATA>
          <VOLTS>-8.000</VOLTS>
          <CURRNT_NAMP>6.000e-03</CURRNT_NAMP>
          <TIME>2021-09-28 11:57:43</TIME>
          <TEMP_DEGC>22.400</TEMP_DEGC>
          <AIR_TEMP_DEGC>22.400</AIR_TEMP_DEGC>
          <RH_PRCNT>22.900</RH_PRCNT>
        </DATA>
        <DATA>
          <VOLTS>-7.900</VOLTS>
          <CURRNT_NAMP>6.680e-03</CURRNT_NAMP>
          <TIME>2021-09-28 11:57:45</TIME>
          <TEMP_DEGC>22.300</TEMP_DEGC>
          <AIR_TEMP_DEGC>22.300</AIR_TEMP_DEGC>
          <RH_PRCNT>22.900</RH_PRCNT>
        </DATA>
        <DATA>
          <VOLTS>-7.800</VOLTS>
          <CURRNT_NAMP>7.353e-03</CURRNT_NAMP>
          <TIME>2021-09-28 11:57:46</TIME>
          <TEMP_DEGC>22.400</TEMP_DEGC>
          <AIR_TEMP_DEGC>22.400</AIR_TEMP_DEGC>
          <RH_PRCNT>22.900</RH_PRCNT>
        </DATA>
        <DATA>
          <VOLTS>-7.700</VOLTS>
          <CURRNT_NAMP>7.662e-03</CURRNT_NAMP>
          <TIME>2021-09-28 11:57:48</TIME>
          <TEMP_DEGC>22.300</TEMP_DEGC>
          <AIR_TEMP_DEGC>22.300</AIR_TEMP_DEGC>
          <RH_PRCNT>22.900</RH_PRCNT>
        </DATA>
        <DATA>
          <VOLTS>-7.600</VOLTS>
          <CURRNT_NAMP>7.764e-03</CURRNT_NAMP>
          <TIME>2021-09-28 11:57:50</TIME>
          <TEMP_DEGC>22.300</TEMP_DEGC>
          <AIR_TEMP_DEGC>22.300</AIR_TEMP_DEGC>
          <RH_PRCNT>22.900</RH_PRCNT>
        </DATA>
        <DATA>
          <VOLTS>-7.500</VOLTS>
          <CURRNT_NAMP>7.854e-03</CURRNT_NAMP>
          <TIME>2021-09-28 11:57:51</TIME>
          <TEMP_DEGC>22.400</TEMP_DEGC>
          <AIR_TEMP_DEGC>22.400</AIR_TEMP_DEGC>
          <RH_PRCNT>22.900</RH_PRCNT>
        </DATA>
        <DATA>
          <VOLTS>-7.400</VOLTS>
          <CURRNT_NAMP>8.033e-03</CURRNT_NAMP>
          <TIME>2021-09-28 11:57:53</TIME>
          <TEMP_DEGC>22.400</TEMP_DEGC>
          <AIR_TEMP_DEGC>22.400</AIR_TEMP_DEGC>
          <RH_PRCNT>22.900</RH_PRCNT>
        </DATA>
        <DATA>
          <VOLTS>-7.300</VOLTS>
          <CURRNT_NAMP>8.156e-03</CURRNT_NAMP>
          <TIME>2021-09-28 11:57:54</TIME>
          <TEMP_DEGC>22.400</TEMP_DEGC>
          <AIR_TEMP_DEGC>22.400</AIR_TEMP_DEGC>
          <RH_PRCNT>22.900</RH_PRCNT>
        </DATA>
        <DATA>
          <VOLTS>-7.200</VOLTS>
          <CURRNT_NAMP>8.228e-03</CURRNT_NAMP>
          <TIME>2021-09-28 11:57:56</TIME>
          <TEMP_DEGC>22.300</TEMP_DEGC>
          <AIR_TEMP_DEGC>22.300</AIR_TEMP_DEGC>
          <RH_PRCNT>22.900</RH_PRCNT>
        </DATA>
        <DATA>
          <VOLTS>-7.100</VOLTS>
          <CURRNT_NAMP>8.234e-03</CURRNT_NAMP>
          <TIME>2021-09-28 11:57:58</TIME>
          <TEMP_DEGC>22.400</TEMP_DEGC>
          <AIR_TEMP_DEGC>22.400</AIR_TEMP_DEGC>
          <RH_PRCNT>22.900</RH_PRCNT>
        </DATA>
        <DATA>
          <VOLTS>-7.000</VOLTS>
          <CURRNT_NAMP>8.237e-03</CURRNT_NAMP>
          <TIME>2021-09-28 11:57:59</TIME>
          <TEMP_DEGC>22.300</TEMP_DEGC>
          <AIR_TEMP_DEGC>22.300</AIR_TEMP_DEGC>
          <RH_PRCNT>22.900</RH_PRCNT>
        </DATA>
        <DATA>
          <VOLTS>-6.900</VOLTS>
          <CURRNT_NAMP>8.229e-03</CURRNT_NAMP>
          <TIME>2021-09-28 11:58:01</TIME>
          <TEMP_DEGC>22.300</TEMP_DEGC>
          <AIR_TEMP_DEGC>22.300</AIR_TEMP_DEGC>
          <RH_PRCNT>22.900</RH_PRCNT>
        </DATA>
        <DATA>
          <VOLTS>-6.800</VOLTS>
          <CURRNT_NAMP>8.231e-03</CURRNT_NAMP>
          <TIME>2021-09-28 11:58:03</TIME>
          <TEMP_DEGC>22.300</TEMP_DEGC>
          <AIR_TEMP_DEGC>22.300</AIR_TEMP_DEGC>
          <RH_PRCNT>22.900</RH_PRCNT>
        </DATA>
        <DATA>
          <VOLTS>-6.700</VOLTS>
          <CURRNT_NAMP>8.235e-03</CURRNT_NAMP>
          <TIME>2021-09-28 11:58:04</TIME>
          <TEMP_DEGC>22.400</TEMP_DEGC>
          <AIR_TEMP_DEGC>22.400</AIR_TEMP_DEGC>
          <RH_PRCNT>22.900</RH_PRCNT>
        </DATA>
        <DATA>
          <VOLTS>-6.600</VOLTS>
          <CURRNT_NAMP>8.233e-03</CURRNT_NAMP>
          <TIME>2021-09-28 11:58:06</TIME>
          <TEMP_DEGC>22.400</TEMP_DEGC>
          <AIR_TEMP_DEGC>22.400</AIR_TEMP_DEGC>
          <RH_PRCNT>22.900</RH_PRCNT>
        </DATA>
        <DATA>
          <VOLTS>-6.500</VOLTS>
          <CURRNT_NAMP>8.218e-03</CURRNT_NAMP>
          <TIME>2021-09-28 11:58:08</TIME>
          <TEMP_DEGC>22.400</TEMP_DEGC>
          <AIR_TEMP_DEGC>22.400</AIR_TEMP_DEGC>
          <RH_PRCNT>22.900</RH_PRCNT>
        </DATA>
        <DATA>
          <VOLTS>-6.400</VOLTS>
          <CURRNT_NAMP>8.224e-03</CURRNT_NAMP>
          <TIME>2021-09-28 11:58:09</TIME>
          <TEMP_DEGC>22.400</TEMP_DEGC>
          <AIR_TEMP_DEGC>22.400</AIR_TEMP_DEGC>
          <RH_PRCNT>22.900</RH_PRCNT>
        </DATA>
        <DATA>
          <VOLTS>-6.300</VOLTS>
          <CURRNT_NAMP>8.219e-03</CURRNT_NAMP>
          <TIME>2021-09-28 11:58:11</TIME>
          <TEMP_DEGC>22.400</TEMP_DEGC>
          <AIR_TEMP_DEGC>22.400</AIR_TEMP_DEGC>
          <RH_PRCNT>22.900</RH_PRCNT>
        </DATA>
        <DATA>
          <VOLTS>-6.200</VOLTS>
          <CURRNT_NAMP>8.220e-03</CURRNT_NAMP>
          <TIME>2021-09-28 11:58:13</TIME>
          <TEMP_DEGC>22.400</TEMP_DEGC>
          <AIR_TEMP_DEGC>22.400</AIR_TEMP_DEGC>
          <RH_PRCNT>22.900</RH_PRCNT>
        </DATA>
        <DATA>
          <VOLTS>-6.100</VOLTS>
          <CURRNT_NAMP>8.211e-03</CURRNT_NAMP>
          <TIME>2021-09-28 11:58:14</TIME>
          <TEMP_DEGC>22.400</TEMP_DEGC>
          <AIR_TEMP_DEGC>22.400</AIR_TEMP_DEGC>
          <RH_PRCNT>22.900</RH_PRCNT>
        </DATA>
        <DATA>
          <VOLTS>-6.000</VOLTS>
          <CURRNT_NAMP>8.212e-03</CURRNT_NAMP>
          <TIME>2021-09-28 11:58:16</TIME>
          <TEMP_DEGC>22.400</TEMP_DEGC>
          <AIR_TEMP_DEGC>22.400</AIR_TEMP_DEGC>
          <RH_PRCNT>22.900</RH_PRCNT>
        </DATA>
        <DATA>
          <VOLTS>-5.900</VOLTS>
          <CURRNT_NAMP>8.224e-03</CURRNT_NAMP>
          <TIME>2021-09-28 11:58:17</TIME>
          <TEMP_DEGC>22.400</TEMP_DEGC>
          <AIR_TEMP_DEGC>22.400</AIR_TEMP_DEGC>
          <RH_PRCNT>22.900</RH_PRCNT>
        </DATA>
        <DATA>
          <VOLTS>-5.800</VOLTS>
          <CURRNT_NAMP>8.215e-03</CURRNT_NAMP>
          <TIME>2021-09-28 11:58:19</TIME>
          <TEMP_DEGC>22.400</TEMP_DEGC>
          <AIR_TEMP_DEGC>22.400</AIR_TEMP_DEGC>
          <RH_PRCNT>22.900</RH_PRCNT>
        </DATA>
        <DATA>
          <VOLTS>-5.700</VOLTS>
          <CURRNT_NAMP>8.208e-03</CURRNT_NAMP>
          <TIME>2021-09-28 11:58:21</TIME>
          <TEMP_DEGC>22.400</TEMP_DEGC>
          <AIR_TEMP_DEGC>22.400</AIR_TEMP_DEGC>
          <RH_PRCNT>22.900</RH_PRCNT>
        </DATA>
        <DATA>
          <VOLTS>-5.600</VOLTS>
          <CURRNT_NAMP>8.192e-03</CURRNT_NAMP>
          <TIME>2021-09-28 11:58:22</TIME>
          <TEMP_DEGC>22.400</TEMP_DEGC>
          <AIR_TEMP_DEGC>22.400</AIR_TEMP_DEGC>
          <RH_PRCNT>22.900</RH_PRCNT>
        </DATA>
        <DATA>
          <VOLTS>-5.500</VOLTS>
          <CURRNT_NAMP>8.193e-03</CURRNT_NAMP>
          <TIME>2021-09-28 11:58:24</TIME>
          <TEMP_DEGC>22.400</TEMP_DEGC>
          <AIR_TEMP_DEGC>22.400</AIR_TEMP_DEGC>
          <RH_PRCNT>22.900</RH_PRCNT>
        </DATA>
        <DATA>
          <VOLTS>-5.400</VOLTS>
          <CURRNT_NAMP>8.200e-03</CURRNT_NAMP>
          <TIME>2021-09-28 11:58:26</TIME>
          <TEMP_DEGC>22.400</TEMP_DEGC>
          <AIR_TEMP_DEGC>22.400</AIR_TEMP_DEGC>
          <RH_PRCNT>22.900</RH_PRCNT>
        </DATA>
        <DATA>
          <VOLTS>-5.300</VOLTS>
          <CURRNT_NAMP>8.180e-03</CURRNT_NAMP>
          <TIME>2021-09-28 11:58:27</TIME>
          <TEMP_DEGC>22.400</TEMP_DEGC>
          <AIR_TEMP_DEGC>22.400</AIR_TEMP_DEGC>
          <RH_PRCNT>22.900</RH_PRCNT>
        </DATA>
        <DATA>
          <VOLTS>-5.200</VOLTS>
          <CURRNT_NAMP>8.176e-03</CURRNT_NAMP>
          <TIME>2021-09-28 11:58:29</TIME>
          <TEMP_DEGC>22.400</TEMP_DEGC>
          <AIR_TEMP_DEGC>22.400</AIR_TEMP_DEGC>
          <RH_PRCNT>22.900</RH_PRCNT>
        </DATA>
        <DATA>
          <VOLTS>-5.100</VOLTS>
          <CURRNT_NAMP>8.157e-03</CURRNT_NAMP>
          <TIME>2021-09-28 11:58:31</TIME>
          <TEMP_DEGC>22.400</TEMP_DEGC>
          <AIR_TEMP_DEGC>22.400</AIR_TEMP_DEGC>
          <RH_PRCNT>22.800</RH_PRCNT>
        </DATA>
        <DATA>
          <VOLTS>-5.000</VOLTS>
          <CURRNT_NAMP>8.153e-03</CURRNT_NAMP>
          <TIME>2021-09-28 11:58:32</TIME>
          <TEMP_DEGC>22.400</TEMP_DEGC>
          <AIR_TEMP_DEGC>22.400</AIR_TEMP_DEGC>
          <RH_PRCNT>22.800</RH_PRCNT>
        </DATA>
        <DATA>
          <VOLTS>-4.900</VOLTS>
          <CURRNT_NAMP>8.146e-03</CURRNT_NAMP>
          <TIME>2021-09-28 11:58:34</TIME>
          <TEMP_DEGC>22.400</TEMP_DEGC>
          <AIR_TEMP_DEGC>22.400</AIR_TEMP_DEGC>
          <RH_PRCNT>22.800</RH_PRCNT>
        </DATA>
        <DATA>
          <VOLTS>-4.800</VOLTS>
          <CURRNT_NAMP>8.137e-03</CURRNT_NAMP>
          <TIME>2021-09-28 11:58:36</TIME>
          <TEMP_DEGC>22.400</TEMP_DEGC>
          <AIR_TEMP_DEGC>22.400</AIR_TEMP_DEGC>
          <RH_PRCNT>22.900</RH_PRCNT>
        </DATA>
        <DATA>
          <VOLTS>-4.700</VOLTS>
          <CURRNT_NAMP>8.129e-03</CURRNT_NAMP>
          <TIME>2021-09-28 11:58:37</TIME>
          <TEMP_DEGC>22.400</TEMP_DEGC>
          <AIR_TEMP_DEGC>22.400</AIR_TEMP_DEGC>
          <RH_PRCNT>22.800</RH_PRCNT>
        </DATA>
        <DATA>
          <VOLTS>-4.600</VOLTS>
          <CURRNT_NAMP>8.133e-03</CURRNT_NAMP>
          <TIME>2021-09-28 11:58:39</TIME>
          <TEMP_DEGC>22.400</TEMP_DEGC>
          <AIR_TEMP_DEGC>22.400</AIR_TEMP_DEGC>
          <RH_PRCNT>22.800</RH_PRCNT>
        </DATA>
        <DATA>
          <VOLTS>-4.500</VOLTS>
          <CURRNT_NAMP>8.131e-03</CURRNT_NAMP>
          <TIME>2021-09-28 11:58:40</TIME>
          <TEMP_DEGC>22.400</TEMP_DEGC>
          <AIR_TEMP_DEGC>22.400</AIR_TEMP_DEGC>
          <RH_PRCNT>22.900</RH_PRCNT>
        </DATA>
        <DATA>
          <VOLTS>-4.400</VOLTS>
          <CURRNT_NAMP>8.107e-03</CURRNT_NAMP>
          <TIME>2021-09-28 11:58:42</TIME>
          <TEMP_DEGC>22.400</TEMP_DEGC>
          <AIR_TEMP_DEGC>22.400</AIR_TEMP_DEGC>
          <RH_PRCNT>22.800</RH_PRCNT>
        </DATA>
        <DATA>
          <VOLTS>-4.300</VOLTS>
          <CURRNT_NAMP>8.099e-03</CURRNT_NAMP>
          <TIME>2021-09-28 11:58:44</TIME>
          <TEMP_DEGC>22.400</TEMP_DEGC>
          <AIR_TEMP_DEGC>22.400</AIR_TEMP_DEGC>
          <RH_PRCNT>22.800</RH_PRCNT>
        </DATA>
        <DATA>
          <VOLTS>-4.200</VOLTS>
          <CURRNT_NAMP>8.087e-03</CURRNT_NAMP>
          <TIME>2021-09-28 11:58:45</TIME>
          <TEMP_DEGC>22.400</TEMP_DEGC>
          <AIR_TEMP_DEGC>22.400</AIR_TEMP_DEGC>
          <RH_PRCNT>22.900</RH_PRCNT>
        </DATA>
        <DATA>
          <VOLTS>-4.100</VOLTS>
          <CURRNT_NAMP>8.106e-03</CURRNT_NAMP>
          <TIME>2021-09-28 11:58:47</TIME>
          <TEMP_DEGC>22.400</TEMP_DEGC>
          <AIR_TEMP_DEGC>22.400</AIR_TEMP_DEGC>
          <RH_PRCNT>22.800</RH_PRCNT>
        </DATA>
        <DATA>
          <VOLTS>-4.000</VOLTS>
          <CURRNT_NAMP>8.079e-03</CURRNT_NAMP>
          <TIME>2021-09-28 11:58:49</TIME>
          <TEMP_DEGC>22.400</TEMP_DEGC>
          <AIR_TEMP_DEGC>22.400</AIR_TEMP_DEGC>
          <RH_PRCNT>22.800</RH_PRCNT>
        </DATA>
        <DATA>
          <VOLTS>-3.900</VOLTS>
          <CURRNT_NAMP>8.056e-03</CURRNT_NAMP>
          <TIME>2021-09-28 11:58:50</TIME>
          <TEMP_DEGC>22.400</TEMP_DEGC>
          <AIR_TEMP_DEGC>22.400</AIR_TEMP_DEGC>
          <RH_PRCNT>22.800</RH_PRCNT>
        </DATA>
        <DATA>
          <VOLTS>-3.800</VOLTS>
          <CURRNT_NAMP>8.047e-03</CURRNT_NAMP>
          <TIME>2021-09-28 11:58:52</TIME>
          <TEMP_DEGC>22.400</TEMP_DEGC>
          <AIR_TEMP_DEGC>22.400</AIR_TEMP_DEGC>
          <RH_PRCNT>22.900</RH_PRCNT>
        </DATA>
        <DATA>
          <VOLTS>-3.700</VOLTS>
          <CURRNT_NAMP>8.024e-03</CURRNT_NAMP>
          <TIME>2021-09-28 11:58:54</TIME>
          <TEMP_DEGC>22.400</TEMP_DEGC>
          <AIR_TEMP_DEGC>22.400</AIR_TEMP_DEGC>
          <RH_PRCNT>22.800</RH_PRCNT>
        </DATA>
        <DATA>
          <VOLTS>-3.600</VOLTS>
          <CURRNT_NAMP>8.009e-03</CURRNT_NAMP>
          <TIME>2021-09-28 11:58:55</TIME>
          <TEMP_DEGC>22.400</TEMP_DEGC>
          <AIR_TEMP_DEGC>22.400</AIR_TEMP_DEGC>
          <RH_PRCNT>22.800</RH_PRCNT>
        </DATA>
        <DATA>
          <VOLTS>-3.500</VOLTS>
          <CURRNT_NAMP>7.996e-03</CURRNT_NAMP>
          <TIME>2021-09-28 11:58:57</TIME>
          <TEMP_DEGC>22.400</TEMP_DEGC>
          <AIR_TEMP_DEGC>22.400</AIR_TEMP_DEGC>
          <RH_PRCNT>22.900</RH_PRCNT>
        </DATA>
        <DATA>
          <VOLTS>-3.400</VOLTS>
          <CURRNT_NAMP>7.984e-03</CURRNT_NAMP>
          <TIME>2021-09-28 11:58:59</TIME>
          <TEMP_DEGC>22.400</TEMP_DEGC>
          <AIR_TEMP_DEGC>22.400</AIR_TEMP_DEGC>
          <RH_PRCNT>22.800</RH_PRCNT>
        </DATA>
        <DATA>
          <VOLTS>-3.300</VOLTS>
          <CURRNT_NAMP>7.960e-03</CURRNT_NAMP>
          <TIME>2021-09-28 11:59:00</TIME>
          <TEMP_DEGC>22.400</TEMP_DEGC>
          <AIR_TEMP_DEGC>22.400</AIR_TEMP_DEGC>
          <RH_PRCNT>22.800</RH_PRCNT>
        </DATA>
        <DATA>
          <VOLTS>-3.200</VOLTS>
          <CURRNT_NAMP>7.932e-03</CURRNT_NAMP>
          <TIME>2021-09-28 11:59:02</TIME>
          <TEMP_DEGC>22.400</TEMP_DEGC>
          <AIR_TEMP_DEGC>22.400</AIR_TEMP_DEGC>
          <RH_PRCNT>22.800</RH_PRCNT>
        </DATA>
        <DATA>
          <VOLTS>-3.100</VOLTS>
          <CURRNT_NAMP>7.903e-03</CURRNT_NAMP>
          <TIME>2021-09-28 11:59:04</TIME>
          <TEMP_DEGC>22.400</TEMP_DEGC>
          <AIR_TEMP_DEGC>22.400</AIR_TEMP_DEGC>
          <RH_PRCNT>22.800</RH_PRCNT>
        </DATA>
        <DATA>
          <VOLTS>-3.000</VOLTS>
          <CURRNT_NAMP>7.875e-03</CURRNT_NAMP>
          <TIME>2021-09-28 11:59:05</TIME>
          <TEMP_DEGC>22.400</TEMP_DEGC>
          <AIR_TEMP_DEGC>22.400</AIR_TEMP_DEGC>
          <RH_PRCNT>22.800</RH_PRCNT>
        </DATA>
        <DATA>
          <VOLTS>-2.900</VOLTS>
          <CURRNT_NAMP>7.833e-03</CURRNT_NAMP>
          <TIME>2021-09-28 11:59:07</TIME>
          <TEMP_DEGC>22.400</TEMP_DEGC>
          <AIR_TEMP_DEGC>22.400</AIR_TEMP_DEGC>
          <RH_PRCNT>22.800</RH_PRCNT>
        </DATA>
        <DATA>
          <VOLTS>-2.800</VOLTS>
          <CURRNT_NAMP>7.769e-03</CURRNT_NAMP>
          <TIME>2021-09-28 11:59:08</TIME>
          <TEMP_DEGC>22.400</TEMP_DEGC>
          <AIR_TEMP_DEGC>22.400</AIR_TEMP_DEGC>
          <RH_PRCNT>22.800</RH_PRCNT>
        </DATA>
        <DATA>
          <VOLTS>-2.700</VOLTS>
          <CURRNT_NAMP>7.692e-03</CURRNT_NAMP>
          <TIME>2021-09-28 11:59:10</TIME>
          <TEMP_DEGC>22.400</TEMP_DEGC>
          <AIR_TEMP_DEGC>22.400</AIR_TEMP_DEGC>
          <RH_PRCNT>22.800</RH_PRCNT>
        </DATA>
        <DATA>
          <VOLTS>-2.600</VOLTS>
          <CURRNT_NAMP>7.557e-03</CURRNT_NAMP>
          <TIME>2021-09-28 11:59:12</TIME>
          <TEMP_DEGC>22.400</TEMP_DEGC>
          <AIR_TEMP_DEGC>22.400</AIR_TEMP_DEGC>
          <RH_PRCNT>22.800</RH_PRCNT>
        </DATA>
        <DATA>
          <VOLTS>-2.500</VOLTS>
          <CURRNT_NAMP>7.301e-03</CURRNT_NAMP>
          <TIME>2021-09-28 11:59:13</TIME>
          <TEMP_DEGC>22.400</TEMP_DEGC>
          <AIR_TEMP_DEGC>22.400</AIR_TEMP_DEGC>
          <RH_PRCNT>22.800</RH_PRCNT>
        </DATA>
        <DATA>
          <VOLTS>-2.400</VOLTS>
          <CURRNT_NAMP>6.949e-03</CURRNT_NAMP>
          <TIME>2021-09-28 11:59:15</TIME>
          <TEMP_DEGC>22.400</TEMP_DEGC>
          <AIR_TEMP_DEGC>22.400</AIR_TEMP_DEGC>
          <RH_PRCNT>22.800</RH_PRCNT>
        </DATA>
        <DATA>
          <VOLTS>-2.300</VOLTS>
          <CURRNT_NAMP>5.949e-03</CURRNT_NAMP>
          <TIME>2021-09-28 11:59:17</TIME>
          <TEMP_DEGC>22.400</TEMP_DEGC>
          <AIR_TEMP_DEGC>22.400</AIR_TEMP_DEGC>
          <RH_PRCNT>22.800</RH_PRCNT>
        </DATA>
        <DATA>
          <VOLTS>-2.200</VOLTS>
          <CURRNT_NAMP>4.618e-03</CURRNT_NAMP>
          <TIME>2021-09-28 11:59:18</TIME>
          <TEMP_DEGC>22.300</TEMP_DEGC>
          <AIR_TEMP_DEGC>22.300</AIR_TEMP_DEGC>
          <RH_PRCNT>22.800</RH_PRCNT>
        </DATA>
        <DATA>
          <VOLTS>-2.100</VOLTS>
          <CURRNT_NAMP>3.847e-03</CURRNT_NAMP>
          <TIME>2021-09-28 11:59:20</TIME>
          <TEMP_DEGC>22.300</TEMP_DEGC>
          <AIR_TEMP_DEGC>22.300</AIR_TEMP_DEGC>
          <RH_PRCNT>22.800</RH_PRCNT>
        </DATA>
        <DATA>
          <VOLTS>-2.000</VOLTS>
          <CURRNT_NAMP>3.516e-03</CURRNT_NAMP>
          <TIME>2021-09-28 11:59:22</TIME>
          <TEMP_DEGC>22.300</TEMP_DEGC>
          <AIR_TEMP_DEGC>22.300</AIR_TEMP_DEGC>
          <RH_PRCNT>22.800</RH_PRCNT>
        </DATA>
        <DATA>
          <VOLTS>-1.900</VOLTS>
          <CURRNT_NAMP>3.184e-03</CURRNT_NAMP>
          <TIME>2021-09-28 11:59:23</TIME>
          <TEMP_DEGC>22.300</TEMP_DEGC>
          <AIR_TEMP_DEGC>22.300</AIR_TEMP_DEGC>
          <RH_PRCNT>22.800</RH_PRCNT>
        </DATA>
        <DATA>
          <VOLTS>-1.800</VOLTS>
          <CURRNT_NAMP>2.766e-03</CURRNT_NAMP>
          <TIME>2021-09-28 11:59:25</TIME>
          <TEMP_DEGC>22.300</TEMP_DEGC>
          <AIR_TEMP_DEGC>22.300</AIR_TEMP_DEGC>
          <RH_PRCNT>22.800</RH_PRCNT>
        </DATA>
        <DATA>
          <VOLTS>-1.700</VOLTS>
          <CURRNT_NAMP>2.553e-03</CURRNT_NAMP>
          <TIME>2021-09-28 11:59:27</TIME>
          <TEMP_DEGC>22.300</TEMP_DEGC>
          <AIR_TEMP_DEGC>22.300</AIR_TEMP_DEGC>
          <RH_PRCNT>22.800</RH_PRCNT>
        </DATA>
        <DATA>
          <VOLTS>-1.600</VOLTS>
          <CURRNT_NAMP>2.485e-03</CURRNT_NAMP>
          <TIME>2021-09-28 11:59:28</TIME>
          <TEMP_DEGC>22.400</TEMP_DEGC>
          <AIR_TEMP_DEGC>22.400</AIR_TEMP_DEGC>
          <RH_PRCNT>22.800</RH_PRCNT>
        </DATA>
        <DATA>
          <VOLTS>-1.500</VOLTS>
          <CURRNT_NAMP>2.412e-03</CURRNT_NAMP>
          <TIME>2021-09-28 11:59:30</TIME>
          <TEMP_DEGC>22.400</TEMP_DEGC>
          <AIR_TEMP_DEGC>22.400</AIR_TEMP_DEGC>
          <RH_PRCNT>22.800</RH_PRCNT>
        </DATA>
        <DATA>
          <VOLTS>-1.400</VOLTS>
          <CURRNT_NAMP>2.370e-03</CURRNT_NAMP>
          <TIME>2021-09-28 11:59:31</TIME>
          <TEMP_DEGC>22.300</TEMP_DEGC>
          <AIR_TEMP_DEGC>22.300</AIR_TEMP_DEGC>
          <RH_PRCNT>22.800</RH_PRCNT>
        </DATA>
        <DATA>
          <VOLTS>-1.300</VOLTS>
          <CURRNT_NAMP>2.329e-03</CURRNT_NAMP>
          <TIME>2021-09-28 11:59:33</TIME>
          <TEMP_DEGC>22.400</TEMP_DEGC>
          <AIR_TEMP_DEGC>22.400</AIR_TEMP_DEGC>
          <RH_PRCNT>22.800</RH_PRCNT>
        </DATA>
        <DATA>
          <VOLTS>-1.200</VOLTS>
          <CURRNT_NAMP>2.317e-03</CURRNT_NAMP>
          <TIME>2021-09-28 11:59:35</TIME>
          <TEMP_DEGC>22.300</TEMP_DEGC>
          <AIR_TEMP_DEGC>22.300</AIR_TEMP_DEGC>
          <RH_PRCNT>22.800</RH_PRCNT>
        </DATA>
        <DATA>
          <VOLTS>-1.100</VOLTS>
          <CURRNT_NAMP>2.314e-03</CURRNT_NAMP>
          <TIME>2021-09-28 11:59:36</TIME>
          <TEMP_DEGC>22.300</TEMP_DEGC>
          <AIR_TEMP_DEGC>22.300</AIR_TEMP_DEGC>
          <RH_PRCNT>22.800</RH_PRCNT>
        </DATA>
        <DATA>
          <VOLTS>-1.000</VOLTS>
          <CURRNT_NAMP>2.326e-03</CURRNT_NAMP>
          <TIME>2021-09-28 11:59:38</TIME>
          <TEMP_DEGC>22.300</TEMP_DEGC>
          <AIR_TEMP_DEGC>22.300</AIR_TEMP_DEGC>
          <RH_PRCNT>22.800</RH_PRCNT>
        </DATA>
        <DATA>
          <VOLTS>-0.900</VOLTS>
          <CURRNT_NAMP>2.309e-03</CURRNT_NAMP>
          <TIME>2021-09-28 11:59:40</TIME>
          <TEMP_DEGC>22.400</TEMP_DEGC>
          <AIR_TEMP_DEGC>22.400</AIR_TEMP_DEGC>
          <RH_PRCNT>22.800</RH_PRCNT>
        </DATA>
        <DATA>
          <VOLTS>-0.800</VOLTS>
          <CURRNT_NAMP>2.316e-03</CURRNT_NAMP>
          <TIME>2021-09-28 11:59:41</TIME>
          <TEMP_DEGC>22.400</TEMP_DEGC>
          <AIR_TEMP_DEGC>22.400</AIR_TEMP_DEGC>
          <RH_PRCNT>22.800</RH_PRCNT>
        </DATA>
        <DATA>
          <VOLTS>-0.700</VOLTS>
          <CURRNT_NAMP>2.311e-03</CURRNT_NAMP>
          <TIME>2021-09-28 11:59:43</TIME>
          <TEMP_DEGC>22.400</TEMP_DEGC>
          <AIR_TEMP_DEGC>22.400</AIR_TEMP_DEGC>
          <RH_PRCNT>22.800</RH_PRCNT>
        </DATA>
        <DATA>
          <VOLTS>-0.600</VOLTS>
          <CURRNT_NAMP>2.290e-03</CURRNT_NAMP>
          <TIME>2021-09-28 11:59:45</TIME>
          <TEMP_DEGC>22.400</TEMP_DEGC>
          <AIR_TEMP_DEGC>22.400</AIR_TEMP_DEGC>
          <RH_PRCNT>22.800</RH_PRCNT>
        </DATA>
        <DATA>
          <VOLTS>-0.500</VOLTS>
          <CURRNT_NAMP>2.294e-03</CURRNT_NAMP>
          <TIME>2021-09-28 11:59:46</TIME>
          <TEMP_DEGC>22.400</TEMP_DEGC>
          <AIR_TEMP_DEGC>22.400</AIR_TEMP_DEGC>
          <RH_PRCNT>22.800</RH_PRCNT>
        </DATA>
        <DATA>
          <VOLTS>-0.400</VOLTS>
          <CURRNT_NAMP>2.338e-03</CURRNT_NAMP>
          <TIME>2021-09-28 11:59:48</TIME>
          <TEMP_DEGC>22.400</TEMP_DEGC>
          <AIR_TEMP_DEGC>22.400</AIR_TEMP_DEGC>
          <RH_PRCNT>22.800</RH_PRCNT>
        </DATA>
        <DATA>
          <VOLTS>-0.300</VOLTS>
          <CURRNT_NAMP>2.315e-03</CURRNT_NAMP>
          <TIME>2021-09-28 11:59:50</TIME>
          <TEMP_DEGC>22.400</TEMP_DEGC>
          <AIR_TEMP_DEGC>22.400</AIR_TEMP_DEGC>
          <RH_PRCNT>22.800</RH_PRCNT>
        </DATA>
        <DATA>
          <VOLTS>-0.200</VOLTS>
          <CURRNT_NAMP>2.307e-03</CURRNT_NAMP>
          <TIME>2021-09-28 11:59:51</TIME>
          <TEMP_DEGC>22.400</TEMP_DEGC>
          <AIR_TEMP_DEGC>22.400</AIR_TEMP_DEGC>
          <RH_PRCNT>22.800</RH_PRCNT>
        </DATA>
        <DATA>
          <VOLTS>-0.100</VOLTS>
          <CURRNT_NAMP>2.298e-03</CURRNT_NAMP>
          <TIME>2021-09-28 11:59:53</TIME>
          <TEMP_DEGC>22.400</TEMP_DEGC>
          <AIR_TEMP_DEGC>22.400</AIR_TEMP_DEGC>
          <RH_PRCNT>22.800</RH_PRCNT>
        </DATA>
        <DATA>
          <VOLTS>0.000</VOLTS>
          <CURRNT_NAMP>2.318e-03</CURRNT_NAMP>
          <TIME>2021-09-28 11:59:55</TIME>
          <TEMP_DEGC>22.400</TEMP_DEGC>
          <AIR_TEMP_DEGC>22.400</AIR_TEMP_DEGC>
          <RH_PRCNT>22.800</RH_PRCNT>
        </DATA>
        <DATA>
          <VOLTS>0.100</VOLTS>
          <CURRNT_NAMP>2.305e-03</CURRNT_NAMP>
          <TIME>2021-09-28 11:59:56</TIME>
          <TEMP_DEGC>22.400</TEMP_DEGC>
          <AIR_TEMP_DEGC>22.400</AIR_TEMP_DEGC>
          <RH_PRCNT>22.800</RH_PRCNT>
        </DATA>
        <DATA>
          <VOLTS>0.200</VOLTS>
          <CURRNT_NAMP>2.284e-03</CURRNT_NAMP>
          <TIME>2021-09-28 11:59:58</TIME>
          <TEMP_DEGC>22.400</TEMP_DEGC>
          <AIR_TEMP_DEGC>22.400</AIR_TEMP_DEGC>
          <RH_PRCNT>22.800</RH_PRCNT>
        </DATA>
        <DATA>
          <VOLTS>0.300</VOLTS>
          <CURRNT_NAMP>2.288e-03</CURRNT_NAMP>
          <TIME>2021-09-28 11:59:59</TIME>
          <TEMP_DEGC>22.400</TEMP_DEGC>
          <AIR_TEMP_DEGC>22.400</AIR_TEMP_DEGC>
          <RH_PRCNT>22.800</RH_PRCNT>
        </DATA>
        <DATA>
          <VOLTS>0.400</VOLTS>
          <CURRNT_NAMP>2.283e-03</CURRNT_NAMP>
          <TIME>2021-09-28 12:00:01</TIME>
          <TEMP_DEGC>22.400</TEMP_DEGC>
          <AIR_TEMP_DEGC>22.400</AIR_TEMP_DEGC>
          <RH_PRCNT>22.800</RH_PRCNT>
        </DATA>
        <DATA>
          <VOLTS>0.500</VOLTS>
          <CURRNT_NAMP>2.289e-03</CURRNT_NAMP>
          <TIME>2021-09-28 12:00:03</TIME>
          <TEMP_DEGC>22.400</TEMP_DEGC>
          <AIR_TEMP_DEGC>22.400</AIR_TEMP_DEGC>
          <RH_PRCNT>22.800</RH_PRCNT>
        </DATA>
        <DATA>
          <VOLTS>0.600</VOLTS>
          <CURRNT_NAMP>2.286e-03</CURRNT_NAMP>
          <TIME>2021-09-28 12:00:04</TIME>
          <TEMP_DEGC>22.400</TEMP_DEGC>
          <AIR_TEMP_DEGC>22.400</AIR_TEMP_DEGC>
          <RH_PRCNT>22.800</RH_PRCNT>
        </DATA>
        <DATA>
          <VOLTS>0.700</VOLTS>
          <CURRNT_NAMP>2.269e-03</CURRNT_NAMP>
          <TIME>2021-09-28 12:00:06</TIME>
          <TEMP_DEGC>22.400</TEMP_DEGC>
          <AIR_TEMP_DEGC>22.400</AIR_TEMP_DEGC>
          <RH_PRCNT>22.800</RH_PRCNT>
        </DATA>
        <DATA>
          <VOLTS>0.800</VOLTS>
          <CURRNT_NAMP>2.272e-03</CURRNT_NAMP>
          <TIME>2021-09-28 12:00:08</TIME>
          <TEMP_DEGC>22.400</TEMP_DEGC>
          <AIR_TEMP_DEGC>22.400</AIR_TEMP_DEGC>
          <RH_PRCNT>22.800</RH_PRCNT>
        </DATA>
        <DATA>
          <VOLTS>0.900</VOLTS>
          <CURRNT_NAMP>2.270e-03</CURRNT_NAMP>
          <TIME>2021-09-28 12:00:09</TIME>
          <TEMP_DEGC>22.400</TEMP_DEGC>
          <AIR_TEMP_DEGC>22.400</AIR_TEMP_DEGC>
          <RH_PRCNT>22.800</RH_PRCNT>
        </DATA>
        <DATA>
          <VOLTS>1.000</VOLTS>
          <CURRNT_NAMP>2.281e-03</CURRNT_NAMP>
          <TIME>2021-09-28 12:00:11</TIME>
          <TEMP_DEGC>22.400</TEMP_DEGC>
          <AIR_TEMP_DEGC>22.400</AIR_TEMP_DEGC>
          <RH_PRCNT>22.800</RH_PRCNT>
        </DATA>
        <DATA>
          <VOLTS>1.100</VOLTS>
          <CURRNT_NAMP>2.266e-03</CURRNT_NAMP>
          <TIME>2021-09-28 12:00:13</TIME>
          <TEMP_DEGC>22.400</TEMP_DEGC>
          <AIR_TEMP_DEGC>22.400</AIR_TEMP_DEGC>
          <RH_PRCNT>22.800</RH_PRCNT>
        </DATA>
        <DATA>
          <VOLTS>1.200</VOLTS>
          <CURRNT_NAMP>2.260e-03</CURRNT_NAMP>
          <TIME>2021-09-28 12:00:14</TIME>
          <TEMP_DEGC>22.400</TEMP_DEGC>
          <AIR_TEMP_DEGC>22.400</AIR_TEMP_DEGC>
          <RH_PRCNT>22.800</RH_PRCNT>
        </DATA>
        <DATA>
          <VOLTS>1.300</VOLTS>
          <CURRNT_NAMP>2.255e-03</CURRNT_NAMP>
          <TIME>2021-09-28 12:00:16</TIME>
          <TEMP_DEGC>22.400</TEMP_DEGC>
          <AIR_TEMP_DEGC>22.400</AIR_TEMP_DEGC>
          <RH_PRCNT>22.800</RH_PRCNT>
        </DATA>
        <DATA>
          <VOLTS>1.400</VOLTS>
          <CURRNT_NAMP>2.294e-03</CURRNT_NAMP>
          <TIME>2021-09-28 12:00:18</TIME>
          <TEMP_DEGC>22.400</TEMP_DEGC>
          <AIR_TEMP_DEGC>22.400</AIR_TEMP_DEGC>
          <RH_PRCNT>22.800</RH_PRCNT>
        </DATA>
        <DATA>
          <VOLTS>1.500</VOLTS>
          <CURRNT_NAMP>2.312e-03</CURRNT_NAMP>
          <TIME>2021-09-28 12:00:19</TIME>
          <TEMP_DEGC>22.400</TEMP_DEGC>
          <AIR_TEMP_DEGC>22.400</AIR_TEMP_DEGC>
          <RH_PRCNT>22.800</RH_PRCNT>
        </DATA>
        <DATA>
          <VOLTS>1.600</VOLTS>
          <CURRNT_NAMP>2.287e-03</CURRNT_NAMP>
          <TIME>2021-09-28 12:00:21</TIME>
          <TEMP_DEGC>22.400</TEMP_DEGC>
          <AIR_TEMP_DEGC>22.400</AIR_TEMP_DEGC>
          <RH_PRCNT>22.800</RH_PRCNT>
        </DATA>
        <DATA>
          <VOLTS>1.700</VOLTS>
          <CURRNT_NAMP>2.252e-03</CURRNT_NAMP>
          <TIME>2021-09-28 12:00:22</TIME>
          <TEMP_DEGC>22.400</TEMP_DEGC>
          <AIR_TEMP_DEGC>22.400</AIR_TEMP_DEGC>
          <RH_PRCNT>22.800</RH_PRCNT>
        </DATA>
        <DATA>
          <VOLTS>1.800</VOLTS>
          <CURRNT_NAMP>2.263e-03</CURRNT_NAMP>
          <TIME>2021-09-28 12:00:24</TIME>
          <TEMP_DEGC>22.400</TEMP_DEGC>
          <AIR_TEMP_DEGC>22.400</AIR_TEMP_DEGC>
          <RH_PRCNT>22.800</RH_PRCNT>
        </DATA>
        <DATA>
          <VOLTS>1.900</VOLTS>
          <CURRNT_NAMP>2.240e-03</CURRNT_NAMP>
          <TIME>2021-09-28 12:00:26</TIME>
          <TEMP_DEGC>22.300</TEMP_DEGC>
          <AIR_TEMP_DEGC>22.300</AIR_TEMP_DEGC>
          <RH_PRCNT>22.800</RH_PRCNT>
        </DATA>
        <DATA>
          <VOLTS>2.000</VOLTS>
          <CURRNT_NAMP>2.250e-03</CURRNT_NAMP>
          <TIME>2021-09-28 12:00:27</TIME>
          <TEMP_DEGC>22.300</TEMP_DEGC>
          <AIR_TEMP_DEGC>22.300</AIR_TEMP_DEGC>
          <RH_PRCNT>22.800</RH_PRCNT>
        </DATA>
        <DATA>
          <VOLTS>2.100</VOLTS>
          <CURRNT_NAMP>2.219e-03</CURRNT_NAMP>
          <TIME>2021-09-28 12:00:29</TIME>
          <TEMP_DEGC>22.300</TEMP_DEGC>
          <AIR_TEMP_DEGC>22.300</AIR_TEMP_DEGC>
          <RH_PRCNT>22.800</RH_PRCNT>
        </DATA>
        <DATA>
          <VOLTS>2.200</VOLTS>
          <CURRNT_NAMP>2.161e-03</CURRNT_NAMP>
          <TIME>2021-09-28 12:00:31</TIME>
          <TEMP_DEGC>22.300</TEMP_DEGC>
          <AIR_TEMP_DEGC>22.300</AIR_TEMP_DEGC>
          <RH_PRCNT>22.800</RH_PRCNT>
        </DATA>
        <DATA>
          <VOLTS>2.300</VOLTS>
          <CURRNT_NAMP>2.128e-03</CURRNT_NAMP>
          <TIME>2021-09-28 12:00:32</TIME>
          <TEMP_DEGC>22.300</TEMP_DEGC>
          <AIR_TEMP_DEGC>22.300</AIR_TEMP_DEGC>
          <RH_PRCNT>22.800</RH_PRCNT>
        </DATA>
        <DATA>
          <VOLTS>2.400</VOLTS>
          <CURRNT_NAMP>2.228e-03</CURRNT_NAMP>
          <TIME>2021-09-28 12:00:34</TIME>
          <TEMP_DEGC>22.300</TEMP_DEGC>
          <AIR_TEMP_DEGC>22.300</AIR_TEMP_DEGC>
          <RH_PRCNT>22.800</RH_PRCNT>
        </DATA>
        <DATA>
          <VOLTS>2.500</VOLTS>
          <CURRNT_NAMP>2.230e-03</CURRNT_NAMP>
          <TIME>2021-09-28 12:00:36</TIME>
          <TEMP_DEGC>22.300</TEMP_DEGC>
          <AIR_TEMP_DEGC>22.300</AIR_TEMP_DEGC>
          <RH_PRCNT>22.800</RH_PRCNT>
        </DATA>
        <DATA>
          <VOLTS>2.600</VOLTS>
          <CURRNT_NAMP>2.259e-03</CURRNT_NAMP>
          <TIME>2021-09-28 12:00:37</TIME>
          <TEMP_DEGC>22.300</TEMP_DEGC>
          <AIR_TEMP_DEGC>22.300</AIR_TEMP_DEGC>
          <RH_PRCNT>22.800</RH_PRCNT>
        </DATA>
        <DATA>
          <VOLTS>2.700</VOLTS>
          <CURRNT_NAMP>2.250e-03</CURRNT_NAMP>
          <TIME>2021-09-28 12:00:39</TIME>
          <TEMP_DEGC>22.300</TEMP_DEGC>
          <AIR_TEMP_DEGC>22.300</AIR_TEMP_DEGC>
          <RH_PRCNT>22.800</RH_PRCNT>
        </DATA>
        <DATA>
          <VOLTS>2.800</VOLTS>
          <CURRNT_NAMP>2.259e-03</CURRNT_NAMP>
          <TIME>2021-09-28 12:00:41</TIME>
          <TEMP_DEGC>22.300</TEMP_DEGC>
          <AIR_TEMP_DEGC>22.300</AIR_TEMP_DEGC>
          <RH_PRCNT>22.800</RH_PRCNT>
        </DATA>
        <DATA>
          <VOLTS>2.900</VOLTS>
          <CURRNT_NAMP>2.255e-03</CURRNT_NAMP>
          <TIME>2021-09-28 12:00:42</TIME>
          <TEMP_DEGC>22.300</TEMP_DEGC>
          <AIR_TEMP_DEGC>22.300</AIR_TEMP_DEGC>
          <RH_PRCNT>22.800</RH_PRCNT>
        </DATA>
        <DATA>
          <VOLTS>3.000</VOLTS>
          <CURRNT_NAMP>2.254e-03</CURRNT_NAMP>
          <TIME>2021-09-28 12:00:44</TIME>
          <TEMP_DEGC>22.300</TEMP_DEGC>
          <AIR_TEMP_DEGC>22.300</AIR_TEMP_DEGC>
          <RH_PRCNT>22.800</RH_PRCNT>
        </DATA>
        <DATA>
          <VOLTS>3.100</VOLTS>
          <CURRNT_NAMP>2.256e-03</CURRNT_NAMP>
          <TIME>2021-09-28 12:00:46</TIME>
          <TEMP_DEGC>22.400</TEMP_DEGC>
          <AIR_TEMP_DEGC>22.400</AIR_TEMP_DEGC>
          <RH_PRCNT>22.800</RH_PRCNT>
        </DATA>
        <DATA>
          <VOLTS>3.200</VOLTS>
          <CURRNT_NAMP>2.221e-03</CURRNT_NAMP>
          <TIME>2021-09-28 12:00:47</TIME>
          <TEMP_DEGC>22.400</TEMP_DEGC>
          <AIR_TEMP_DEGC>22.400</AIR_TEMP_DEGC>
          <RH_PRCNT>22.800</RH_PRCNT>
        </DATA>
        <DATA>
          <VOLTS>3.300</VOLTS>
          <CURRNT_NAMP>2.244e-03</CURRNT_NAMP>
          <TIME>2021-09-28 12:00:49</TIME>
          <TEMP_DEGC>22.400</TEMP_DEGC>
          <AIR_TEMP_DEGC>22.400</AIR_TEMP_DEGC>
          <RH_PRCNT>22.800</RH_PRCNT>
        </DATA>
        <DATA>
          <VOLTS>3.400</VOLTS>
          <CURRNT_NAMP>2.290e-03</CURRNT_NAMP>
          <TIME>2021-09-28 12:00:50</TIME>
          <TEMP_DEGC>22.400</TEMP_DEGC>
          <AIR_TEMP_DEGC>22.400</AIR_TEMP_DEGC>
          <RH_PRCNT>22.800</RH_PRCNT>
        </DATA>
        <DATA>
          <VOLTS>3.500</VOLTS>
          <CURRNT_NAMP>2.249e-03</CURRNT_NAMP>
          <TIME>2021-09-28 12:00:52</TIME>
          <TEMP_DEGC>22.400</TEMP_DEGC>
          <AIR_TEMP_DEGC>22.400</AIR_TEMP_DEGC>
          <RH_PRCNT>22.800</RH_PRCNT>
        </DATA>
        <DATA>
          <VOLTS>3.600</VOLTS>
          <CURRNT_NAMP>2.233e-03</CURRNT_NAMP>
          <TIME>2021-09-28 12:00:54</TIME>
          <TEMP_DEGC>22.400</TEMP_DEGC>
          <AIR_TEMP_DEGC>22.400</AIR_TEMP_DEGC>
          <RH_PRCNT>22.800</RH_PRCNT>
        </DATA>
        <DATA>
          <VOLTS>3.700</VOLTS>
          <CURRNT_NAMP>2.210e-03</CURRNT_NAMP>
          <TIME>2021-09-28 12:00:55</TIME>
          <TEMP_DEGC>22.300</TEMP_DEGC>
          <AIR_TEMP_DEGC>22.300</AIR_TEMP_DEGC>
          <RH_PRCNT>22.800</RH_PRCNT>
        </DATA>
        <DATA>
          <VOLTS>3.800</VOLTS>
          <CURRNT_NAMP>2.233e-03</CURRNT_NAMP>
          <TIME>2021-09-28 12:00:57</TIME>
          <TEMP_DEGC>22.300</TEMP_DEGC>
          <AIR_TEMP_DEGC>22.300</AIR_TEMP_DEGC>
          <RH_PRCNT>22.800</RH_PRCNT>
        </DATA>
        <DATA>
          <VOLTS>3.900</VOLTS>
          <CURRNT_NAMP>2.247e-03</CURRNT_NAMP>
          <TIME>2021-09-28 12:00:59</TIME>
          <TEMP_DEGC>22.400</TEMP_DEGC>
          <AIR_TEMP_DEGC>22.400</AIR_TEMP_DEGC>
          <RH_PRCNT>22.800</RH_PRCNT>
        </DATA>
        <DATA>
          <VOLTS>4.000</VOLTS>
          <CURRNT_NAMP>2.258e-03</CURRNT_NAMP>
          <TIME>2021-09-28 12:01:00</TIME>
          <TEMP_DEGC>22.400</TEMP_DEGC>
          <AIR_TEMP_DEGC>22.400</AIR_TEMP_DEGC>
          <RH_PRCNT>22.800</RH_PRCNT>
        </DATA>
        <DATA>
          <VOLTS>4.100</VOLTS>
          <CURRNT_NAMP>2.275e-03</CURRNT_NAMP>
          <TIME>2021-09-28 12:01:02</TIME>
          <TEMP_DEGC>22.400</TEMP_DEGC>
          <AIR_TEMP_DEGC>22.400</AIR_TEMP_DEGC>
          <RH_PRCNT>22.800</RH_PRCNT>
        </DATA>
        <DATA>
          <VOLTS>4.200</VOLTS>
          <CURRNT_NAMP>2.277e-03</CURRNT_NAMP>
          <TIME>2021-09-28 12:01:04</TIME>
          <TEMP_DEGC>22.300</TEMP_DEGC>
          <AIR_TEMP_DEGC>22.300</AIR_TEMP_DEGC>
          <RH_PRCNT>22.800</RH_PRCNT>
        </DATA>
        <DATA>
          <VOLTS>4.300</VOLTS>
          <CURRNT_NAMP>2.281e-03</CURRNT_NAMP>
          <TIME>2021-09-28 12:01:05</TIME>
          <TEMP_DEGC>22.300</TEMP_DEGC>
          <AIR_TEMP_DEGC>22.300</AIR_TEMP_DEGC>
          <RH_PRCNT>22.800</RH_PRCNT>
        </DATA>
        <DATA>
          <VOLTS>4.400</VOLTS>
          <CURRNT_NAMP>2.277e-03</CURRNT_NAMP>
          <TIME>2021-09-28 12:01:07</TIME>
          <TEMP_DEGC>22.400</TEMP_DEGC>
          <AIR_TEMP_DEGC>22.400</AIR_TEMP_DEGC>
          <RH_PRCNT>22.800</RH_PRCNT>
        </DATA>
        <DATA>
          <VOLTS>4.500</VOLTS>
          <CURRNT_NAMP>2.278e-03</CURRNT_NAMP>
          <TIME>2021-09-28 12:01:09</TIME>
          <TEMP_DEGC>22.300</TEMP_DEGC>
          <AIR_TEMP_DEGC>22.300</AIR_TEMP_DEGC>
          <RH_PRCNT>22.800</RH_PRCNT>
        </DATA>
        <DATA>
          <VOLTS>4.600</VOLTS>
          <CURRNT_NAMP>2.262e-03</CURRNT_NAMP>
          <TIME>2021-09-28 12:01:10</TIME>
          <TEMP_DEGC>22.300</TEMP_DEGC>
          <AIR_TEMP_DEGC>22.300</AIR_TEMP_DEGC>
          <RH_PRCNT>22.800</RH_PRCNT>
        </DATA>
        <DATA>
          <VOLTS>4.700</VOLTS>
          <CURRNT_NAMP>2.278e-03</CURRNT_NAMP>
          <TIME>2021-09-28 12:01:12</TIME>
          <TEMP_DEGC>22.300</TEMP_DEGC>
          <AIR_TEMP_DEGC>22.300</AIR_TEMP_DEGC>
          <RH_PRCNT>22.800</RH_PRCNT>
        </DATA>
        <DATA>
          <VOLTS>4.800</VOLTS>
          <CURRNT_NAMP>2.266e-03</CURRNT_NAMP>
          <TIME>2021-09-28 12:01:14</TIME>
          <TEMP_DEGC>22.300</TEMP_DEGC>
          <AIR_TEMP_DEGC>22.300</AIR_TEMP_DEGC>
          <RH_PRCNT>22.900</RH_PRCNT>
        </DATA>
        <DATA>
          <VOLTS>4.900</VOLTS>
          <CURRNT_NAMP>2.247e-03</CURRNT_NAMP>
          <TIME>2021-09-28 12:01:15</TIME>
          <TEMP_DEGC>22.400</TEMP_DEGC>
          <AIR_TEMP_DEGC>22.400</AIR_TEMP_DEGC>
          <RH_PRCNT>22.900</RH_PRCNT>
        </DATA>
        <DATA>
          <VOLTS>5.000</VOLTS>
          <CURRNT_NAMP>2.234e-03</CURRNT_NAMP>
          <TIME>2021-09-28 12:01:17</TIME>
          <TEMP_DEGC>22.400</TEMP_DEGC>
          <AIR_TEMP_DEGC>22.400</AIR_TEMP_DEGC>
          <RH_PRCNT>22.900</RH_PRCNT>
        </DATA>
        <DATA>
          <VOLTS>5.000</VOLTS>
          <CURRNT_NAMP>2.234e-03</CURRNT_NAMP>
          <TIME>2021-09-28 12:01:17</TIME>
          <TEMP_DEGC>22.400</TEMP_DEGC>
          <AIR_TEMP_DEGC>22.400</AIR_TEMP_DEGC>
          <RH_PRCNT>22.900</RH_PRCNT>
        </DATA>
        <CHILD_DATA_SET>
          <HEADER>
            <TYPE>
              <EXTENSION_TABLE_NAME>HALFMOON_IV_PAR</EXTENSION_TABLE_NAME>
              <NAME>Tracker Halfmoon IV Parameters</NAME>
            </TYPE>
          </HEADER>
          <DATA_SET>
            <COMMENT_DESCRIPTION>Test</COMMENT_DESCRIPTION>
            <VERSION>IV_measurement-004</VERSION>
            <PART>
              <NAME_LABEL>37400_003_2-S_HM_EE</NAME_LABEL>
              <KIND_OF_PART>2S Halfmoon E</KIND_OF_PART>
            </PART>
            <DATA>
              <ISURF_PAMPR>5.929</ISURF_PAMPR>
              <S0_CMSEC>1.124</S0_CMSEC>
              <VFB_ACC_V>-2.898</VFB_ACC_V>
            </DATA>
          </DATA_SET>
        </CHILD_DATA_SET>
      </DATA_SET>
    </CHILD_DATA_SET>
  </DATA_SET>
</ROOT>
