<?xml version="1.0"?>
<ROOT>
  <HEADER>
    <TYPE>
      <EXTENSION_TABLE_NAME>HALFMOON_METADATA</EXTENSION_TABLE_NAME>
      <NAME>Tracker Halfmoon Metadata</NAME>
    </TYPE>
    <RUN mode="SEQUENCE_NUMBER" sequence="TRK_OT_RUN_SEQ">
      <RUN_TYPE>PQC</RUN_TYPE>
      <LOCATION>Demokritos</LOCATION>
      <INITIATED_BY_USER>A. Kyriakis</INITIATED_BY_USER>
      <RUN_BEGIN_TIMESTAMP>2021-09-29 09:41:05</RUN_BEGIN_TIMESTAMP>
      <COMMENT_DESCRIPTION>Test</COMMENT_DESCRIPTION>
    </RUN>
  </HEADER>
  <DATA_SET>
    <COMMENT_DESCRIPTION>Metadata with flute and structure</COMMENT_DESCRIPTION>
    <VERSION>IV_measurement</VERSION>
    <PART>
      <NAME_LABEL>37400_037_2-S_HM_EE</NAME_LABEL>
      <KIND_OF_PART>2S Halfmoon E</KIND_OF_PART>
    </PART>
    <DATA>
      <KIND_OF_HM_FLUTE_ID>PQC2</KIND_OF_HM_FLUTE_ID>
      <KIND_OF_HM_STRUCT_ID>DIEL_SW</KIND_OF_HM_STRUCT_ID>
      <KIND_OF_HM_SET_ID>Left</KIND_OF_HM_SET_ID>
      <KIND_OF_HM_CONFIG_ID>Not Used</KIND_OF_HM_CONFIG_ID>
      <EQUIPMENT>KEITHLEY 2410</EQUIPMENT>
      <WAITING_TIME_S>0.500</WAITING_TIME_S>
      <TEMP_SET_DEGC>21.300</TEMP_SET_DEGC>
      <AV_TEMP_DEGC>21.300</AV_TEMP_DEGC>
      <PROCEDURE_TYPE>Diel_IV1</PROCEDURE_TYPE>
      <FILE_NAME>Demokritos_VPX37400_037_2-S_HM_E_Left_PQC2_DielSW_IV.xml</FILE_NAME>
    </DATA>
    <CHILD_DATA_SET>
      <HEADER>
        <TYPE>
          <EXTENSION_TABLE_NAME>TEST_SENSOR_IV</EXTENSION_TABLE_NAME>
          <NAME>Tracker Halfmoon IV Test</NAME>
        </TYPE>
      </HEADER>
      <DATA_SET>
        <COMMENT_DESCRIPTION>Test</COMMENT_DESCRIPTION>
        <VERSION>IV_measurement</VERSION>
        <PART>
          <NAME_LABEL>37400_037_2-S_HM_EE</NAME_LABEL>
          <KIND_OF_PART>2S Halfmoon E</KIND_OF_PART>
        </PART>
        <DATA>
          <VOLTS>0.00</VOLTS>
          <CURRNT_NAMP>0.0108</CURRNT_NAMP>
          <TIME>2021-09-29 09:41:09</TIME>
          <TEMP_DEGC>2.130e+01</TEMP_DEGC>
          <AIR_TEMP_DEGC>21.300</AIR_TEMP_DEGC>
          <RH_PRCNT>23.700</RH_PRCNT>
        </DATA>
        <DATA>
          <VOLTS>10.00</VOLTS>
          <CURRNT_NAMP>0.0227</CURRNT_NAMP>
          <TIME>2021-09-29 09:41:14</TIME>
          <TEMP_DEGC>2.130e+01</TEMP_DEGC>
          <AIR_TEMP_DEGC>21.300</AIR_TEMP_DEGC>
          <RH_PRCNT>23.700</RH_PRCNT>
        </DATA>
        <DATA>
          <VOLTS>20.00</VOLTS>
          <CURRNT_NAMP>0.0254</CURRNT_NAMP>
          <TIME>2021-09-29 09:41:15</TIME>
          <TEMP_DEGC>2.130e+01</TEMP_DEGC>
          <AIR_TEMP_DEGC>21.300</AIR_TEMP_DEGC>
          <RH_PRCNT>23.700</RH_PRCNT>
        </DATA>
        <DATA>
          <VOLTS>30.00</VOLTS>
          <CURRNT_NAMP>0.0263</CURRNT_NAMP>
          <TIME>2021-09-29 09:41:17</TIME>
          <TEMP_DEGC>2.130e+01</TEMP_DEGC>
          <AIR_TEMP_DEGC>21.300</AIR_TEMP_DEGC>
          <RH_PRCNT>23.700</RH_PRCNT>
        </DATA>
        <DATA>
          <VOLTS>40.00</VOLTS>
          <CURRNT_NAMP>0.0269</CURRNT_NAMP>
          <TIME>2021-09-29 09:41:19</TIME>
          <TEMP_DEGC>2.130e+01</TEMP_DEGC>
          <AIR_TEMP_DEGC>21.300</AIR_TEMP_DEGC>
          <RH_PRCNT>23.700</RH_PRCNT>
        </DATA>
        <DATA>
          <VOLTS>50.00</VOLTS>
          <CURRNT_NAMP>0.0274</CURRNT_NAMP>
          <TIME>2021-09-29 09:41:20</TIME>
          <TEMP_DEGC>2.130e+01</TEMP_DEGC>
          <AIR_TEMP_DEGC>21.300</AIR_TEMP_DEGC>
          <RH_PRCNT>23.700</RH_PRCNT>
        </DATA>
        <DATA>
          <VOLTS>60.00</VOLTS>
          <CURRNT_NAMP>0.0253</CURRNT_NAMP>
          <TIME>2021-09-29 09:41:22</TIME>
          <TEMP_DEGC>2.130e+01</TEMP_DEGC>
          <AIR_TEMP_DEGC>21.300</AIR_TEMP_DEGC>
          <RH_PRCNT>23.700</RH_PRCNT>
        </DATA>
        <DATA>
          <VOLTS>70.00</VOLTS>
          <CURRNT_NAMP>0.0243</CURRNT_NAMP>
          <TIME>2021-09-29 09:41:23</TIME>
          <TEMP_DEGC>2.130e+01</TEMP_DEGC>
          <AIR_TEMP_DEGC>21.300</AIR_TEMP_DEGC>
          <RH_PRCNT>23.700</RH_PRCNT>
        </DATA>
        <DATA>
          <VOLTS>80.00</VOLTS>
          <CURRNT_NAMP>0.0250</CURRNT_NAMP>
          <TIME>2021-09-29 09:41:25</TIME>
          <TEMP_DEGC>2.130e+01</TEMP_DEGC>
          <AIR_TEMP_DEGC>21.300</AIR_TEMP_DEGC>
          <RH_PRCNT>23.700</RH_PRCNT>
        </DATA>
        <DATA>
          <VOLTS>90.00</VOLTS>
          <CURRNT_NAMP>0.0256</CURRNT_NAMP>
          <TIME>2021-09-29 09:41:27</TIME>
          <TEMP_DEGC>2.130e+01</TEMP_DEGC>
          <AIR_TEMP_DEGC>21.300</AIR_TEMP_DEGC>
          <RH_PRCNT>23.700</RH_PRCNT>
        </DATA>
        <DATA>
          <VOLTS>100.00</VOLTS>
          <CURRNT_NAMP>0.0266</CURRNT_NAMP>
          <TIME>2021-09-29 09:41:28</TIME>
          <TEMP_DEGC>2.130e+01</TEMP_DEGC>
          <AIR_TEMP_DEGC>21.300</AIR_TEMP_DEGC>
          <RH_PRCNT>23.700</RH_PRCNT>
        </DATA>
        <DATA>
          <VOLTS>110.00</VOLTS>
          <CURRNT_NAMP>0.0281</CURRNT_NAMP>
          <TIME>2021-09-29 09:41:30</TIME>
          <TEMP_DEGC>2.130e+01</TEMP_DEGC>
          <AIR_TEMP_DEGC>21.300</AIR_TEMP_DEGC>
          <RH_PRCNT>23.700</RH_PRCNT>
        </DATA>
        <DATA>
          <VOLTS>120.00</VOLTS>
          <CURRNT_NAMP>0.0309</CURRNT_NAMP>
          <TIME>2021-09-29 09:41:32</TIME>
          <TEMP_DEGC>2.130e+01</TEMP_DEGC>
          <AIR_TEMP_DEGC>21.300</AIR_TEMP_DEGC>
          <RH_PRCNT>23.600</RH_PRCNT>
        </DATA>
        <DATA>
          <VOLTS>130.00</VOLTS>
          <CURRNT_NAMP>0.0363</CURRNT_NAMP>
          <TIME>2021-09-29 09:41:33</TIME>
          <TEMP_DEGC>2.130e+01</TEMP_DEGC>
          <AIR_TEMP_DEGC>21.300</AIR_TEMP_DEGC>
          <RH_PRCNT>23.700</RH_PRCNT>
        </DATA>
        <DATA>
          <VOLTS>140.00</VOLTS>
          <CURRNT_NAMP>0.0476</CURRNT_NAMP>
          <TIME>2021-09-29 09:41:35</TIME>
          <TEMP_DEGC>2.130e+01</TEMP_DEGC>
          <AIR_TEMP_DEGC>21.300</AIR_TEMP_DEGC>
          <RH_PRCNT>23.600</RH_PRCNT>
        </DATA>
        <DATA>
          <VOLTS>150.00</VOLTS>
          <CURRNT_NAMP>0.0673</CURRNT_NAMP>
          <TIME>2021-09-29 09:41:37</TIME>
          <TEMP_DEGC>2.130e+01</TEMP_DEGC>
          <AIR_TEMP_DEGC>21.300</AIR_TEMP_DEGC>
          <RH_PRCNT>23.600</RH_PRCNT>
        </DATA>
        <DATA>
          <VOLTS>160.00</VOLTS>
          <CURRNT_NAMP>0.0983</CURRNT_NAMP>
          <TIME>2021-09-29 09:41:38</TIME>
          <TEMP_DEGC>2.130e+01</TEMP_DEGC>
          <AIR_TEMP_DEGC>21.300</AIR_TEMP_DEGC>
          <RH_PRCNT>23.600</RH_PRCNT>
        </DATA>
        <DATA>
          <VOLTS>170.00</VOLTS>
          <CURRNT_NAMP>0.1422</CURRNT_NAMP>
          <TIME>2021-09-29 09:41:40</TIME>
          <TEMP_DEGC>2.130e+01</TEMP_DEGC>
          <AIR_TEMP_DEGC>21.300</AIR_TEMP_DEGC>
          <RH_PRCNT>23.600</RH_PRCNT>
        </DATA>
        <DATA>
          <VOLTS>180.00</VOLTS>
          <CURRNT_NAMP>0.0445</CURRNT_NAMP>
          <TIME>2021-09-29 09:41:41</TIME>
          <TEMP_DEGC>2.130e+01</TEMP_DEGC>
          <AIR_TEMP_DEGC>21.300</AIR_TEMP_DEGC>
          <RH_PRCNT>23.600</RH_PRCNT>
        </DATA>
        <DATA>
          <VOLTS>190.00</VOLTS>
          <CURRNT_NAMP>0.6959</CURRNT_NAMP>
          <TIME>2021-09-29 09:41:44</TIME>
          <TEMP_DEGC>2.130e+01</TEMP_DEGC>
          <AIR_TEMP_DEGC>21.300</AIR_TEMP_DEGC>
          <RH_PRCNT>23.600</RH_PRCNT>
        </DATA>
        <DATA>
          <VOLTS>200.00</VOLTS>
          <CURRNT_NAMP>0.4920</CURRNT_NAMP>
          <TIME>2021-09-29 09:41:46</TIME>
          <TEMP_DEGC>2.130e+01</TEMP_DEGC>
          <AIR_TEMP_DEGC>21.300</AIR_TEMP_DEGC>
          <RH_PRCNT>23.600</RH_PRCNT>
        </DATA>
        <CHILD_DATA_SET>
          <HEADER>
            <TYPE>
              <EXTENSION_TABLE_NAME>HALFMOON_IV_PAR</EXTENSION_TABLE_NAME>
              <NAME>Tracker Halfmoon IV Parameters</NAME>
            </TYPE>
          </HEADER>
          <DATA_SET>
            <COMMENT_DESCRIPTION>Test</COMMENT_DESCRIPTION>
            <VERSION>IV_measurement</VERSION>
            <PART>
              <NAME_LABEL>37400_037_2-S_HM_EE</NAME_LABEL>
              <KIND_OF_PART>2S Halfmoon E</KIND_OF_PART>
            </PART>
            <DATA>
              <VBD_V>200.000</VBD_V>
            </DATA>
          </DATA_SET>
        </CHILD_DATA_SET>
      </DATA_SET>
    </CHILD_DATA_SET>
  </DATA_SET>
</ROOT>
