<?xml version="1.0"?>
<ROOT>
  <HEADER>
    <TYPE>
      <EXTENSION_TABLE_NAME>HALFMOON_METADATA</EXTENSION_TABLE_NAME>
      <NAME>Tracker Halfmoon Metadata</NAME>
    </TYPE>
    <RUN mode="SEQUENCE_NUMBER" sequence="TRK_OT_RUN_SEQ">
      <RUN_TYPE>PQC</RUN_TYPE>
      <LOCATION>Demokritos</LOCATION>
      <INITIATED_BY_USER>A. Kyriakis</INITIATED_BY_USER>
      <RUN_BEGIN_TIMESTAMP>2021-09-28 14:20:55</RUN_BEGIN_TIMESTAMP>
      <COMMENT_DESCRIPTION>Test</COMMENT_DESCRIPTION>
    </RUN>
  </HEADER>
  <DATA_SET>
    <COMMENT_DESCRIPTION>Metadata with flute and structure</COMMENT_DESCRIPTION>
    <VERSION>IV_measurement</VERSION>
    <PART>
      <NAME_LABEL>37400_015_2-S_HM_EE</NAME_LABEL>
      <KIND_OF_PART>2S Halfmoon E</KIND_OF_PART>
    </PART>
    <DATA>
      <KIND_OF_HM_FLUTE_ID>PQC2</KIND_OF_HM_FLUTE_ID>
      <KIND_OF_HM_STRUCT_ID>DIEL_SW</KIND_OF_HM_STRUCT_ID>
      <KIND_OF_HM_SET_ID>Left</KIND_OF_HM_SET_ID>
      <KIND_OF_HM_CONFIG_ID>Not Used</KIND_OF_HM_CONFIG_ID>
      <EQUIPMENT>KEITHLEY 2410</EQUIPMENT>
      <WAITING_TIME_S>0.500</WAITING_TIME_S>
      <TEMP_SET_DEGC>22.600</TEMP_SET_DEGC>
      <AV_TEMP_DEGC>22.600</AV_TEMP_DEGC>
      <PROCEDURE_TYPE>Diel_IV1</PROCEDURE_TYPE>
      <FILE_NAME>Demokritos_VPX37400_015_2-S_HM_E_Left_PQC2_DielSW_IV.xml</FILE_NAME>
    </DATA>
    <CHILD_DATA_SET>
      <HEADER>
        <TYPE>
          <EXTENSION_TABLE_NAME>TEST_SENSOR_IV</EXTENSION_TABLE_NAME>
          <NAME>Tracker Halfmoon IV Test</NAME>
        </TYPE>
      </HEADER>
      <DATA_SET>
        <COMMENT_DESCRIPTION>Test</COMMENT_DESCRIPTION>
        <VERSION>IV_measurement</VERSION>
        <PART>
          <NAME_LABEL>37400_015_2-S_HM_EE</NAME_LABEL>
          <KIND_OF_PART>2S Halfmoon E</KIND_OF_PART>
        </PART>
        <DATA>
          <VOLTS>0.00</VOLTS>
          <CURRNT_NAMP>-0.0110</CURRNT_NAMP>
          <TIME>2021-09-28 02:20:59</TIME>
          <TEMP_DEGC>2.260e+01</TEMP_DEGC>
          <AIR_TEMP_DEGC>22.600</AIR_TEMP_DEGC>
          <RH_PRCNT>25.300</RH_PRCNT>
        </DATA>
        <DATA>
          <VOLTS>10.00</VOLTS>
          <CURRNT_NAMP>0.0141</CURRNT_NAMP>
          <TIME>2021-09-28 02:21:04</TIME>
          <TEMP_DEGC>2.260e+01</TEMP_DEGC>
          <AIR_TEMP_DEGC>22.600</AIR_TEMP_DEGC>
          <RH_PRCNT>25.300</RH_PRCNT>
        </DATA>
        <DATA>
          <VOLTS>20.00</VOLTS>
          <CURRNT_NAMP>0.0238</CURRNT_NAMP>
          <TIME>2021-09-28 02:21:06</TIME>
          <TEMP_DEGC>2.260e+01</TEMP_DEGC>
          <AIR_TEMP_DEGC>22.600</AIR_TEMP_DEGC>
          <RH_PRCNT>25.300</RH_PRCNT>
        </DATA>
        <DATA>
          <VOLTS>30.00</VOLTS>
          <CURRNT_NAMP>0.0259</CURRNT_NAMP>
          <TIME>2021-09-28 02:21:07</TIME>
          <TEMP_DEGC>2.260e+01</TEMP_DEGC>
          <AIR_TEMP_DEGC>22.600</AIR_TEMP_DEGC>
          <RH_PRCNT>25.300</RH_PRCNT>
        </DATA>
        <DATA>
          <VOLTS>40.00</VOLTS>
          <CURRNT_NAMP>0.0269</CURRNT_NAMP>
          <TIME>2021-09-28 02:21:09</TIME>
          <TEMP_DEGC>2.260e+01</TEMP_DEGC>
          <AIR_TEMP_DEGC>22.600</AIR_TEMP_DEGC>
          <RH_PRCNT>25.300</RH_PRCNT>
        </DATA>
        <DATA>
          <VOLTS>50.00</VOLTS>
          <CURRNT_NAMP>0.0275</CURRNT_NAMP>
          <TIME>2021-09-28 02:21:10</TIME>
          <TEMP_DEGC>2.260e+01</TEMP_DEGC>
          <AIR_TEMP_DEGC>22.600</AIR_TEMP_DEGC>
          <RH_PRCNT>25.300</RH_PRCNT>
        </DATA>
        <DATA>
          <VOLTS>60.00</VOLTS>
          <CURRNT_NAMP>0.0278</CURRNT_NAMP>
          <TIME>2021-09-28 02:21:12</TIME>
          <TEMP_DEGC>2.260e+01</TEMP_DEGC>
          <AIR_TEMP_DEGC>22.600</AIR_TEMP_DEGC>
          <RH_PRCNT>25.200</RH_PRCNT>
        </DATA>
        <DATA>
          <VOLTS>70.00</VOLTS>
          <CURRNT_NAMP>0.0259</CURRNT_NAMP>
          <TIME>2021-09-28 02:21:14</TIME>
          <TEMP_DEGC>2.260e+01</TEMP_DEGC>
          <AIR_TEMP_DEGC>22.600</AIR_TEMP_DEGC>
          <RH_PRCNT>25.200</RH_PRCNT>
        </DATA>
        <DATA>
          <VOLTS>80.00</VOLTS>
          <CURRNT_NAMP>0.0259</CURRNT_NAMP>
          <TIME>2021-09-28 02:21:15</TIME>
          <TEMP_DEGC>2.260e+01</TEMP_DEGC>
          <AIR_TEMP_DEGC>22.600</AIR_TEMP_DEGC>
          <RH_PRCNT>25.200</RH_PRCNT>
        </DATA>
        <DATA>
          <VOLTS>90.00</VOLTS>
          <CURRNT_NAMP>0.0265</CURRNT_NAMP>
          <TIME>2021-09-28 02:21:17</TIME>
          <TEMP_DEGC>2.260e+01</TEMP_DEGC>
          <AIR_TEMP_DEGC>22.600</AIR_TEMP_DEGC>
          <RH_PRCNT>25.200</RH_PRCNT>
        </DATA>
        <DATA>
          <VOLTS>100.00</VOLTS>
          <CURRNT_NAMP>0.0274</CURRNT_NAMP>
          <TIME>2021-09-28 02:21:19</TIME>
          <TEMP_DEGC>2.260e+01</TEMP_DEGC>
          <AIR_TEMP_DEGC>22.600</AIR_TEMP_DEGC>
          <RH_PRCNT>25.200</RH_PRCNT>
        </DATA>
        <DATA>
          <VOLTS>110.00</VOLTS>
          <CURRNT_NAMP>0.0288</CURRNT_NAMP>
          <TIME>2021-09-28 02:21:20</TIME>
          <TEMP_DEGC>2.260e+01</TEMP_DEGC>
          <AIR_TEMP_DEGC>22.600</AIR_TEMP_DEGC>
          <RH_PRCNT>25.200</RH_PRCNT>
        </DATA>
        <DATA>
          <VOLTS>120.00</VOLTS>
          <CURRNT_NAMP>0.0308</CURRNT_NAMP>
          <TIME>2021-09-28 02:21:22</TIME>
          <TEMP_DEGC>2.260e+01</TEMP_DEGC>
          <AIR_TEMP_DEGC>22.600</AIR_TEMP_DEGC>
          <RH_PRCNT>25.200</RH_PRCNT>
        </DATA>
        <DATA>
          <VOLTS>130.00</VOLTS>
          <CURRNT_NAMP>0.0331</CURRNT_NAMP>
          <TIME>2021-09-28 02:21:24</TIME>
          <TEMP_DEGC>2.260e+01</TEMP_DEGC>
          <AIR_TEMP_DEGC>22.600</AIR_TEMP_DEGC>
          <RH_PRCNT>25.200</RH_PRCNT>
        </DATA>
        <DATA>
          <VOLTS>140.00</VOLTS>
          <CURRNT_NAMP>0.0399</CURRNT_NAMP>
          <TIME>2021-09-28 02:21:25</TIME>
          <TEMP_DEGC>2.260e+01</TEMP_DEGC>
          <AIR_TEMP_DEGC>22.600</AIR_TEMP_DEGC>
          <RH_PRCNT>25.200</RH_PRCNT>
        </DATA>
        <DATA>
          <VOLTS>150.00</VOLTS>
          <CURRNT_NAMP>0.0524</CURRNT_NAMP>
          <TIME>2021-09-28 02:21:27</TIME>
          <TEMP_DEGC>2.260e+01</TEMP_DEGC>
          <AIR_TEMP_DEGC>22.600</AIR_TEMP_DEGC>
          <RH_PRCNT>25.200</RH_PRCNT>
        </DATA>
        <DATA>
          <VOLTS>160.00</VOLTS>
          <CURRNT_NAMP>0.0755</CURRNT_NAMP>
          <TIME>2021-09-28 02:21:28</TIME>
          <TEMP_DEGC>2.260e+01</TEMP_DEGC>
          <AIR_TEMP_DEGC>22.600</AIR_TEMP_DEGC>
          <RH_PRCNT>25.200</RH_PRCNT>
        </DATA>
        <DATA>
          <VOLTS>170.00</VOLTS>
          <CURRNT_NAMP>0.1129</CURRNT_NAMP>
          <TIME>2021-09-28 02:21:30</TIME>
          <TEMP_DEGC>2.260e+01</TEMP_DEGC>
          <AIR_TEMP_DEGC>22.600</AIR_TEMP_DEGC>
          <RH_PRCNT>25.100</RH_PRCNT>
        </DATA>
        <DATA>
          <VOLTS>180.00</VOLTS>
          <CURRNT_NAMP>0.1731</CURRNT_NAMP>
          <TIME>2021-09-28 02:21:32</TIME>
          <TEMP_DEGC>2.260e+01</TEMP_DEGC>
          <AIR_TEMP_DEGC>22.600</AIR_TEMP_DEGC>
          <RH_PRCNT>25.100</RH_PRCNT>
        </DATA>
        <DATA>
          <VOLTS>190.00</VOLTS>
          <CURRNT_NAMP>0.0574</CURRNT_NAMP>
          <TIME>2021-09-28 02:21:33</TIME>
          <TEMP_DEGC>2.260e+01</TEMP_DEGC>
          <AIR_TEMP_DEGC>22.600</AIR_TEMP_DEGC>
          <RH_PRCNT>25.100</RH_PRCNT>
        </DATA>
        <DATA>
          <VOLTS>200.00</VOLTS>
          <CURRNT_NAMP>0.3855</CURRNT_NAMP>
          <TIME>2021-09-28 02:21:36</TIME>
          <TEMP_DEGC>2.260e+01</TEMP_DEGC>
          <AIR_TEMP_DEGC>22.600</AIR_TEMP_DEGC>
          <RH_PRCNT>25.100</RH_PRCNT>
        </DATA>
        <CHILD_DATA_SET>
          <HEADER>
            <TYPE>
              <EXTENSION_TABLE_NAME>HALFMOON_IV_PAR</EXTENSION_TABLE_NAME>
              <NAME>Tracker Halfmoon IV Parameters</NAME>
            </TYPE>
          </HEADER>
          <DATA_SET>
            <COMMENT_DESCRIPTION>Test</COMMENT_DESCRIPTION>
            <VERSION>IV_measurement</VERSION>
            <PART>
              <NAME_LABEL>37400_015_2-S_HM_EE</NAME_LABEL>
              <KIND_OF_PART>2S Halfmoon E</KIND_OF_PART>
            </PART>
            <DATA>
              <VBD_V>200.000</VBD_V>
            </DATA>
          </DATA_SET>
        </CHILD_DATA_SET>
      </DATA_SET>
    </CHILD_DATA_SET>
  </DATA_SET>
</ROOT>
