<?xml version="1.0"?>
<ROOT>
  <HEADER>
    <TYPE>
      <EXTENSION_TABLE_NAME>HALFMOON_METADATA</EXTENSION_TABLE_NAME>
      <NAME>Tracker Halfmoon Metadata</NAME>
    </TYPE>
    <RUN mode="SEQUENCE_NUMBER" sequence="TRK_OT_RUN_SEQ">
      <RUN_TYPE>PQC</RUN_TYPE>
      <LOCATION>Demokritos</LOCATION>
      <INITIATED_BY_USER>A. Kyriakis</INITIATED_BY_USER>
      <RUN_BEGIN_TIMESTAMP>2021-09-28 11:43:38</RUN_BEGIN_TIMESTAMP>
      <COMMENT_DESCRIPTION>Test</COMMENT_DESCRIPTION>
    </RUN>
  </HEADER>
  <DATA_SET>
    <COMMENT_DESCRIPTION>Metadata with flute and structure</COMMENT_DESCRIPTION>
    <VERSION>IV_measurement</VERSION>
    <PART>
      <NAME_LABEL>37400_003_2-S_HM_EE</NAME_LABEL>
      <KIND_OF_PART>2S Halfmoon E</KIND_OF_PART>
    </PART>
    <DATA>
      <KIND_OF_HM_FLUTE_ID>PQC2</KIND_OF_HM_FLUTE_ID>
      <KIND_OF_HM_STRUCT_ID>DIEL_NW</KIND_OF_HM_STRUCT_ID>
      <KIND_OF_HM_SET_ID>Left</KIND_OF_HM_SET_ID>
      <KIND_OF_HM_CONFIG_ID>Not Used</KIND_OF_HM_CONFIG_ID>
      <EQUIPMENT>KEITHLEY 2410</EQUIPMENT>
      <WAITING_TIME_S>0.500</WAITING_TIME_S>
      <TEMP_SET_DEGC>22.300</TEMP_SET_DEGC>
      <AV_TEMP_DEGC>22.300</AV_TEMP_DEGC>
      <PROCEDURE_TYPE>Diel_IV1</PROCEDURE_TYPE>
      <FILE_NAME>Demokritos_VPX37400_003_2-S_HM_E_Left_PQC2_DielNW_IV.xml</FILE_NAME>
    </DATA>
    <CHILD_DATA_SET>
      <HEADER>
        <TYPE>
          <EXTENSION_TABLE_NAME>TEST_SENSOR_IV</EXTENSION_TABLE_NAME>
          <NAME>Tracker Halfmoon IV Test</NAME>
        </TYPE>
      </HEADER>
      <DATA_SET>
        <COMMENT_DESCRIPTION>Test</COMMENT_DESCRIPTION>
        <VERSION>IV_measurement</VERSION>
        <PART>
          <NAME_LABEL>37400_003_2-S_HM_EE</NAME_LABEL>
          <KIND_OF_PART>2S Halfmoon E</KIND_OF_PART>
        </PART>
        <DATA>
          <VOLTS>0.00</VOLTS>
          <CURRNT_NAMP>-0.0078</CURRNT_NAMP>
          <TIME>2021-09-28 11:43:43</TIME>
          <TEMP_DEGC>2.230e+01</TEMP_DEGC>
          <AIR_TEMP_DEGC>22.300</AIR_TEMP_DEGC>
          <RH_PRCNT>23.900</RH_PRCNT>
        </DATA>
        <DATA>
          <VOLTS>10.00</VOLTS>
          <CURRNT_NAMP>0.0132</CURRNT_NAMP>
          <TIME>2021-09-28 11:43:47</TIME>
          <TEMP_DEGC>2.230e+01</TEMP_DEGC>
          <AIR_TEMP_DEGC>22.300</AIR_TEMP_DEGC>
          <RH_PRCNT>23.900</RH_PRCNT>
        </DATA>
        <DATA>
          <VOLTS>20.00</VOLTS>
          <CURRNT_NAMP>0.0214</CURRNT_NAMP>
          <TIME>2021-09-28 11:43:49</TIME>
          <TEMP_DEGC>2.230e+01</TEMP_DEGC>
          <AIR_TEMP_DEGC>22.300</AIR_TEMP_DEGC>
          <RH_PRCNT>23.900</RH_PRCNT>
        </DATA>
        <DATA>
          <VOLTS>30.00</VOLTS>
          <CURRNT_NAMP>0.0232</CURRNT_NAMP>
          <TIME>2021-09-28 11:43:50</TIME>
          <TEMP_DEGC>2.230e+01</TEMP_DEGC>
          <AIR_TEMP_DEGC>22.300</AIR_TEMP_DEGC>
          <RH_PRCNT>23.900</RH_PRCNT>
        </DATA>
        <DATA>
          <VOLTS>40.00</VOLTS>
          <CURRNT_NAMP>0.0238</CURRNT_NAMP>
          <TIME>2021-09-28 11:43:52</TIME>
          <TEMP_DEGC>2.230e+01</TEMP_DEGC>
          <AIR_TEMP_DEGC>22.300</AIR_TEMP_DEGC>
          <RH_PRCNT>23.800</RH_PRCNT>
        </DATA>
        <DATA>
          <VOLTS>50.00</VOLTS>
          <CURRNT_NAMP>0.0241</CURRNT_NAMP>
          <TIME>2021-09-28 11:43:53</TIME>
          <TEMP_DEGC>2.230e+01</TEMP_DEGC>
          <AIR_TEMP_DEGC>22.300</AIR_TEMP_DEGC>
          <RH_PRCNT>23.800</RH_PRCNT>
        </DATA>
        <DATA>
          <VOLTS>60.00</VOLTS>
          <CURRNT_NAMP>0.0230</CURRNT_NAMP>
          <TIME>2021-09-28 11:43:55</TIME>
          <TEMP_DEGC>2.230e+01</TEMP_DEGC>
          <AIR_TEMP_DEGC>22.300</AIR_TEMP_DEGC>
          <RH_PRCNT>23.900</RH_PRCNT>
        </DATA>
        <DATA>
          <VOLTS>70.00</VOLTS>
          <CURRNT_NAMP>0.0209</CURRNT_NAMP>
          <TIME>2021-09-28 11:43:57</TIME>
          <TEMP_DEGC>2.230e+01</TEMP_DEGC>
          <AIR_TEMP_DEGC>22.300</AIR_TEMP_DEGC>
          <RH_PRCNT>23.800</RH_PRCNT>
        </DATA>
        <DATA>
          <VOLTS>80.00</VOLTS>
          <CURRNT_NAMP>0.0205</CURRNT_NAMP>
          <TIME>2021-09-28 11:43:58</TIME>
          <TEMP_DEGC>2.230e+01</TEMP_DEGC>
          <AIR_TEMP_DEGC>22.300</AIR_TEMP_DEGC>
          <RH_PRCNT>23.800</RH_PRCNT>
        </DATA>
        <DATA>
          <VOLTS>90.00</VOLTS>
          <CURRNT_NAMP>0.0205</CURRNT_NAMP>
          <TIME>2021-09-28 11:44:00</TIME>
          <TEMP_DEGC>2.230e+01</TEMP_DEGC>
          <AIR_TEMP_DEGC>22.300</AIR_TEMP_DEGC>
          <RH_PRCNT>23.800</RH_PRCNT>
        </DATA>
        <DATA>
          <VOLTS>100.00</VOLTS>
          <CURRNT_NAMP>0.0206</CURRNT_NAMP>
          <TIME>2021-09-28 11:44:02</TIME>
          <TEMP_DEGC>2.230e+01</TEMP_DEGC>
          <AIR_TEMP_DEGC>22.300</AIR_TEMP_DEGC>
          <RH_PRCNT>23.800</RH_PRCNT>
        </DATA>
        <DATA>
          <VOLTS>110.00</VOLTS>
          <CURRNT_NAMP>0.0209</CURRNT_NAMP>
          <TIME>2021-09-28 11:44:03</TIME>
          <TEMP_DEGC>2.230e+01</TEMP_DEGC>
          <AIR_TEMP_DEGC>22.300</AIR_TEMP_DEGC>
          <RH_PRCNT>23.800</RH_PRCNT>
        </DATA>
        <DATA>
          <VOLTS>120.00</VOLTS>
          <CURRNT_NAMP>0.0211</CURRNT_NAMP>
          <TIME>2021-09-28 11:44:05</TIME>
          <TEMP_DEGC>2.230e+01</TEMP_DEGC>
          <AIR_TEMP_DEGC>22.300</AIR_TEMP_DEGC>
          <RH_PRCNT>23.800</RH_PRCNT>
        </DATA>
        <DATA>
          <VOLTS>130.00</VOLTS>
          <CURRNT_NAMP>0.0210</CURRNT_NAMP>
          <TIME>2021-09-28 11:44:06</TIME>
          <TEMP_DEGC>2.230e+01</TEMP_DEGC>
          <AIR_TEMP_DEGC>22.300</AIR_TEMP_DEGC>
          <RH_PRCNT>23.800</RH_PRCNT>
        </DATA>
        <DATA>
          <VOLTS>140.00</VOLTS>
          <CURRNT_NAMP>0.0213</CURRNT_NAMP>
          <TIME>2021-09-28 11:44:08</TIME>
          <TEMP_DEGC>2.230e+01</TEMP_DEGC>
          <AIR_TEMP_DEGC>22.300</AIR_TEMP_DEGC>
          <RH_PRCNT>23.800</RH_PRCNT>
        </DATA>
        <DATA>
          <VOLTS>150.00</VOLTS>
          <CURRNT_NAMP>0.0218</CURRNT_NAMP>
          <TIME>2021-09-28 11:44:10</TIME>
          <TEMP_DEGC>2.230e+01</TEMP_DEGC>
          <AIR_TEMP_DEGC>22.300</AIR_TEMP_DEGC>
          <RH_PRCNT>23.800</RH_PRCNT>
        </DATA>
        <DATA>
          <VOLTS>160.00</VOLTS>
          <CURRNT_NAMP>0.0227</CURRNT_NAMP>
          <TIME>2021-09-28 11:44:11</TIME>
          <TEMP_DEGC>2.230e+01</TEMP_DEGC>
          <AIR_TEMP_DEGC>22.300</AIR_TEMP_DEGC>
          <RH_PRCNT>23.800</RH_PRCNT>
        </DATA>
        <DATA>
          <VOLTS>170.00</VOLTS>
          <CURRNT_NAMP>0.0273</CURRNT_NAMP>
          <TIME>2021-09-28 11:44:13</TIME>
          <TEMP_DEGC>2.230e+01</TEMP_DEGC>
          <AIR_TEMP_DEGC>22.300</AIR_TEMP_DEGC>
          <RH_PRCNT>23.800</RH_PRCNT>
        </DATA>
        <DATA>
          <VOLTS>180.00</VOLTS>
          <CURRNT_NAMP>0.0482</CURRNT_NAMP>
          <TIME>2021-09-28 11:44:15</TIME>
          <TEMP_DEGC>2.230e+01</TEMP_DEGC>
          <AIR_TEMP_DEGC>22.300</AIR_TEMP_DEGC>
          <RH_PRCNT>23.800</RH_PRCNT>
        </DATA>
        <DATA>
          <VOLTS>190.00</VOLTS>
          <CURRNT_NAMP>0.1681</CURRNT_NAMP>
          <TIME>2021-09-28 11:44:16</TIME>
          <TEMP_DEGC>2.230e+01</TEMP_DEGC>
          <AIR_TEMP_DEGC>22.300</AIR_TEMP_DEGC>
          <RH_PRCNT>23.800</RH_PRCNT>
        </DATA>
        <DATA>
          <VOLTS>200.00</VOLTS>
          <CURRNT_NAMP>0.3295</CURRNT_NAMP>
          <TIME>2021-09-28 11:44:18</TIME>
          <TEMP_DEGC>2.230e+01</TEMP_DEGC>
          <AIR_TEMP_DEGC>22.300</AIR_TEMP_DEGC>
          <RH_PRCNT>23.800</RH_PRCNT>
        </DATA>
        <CHILD_DATA_SET>
          <HEADER>
            <TYPE>
              <EXTENSION_TABLE_NAME>HALFMOON_IV_PAR</EXTENSION_TABLE_NAME>
              <NAME>Tracker Halfmoon IV Parameters</NAME>
            </TYPE>
          </HEADER>
          <DATA_SET>
            <COMMENT_DESCRIPTION>Test</COMMENT_DESCRIPTION>
            <VERSION>IV_measurement</VERSION>
            <PART>
              <NAME_LABEL>37400_003_2-S_HM_EE</NAME_LABEL>
              <KIND_OF_PART>2S Halfmoon E</KIND_OF_PART>
            </PART>
            <DATA>
              <VBD_V>200.000</VBD_V>
            </DATA>
          </DATA_SET>
        </CHILD_DATA_SET>
      </DATA_SET>
    </CHILD_DATA_SET>
  </DATA_SET>
</ROOT>
