<?xml version="1.0"?>
<ROOT>
  <HEADER>
    <TYPE>
      <EXTENSION_TABLE_NAME>HALFMOON_METADATA</EXTENSION_TABLE_NAME>
      <NAME>Tracker Halfmoon Metadata</NAME>
    </TYPE>
    <RUN mode="SEQUENCE_NUMBER" sequence="TRK_OT_RUN_SEQ">
      <RUN_TYPE>PQC</RUN_TYPE>
      <LOCATION>Demokritos</LOCATION>
      <INITIATED_BY_USER>A. Kyriakis</INITIATED_BY_USER>
      <RUN_BEGIN_TIMESTAMP>2021-09-28 09:39:30</RUN_BEGIN_TIMESTAMP>
      <COMMENT_DESCRIPTION>Test</COMMENT_DESCRIPTION>
    </RUN>
  </HEADER>
  <DATA_SET>
    <COMMENT_DESCRIPTION>Metadata with flute and structure</COMMENT_DESCRIPTION>
    <VERSION>IV_measurement</VERSION>
    <PART>
      <NAME_LABEL>37400_049_2-S_HM_WW</NAME_LABEL>
      <KIND_OF_PART>2S Halfmoon W</KIND_OF_PART>
    </PART>
    <DATA>
      <KIND_OF_HM_FLUTE_ID>PQC2</KIND_OF_HM_FLUTE_ID>
      <KIND_OF_HM_STRUCT_ID>DIEL_NE</KIND_OF_HM_STRUCT_ID>
      <KIND_OF_HM_SET_ID>Left</KIND_OF_HM_SET_ID>
      <KIND_OF_HM_CONFIG_ID>Not Used</KIND_OF_HM_CONFIG_ID>
      <EQUIPMENT>KEITHLEY 2410</EQUIPMENT>
      <WAITING_TIME_S>0.500</WAITING_TIME_S>
      <TEMP_SET_DEGC>21.000</TEMP_SET_DEGC>
      <AV_TEMP_DEGC>21.000</AV_TEMP_DEGC>
      <PROCEDURE_TYPE>Diel_IV1</PROCEDURE_TYPE>
      <FILE_NAME>Demokritos_VPX37400_049_2-S_HM_W_Left_PQC2_DielNE_IV.xml</FILE_NAME>
    </DATA>
    <CHILD_DATA_SET>
      <HEADER>
        <TYPE>
          <EXTENSION_TABLE_NAME>TEST_SENSOR_IV</EXTENSION_TABLE_NAME>
          <NAME>Tracker Halfmoon IV Test</NAME>
        </TYPE>
      </HEADER>
      <DATA_SET>
        <COMMENT_DESCRIPTION>Test</COMMENT_DESCRIPTION>
        <VERSION>IV_measurement</VERSION>
        <PART>
          <NAME_LABEL>37400_049_2-S_HM_WW</NAME_LABEL>
          <KIND_OF_PART>2S Halfmoon W</KIND_OF_PART>
        </PART>
        <DATA>
          <VOLTS>0.00</VOLTS>
          <CURRNT_NAMP>-0.0122</CURRNT_NAMP>
          <TIME>2021-09-28 09:39:35</TIME>
          <TEMP_DEGC>2.100e+01</TEMP_DEGC>
          <AIR_TEMP_DEGC>21.000</AIR_TEMP_DEGC>
          <RH_PRCNT>27.200</RH_PRCNT>
        </DATA>
        <DATA>
          <VOLTS>10.00</VOLTS>
          <CURRNT_NAMP>0.0113</CURRNT_NAMP>
          <TIME>2021-09-28 09:39:39</TIME>
          <TEMP_DEGC>2.100e+01</TEMP_DEGC>
          <AIR_TEMP_DEGC>21.000</AIR_TEMP_DEGC>
          <RH_PRCNT>27.200</RH_PRCNT>
        </DATA>
        <DATA>
          <VOLTS>20.00</VOLTS>
          <CURRNT_NAMP>0.0151</CURRNT_NAMP>
          <TIME>2021-09-28 09:39:41</TIME>
          <TEMP_DEGC>2.100e+01</TEMP_DEGC>
          <AIR_TEMP_DEGC>21.000</AIR_TEMP_DEGC>
          <RH_PRCNT>27.200</RH_PRCNT>
        </DATA>
        <DATA>
          <VOLTS>30.00</VOLTS>
          <CURRNT_NAMP>0.0205</CURRNT_NAMP>
          <TIME>2021-09-28 09:39:42</TIME>
          <TEMP_DEGC>2.100e+01</TEMP_DEGC>
          <AIR_TEMP_DEGC>21.000</AIR_TEMP_DEGC>
          <RH_PRCNT>27.300</RH_PRCNT>
        </DATA>
        <DATA>
          <VOLTS>40.00</VOLTS>
          <CURRNT_NAMP>0.0218</CURRNT_NAMP>
          <TIME>2021-09-28 09:39:44</TIME>
          <TEMP_DEGC>2.100e+01</TEMP_DEGC>
          <AIR_TEMP_DEGC>21.000</AIR_TEMP_DEGC>
          <RH_PRCNT>27.300</RH_PRCNT>
        </DATA>
        <DATA>
          <VOLTS>50.00</VOLTS>
          <CURRNT_NAMP>0.0222</CURRNT_NAMP>
          <TIME>2021-09-28 09:39:46</TIME>
          <TEMP_DEGC>2.100e+01</TEMP_DEGC>
          <AIR_TEMP_DEGC>21.000</AIR_TEMP_DEGC>
          <RH_PRCNT>27.300</RH_PRCNT>
        </DATA>
        <DATA>
          <VOLTS>60.00</VOLTS>
          <CURRNT_NAMP>0.0224</CURRNT_NAMP>
          <TIME>2021-09-28 09:39:47</TIME>
          <TEMP_DEGC>2.100e+01</TEMP_DEGC>
          <AIR_TEMP_DEGC>21.000</AIR_TEMP_DEGC>
          <RH_PRCNT>27.300</RH_PRCNT>
        </DATA>
        <DATA>
          <VOLTS>70.00</VOLTS>
          <CURRNT_NAMP>0.0156</CURRNT_NAMP>
          <TIME>2021-09-28 09:39:49</TIME>
          <TEMP_DEGC>2.100e+01</TEMP_DEGC>
          <AIR_TEMP_DEGC>21.000</AIR_TEMP_DEGC>
          <RH_PRCNT>27.300</RH_PRCNT>
        </DATA>
        <DATA>
          <VOLTS>80.00</VOLTS>
          <CURRNT_NAMP>0.0141</CURRNT_NAMP>
          <TIME>2021-09-28 09:39:51</TIME>
          <TEMP_DEGC>2.100e+01</TEMP_DEGC>
          <AIR_TEMP_DEGC>21.000</AIR_TEMP_DEGC>
          <RH_PRCNT>27.300</RH_PRCNT>
        </DATA>
        <DATA>
          <VOLTS>90.00</VOLTS>
          <CURRNT_NAMP>0.0137</CURRNT_NAMP>
          <TIME>2021-09-28 09:39:53</TIME>
          <TEMP_DEGC>2.100e+01</TEMP_DEGC>
          <AIR_TEMP_DEGC>21.000</AIR_TEMP_DEGC>
          <RH_PRCNT>27.300</RH_PRCNT>
        </DATA>
        <DATA>
          <VOLTS>100.00</VOLTS>
          <CURRNT_NAMP>0.0139</CURRNT_NAMP>
          <TIME>2021-09-28 09:39:55</TIME>
          <TEMP_DEGC>2.100e+01</TEMP_DEGC>
          <AIR_TEMP_DEGC>21.000</AIR_TEMP_DEGC>
          <RH_PRCNT>27.300</RH_PRCNT>
        </DATA>
        <DATA>
          <VOLTS>110.00</VOLTS>
          <CURRNT_NAMP>0.0141</CURRNT_NAMP>
          <TIME>2021-09-28 09:39:57</TIME>
          <TEMP_DEGC>2.100e+01</TEMP_DEGC>
          <AIR_TEMP_DEGC>21.000</AIR_TEMP_DEGC>
          <RH_PRCNT>27.300</RH_PRCNT>
        </DATA>
        <DATA>
          <VOLTS>120.00</VOLTS>
          <CURRNT_NAMP>0.0143</CURRNT_NAMP>
          <TIME>2021-09-28 09:39:59</TIME>
          <TEMP_DEGC>2.100e+01</TEMP_DEGC>
          <AIR_TEMP_DEGC>21.000</AIR_TEMP_DEGC>
          <RH_PRCNT>27.300</RH_PRCNT>
        </DATA>
        <DATA>
          <VOLTS>130.00</VOLTS>
          <CURRNT_NAMP>0.0140</CURRNT_NAMP>
          <TIME>2021-09-28 09:40:00</TIME>
          <TEMP_DEGC>2.100e+01</TEMP_DEGC>
          <AIR_TEMP_DEGC>21.000</AIR_TEMP_DEGC>
          <RH_PRCNT>27.300</RH_PRCNT>
        </DATA>
        <DATA>
          <VOLTS>140.00</VOLTS>
          <CURRNT_NAMP>0.0145</CURRNT_NAMP>
          <TIME>2021-09-28 09:40:02</TIME>
          <TEMP_DEGC>2.100e+01</TEMP_DEGC>
          <AIR_TEMP_DEGC>21.000</AIR_TEMP_DEGC>
          <RH_PRCNT>27.300</RH_PRCNT>
        </DATA>
        <DATA>
          <VOLTS>150.00</VOLTS>
          <CURRNT_NAMP>0.0148</CURRNT_NAMP>
          <TIME>2021-09-28 09:40:04</TIME>
          <TEMP_DEGC>2.100e+01</TEMP_DEGC>
          <AIR_TEMP_DEGC>21.000</AIR_TEMP_DEGC>
          <RH_PRCNT>27.300</RH_PRCNT>
        </DATA>
        <DATA>
          <VOLTS>160.00</VOLTS>
          <CURRNT_NAMP>0.0152</CURRNT_NAMP>
          <TIME>2021-09-28 09:40:06</TIME>
          <TEMP_DEGC>2.100e+01</TEMP_DEGC>
          <AIR_TEMP_DEGC>21.000</AIR_TEMP_DEGC>
          <RH_PRCNT>27.400</RH_PRCNT>
        </DATA>
        <DATA>
          <VOLTS>170.00</VOLTS>
          <CURRNT_NAMP>0.0205</CURRNT_NAMP>
          <TIME>2021-09-28 09:40:08</TIME>
          <TEMP_DEGC>2.100e+01</TEMP_DEGC>
          <AIR_TEMP_DEGC>21.000</AIR_TEMP_DEGC>
          <RH_PRCNT>27.400</RH_PRCNT>
        </DATA>
        <DATA>
          <VOLTS>180.00</VOLTS>
          <CURRNT_NAMP>0.0302</CURRNT_NAMP>
          <TIME>2021-09-28 09:40:10</TIME>
          <TEMP_DEGC>2.100e+01</TEMP_DEGC>
          <AIR_TEMP_DEGC>21.000</AIR_TEMP_DEGC>
          <RH_PRCNT>27.400</RH_PRCNT>
        </DATA>
        <DATA>
          <VOLTS>190.00</VOLTS>
          <CURRNT_NAMP>0.0896</CURRNT_NAMP>
          <TIME>2021-09-28 09:40:11</TIME>
          <TEMP_DEGC>2.100e+01</TEMP_DEGC>
          <AIR_TEMP_DEGC>21.000</AIR_TEMP_DEGC>
          <RH_PRCNT>27.400</RH_PRCNT>
        </DATA>
        <DATA>
          <VOLTS>200.00</VOLTS>
          <CURRNT_NAMP>0.2305</CURRNT_NAMP>
          <TIME>2021-09-28 09:40:13</TIME>
          <TEMP_DEGC>2.100e+01</TEMP_DEGC>
          <AIR_TEMP_DEGC>21.000</AIR_TEMP_DEGC>
          <RH_PRCNT>27.400</RH_PRCNT>
        </DATA>
        <CHILD_DATA_SET>
          <HEADER>
            <TYPE>
              <EXTENSION_TABLE_NAME>HALFMOON_IV_PAR</EXTENSION_TABLE_NAME>
              <NAME>Tracker Halfmoon IV Parameters</NAME>
            </TYPE>
          </HEADER>
          <DATA_SET>
            <COMMENT_DESCRIPTION>Test</COMMENT_DESCRIPTION>
            <VERSION>IV_measurement</VERSION>
            <PART>
              <NAME_LABEL>37400_049_2-S_HM_WW</NAME_LABEL>
              <KIND_OF_PART>2S Halfmoon W</KIND_OF_PART>
            </PART>
            <DATA>
              <VBD_V>200.000</VBD_V>
            </DATA>
          </DATA_SET>
        </CHILD_DATA_SET>
      </DATA_SET>
    </CHILD_DATA_SET>
  </DATA_SET>
</ROOT>
