<?xml version="1.0"?>
<ROOT>
  <HEADER>
    <TYPE>
      <EXTENSION_TABLE_NAME>HALFMOON_METADATA</EXTENSION_TABLE_NAME>
      <NAME>Tracker Halfmoon Metadata</NAME>
    </TYPE>
    <RUN mode="SEQUENCE_NUMBER" sequence="TRK_OT_RUN_SEQ">
      <RUN_TYPE>PQC</RUN_TYPE>
      <LOCATION>Demokritos</LOCATION>
      <INITIATED_BY_USER>A. Kyriakis</INITIATED_BY_USER>
      <RUN_BEGIN_TIMESTAMP>2021-09-29 08:42:38</RUN_BEGIN_TIMESTAMP>
      <COMMENT_DESCRIPTION>Test</COMMENT_DESCRIPTION>
    </RUN>
  </HEADER>
  <DATA_SET>
    <COMMENT_DESCRIPTION>Metadata with flute and structure</COMMENT_DESCRIPTION>
    <VERSION>v2</VERSION>
    <PART>
      <NAME_LABEL>37400_027_2-S_HM_WW</NAME_LABEL>
      <KIND_OF_PART>2S Halfmoon W</KIND_OF_PART>
    </PART>
    <DATA>
      <KIND_OF_HM_FLUTE_ID>PQC2</KIND_OF_HM_FLUTE_ID>
      <KIND_OF_HM_STRUCT_ID>GCD</KIND_OF_HM_STRUCT_ID>
      <KIND_OF_HM_SET_ID>Left</KIND_OF_HM_SET_ID>
      <KIND_OF_HM_CONFIG_ID>Not Used</KIND_OF_HM_CONFIG_ID>
      <EQUIPMENT>KEITHLEY 2410</EQUIPMENT>
      <WAITING_TIME_S>0.500</WAITING_TIME_S>
      <TEMP_SET_DEGC>20.600</TEMP_SET_DEGC>
      <AV_TEMP_DEGC>20.600</AV_TEMP_DEGC>
      <PROCEDURE_TYPE>GCD1</PROCEDURE_TYPE>
      <FILE_NAME>Demokritos_VPX37400_027_2-S_HM_W_Left_PQC2_GCD_IV.xml</FILE_NAME>
    </DATA>
    <CHILD_DATA_SET>
      <HEADER>
        <TYPE>
          <EXTENSION_TABLE_NAME>TEST_SENSOR_IV</EXTENSION_TABLE_NAME>
          <NAME>Tracker Halfmoon IV Test</NAME>
        </TYPE>
      </HEADER>
      <DATA_SET>
        <COMMENT_DESCRIPTION>Test</COMMENT_DESCRIPTION>
        <VERSION>V2</VERSION>
        <PART>
          <NAME_LABEL>37400_027_2-S_HM_WW</NAME_LABEL>
          <KIND_OF_PART>2S Halfmoon W</KIND_OF_PART>
        </PART>
        <DATA>
          <VOLTS>-15.000</VOLTS>
          <CURRNT_NAMP>-4.903e-03</CURRNT_NAMP>
          <TIME>2021-09-29 08:42:38</TIME>
          <TEMP_DEGC>20.600</TEMP_DEGC>
          <AIR_TEMP_DEGC>20.600</AIR_TEMP_DEGC>
          <RH_PRCNT>29.100</RH_PRCNT>
        </DATA>
        <DATA>
          <VOLTS>-14.900</VOLTS>
          <CURRNT_NAMP>2.750e-03</CURRNT_NAMP>
          <TIME>2021-09-29 08:42:42</TIME>
          <TEMP_DEGC>20.600</TEMP_DEGC>
          <AIR_TEMP_DEGC>20.600</AIR_TEMP_DEGC>
          <RH_PRCNT>29.000</RH_PRCNT>
        </DATA>
        <DATA>
          <VOLTS>-14.800</VOLTS>
          <CURRNT_NAMP>4.057e-03</CURRNT_NAMP>
          <TIME>2021-09-29 08:42:43</TIME>
          <TEMP_DEGC>20.600</TEMP_DEGC>
          <AIR_TEMP_DEGC>20.600</AIR_TEMP_DEGC>
          <RH_PRCNT>29.000</RH_PRCNT>
        </DATA>
        <DATA>
          <VOLTS>-14.700</VOLTS>
          <CURRNT_NAMP>4.267e-03</CURRNT_NAMP>
          <TIME>2021-09-29 08:42:45</TIME>
          <TEMP_DEGC>20.600</TEMP_DEGC>
          <AIR_TEMP_DEGC>20.600</AIR_TEMP_DEGC>
          <RH_PRCNT>29.000</RH_PRCNT>
        </DATA>
        <DATA>
          <VOLTS>-14.600</VOLTS>
          <CURRNT_NAMP>4.259e-03</CURRNT_NAMP>
          <TIME>2021-09-29 08:42:47</TIME>
          <TEMP_DEGC>20.600</TEMP_DEGC>
          <AIR_TEMP_DEGC>20.600</AIR_TEMP_DEGC>
          <RH_PRCNT>29.000</RH_PRCNT>
        </DATA>
        <DATA>
          <VOLTS>-14.500</VOLTS>
          <CURRNT_NAMP>4.253e-03</CURRNT_NAMP>
          <TIME>2021-09-29 08:42:48</TIME>
          <TEMP_DEGC>20.600</TEMP_DEGC>
          <AIR_TEMP_DEGC>20.600</AIR_TEMP_DEGC>
          <RH_PRCNT>29.000</RH_PRCNT>
        </DATA>
        <DATA>
          <VOLTS>-14.400</VOLTS>
          <CURRNT_NAMP>4.235e-03</CURRNT_NAMP>
          <TIME>2021-09-29 08:42:50</TIME>
          <TEMP_DEGC>20.600</TEMP_DEGC>
          <AIR_TEMP_DEGC>20.600</AIR_TEMP_DEGC>
          <RH_PRCNT>29.100</RH_PRCNT>
        </DATA>
        <DATA>
          <VOLTS>-14.300</VOLTS>
          <CURRNT_NAMP>4.224e-03</CURRNT_NAMP>
          <TIME>2021-09-29 08:42:52</TIME>
          <TEMP_DEGC>20.700</TEMP_DEGC>
          <AIR_TEMP_DEGC>20.700</AIR_TEMP_DEGC>
          <RH_PRCNT>29.000</RH_PRCNT>
        </DATA>
        <DATA>
          <VOLTS>-14.200</VOLTS>
          <CURRNT_NAMP>4.215e-03</CURRNT_NAMP>
          <TIME>2021-09-29 08:42:53</TIME>
          <TEMP_DEGC>20.600</TEMP_DEGC>
          <AIR_TEMP_DEGC>20.600</AIR_TEMP_DEGC>
          <RH_PRCNT>29.000</RH_PRCNT>
        </DATA>
        <DATA>
          <VOLTS>-14.100</VOLTS>
          <CURRNT_NAMP>4.204e-03</CURRNT_NAMP>
          <TIME>2021-09-29 08:42:55</TIME>
          <TEMP_DEGC>20.600</TEMP_DEGC>
          <AIR_TEMP_DEGC>20.600</AIR_TEMP_DEGC>
          <RH_PRCNT>29.000</RH_PRCNT>
        </DATA>
        <DATA>
          <VOLTS>-14.000</VOLTS>
          <CURRNT_NAMP>4.187e-03</CURRNT_NAMP>
          <TIME>2021-09-29 08:42:56</TIME>
          <TEMP_DEGC>20.600</TEMP_DEGC>
          <AIR_TEMP_DEGC>20.600</AIR_TEMP_DEGC>
          <RH_PRCNT>29.000</RH_PRCNT>
        </DATA>
        <DATA>
          <VOLTS>-13.900</VOLTS>
          <CURRNT_NAMP>4.174e-03</CURRNT_NAMP>
          <TIME>2021-09-29 08:42:58</TIME>
          <TEMP_DEGC>20.600</TEMP_DEGC>
          <AIR_TEMP_DEGC>20.600</AIR_TEMP_DEGC>
          <RH_PRCNT>29.000</RH_PRCNT>
        </DATA>
        <DATA>
          <VOLTS>-13.800</VOLTS>
          <CURRNT_NAMP>4.169e-03</CURRNT_NAMP>
          <TIME>2021-09-29 08:43:00</TIME>
          <TEMP_DEGC>20.600</TEMP_DEGC>
          <AIR_TEMP_DEGC>20.600</AIR_TEMP_DEGC>
          <RH_PRCNT>29.000</RH_PRCNT>
        </DATA>
        <DATA>
          <VOLTS>-13.700</VOLTS>
          <CURRNT_NAMP>4.157e-03</CURRNT_NAMP>
          <TIME>2021-09-29 08:43:01</TIME>
          <TEMP_DEGC>20.600</TEMP_DEGC>
          <AIR_TEMP_DEGC>20.600</AIR_TEMP_DEGC>
          <RH_PRCNT>29.000</RH_PRCNT>
        </DATA>
        <DATA>
          <VOLTS>-13.600</VOLTS>
          <CURRNT_NAMP>4.148e-03</CURRNT_NAMP>
          <TIME>2021-09-29 08:43:03</TIME>
          <TEMP_DEGC>20.600</TEMP_DEGC>
          <AIR_TEMP_DEGC>20.600</AIR_TEMP_DEGC>
          <RH_PRCNT>29.000</RH_PRCNT>
        </DATA>
        <DATA>
          <VOLTS>-13.500</VOLTS>
          <CURRNT_NAMP>4.141e-03</CURRNT_NAMP>
          <TIME>2021-09-29 08:43:05</TIME>
          <TEMP_DEGC>20.600</TEMP_DEGC>
          <AIR_TEMP_DEGC>20.600</AIR_TEMP_DEGC>
          <RH_PRCNT>29.000</RH_PRCNT>
        </DATA>
        <DATA>
          <VOLTS>-13.400</VOLTS>
          <CURRNT_NAMP>4.142e-03</CURRNT_NAMP>
          <TIME>2021-09-29 08:43:06</TIME>
          <TEMP_DEGC>20.600</TEMP_DEGC>
          <AIR_TEMP_DEGC>20.600</AIR_TEMP_DEGC>
          <RH_PRCNT>29.100</RH_PRCNT>
        </DATA>
        <DATA>
          <VOLTS>-13.300</VOLTS>
          <CURRNT_NAMP>4.159e-03</CURRNT_NAMP>
          <TIME>2021-09-29 08:43:08</TIME>
          <TEMP_DEGC>20.700</TEMP_DEGC>
          <AIR_TEMP_DEGC>20.700</AIR_TEMP_DEGC>
          <RH_PRCNT>29.000</RH_PRCNT>
        </DATA>
        <DATA>
          <VOLTS>-13.200</VOLTS>
          <CURRNT_NAMP>4.141e-03</CURRNT_NAMP>
          <TIME>2021-09-29 08:43:10</TIME>
          <TEMP_DEGC>20.600</TEMP_DEGC>
          <AIR_TEMP_DEGC>20.600</AIR_TEMP_DEGC>
          <RH_PRCNT>29.000</RH_PRCNT>
        </DATA>
        <DATA>
          <VOLTS>-13.100</VOLTS>
          <CURRNT_NAMP>4.143e-03</CURRNT_NAMP>
          <TIME>2021-09-29 08:43:11</TIME>
          <TEMP_DEGC>20.600</TEMP_DEGC>
          <AIR_TEMP_DEGC>20.600</AIR_TEMP_DEGC>
          <RH_PRCNT>29.000</RH_PRCNT>
        </DATA>
        <DATA>
          <VOLTS>-13.000</VOLTS>
          <CURRNT_NAMP>4.136e-03</CURRNT_NAMP>
          <TIME>2021-09-29 08:43:13</TIME>
          <TEMP_DEGC>20.600</TEMP_DEGC>
          <AIR_TEMP_DEGC>20.600</AIR_TEMP_DEGC>
          <RH_PRCNT>29.000</RH_PRCNT>
        </DATA>
        <DATA>
          <VOLTS>-12.900</VOLTS>
          <CURRNT_NAMP>4.130e-03</CURRNT_NAMP>
          <TIME>2021-09-29 08:43:15</TIME>
          <TEMP_DEGC>20.600</TEMP_DEGC>
          <AIR_TEMP_DEGC>20.600</AIR_TEMP_DEGC>
          <RH_PRCNT>29.000</RH_PRCNT>
        </DATA>
        <DATA>
          <VOLTS>-12.800</VOLTS>
          <CURRNT_NAMP>4.113e-03</CURRNT_NAMP>
          <TIME>2021-09-29 08:43:16</TIME>
          <TEMP_DEGC>20.600</TEMP_DEGC>
          <AIR_TEMP_DEGC>20.600</AIR_TEMP_DEGC>
          <RH_PRCNT>29.000</RH_PRCNT>
        </DATA>
        <DATA>
          <VOLTS>-12.700</VOLTS>
          <CURRNT_NAMP>4.135e-03</CURRNT_NAMP>
          <TIME>2021-09-29 08:43:18</TIME>
          <TEMP_DEGC>20.600</TEMP_DEGC>
          <AIR_TEMP_DEGC>20.600</AIR_TEMP_DEGC>
          <RH_PRCNT>29.000</RH_PRCNT>
        </DATA>
        <DATA>
          <VOLTS>-12.600</VOLTS>
          <CURRNT_NAMP>4.139e-03</CURRNT_NAMP>
          <TIME>2021-09-29 08:43:19</TIME>
          <TEMP_DEGC>20.600</TEMP_DEGC>
          <AIR_TEMP_DEGC>20.600</AIR_TEMP_DEGC>
          <RH_PRCNT>29.000</RH_PRCNT>
        </DATA>
        <DATA>
          <VOLTS>-12.500</VOLTS>
          <CURRNT_NAMP>4.164e-03</CURRNT_NAMP>
          <TIME>2021-09-29 08:43:21</TIME>
          <TEMP_DEGC>20.600</TEMP_DEGC>
          <AIR_TEMP_DEGC>20.600</AIR_TEMP_DEGC>
          <RH_PRCNT>29.000</RH_PRCNT>
        </DATA>
        <DATA>
          <VOLTS>-12.400</VOLTS>
          <CURRNT_NAMP>4.146e-03</CURRNT_NAMP>
          <TIME>2021-09-29 08:43:23</TIME>
          <TEMP_DEGC>20.700</TEMP_DEGC>
          <AIR_TEMP_DEGC>20.700</AIR_TEMP_DEGC>
          <RH_PRCNT>29.000</RH_PRCNT>
        </DATA>
        <DATA>
          <VOLTS>-12.300</VOLTS>
          <CURRNT_NAMP>4.148e-03</CURRNT_NAMP>
          <TIME>2021-09-29 08:43:24</TIME>
          <TEMP_DEGC>20.700</TEMP_DEGC>
          <AIR_TEMP_DEGC>20.700</AIR_TEMP_DEGC>
          <RH_PRCNT>29.000</RH_PRCNT>
        </DATA>
        <DATA>
          <VOLTS>-12.200</VOLTS>
          <CURRNT_NAMP>4.151e-03</CURRNT_NAMP>
          <TIME>2021-09-29 08:43:26</TIME>
          <TEMP_DEGC>20.700</TEMP_DEGC>
          <AIR_TEMP_DEGC>20.700</AIR_TEMP_DEGC>
          <RH_PRCNT>29.000</RH_PRCNT>
        </DATA>
        <DATA>
          <VOLTS>-12.100</VOLTS>
          <CURRNT_NAMP>4.149e-03</CURRNT_NAMP>
          <TIME>2021-09-29 08:43:28</TIME>
          <TEMP_DEGC>20.600</TEMP_DEGC>
          <AIR_TEMP_DEGC>20.600</AIR_TEMP_DEGC>
          <RH_PRCNT>29.000</RH_PRCNT>
        </DATA>
        <DATA>
          <VOLTS>-12.000</VOLTS>
          <CURRNT_NAMP>4.165e-03</CURRNT_NAMP>
          <TIME>2021-09-29 08:43:29</TIME>
          <TEMP_DEGC>20.600</TEMP_DEGC>
          <AIR_TEMP_DEGC>20.600</AIR_TEMP_DEGC>
          <RH_PRCNT>29.000</RH_PRCNT>
        </DATA>
        <DATA>
          <VOLTS>-11.900</VOLTS>
          <CURRNT_NAMP>4.170e-03</CURRNT_NAMP>
          <TIME>2021-09-29 08:43:31</TIME>
          <TEMP_DEGC>20.700</TEMP_DEGC>
          <AIR_TEMP_DEGC>20.700</AIR_TEMP_DEGC>
          <RH_PRCNT>29.000</RH_PRCNT>
        </DATA>
        <DATA>
          <VOLTS>-11.800</VOLTS>
          <CURRNT_NAMP>4.122e-03</CURRNT_NAMP>
          <TIME>2021-09-29 08:43:33</TIME>
          <TEMP_DEGC>20.700</TEMP_DEGC>
          <AIR_TEMP_DEGC>20.700</AIR_TEMP_DEGC>
          <RH_PRCNT>29.000</RH_PRCNT>
        </DATA>
        <DATA>
          <VOLTS>-11.700</VOLTS>
          <CURRNT_NAMP>4.162e-03</CURRNT_NAMP>
          <TIME>2021-09-29 08:43:34</TIME>
          <TEMP_DEGC>20.600</TEMP_DEGC>
          <AIR_TEMP_DEGC>20.600</AIR_TEMP_DEGC>
          <RH_PRCNT>29.000</RH_PRCNT>
        </DATA>
        <DATA>
          <VOLTS>-11.600</VOLTS>
          <CURRNT_NAMP>4.174e-03</CURRNT_NAMP>
          <TIME>2021-09-29 08:43:36</TIME>
          <TEMP_DEGC>20.600</TEMP_DEGC>
          <AIR_TEMP_DEGC>20.600</AIR_TEMP_DEGC>
          <RH_PRCNT>29.000</RH_PRCNT>
        </DATA>
        <DATA>
          <VOLTS>-11.500</VOLTS>
          <CURRNT_NAMP>4.182e-03</CURRNT_NAMP>
          <TIME>2021-09-29 08:43:38</TIME>
          <TEMP_DEGC>20.600</TEMP_DEGC>
          <AIR_TEMP_DEGC>20.600</AIR_TEMP_DEGC>
          <RH_PRCNT>29.000</RH_PRCNT>
        </DATA>
        <DATA>
          <VOLTS>-11.400</VOLTS>
          <CURRNT_NAMP>4.203e-03</CURRNT_NAMP>
          <TIME>2021-09-29 08:43:39</TIME>
          <TEMP_DEGC>20.700</TEMP_DEGC>
          <AIR_TEMP_DEGC>20.700</AIR_TEMP_DEGC>
          <RH_PRCNT>29.000</RH_PRCNT>
        </DATA>
        <DATA>
          <VOLTS>-11.300</VOLTS>
          <CURRNT_NAMP>4.217e-03</CURRNT_NAMP>
          <TIME>2021-09-29 08:43:41</TIME>
          <TEMP_DEGC>20.600</TEMP_DEGC>
          <AIR_TEMP_DEGC>20.600</AIR_TEMP_DEGC>
          <RH_PRCNT>29.000</RH_PRCNT>
        </DATA>
        <DATA>
          <VOLTS>-11.200</VOLTS>
          <CURRNT_NAMP>4.196e-03</CURRNT_NAMP>
          <TIME>2021-09-29 08:43:43</TIME>
          <TEMP_DEGC>20.700</TEMP_DEGC>
          <AIR_TEMP_DEGC>20.700</AIR_TEMP_DEGC>
          <RH_PRCNT>29.000</RH_PRCNT>
        </DATA>
        <DATA>
          <VOLTS>-11.100</VOLTS>
          <CURRNT_NAMP>4.208e-03</CURRNT_NAMP>
          <TIME>2021-09-29 08:43:44</TIME>
          <TEMP_DEGC>20.600</TEMP_DEGC>
          <AIR_TEMP_DEGC>20.600</AIR_TEMP_DEGC>
          <RH_PRCNT>29.000</RH_PRCNT>
        </DATA>
        <DATA>
          <VOLTS>-11.000</VOLTS>
          <CURRNT_NAMP>4.214e-03</CURRNT_NAMP>
          <TIME>2021-09-29 08:43:46</TIME>
          <TEMP_DEGC>20.700</TEMP_DEGC>
          <AIR_TEMP_DEGC>20.700</AIR_TEMP_DEGC>
          <RH_PRCNT>29.000</RH_PRCNT>
        </DATA>
        <DATA>
          <VOLTS>-10.900</VOLTS>
          <CURRNT_NAMP>4.222e-03</CURRNT_NAMP>
          <TIME>2021-09-29 08:43:47</TIME>
          <TEMP_DEGC>20.700</TEMP_DEGC>
          <AIR_TEMP_DEGC>20.700</AIR_TEMP_DEGC>
          <RH_PRCNT>29.000</RH_PRCNT>
        </DATA>
        <DATA>
          <VOLTS>-10.800</VOLTS>
          <CURRNT_NAMP>4.230e-03</CURRNT_NAMP>
          <TIME>2021-09-29 08:43:49</TIME>
          <TEMP_DEGC>20.700</TEMP_DEGC>
          <AIR_TEMP_DEGC>20.700</AIR_TEMP_DEGC>
          <RH_PRCNT>29.000</RH_PRCNT>
        </DATA>
        <DATA>
          <VOLTS>-10.700</VOLTS>
          <CURRNT_NAMP>4.225e-03</CURRNT_NAMP>
          <TIME>2021-09-29 08:43:51</TIME>
          <TEMP_DEGC>20.700</TEMP_DEGC>
          <AIR_TEMP_DEGC>20.700</AIR_TEMP_DEGC>
          <RH_PRCNT>29.000</RH_PRCNT>
        </DATA>
        <DATA>
          <VOLTS>-10.600</VOLTS>
          <CURRNT_NAMP>4.250e-03</CURRNT_NAMP>
          <TIME>2021-09-29 08:43:52</TIME>
          <TEMP_DEGC>20.600</TEMP_DEGC>
          <AIR_TEMP_DEGC>20.600</AIR_TEMP_DEGC>
          <RH_PRCNT>29.000</RH_PRCNT>
        </DATA>
        <DATA>
          <VOLTS>-10.500</VOLTS>
          <CURRNT_NAMP>4.259e-03</CURRNT_NAMP>
          <TIME>2021-09-29 08:43:54</TIME>
          <TEMP_DEGC>20.700</TEMP_DEGC>
          <AIR_TEMP_DEGC>20.700</AIR_TEMP_DEGC>
          <RH_PRCNT>29.000</RH_PRCNT>
        </DATA>
        <DATA>
          <VOLTS>-10.400</VOLTS>
          <CURRNT_NAMP>4.263e-03</CURRNT_NAMP>
          <TIME>2021-09-29 08:43:56</TIME>
          <TEMP_DEGC>20.700</TEMP_DEGC>
          <AIR_TEMP_DEGC>20.700</AIR_TEMP_DEGC>
          <RH_PRCNT>29.000</RH_PRCNT>
        </DATA>
        <DATA>
          <VOLTS>-10.300</VOLTS>
          <CURRNT_NAMP>4.281e-03</CURRNT_NAMP>
          <TIME>2021-09-29 08:43:57</TIME>
          <TEMP_DEGC>20.600</TEMP_DEGC>
          <AIR_TEMP_DEGC>20.600</AIR_TEMP_DEGC>
          <RH_PRCNT>28.900</RH_PRCNT>
        </DATA>
        <DATA>
          <VOLTS>-10.200</VOLTS>
          <CURRNT_NAMP>4.297e-03</CURRNT_NAMP>
          <TIME>2021-09-29 08:43:59</TIME>
          <TEMP_DEGC>20.700</TEMP_DEGC>
          <AIR_TEMP_DEGC>20.700</AIR_TEMP_DEGC>
          <RH_PRCNT>28.900</RH_PRCNT>
        </DATA>
        <DATA>
          <VOLTS>-10.100</VOLTS>
          <CURRNT_NAMP>4.317e-03</CURRNT_NAMP>
          <TIME>2021-09-29 08:44:01</TIME>
          <TEMP_DEGC>20.600</TEMP_DEGC>
          <AIR_TEMP_DEGC>20.600</AIR_TEMP_DEGC>
          <RH_PRCNT>28.900</RH_PRCNT>
        </DATA>
        <DATA>
          <VOLTS>-10.000</VOLTS>
          <CURRNT_NAMP>4.331e-03</CURRNT_NAMP>
          <TIME>2021-09-29 08:44:02</TIME>
          <TEMP_DEGC>20.700</TEMP_DEGC>
          <AIR_TEMP_DEGC>20.700</AIR_TEMP_DEGC>
          <RH_PRCNT>28.900</RH_PRCNT>
        </DATA>
        <DATA>
          <VOLTS>-9.900</VOLTS>
          <CURRNT_NAMP>4.353e-03</CURRNT_NAMP>
          <TIME>2021-09-29 08:44:04</TIME>
          <TEMP_DEGC>20.700</TEMP_DEGC>
          <AIR_TEMP_DEGC>20.700</AIR_TEMP_DEGC>
          <RH_PRCNT>28.900</RH_PRCNT>
        </DATA>
        <DATA>
          <VOLTS>-9.800</VOLTS>
          <CURRNT_NAMP>4.360e-03</CURRNT_NAMP>
          <TIME>2021-09-29 08:44:06</TIME>
          <TEMP_DEGC>20.700</TEMP_DEGC>
          <AIR_TEMP_DEGC>20.700</AIR_TEMP_DEGC>
          <RH_PRCNT>28.900</RH_PRCNT>
        </DATA>
        <DATA>
          <VOLTS>-9.700</VOLTS>
          <CURRNT_NAMP>4.370e-03</CURRNT_NAMP>
          <TIME>2021-09-29 08:44:07</TIME>
          <TEMP_DEGC>20.700</TEMP_DEGC>
          <AIR_TEMP_DEGC>20.700</AIR_TEMP_DEGC>
          <RH_PRCNT>28.900</RH_PRCNT>
        </DATA>
        <DATA>
          <VOLTS>-9.600</VOLTS>
          <CURRNT_NAMP>4.417e-03</CURRNT_NAMP>
          <TIME>2021-09-29 08:44:09</TIME>
          <TEMP_DEGC>20.600</TEMP_DEGC>
          <AIR_TEMP_DEGC>20.600</AIR_TEMP_DEGC>
          <RH_PRCNT>28.900</RH_PRCNT>
        </DATA>
        <DATA>
          <VOLTS>-9.500</VOLTS>
          <CURRNT_NAMP>4.424e-03</CURRNT_NAMP>
          <TIME>2021-09-29 08:44:10</TIME>
          <TEMP_DEGC>20.700</TEMP_DEGC>
          <AIR_TEMP_DEGC>20.700</AIR_TEMP_DEGC>
          <RH_PRCNT>28.900</RH_PRCNT>
        </DATA>
        <DATA>
          <VOLTS>-9.400</VOLTS>
          <CURRNT_NAMP>4.443e-03</CURRNT_NAMP>
          <TIME>2021-09-29 08:44:12</TIME>
          <TEMP_DEGC>20.700</TEMP_DEGC>
          <AIR_TEMP_DEGC>20.700</AIR_TEMP_DEGC>
          <RH_PRCNT>28.900</RH_PRCNT>
        </DATA>
        <DATA>
          <VOLTS>-9.300</VOLTS>
          <CURRNT_NAMP>4.483e-03</CURRNT_NAMP>
          <TIME>2021-09-29 08:44:14</TIME>
          <TEMP_DEGC>20.700</TEMP_DEGC>
          <AIR_TEMP_DEGC>20.700</AIR_TEMP_DEGC>
          <RH_PRCNT>28.900</RH_PRCNT>
        </DATA>
        <DATA>
          <VOLTS>-9.200</VOLTS>
          <CURRNT_NAMP>4.516e-03</CURRNT_NAMP>
          <TIME>2021-09-29 08:44:15</TIME>
          <TEMP_DEGC>20.700</TEMP_DEGC>
          <AIR_TEMP_DEGC>20.700</AIR_TEMP_DEGC>
          <RH_PRCNT>28.900</RH_PRCNT>
        </DATA>
        <DATA>
          <VOLTS>-9.100</VOLTS>
          <CURRNT_NAMP>4.542e-03</CURRNT_NAMP>
          <TIME>2021-09-29 08:44:17</TIME>
          <TEMP_DEGC>20.700</TEMP_DEGC>
          <AIR_TEMP_DEGC>20.700</AIR_TEMP_DEGC>
          <RH_PRCNT>28.900</RH_PRCNT>
        </DATA>
        <DATA>
          <VOLTS>-9.000</VOLTS>
          <CURRNT_NAMP>4.573e-03</CURRNT_NAMP>
          <TIME>2021-09-29 08:44:19</TIME>
          <TEMP_DEGC>20.700</TEMP_DEGC>
          <AIR_TEMP_DEGC>20.700</AIR_TEMP_DEGC>
          <RH_PRCNT>28.900</RH_PRCNT>
        </DATA>
        <DATA>
          <VOLTS>-8.900</VOLTS>
          <CURRNT_NAMP>4.610e-03</CURRNT_NAMP>
          <TIME>2021-09-29 08:44:20</TIME>
          <TEMP_DEGC>20.700</TEMP_DEGC>
          <AIR_TEMP_DEGC>20.700</AIR_TEMP_DEGC>
          <RH_PRCNT>28.900</RH_PRCNT>
        </DATA>
        <DATA>
          <VOLTS>-8.800</VOLTS>
          <CURRNT_NAMP>4.685e-03</CURRNT_NAMP>
          <TIME>2021-09-29 08:44:22</TIME>
          <TEMP_DEGC>20.700</TEMP_DEGC>
          <AIR_TEMP_DEGC>20.700</AIR_TEMP_DEGC>
          <RH_PRCNT>28.900</RH_PRCNT>
        </DATA>
        <DATA>
          <VOLTS>-8.700</VOLTS>
          <CURRNT_NAMP>4.715e-03</CURRNT_NAMP>
          <TIME>2021-09-29 08:44:24</TIME>
          <TEMP_DEGC>20.700</TEMP_DEGC>
          <AIR_TEMP_DEGC>20.700</AIR_TEMP_DEGC>
          <RH_PRCNT>28.900</RH_PRCNT>
        </DATA>
        <DATA>
          <VOLTS>-8.600</VOLTS>
          <CURRNT_NAMP>4.761e-03</CURRNT_NAMP>
          <TIME>2021-09-29 08:44:25</TIME>
          <TEMP_DEGC>20.700</TEMP_DEGC>
          <AIR_TEMP_DEGC>20.700</AIR_TEMP_DEGC>
          <RH_PRCNT>28.900</RH_PRCNT>
        </DATA>
        <DATA>
          <VOLTS>-8.500</VOLTS>
          <CURRNT_NAMP>4.821e-03</CURRNT_NAMP>
          <TIME>2021-09-29 08:44:27</TIME>
          <TEMP_DEGC>20.700</TEMP_DEGC>
          <AIR_TEMP_DEGC>20.700</AIR_TEMP_DEGC>
          <RH_PRCNT>28.900</RH_PRCNT>
        </DATA>
        <DATA>
          <VOLTS>-8.400</VOLTS>
          <CURRNT_NAMP>4.923e-03</CURRNT_NAMP>
          <TIME>2021-09-29 08:44:29</TIME>
          <TEMP_DEGC>20.700</TEMP_DEGC>
          <AIR_TEMP_DEGC>20.700</AIR_TEMP_DEGC>
          <RH_PRCNT>28.900</RH_PRCNT>
        </DATA>
        <DATA>
          <VOLTS>-8.300</VOLTS>
          <CURRNT_NAMP>5.032e-03</CURRNT_NAMP>
          <TIME>2021-09-29 08:44:30</TIME>
          <TEMP_DEGC>20.700</TEMP_DEGC>
          <AIR_TEMP_DEGC>20.700</AIR_TEMP_DEGC>
          <RH_PRCNT>28.900</RH_PRCNT>
        </DATA>
        <DATA>
          <VOLTS>-8.200</VOLTS>
          <CURRNT_NAMP>5.140e-03</CURRNT_NAMP>
          <TIME>2021-09-29 08:44:32</TIME>
          <TEMP_DEGC>20.700</TEMP_DEGC>
          <AIR_TEMP_DEGC>20.700</AIR_TEMP_DEGC>
          <RH_PRCNT>28.800</RH_PRCNT>
        </DATA>
        <DATA>
          <VOLTS>-8.100</VOLTS>
          <CURRNT_NAMP>5.279e-03</CURRNT_NAMP>
          <TIME>2021-09-29 08:44:34</TIME>
          <TEMP_DEGC>20.700</TEMP_DEGC>
          <AIR_TEMP_DEGC>20.700</AIR_TEMP_DEGC>
          <RH_PRCNT>28.800</RH_PRCNT>
        </DATA>
        <DATA>
          <VOLTS>-8.000</VOLTS>
          <CURRNT_NAMP>5.461e-03</CURRNT_NAMP>
          <TIME>2021-09-29 08:44:35</TIME>
          <TEMP_DEGC>20.700</TEMP_DEGC>
          <AIR_TEMP_DEGC>20.700</AIR_TEMP_DEGC>
          <RH_PRCNT>28.800</RH_PRCNT>
        </DATA>
        <DATA>
          <VOLTS>-7.900</VOLTS>
          <CURRNT_NAMP>5.726e-03</CURRNT_NAMP>
          <TIME>2021-09-29 08:44:37</TIME>
          <TEMP_DEGC>20.700</TEMP_DEGC>
          <AIR_TEMP_DEGC>20.700</AIR_TEMP_DEGC>
          <RH_PRCNT>28.800</RH_PRCNT>
        </DATA>
        <DATA>
          <VOLTS>-7.800</VOLTS>
          <CURRNT_NAMP>6.108e-03</CURRNT_NAMP>
          <TIME>2021-09-29 08:44:38</TIME>
          <TEMP_DEGC>20.700</TEMP_DEGC>
          <AIR_TEMP_DEGC>20.700</AIR_TEMP_DEGC>
          <RH_PRCNT>28.800</RH_PRCNT>
        </DATA>
        <DATA>
          <VOLTS>-7.700</VOLTS>
          <CURRNT_NAMP>6.735e-03</CURRNT_NAMP>
          <TIME>2021-09-29 08:44:40</TIME>
          <TEMP_DEGC>20.700</TEMP_DEGC>
          <AIR_TEMP_DEGC>20.700</AIR_TEMP_DEGC>
          <RH_PRCNT>28.800</RH_PRCNT>
        </DATA>
        <DATA>
          <VOLTS>-7.600</VOLTS>
          <CURRNT_NAMP>7.210e-03</CURRNT_NAMP>
          <TIME>2021-09-29 08:44:42</TIME>
          <TEMP_DEGC>20.700</TEMP_DEGC>
          <AIR_TEMP_DEGC>20.700</AIR_TEMP_DEGC>
          <RH_PRCNT>28.800</RH_PRCNT>
        </DATA>
        <DATA>
          <VOLTS>-7.500</VOLTS>
          <CURRNT_NAMP>7.422e-03</CURRNT_NAMP>
          <TIME>2021-09-29 08:44:43</TIME>
          <TEMP_DEGC>20.700</TEMP_DEGC>
          <AIR_TEMP_DEGC>20.700</AIR_TEMP_DEGC>
          <RH_PRCNT>28.800</RH_PRCNT>
        </DATA>
        <DATA>
          <VOLTS>-7.400</VOLTS>
          <CURRNT_NAMP>7.510e-03</CURRNT_NAMP>
          <TIME>2021-09-29 08:44:45</TIME>
          <TEMP_DEGC>20.700</TEMP_DEGC>
          <AIR_TEMP_DEGC>20.700</AIR_TEMP_DEGC>
          <RH_PRCNT>28.800</RH_PRCNT>
        </DATA>
        <DATA>
          <VOLTS>-7.300</VOLTS>
          <CURRNT_NAMP>7.576e-03</CURRNT_NAMP>
          <TIME>2021-09-29 08:44:47</TIME>
          <TEMP_DEGC>20.700</TEMP_DEGC>
          <AIR_TEMP_DEGC>20.700</AIR_TEMP_DEGC>
          <RH_PRCNT>28.800</RH_PRCNT>
        </DATA>
        <DATA>
          <VOLTS>-7.200</VOLTS>
          <CURRNT_NAMP>7.696e-03</CURRNT_NAMP>
          <TIME>2021-09-29 08:44:48</TIME>
          <TEMP_DEGC>20.700</TEMP_DEGC>
          <AIR_TEMP_DEGC>20.700</AIR_TEMP_DEGC>
          <RH_PRCNT>28.800</RH_PRCNT>
        </DATA>
        <DATA>
          <VOLTS>-7.100</VOLTS>
          <CURRNT_NAMP>7.849e-03</CURRNT_NAMP>
          <TIME>2021-09-29 08:44:50</TIME>
          <TEMP_DEGC>20.700</TEMP_DEGC>
          <AIR_TEMP_DEGC>20.700</AIR_TEMP_DEGC>
          <RH_PRCNT>28.800</RH_PRCNT>
        </DATA>
        <DATA>
          <VOLTS>-7.000</VOLTS>
          <CURRNT_NAMP>7.939e-03</CURRNT_NAMP>
          <TIME>2021-09-29 08:44:52</TIME>
          <TEMP_DEGC>20.700</TEMP_DEGC>
          <AIR_TEMP_DEGC>20.700</AIR_TEMP_DEGC>
          <RH_PRCNT>28.800</RH_PRCNT>
        </DATA>
        <DATA>
          <VOLTS>-6.900</VOLTS>
          <CURRNT_NAMP>7.974e-03</CURRNT_NAMP>
          <TIME>2021-09-29 08:44:53</TIME>
          <TEMP_DEGC>20.700</TEMP_DEGC>
          <AIR_TEMP_DEGC>20.700</AIR_TEMP_DEGC>
          <RH_PRCNT>28.800</RH_PRCNT>
        </DATA>
        <DATA>
          <VOLTS>-6.800</VOLTS>
          <CURRNT_NAMP>7.967e-03</CURRNT_NAMP>
          <TIME>2021-09-29 08:44:55</TIME>
          <TEMP_DEGC>20.700</TEMP_DEGC>
          <AIR_TEMP_DEGC>20.700</AIR_TEMP_DEGC>
          <RH_PRCNT>28.800</RH_PRCNT>
        </DATA>
        <DATA>
          <VOLTS>-6.700</VOLTS>
          <CURRNT_NAMP>7.957e-03</CURRNT_NAMP>
          <TIME>2021-09-29 08:44:57</TIME>
          <TEMP_DEGC>20.700</TEMP_DEGC>
          <AIR_TEMP_DEGC>20.700</AIR_TEMP_DEGC>
          <RH_PRCNT>28.700</RH_PRCNT>
        </DATA>
        <DATA>
          <VOLTS>-6.600</VOLTS>
          <CURRNT_NAMP>7.966e-03</CURRNT_NAMP>
          <TIME>2021-09-29 08:44:58</TIME>
          <TEMP_DEGC>20.700</TEMP_DEGC>
          <AIR_TEMP_DEGC>20.700</AIR_TEMP_DEGC>
          <RH_PRCNT>28.700</RH_PRCNT>
        </DATA>
        <DATA>
          <VOLTS>-6.500</VOLTS>
          <CURRNT_NAMP>7.962e-03</CURRNT_NAMP>
          <TIME>2021-09-29 08:45:00</TIME>
          <TEMP_DEGC>20.700</TEMP_DEGC>
          <AIR_TEMP_DEGC>20.700</AIR_TEMP_DEGC>
          <RH_PRCNT>28.700</RH_PRCNT>
        </DATA>
        <DATA>
          <VOLTS>-6.400</VOLTS>
          <CURRNT_NAMP>7.960e-03</CURRNT_NAMP>
          <TIME>2021-09-29 08:45:01</TIME>
          <TEMP_DEGC>20.700</TEMP_DEGC>
          <AIR_TEMP_DEGC>20.700</AIR_TEMP_DEGC>
          <RH_PRCNT>28.700</RH_PRCNT>
        </DATA>
        <DATA>
          <VOLTS>-6.300</VOLTS>
          <CURRNT_NAMP>7.956e-03</CURRNT_NAMP>
          <TIME>2021-09-29 08:45:03</TIME>
          <TEMP_DEGC>20.700</TEMP_DEGC>
          <AIR_TEMP_DEGC>20.700</AIR_TEMP_DEGC>
          <RH_PRCNT>28.700</RH_PRCNT>
        </DATA>
        <DATA>
          <VOLTS>-6.200</VOLTS>
          <CURRNT_NAMP>7.944e-03</CURRNT_NAMP>
          <TIME>2021-09-29 08:45:05</TIME>
          <TEMP_DEGC>20.700</TEMP_DEGC>
          <AIR_TEMP_DEGC>20.700</AIR_TEMP_DEGC>
          <RH_PRCNT>28.700</RH_PRCNT>
        </DATA>
        <DATA>
          <VOLTS>-6.100</VOLTS>
          <CURRNT_NAMP>7.948e-03</CURRNT_NAMP>
          <TIME>2021-09-29 08:45:06</TIME>
          <TEMP_DEGC>20.700</TEMP_DEGC>
          <AIR_TEMP_DEGC>20.700</AIR_TEMP_DEGC>
          <RH_PRCNT>28.700</RH_PRCNT>
        </DATA>
        <DATA>
          <VOLTS>-6.000</VOLTS>
          <CURRNT_NAMP>7.941e-03</CURRNT_NAMP>
          <TIME>2021-09-29 08:45:08</TIME>
          <TEMP_DEGC>20.700</TEMP_DEGC>
          <AIR_TEMP_DEGC>20.700</AIR_TEMP_DEGC>
          <RH_PRCNT>28.700</RH_PRCNT>
        </DATA>
        <DATA>
          <VOLTS>-5.900</VOLTS>
          <CURRNT_NAMP>7.973e-03</CURRNT_NAMP>
          <TIME>2021-09-29 08:45:10</TIME>
          <TEMP_DEGC>20.700</TEMP_DEGC>
          <AIR_TEMP_DEGC>20.700</AIR_TEMP_DEGC>
          <RH_PRCNT>28.700</RH_PRCNT>
        </DATA>
        <DATA>
          <VOLTS>-5.800</VOLTS>
          <CURRNT_NAMP>7.953e-03</CURRNT_NAMP>
          <TIME>2021-09-29 08:45:11</TIME>
          <TEMP_DEGC>20.700</TEMP_DEGC>
          <AIR_TEMP_DEGC>20.700</AIR_TEMP_DEGC>
          <RH_PRCNT>28.700</RH_PRCNT>
        </DATA>
        <DATA>
          <VOLTS>-5.700</VOLTS>
          <CURRNT_NAMP>7.944e-03</CURRNT_NAMP>
          <TIME>2021-09-29 08:45:13</TIME>
          <TEMP_DEGC>20.700</TEMP_DEGC>
          <AIR_TEMP_DEGC>20.700</AIR_TEMP_DEGC>
          <RH_PRCNT>28.700</RH_PRCNT>
        </DATA>
        <DATA>
          <VOLTS>-5.600</VOLTS>
          <CURRNT_NAMP>7.946e-03</CURRNT_NAMP>
          <TIME>2021-09-29 08:45:15</TIME>
          <TEMP_DEGC>20.700</TEMP_DEGC>
          <AIR_TEMP_DEGC>20.700</AIR_TEMP_DEGC>
          <RH_PRCNT>28.700</RH_PRCNT>
        </DATA>
        <DATA>
          <VOLTS>-5.500</VOLTS>
          <CURRNT_NAMP>7.934e-03</CURRNT_NAMP>
          <TIME>2021-09-29 08:45:16</TIME>
          <TEMP_DEGC>20.700</TEMP_DEGC>
          <AIR_TEMP_DEGC>20.700</AIR_TEMP_DEGC>
          <RH_PRCNT>28.700</RH_PRCNT>
        </DATA>
        <DATA>
          <VOLTS>-5.400</VOLTS>
          <CURRNT_NAMP>7.935e-03</CURRNT_NAMP>
          <TIME>2021-09-29 08:45:18</TIME>
          <TEMP_DEGC>20.700</TEMP_DEGC>
          <AIR_TEMP_DEGC>20.700</AIR_TEMP_DEGC>
          <RH_PRCNT>28.700</RH_PRCNT>
        </DATA>
        <DATA>
          <VOLTS>-5.300</VOLTS>
          <CURRNT_NAMP>7.950e-03</CURRNT_NAMP>
          <TIME>2021-09-29 08:45:20</TIME>
          <TEMP_DEGC>20.700</TEMP_DEGC>
          <AIR_TEMP_DEGC>20.700</AIR_TEMP_DEGC>
          <RH_PRCNT>28.700</RH_PRCNT>
        </DATA>
        <DATA>
          <VOLTS>-5.200</VOLTS>
          <CURRNT_NAMP>7.932e-03</CURRNT_NAMP>
          <TIME>2021-09-29 08:45:21</TIME>
          <TEMP_DEGC>20.700</TEMP_DEGC>
          <AIR_TEMP_DEGC>20.700</AIR_TEMP_DEGC>
          <RH_PRCNT>28.700</RH_PRCNT>
        </DATA>
        <DATA>
          <VOLTS>-5.100</VOLTS>
          <CURRNT_NAMP>7.921e-03</CURRNT_NAMP>
          <TIME>2021-09-29 08:45:23</TIME>
          <TEMP_DEGC>20.700</TEMP_DEGC>
          <AIR_TEMP_DEGC>20.700</AIR_TEMP_DEGC>
          <RH_PRCNT>28.700</RH_PRCNT>
        </DATA>
        <DATA>
          <VOLTS>-5.000</VOLTS>
          <CURRNT_NAMP>7.915e-03</CURRNT_NAMP>
          <TIME>2021-09-29 08:45:25</TIME>
          <TEMP_DEGC>20.700</TEMP_DEGC>
          <AIR_TEMP_DEGC>20.700</AIR_TEMP_DEGC>
          <RH_PRCNT>28.700</RH_PRCNT>
        </DATA>
        <DATA>
          <VOLTS>-4.900</VOLTS>
          <CURRNT_NAMP>7.910e-03</CURRNT_NAMP>
          <TIME>2021-09-29 08:45:26</TIME>
          <TEMP_DEGC>20.700</TEMP_DEGC>
          <AIR_TEMP_DEGC>20.700</AIR_TEMP_DEGC>
          <RH_PRCNT>28.600</RH_PRCNT>
        </DATA>
        <DATA>
          <VOLTS>-4.800</VOLTS>
          <CURRNT_NAMP>7.911e-03</CURRNT_NAMP>
          <TIME>2021-09-29 08:45:28</TIME>
          <TEMP_DEGC>20.700</TEMP_DEGC>
          <AIR_TEMP_DEGC>20.700</AIR_TEMP_DEGC>
          <RH_PRCNT>28.700</RH_PRCNT>
        </DATA>
        <DATA>
          <VOLTS>-4.700</VOLTS>
          <CURRNT_NAMP>7.888e-03</CURRNT_NAMP>
          <TIME>2021-09-29 08:45:29</TIME>
          <TEMP_DEGC>20.700</TEMP_DEGC>
          <AIR_TEMP_DEGC>20.700</AIR_TEMP_DEGC>
          <RH_PRCNT>28.600</RH_PRCNT>
        </DATA>
        <DATA>
          <VOLTS>-4.600</VOLTS>
          <CURRNT_NAMP>7.852e-03</CURRNT_NAMP>
          <TIME>2021-09-29 08:45:31</TIME>
          <TEMP_DEGC>20.700</TEMP_DEGC>
          <AIR_TEMP_DEGC>20.700</AIR_TEMP_DEGC>
          <RH_PRCNT>28.600</RH_PRCNT>
        </DATA>
        <DATA>
          <VOLTS>-4.500</VOLTS>
          <CURRNT_NAMP>7.830e-03</CURRNT_NAMP>
          <TIME>2021-09-29 08:45:33</TIME>
          <TEMP_DEGC>20.700</TEMP_DEGC>
          <AIR_TEMP_DEGC>20.700</AIR_TEMP_DEGC>
          <RH_PRCNT>28.600</RH_PRCNT>
        </DATA>
        <DATA>
          <VOLTS>-4.400</VOLTS>
          <CURRNT_NAMP>7.863e-03</CURRNT_NAMP>
          <TIME>2021-09-29 08:45:34</TIME>
          <TEMP_DEGC>20.700</TEMP_DEGC>
          <AIR_TEMP_DEGC>20.700</AIR_TEMP_DEGC>
          <RH_PRCNT>28.600</RH_PRCNT>
        </DATA>
        <DATA>
          <VOLTS>-4.300</VOLTS>
          <CURRNT_NAMP>7.855e-03</CURRNT_NAMP>
          <TIME>2021-09-29 08:45:36</TIME>
          <TEMP_DEGC>20.700</TEMP_DEGC>
          <AIR_TEMP_DEGC>20.700</AIR_TEMP_DEGC>
          <RH_PRCNT>28.600</RH_PRCNT>
        </DATA>
        <DATA>
          <VOLTS>-4.200</VOLTS>
          <CURRNT_NAMP>7.869e-03</CURRNT_NAMP>
          <TIME>2021-09-29 08:45:38</TIME>
          <TEMP_DEGC>20.700</TEMP_DEGC>
          <AIR_TEMP_DEGC>20.700</AIR_TEMP_DEGC>
          <RH_PRCNT>28.600</RH_PRCNT>
        </DATA>
        <DATA>
          <VOLTS>-4.100</VOLTS>
          <CURRNT_NAMP>7.883e-03</CURRNT_NAMP>
          <TIME>2021-09-29 08:45:39</TIME>
          <TEMP_DEGC>20.700</TEMP_DEGC>
          <AIR_TEMP_DEGC>20.700</AIR_TEMP_DEGC>
          <RH_PRCNT>28.600</RH_PRCNT>
        </DATA>
        <DATA>
          <VOLTS>-4.000</VOLTS>
          <CURRNT_NAMP>7.870e-03</CURRNT_NAMP>
          <TIME>2021-09-29 08:45:41</TIME>
          <TEMP_DEGC>20.700</TEMP_DEGC>
          <AIR_TEMP_DEGC>20.700</AIR_TEMP_DEGC>
          <RH_PRCNT>28.700</RH_PRCNT>
        </DATA>
        <DATA>
          <VOLTS>-3.900</VOLTS>
          <CURRNT_NAMP>7.822e-03</CURRNT_NAMP>
          <TIME>2021-09-29 08:45:43</TIME>
          <TEMP_DEGC>20.700</TEMP_DEGC>
          <AIR_TEMP_DEGC>20.700</AIR_TEMP_DEGC>
          <RH_PRCNT>28.700</RH_PRCNT>
        </DATA>
        <DATA>
          <VOLTS>-3.800</VOLTS>
          <CURRNT_NAMP>7.819e-03</CURRNT_NAMP>
          <TIME>2021-09-29 08:45:44</TIME>
          <TEMP_DEGC>20.700</TEMP_DEGC>
          <AIR_TEMP_DEGC>20.700</AIR_TEMP_DEGC>
          <RH_PRCNT>28.800</RH_PRCNT>
        </DATA>
        <DATA>
          <VOLTS>-3.700</VOLTS>
          <CURRNT_NAMP>7.812e-03</CURRNT_NAMP>
          <TIME>2021-09-29 08:45:46</TIME>
          <TEMP_DEGC>20.700</TEMP_DEGC>
          <AIR_TEMP_DEGC>20.700</AIR_TEMP_DEGC>
          <RH_PRCNT>28.800</RH_PRCNT>
        </DATA>
        <DATA>
          <VOLTS>-3.600</VOLTS>
          <CURRNT_NAMP>7.813e-03</CURRNT_NAMP>
          <TIME>2021-09-29 08:45:48</TIME>
          <TEMP_DEGC>20.700</TEMP_DEGC>
          <AIR_TEMP_DEGC>20.700</AIR_TEMP_DEGC>
          <RH_PRCNT>28.800</RH_PRCNT>
        </DATA>
        <DATA>
          <VOLTS>-3.500</VOLTS>
          <CURRNT_NAMP>7.796e-03</CURRNT_NAMP>
          <TIME>2021-09-29 08:45:49</TIME>
          <TEMP_DEGC>20.700</TEMP_DEGC>
          <AIR_TEMP_DEGC>20.700</AIR_TEMP_DEGC>
          <RH_PRCNT>28.900</RH_PRCNT>
        </DATA>
        <DATA>
          <VOLTS>-3.400</VOLTS>
          <CURRNT_NAMP>7.774e-03</CURRNT_NAMP>
          <TIME>2021-09-29 08:45:51</TIME>
          <TEMP_DEGC>20.700</TEMP_DEGC>
          <AIR_TEMP_DEGC>20.700</AIR_TEMP_DEGC>
          <RH_PRCNT>28.900</RH_PRCNT>
        </DATA>
        <DATA>
          <VOLTS>-3.300</VOLTS>
          <CURRNT_NAMP>7.745e-03</CURRNT_NAMP>
          <TIME>2021-09-29 08:45:52</TIME>
          <TEMP_DEGC>20.700</TEMP_DEGC>
          <AIR_TEMP_DEGC>20.700</AIR_TEMP_DEGC>
          <RH_PRCNT>29.000</RH_PRCNT>
        </DATA>
        <DATA>
          <VOLTS>-3.200</VOLTS>
          <CURRNT_NAMP>7.736e-03</CURRNT_NAMP>
          <TIME>2021-09-29 08:45:54</TIME>
          <TEMP_DEGC>20.700</TEMP_DEGC>
          <AIR_TEMP_DEGC>20.700</AIR_TEMP_DEGC>
          <RH_PRCNT>29.000</RH_PRCNT>
        </DATA>
        <DATA>
          <VOLTS>-3.100</VOLTS>
          <CURRNT_NAMP>7.702e-03</CURRNT_NAMP>
          <TIME>2021-09-29 08:45:56</TIME>
          <TEMP_DEGC>20.700</TEMP_DEGC>
          <AIR_TEMP_DEGC>20.700</AIR_TEMP_DEGC>
          <RH_PRCNT>29.100</RH_PRCNT>
        </DATA>
        <DATA>
          <VOLTS>-3.000</VOLTS>
          <CURRNT_NAMP>7.688e-03</CURRNT_NAMP>
          <TIME>2021-09-29 08:45:57</TIME>
          <TEMP_DEGC>20.700</TEMP_DEGC>
          <AIR_TEMP_DEGC>20.700</AIR_TEMP_DEGC>
          <RH_PRCNT>29.100</RH_PRCNT>
        </DATA>
        <DATA>
          <VOLTS>-2.900</VOLTS>
          <CURRNT_NAMP>7.645e-03</CURRNT_NAMP>
          <TIME>2021-09-29 08:45:59</TIME>
          <TEMP_DEGC>20.700</TEMP_DEGC>
          <AIR_TEMP_DEGC>20.700</AIR_TEMP_DEGC>
          <RH_PRCNT>29.100</RH_PRCNT>
        </DATA>
        <DATA>
          <VOLTS>-2.800</VOLTS>
          <CURRNT_NAMP>7.620e-03</CURRNT_NAMP>
          <TIME>2021-09-29 08:46:01</TIME>
          <TEMP_DEGC>20.700</TEMP_DEGC>
          <AIR_TEMP_DEGC>20.700</AIR_TEMP_DEGC>
          <RH_PRCNT>29.100</RH_PRCNT>
        </DATA>
        <DATA>
          <VOLTS>-2.700</VOLTS>
          <CURRNT_NAMP>7.588e-03</CURRNT_NAMP>
          <TIME>2021-09-29 08:46:02</TIME>
          <TEMP_DEGC>20.700</TEMP_DEGC>
          <AIR_TEMP_DEGC>20.700</AIR_TEMP_DEGC>
          <RH_PRCNT>29.100</RH_PRCNT>
        </DATA>
        <DATA>
          <VOLTS>-2.600</VOLTS>
          <CURRNT_NAMP>7.520e-03</CURRNT_NAMP>
          <TIME>2021-09-29 08:46:04</TIME>
          <TEMP_DEGC>20.700</TEMP_DEGC>
          <AIR_TEMP_DEGC>20.700</AIR_TEMP_DEGC>
          <RH_PRCNT>29.200</RH_PRCNT>
        </DATA>
        <DATA>
          <VOLTS>-2.500</VOLTS>
          <CURRNT_NAMP>7.447e-03</CURRNT_NAMP>
          <TIME>2021-09-29 08:46:06</TIME>
          <TEMP_DEGC>20.700</TEMP_DEGC>
          <AIR_TEMP_DEGC>20.700</AIR_TEMP_DEGC>
          <RH_PRCNT>29.200</RH_PRCNT>
        </DATA>
        <DATA>
          <VOLTS>-2.400</VOLTS>
          <CURRNT_NAMP>7.336e-03</CURRNT_NAMP>
          <TIME>2021-09-29 08:46:07</TIME>
          <TEMP_DEGC>20.700</TEMP_DEGC>
          <AIR_TEMP_DEGC>20.700</AIR_TEMP_DEGC>
          <RH_PRCNT>29.300</RH_PRCNT>
        </DATA>
        <DATA>
          <VOLTS>-2.300</VOLTS>
          <CURRNT_NAMP>7.155e-03</CURRNT_NAMP>
          <TIME>2021-09-29 08:46:09</TIME>
          <TEMP_DEGC>20.700</TEMP_DEGC>
          <AIR_TEMP_DEGC>20.700</AIR_TEMP_DEGC>
          <RH_PRCNT>29.300</RH_PRCNT>
        </DATA>
        <DATA>
          <VOLTS>-2.200</VOLTS>
          <CURRNT_NAMP>6.821e-03</CURRNT_NAMP>
          <TIME>2021-09-29 08:46:11</TIME>
          <TEMP_DEGC>20.700</TEMP_DEGC>
          <AIR_TEMP_DEGC>20.700</AIR_TEMP_DEGC>
          <RH_PRCNT>29.300</RH_PRCNT>
        </DATA>
        <DATA>
          <VOLTS>-2.100</VOLTS>
          <CURRNT_NAMP>5.839e-03</CURRNT_NAMP>
          <TIME>2021-09-29 08:46:12</TIME>
          <TEMP_DEGC>20.700</TEMP_DEGC>
          <AIR_TEMP_DEGC>20.700</AIR_TEMP_DEGC>
          <RH_PRCNT>29.400</RH_PRCNT>
        </DATA>
        <DATA>
          <VOLTS>-2.000</VOLTS>
          <CURRNT_NAMP>4.710e-03</CURRNT_NAMP>
          <TIME>2021-09-29 08:46:14</TIME>
          <TEMP_DEGC>20.700</TEMP_DEGC>
          <AIR_TEMP_DEGC>20.700</AIR_TEMP_DEGC>
          <RH_PRCNT>29.400</RH_PRCNT>
        </DATA>
        <DATA>
          <VOLTS>-1.900</VOLTS>
          <CURRNT_NAMP>4.155e-03</CURRNT_NAMP>
          <TIME>2021-09-29 08:46:16</TIME>
          <TEMP_DEGC>20.700</TEMP_DEGC>
          <AIR_TEMP_DEGC>20.700</AIR_TEMP_DEGC>
          <RH_PRCNT>29.400</RH_PRCNT>
        </DATA>
        <DATA>
          <VOLTS>-1.800</VOLTS>
          <CURRNT_NAMP>3.946e-03</CURRNT_NAMP>
          <TIME>2021-09-29 08:46:17</TIME>
          <TEMP_DEGC>20.700</TEMP_DEGC>
          <AIR_TEMP_DEGC>20.700</AIR_TEMP_DEGC>
          <RH_PRCNT>29.500</RH_PRCNT>
        </DATA>
        <DATA>
          <VOLTS>-1.700</VOLTS>
          <CURRNT_NAMP>3.657e-03</CURRNT_NAMP>
          <TIME>2021-09-29 08:46:19</TIME>
          <TEMP_DEGC>20.700</TEMP_DEGC>
          <AIR_TEMP_DEGC>20.700</AIR_TEMP_DEGC>
          <RH_PRCNT>29.500</RH_PRCNT>
        </DATA>
        <DATA>
          <VOLTS>-1.600</VOLTS>
          <CURRNT_NAMP>3.281e-03</CURRNT_NAMP>
          <TIME>2021-09-29 08:46:20</TIME>
          <TEMP_DEGC>20.700</TEMP_DEGC>
          <AIR_TEMP_DEGC>20.700</AIR_TEMP_DEGC>
          <RH_PRCNT>29.500</RH_PRCNT>
        </DATA>
        <DATA>
          <VOLTS>-1.500</VOLTS>
          <CURRNT_NAMP>3.099e-03</CURRNT_NAMP>
          <TIME>2021-09-29 08:46:22</TIME>
          <TEMP_DEGC>20.700</TEMP_DEGC>
          <AIR_TEMP_DEGC>20.700</AIR_TEMP_DEGC>
          <RH_PRCNT>29.500</RH_PRCNT>
        </DATA>
        <DATA>
          <VOLTS>-1.400</VOLTS>
          <CURRNT_NAMP>2.972e-03</CURRNT_NAMP>
          <TIME>2021-09-29 08:46:24</TIME>
          <TEMP_DEGC>20.700</TEMP_DEGC>
          <AIR_TEMP_DEGC>20.700</AIR_TEMP_DEGC>
          <RH_PRCNT>29.500</RH_PRCNT>
        </DATA>
        <DATA>
          <VOLTS>-1.300</VOLTS>
          <CURRNT_NAMP>2.905e-03</CURRNT_NAMP>
          <TIME>2021-09-29 08:46:25</TIME>
          <TEMP_DEGC>20.700</TEMP_DEGC>
          <AIR_TEMP_DEGC>20.700</AIR_TEMP_DEGC>
          <RH_PRCNT>29.500</RH_PRCNT>
        </DATA>
        <DATA>
          <VOLTS>-1.200</VOLTS>
          <CURRNT_NAMP>2.865e-03</CURRNT_NAMP>
          <TIME>2021-09-29 08:46:27</TIME>
          <TEMP_DEGC>20.700</TEMP_DEGC>
          <AIR_TEMP_DEGC>20.700</AIR_TEMP_DEGC>
          <RH_PRCNT>29.500</RH_PRCNT>
        </DATA>
        <DATA>
          <VOLTS>-1.100</VOLTS>
          <CURRNT_NAMP>2.854e-03</CURRNT_NAMP>
          <TIME>2021-09-29 08:46:29</TIME>
          <TEMP_DEGC>20.700</TEMP_DEGC>
          <AIR_TEMP_DEGC>20.700</AIR_TEMP_DEGC>
          <RH_PRCNT>29.500</RH_PRCNT>
        </DATA>
        <DATA>
          <VOLTS>-1.000</VOLTS>
          <CURRNT_NAMP>2.820e-03</CURRNT_NAMP>
          <TIME>2021-09-29 08:46:30</TIME>
          <TEMP_DEGC>20.700</TEMP_DEGC>
          <AIR_TEMP_DEGC>20.700</AIR_TEMP_DEGC>
          <RH_PRCNT>29.500</RH_PRCNT>
        </DATA>
        <DATA>
          <VOLTS>-0.900</VOLTS>
          <CURRNT_NAMP>2.836e-03</CURRNT_NAMP>
          <TIME>2021-09-29 08:46:32</TIME>
          <TEMP_DEGC>20.700</TEMP_DEGC>
          <AIR_TEMP_DEGC>20.700</AIR_TEMP_DEGC>
          <RH_PRCNT>29.500</RH_PRCNT>
        </DATA>
        <DATA>
          <VOLTS>-0.800</VOLTS>
          <CURRNT_NAMP>2.815e-03</CURRNT_NAMP>
          <TIME>2021-09-29 08:46:34</TIME>
          <TEMP_DEGC>20.700</TEMP_DEGC>
          <AIR_TEMP_DEGC>20.700</AIR_TEMP_DEGC>
          <RH_PRCNT>29.600</RH_PRCNT>
        </DATA>
        <DATA>
          <VOLTS>-0.700</VOLTS>
          <CURRNT_NAMP>2.818e-03</CURRNT_NAMP>
          <TIME>2021-09-29 08:46:35</TIME>
          <TEMP_DEGC>20.700</TEMP_DEGC>
          <AIR_TEMP_DEGC>20.700</AIR_TEMP_DEGC>
          <RH_PRCNT>29.600</RH_PRCNT>
        </DATA>
        <DATA>
          <VOLTS>-0.600</VOLTS>
          <CURRNT_NAMP>2.815e-03</CURRNT_NAMP>
          <TIME>2021-09-29 08:46:37</TIME>
          <TEMP_DEGC>20.700</TEMP_DEGC>
          <AIR_TEMP_DEGC>20.700</AIR_TEMP_DEGC>
          <RH_PRCNT>29.600</RH_PRCNT>
        </DATA>
        <DATA>
          <VOLTS>-0.500</VOLTS>
          <CURRNT_NAMP>2.830e-03</CURRNT_NAMP>
          <TIME>2021-09-29 08:46:39</TIME>
          <TEMP_DEGC>20.700</TEMP_DEGC>
          <AIR_TEMP_DEGC>20.700</AIR_TEMP_DEGC>
          <RH_PRCNT>29.700</RH_PRCNT>
        </DATA>
        <DATA>
          <VOLTS>-0.400</VOLTS>
          <CURRNT_NAMP>2.848e-03</CURRNT_NAMP>
          <TIME>2021-09-29 08:46:40</TIME>
          <TEMP_DEGC>20.700</TEMP_DEGC>
          <AIR_TEMP_DEGC>20.700</AIR_TEMP_DEGC>
          <RH_PRCNT>29.700</RH_PRCNT>
        </DATA>
        <DATA>
          <VOLTS>-0.300</VOLTS>
          <CURRNT_NAMP>2.822e-03</CURRNT_NAMP>
          <TIME>2021-09-29 08:46:42</TIME>
          <TEMP_DEGC>20.700</TEMP_DEGC>
          <AIR_TEMP_DEGC>20.700</AIR_TEMP_DEGC>
          <RH_PRCNT>29.800</RH_PRCNT>
        </DATA>
        <DATA>
          <VOLTS>-0.200</VOLTS>
          <CURRNT_NAMP>2.809e-03</CURRNT_NAMP>
          <TIME>2021-09-29 08:46:44</TIME>
          <TEMP_DEGC>20.700</TEMP_DEGC>
          <AIR_TEMP_DEGC>20.700</AIR_TEMP_DEGC>
          <RH_PRCNT>29.800</RH_PRCNT>
        </DATA>
        <DATA>
          <VOLTS>-0.100</VOLTS>
          <CURRNT_NAMP>2.804e-03</CURRNT_NAMP>
          <TIME>2021-09-29 08:46:45</TIME>
          <TEMP_DEGC>20.700</TEMP_DEGC>
          <AIR_TEMP_DEGC>20.700</AIR_TEMP_DEGC>
          <RH_PRCNT>29.900</RH_PRCNT>
        </DATA>
        <DATA>
          <VOLTS>0.000</VOLTS>
          <CURRNT_NAMP>2.813e-03</CURRNT_NAMP>
          <TIME>2021-09-29 08:46:47</TIME>
          <TEMP_DEGC>20.700</TEMP_DEGC>
          <AIR_TEMP_DEGC>20.700</AIR_TEMP_DEGC>
          <RH_PRCNT>29.900</RH_PRCNT>
        </DATA>
        <DATA>
          <VOLTS>0.100</VOLTS>
          <CURRNT_NAMP>2.790e-03</CURRNT_NAMP>
          <TIME>2021-09-29 08:46:48</TIME>
          <TEMP_DEGC>20.700</TEMP_DEGC>
          <AIR_TEMP_DEGC>20.700</AIR_TEMP_DEGC>
          <RH_PRCNT>29.900</RH_PRCNT>
        </DATA>
        <DATA>
          <VOLTS>0.200</VOLTS>
          <CURRNT_NAMP>2.794e-03</CURRNT_NAMP>
          <TIME>2021-09-29 08:46:50</TIME>
          <TEMP_DEGC>20.700</TEMP_DEGC>
          <AIR_TEMP_DEGC>20.700</AIR_TEMP_DEGC>
          <RH_PRCNT>30.000</RH_PRCNT>
        </DATA>
        <DATA>
          <VOLTS>0.300</VOLTS>
          <CURRNT_NAMP>2.799e-03</CURRNT_NAMP>
          <TIME>2021-09-29 08:46:52</TIME>
          <TEMP_DEGC>20.700</TEMP_DEGC>
          <AIR_TEMP_DEGC>20.700</AIR_TEMP_DEGC>
          <RH_PRCNT>30.000</RH_PRCNT>
        </DATA>
        <DATA>
          <VOLTS>0.400</VOLTS>
          <CURRNT_NAMP>2.800e-03</CURRNT_NAMP>
          <TIME>2021-09-29 08:46:53</TIME>
          <TEMP_DEGC>20.700</TEMP_DEGC>
          <AIR_TEMP_DEGC>20.700</AIR_TEMP_DEGC>
          <RH_PRCNT>30.000</RH_PRCNT>
        </DATA>
        <DATA>
          <VOLTS>0.500</VOLTS>
          <CURRNT_NAMP>2.796e-03</CURRNT_NAMP>
          <TIME>2021-09-29 08:46:55</TIME>
          <TEMP_DEGC>20.700</TEMP_DEGC>
          <AIR_TEMP_DEGC>20.700</AIR_TEMP_DEGC>
          <RH_PRCNT>30.000</RH_PRCNT>
        </DATA>
        <DATA>
          <VOLTS>0.600</VOLTS>
          <CURRNT_NAMP>2.807e-03</CURRNT_NAMP>
          <TIME>2021-09-29 08:46:57</TIME>
          <TEMP_DEGC>20.700</TEMP_DEGC>
          <AIR_TEMP_DEGC>20.700</AIR_TEMP_DEGC>
          <RH_PRCNT>30.000</RH_PRCNT>
        </DATA>
        <DATA>
          <VOLTS>0.700</VOLTS>
          <CURRNT_NAMP>2.807e-03</CURRNT_NAMP>
          <TIME>2021-09-29 08:46:58</TIME>
          <TEMP_DEGC>20.700</TEMP_DEGC>
          <AIR_TEMP_DEGC>20.700</AIR_TEMP_DEGC>
          <RH_PRCNT>30.000</RH_PRCNT>
        </DATA>
        <DATA>
          <VOLTS>0.800</VOLTS>
          <CURRNT_NAMP>2.804e-03</CURRNT_NAMP>
          <TIME>2021-09-29 08:47:00</TIME>
          <TEMP_DEGC>20.700</TEMP_DEGC>
          <AIR_TEMP_DEGC>20.700</AIR_TEMP_DEGC>
          <RH_PRCNT>30.100</RH_PRCNT>
        </DATA>
        <DATA>
          <VOLTS>0.900</VOLTS>
          <CURRNT_NAMP>2.788e-03</CURRNT_NAMP>
          <TIME>2021-09-29 08:47:02</TIME>
          <TEMP_DEGC>20.700</TEMP_DEGC>
          <AIR_TEMP_DEGC>20.700</AIR_TEMP_DEGC>
          <RH_PRCNT>30.000</RH_PRCNT>
        </DATA>
        <DATA>
          <VOLTS>1.000</VOLTS>
          <CURRNT_NAMP>2.785e-03</CURRNT_NAMP>
          <TIME>2021-09-29 08:47:03</TIME>
          <TEMP_DEGC>20.700</TEMP_DEGC>
          <AIR_TEMP_DEGC>20.700</AIR_TEMP_DEGC>
          <RH_PRCNT>30.100</RH_PRCNT>
        </DATA>
        <DATA>
          <VOLTS>1.100</VOLTS>
          <CURRNT_NAMP>2.792e-03</CURRNT_NAMP>
          <TIME>2021-09-29 08:47:05</TIME>
          <TEMP_DEGC>20.700</TEMP_DEGC>
          <AIR_TEMP_DEGC>20.700</AIR_TEMP_DEGC>
          <RH_PRCNT>30.100</RH_PRCNT>
        </DATA>
        <DATA>
          <VOLTS>1.200</VOLTS>
          <CURRNT_NAMP>2.797e-03</CURRNT_NAMP>
          <TIME>2021-09-29 08:47:07</TIME>
          <TEMP_DEGC>20.700</TEMP_DEGC>
          <AIR_TEMP_DEGC>20.700</AIR_TEMP_DEGC>
          <RH_PRCNT>30.100</RH_PRCNT>
        </DATA>
        <DATA>
          <VOLTS>1.300</VOLTS>
          <CURRNT_NAMP>2.799e-03</CURRNT_NAMP>
          <TIME>2021-09-29 08:47:08</TIME>
          <TEMP_DEGC>20.700</TEMP_DEGC>
          <AIR_TEMP_DEGC>20.700</AIR_TEMP_DEGC>
          <RH_PRCNT>30.100</RH_PRCNT>
        </DATA>
        <DATA>
          <VOLTS>1.400</VOLTS>
          <CURRNT_NAMP>2.814e-03</CURRNT_NAMP>
          <TIME>2021-09-29 08:47:10</TIME>
          <TEMP_DEGC>20.700</TEMP_DEGC>
          <AIR_TEMP_DEGC>20.700</AIR_TEMP_DEGC>
          <RH_PRCNT>30.100</RH_PRCNT>
        </DATA>
        <DATA>
          <VOLTS>1.500</VOLTS>
          <CURRNT_NAMP>2.792e-03</CURRNT_NAMP>
          <TIME>2021-09-29 08:47:11</TIME>
          <TEMP_DEGC>20.700</TEMP_DEGC>
          <AIR_TEMP_DEGC>20.700</AIR_TEMP_DEGC>
          <RH_PRCNT>30.100</RH_PRCNT>
        </DATA>
        <DATA>
          <VOLTS>1.600</VOLTS>
          <CURRNT_NAMP>2.788e-03</CURRNT_NAMP>
          <TIME>2021-09-29 08:47:13</TIME>
          <TEMP_DEGC>20.700</TEMP_DEGC>
          <AIR_TEMP_DEGC>20.700</AIR_TEMP_DEGC>
          <RH_PRCNT>30.100</RH_PRCNT>
        </DATA>
        <DATA>
          <VOLTS>1.700</VOLTS>
          <CURRNT_NAMP>2.810e-03</CURRNT_NAMP>
          <TIME>2021-09-29 08:47:15</TIME>
          <TEMP_DEGC>20.700</TEMP_DEGC>
          <AIR_TEMP_DEGC>20.700</AIR_TEMP_DEGC>
          <RH_PRCNT>30.100</RH_PRCNT>
        </DATA>
        <DATA>
          <VOLTS>1.800</VOLTS>
          <CURRNT_NAMP>2.854e-03</CURRNT_NAMP>
          <TIME>2021-09-29 08:47:16</TIME>
          <TEMP_DEGC>20.700</TEMP_DEGC>
          <AIR_TEMP_DEGC>20.700</AIR_TEMP_DEGC>
          <RH_PRCNT>30.100</RH_PRCNT>
        </DATA>
        <DATA>
          <VOLTS>1.900</VOLTS>
          <CURRNT_NAMP>2.750e-03</CURRNT_NAMP>
          <TIME>2021-09-29 08:47:18</TIME>
          <TEMP_DEGC>20.700</TEMP_DEGC>
          <AIR_TEMP_DEGC>20.700</AIR_TEMP_DEGC>
          <RH_PRCNT>30.100</RH_PRCNT>
        </DATA>
        <DATA>
          <VOLTS>2.000</VOLTS>
          <CURRNT_NAMP>2.751e-03</CURRNT_NAMP>
          <TIME>2021-09-29 08:47:20</TIME>
          <TEMP_DEGC>20.700</TEMP_DEGC>
          <AIR_TEMP_DEGC>20.700</AIR_TEMP_DEGC>
          <RH_PRCNT>30.100</RH_PRCNT>
        </DATA>
        <DATA>
          <VOLTS>2.100</VOLTS>
          <CURRNT_NAMP>2.789e-03</CURRNT_NAMP>
          <TIME>2021-09-29 08:47:21</TIME>
          <TEMP_DEGC>20.700</TEMP_DEGC>
          <AIR_TEMP_DEGC>20.700</AIR_TEMP_DEGC>
          <RH_PRCNT>30.100</RH_PRCNT>
        </DATA>
        <DATA>
          <VOLTS>2.200</VOLTS>
          <CURRNT_NAMP>2.788e-03</CURRNT_NAMP>
          <TIME>2021-09-29 08:47:23</TIME>
          <TEMP_DEGC>20.700</TEMP_DEGC>
          <AIR_TEMP_DEGC>20.700</AIR_TEMP_DEGC>
          <RH_PRCNT>30.100</RH_PRCNT>
        </DATA>
        <DATA>
          <VOLTS>2.300</VOLTS>
          <CURRNT_NAMP>2.782e-03</CURRNT_NAMP>
          <TIME>2021-09-29 08:47:25</TIME>
          <TEMP_DEGC>20.700</TEMP_DEGC>
          <AIR_TEMP_DEGC>20.700</AIR_TEMP_DEGC>
          <RH_PRCNT>30.100</RH_PRCNT>
        </DATA>
        <DATA>
          <VOLTS>2.400</VOLTS>
          <CURRNT_NAMP>2.784e-03</CURRNT_NAMP>
          <TIME>2021-09-29 08:47:26</TIME>
          <TEMP_DEGC>20.700</TEMP_DEGC>
          <AIR_TEMP_DEGC>20.700</AIR_TEMP_DEGC>
          <RH_PRCNT>30.200</RH_PRCNT>
        </DATA>
        <DATA>
          <VOLTS>2.500</VOLTS>
          <CURRNT_NAMP>2.788e-03</CURRNT_NAMP>
          <TIME>2021-09-29 08:47:28</TIME>
          <TEMP_DEGC>20.700</TEMP_DEGC>
          <AIR_TEMP_DEGC>20.700</AIR_TEMP_DEGC>
          <RH_PRCNT>30.200</RH_PRCNT>
        </DATA>
        <DATA>
          <VOLTS>2.600</VOLTS>
          <CURRNT_NAMP>2.851e-03</CURRNT_NAMP>
          <TIME>2021-09-29 08:47:30</TIME>
          <TEMP_DEGC>20.700</TEMP_DEGC>
          <AIR_TEMP_DEGC>20.700</AIR_TEMP_DEGC>
          <RH_PRCNT>30.200</RH_PRCNT>
        </DATA>
        <DATA>
          <VOLTS>2.700</VOLTS>
          <CURRNT_NAMP>2.765e-03</CURRNT_NAMP>
          <TIME>2021-09-29 08:47:31</TIME>
          <TEMP_DEGC>20.700</TEMP_DEGC>
          <AIR_TEMP_DEGC>20.700</AIR_TEMP_DEGC>
          <RH_PRCNT>30.200</RH_PRCNT>
        </DATA>
        <DATA>
          <VOLTS>2.800</VOLTS>
          <CURRNT_NAMP>2.779e-03</CURRNT_NAMP>
          <TIME>2021-09-29 08:47:33</TIME>
          <TEMP_DEGC>20.700</TEMP_DEGC>
          <AIR_TEMP_DEGC>20.700</AIR_TEMP_DEGC>
          <RH_PRCNT>30.200</RH_PRCNT>
        </DATA>
        <DATA>
          <VOLTS>2.900</VOLTS>
          <CURRNT_NAMP>2.817e-03</CURRNT_NAMP>
          <TIME>2021-09-29 08:47:35</TIME>
          <TEMP_DEGC>20.800</TEMP_DEGC>
          <AIR_TEMP_DEGC>20.800</AIR_TEMP_DEGC>
          <RH_PRCNT>30.200</RH_PRCNT>
        </DATA>
        <DATA>
          <VOLTS>3.000</VOLTS>
          <CURRNT_NAMP>2.790e-03</CURRNT_NAMP>
          <TIME>2021-09-29 08:47:36</TIME>
          <TEMP_DEGC>20.800</TEMP_DEGC>
          <AIR_TEMP_DEGC>20.800</AIR_TEMP_DEGC>
          <RH_PRCNT>30.200</RH_PRCNT>
        </DATA>
        <DATA>
          <VOLTS>3.100</VOLTS>
          <CURRNT_NAMP>2.793e-03</CURRNT_NAMP>
          <TIME>2021-09-29 08:47:38</TIME>
          <TEMP_DEGC>20.700</TEMP_DEGC>
          <AIR_TEMP_DEGC>20.700</AIR_TEMP_DEGC>
          <RH_PRCNT>30.300</RH_PRCNT>
        </DATA>
        <DATA>
          <VOLTS>3.200</VOLTS>
          <CURRNT_NAMP>2.780e-03</CURRNT_NAMP>
          <TIME>2021-09-29 08:47:39</TIME>
          <TEMP_DEGC>20.700</TEMP_DEGC>
          <AIR_TEMP_DEGC>20.700</AIR_TEMP_DEGC>
          <RH_PRCNT>30.300</RH_PRCNT>
        </DATA>
        <DATA>
          <VOLTS>3.300</VOLTS>
          <CURRNT_NAMP>2.777e-03</CURRNT_NAMP>
          <TIME>2021-09-29 08:47:41</TIME>
          <TEMP_DEGC>20.700</TEMP_DEGC>
          <AIR_TEMP_DEGC>20.700</AIR_TEMP_DEGC>
          <RH_PRCNT>30.300</RH_PRCNT>
        </DATA>
        <DATA>
          <VOLTS>3.400</VOLTS>
          <CURRNT_NAMP>2.823e-03</CURRNT_NAMP>
          <TIME>2021-09-29 08:47:43</TIME>
          <TEMP_DEGC>20.800</TEMP_DEGC>
          <AIR_TEMP_DEGC>20.800</AIR_TEMP_DEGC>
          <RH_PRCNT>30.300</RH_PRCNT>
        </DATA>
        <DATA>
          <VOLTS>3.500</VOLTS>
          <CURRNT_NAMP>2.789e-03</CURRNT_NAMP>
          <TIME>2021-09-29 08:47:44</TIME>
          <TEMP_DEGC>20.800</TEMP_DEGC>
          <AIR_TEMP_DEGC>20.800</AIR_TEMP_DEGC>
          <RH_PRCNT>30.200</RH_PRCNT>
        </DATA>
        <DATA>
          <VOLTS>3.600</VOLTS>
          <CURRNT_NAMP>2.743e-03</CURRNT_NAMP>
          <TIME>2021-09-29 08:47:46</TIME>
          <TEMP_DEGC>20.700</TEMP_DEGC>
          <AIR_TEMP_DEGC>20.700</AIR_TEMP_DEGC>
          <RH_PRCNT>30.200</RH_PRCNT>
        </DATA>
        <DATA>
          <VOLTS>3.700</VOLTS>
          <CURRNT_NAMP>2.777e-03</CURRNT_NAMP>
          <TIME>2021-09-29 08:47:48</TIME>
          <TEMP_DEGC>20.800</TEMP_DEGC>
          <AIR_TEMP_DEGC>20.800</AIR_TEMP_DEGC>
          <RH_PRCNT>30.200</RH_PRCNT>
        </DATA>
        <DATA>
          <VOLTS>3.800</VOLTS>
          <CURRNT_NAMP>2.790e-03</CURRNT_NAMP>
          <TIME>2021-09-29 08:47:49</TIME>
          <TEMP_DEGC>20.700</TEMP_DEGC>
          <AIR_TEMP_DEGC>20.700</AIR_TEMP_DEGC>
          <RH_PRCNT>30.300</RH_PRCNT>
        </DATA>
        <DATA>
          <VOLTS>3.900</VOLTS>
          <CURRNT_NAMP>2.773e-03</CURRNT_NAMP>
          <TIME>2021-09-29 08:47:51</TIME>
          <TEMP_DEGC>20.800</TEMP_DEGC>
          <AIR_TEMP_DEGC>20.800</AIR_TEMP_DEGC>
          <RH_PRCNT>30.300</RH_PRCNT>
        </DATA>
        <DATA>
          <VOLTS>4.000</VOLTS>
          <CURRNT_NAMP>2.772e-03</CURRNT_NAMP>
          <TIME>2021-09-29 08:47:53</TIME>
          <TEMP_DEGC>20.800</TEMP_DEGC>
          <AIR_TEMP_DEGC>20.800</AIR_TEMP_DEGC>
          <RH_PRCNT>30.300</RH_PRCNT>
        </DATA>
        <DATA>
          <VOLTS>4.100</VOLTS>
          <CURRNT_NAMP>2.766e-03</CURRNT_NAMP>
          <TIME>2021-09-29 08:47:54</TIME>
          <TEMP_DEGC>20.700</TEMP_DEGC>
          <AIR_TEMP_DEGC>20.700</AIR_TEMP_DEGC>
          <RH_PRCNT>30.300</RH_PRCNT>
        </DATA>
        <DATA>
          <VOLTS>4.200</VOLTS>
          <CURRNT_NAMP>2.772e-03</CURRNT_NAMP>
          <TIME>2021-09-29 08:47:56</TIME>
          <TEMP_DEGC>20.700</TEMP_DEGC>
          <AIR_TEMP_DEGC>20.700</AIR_TEMP_DEGC>
          <RH_PRCNT>30.300</RH_PRCNT>
        </DATA>
        <DATA>
          <VOLTS>4.300</VOLTS>
          <CURRNT_NAMP>2.774e-03</CURRNT_NAMP>
          <TIME>2021-09-29 08:47:58</TIME>
          <TEMP_DEGC>20.800</TEMP_DEGC>
          <AIR_TEMP_DEGC>20.800</AIR_TEMP_DEGC>
          <RH_PRCNT>30.300</RH_PRCNT>
        </DATA>
        <DATA>
          <VOLTS>4.400</VOLTS>
          <CURRNT_NAMP>2.767e-03</CURRNT_NAMP>
          <TIME>2021-09-29 08:47:59</TIME>
          <TEMP_DEGC>20.800</TEMP_DEGC>
          <AIR_TEMP_DEGC>20.800</AIR_TEMP_DEGC>
          <RH_PRCNT>30.300</RH_PRCNT>
        </DATA>
        <DATA>
          <VOLTS>4.500</VOLTS>
          <CURRNT_NAMP>2.767e-03</CURRNT_NAMP>
          <TIME>2021-09-29 08:48:01</TIME>
          <TEMP_DEGC>20.800</TEMP_DEGC>
          <AIR_TEMP_DEGC>20.800</AIR_TEMP_DEGC>
          <RH_PRCNT>30.300</RH_PRCNT>
        </DATA>
        <DATA>
          <VOLTS>4.600</VOLTS>
          <CURRNT_NAMP>2.761e-03</CURRNT_NAMP>
          <TIME>2021-09-29 08:48:02</TIME>
          <TEMP_DEGC>20.800</TEMP_DEGC>
          <AIR_TEMP_DEGC>20.800</AIR_TEMP_DEGC>
          <RH_PRCNT>30.300</RH_PRCNT>
        </DATA>
        <DATA>
          <VOLTS>4.700</VOLTS>
          <CURRNT_NAMP>2.774e-03</CURRNT_NAMP>
          <TIME>2021-09-29 08:48:04</TIME>
          <TEMP_DEGC>20.700</TEMP_DEGC>
          <AIR_TEMP_DEGC>20.700</AIR_TEMP_DEGC>
          <RH_PRCNT>30.300</RH_PRCNT>
        </DATA>
        <DATA>
          <VOLTS>4.800</VOLTS>
          <CURRNT_NAMP>2.778e-03</CURRNT_NAMP>
          <TIME>2021-09-29 08:48:06</TIME>
          <TEMP_DEGC>20.800</TEMP_DEGC>
          <AIR_TEMP_DEGC>20.800</AIR_TEMP_DEGC>
          <RH_PRCNT>30.300</RH_PRCNT>
        </DATA>
        <DATA>
          <VOLTS>4.900</VOLTS>
          <CURRNT_NAMP>2.761e-03</CURRNT_NAMP>
          <TIME>2021-09-29 08:48:07</TIME>
          <TEMP_DEGC>20.800</TEMP_DEGC>
          <AIR_TEMP_DEGC>20.800</AIR_TEMP_DEGC>
          <RH_PRCNT>30.300</RH_PRCNT>
        </DATA>
        <DATA>
          <VOLTS>5.000</VOLTS>
          <CURRNT_NAMP>2.813e-03</CURRNT_NAMP>
          <TIME>2021-09-29 08:48:09</TIME>
          <TEMP_DEGC>20.800</TEMP_DEGC>
          <AIR_TEMP_DEGC>20.800</AIR_TEMP_DEGC>
          <RH_PRCNT>30.300</RH_PRCNT>
        </DATA>
        <DATA>
          <VOLTS>5.000</VOLTS>
          <CURRNT_NAMP>2.813e-03</CURRNT_NAMP>
          <TIME>2021-09-29 08:48:09</TIME>
          <TEMP_DEGC>20.800</TEMP_DEGC>
          <AIR_TEMP_DEGC>20.800</AIR_TEMP_DEGC>
          <RH_PRCNT>30.300</RH_PRCNT>
        </DATA>
        <CHILD_DATA_SET>
          <HEADER>
            <TYPE>
              <EXTENSION_TABLE_NAME>HALFMOON_IV_PAR</EXTENSION_TABLE_NAME>
              <NAME>Tracker Halfmoon IV Parameters</NAME>
            </TYPE>
          </HEADER>
          <DATA_SET>
            <COMMENT_DESCRIPTION>Test</COMMENT_DESCRIPTION>
            <VERSION>IV_measurement-004</VERSION>
            <PART>
              <NAME_LABEL>37400_027_2-S_HM_WW</NAME_LABEL>
              <KIND_OF_PART>2S Halfmoon W</KIND_OF_PART>
            </PART>
            <DATA>
              <ISURF_PAMPR>5.155</ISURF_PAMPR>
              <S0_CMSEC>1.131</S0_CMSEC>
              <VFB_ACC_V>-2.733</VFB_ACC_V>
            </DATA>
          </DATA_SET>
        </CHILD_DATA_SET>
      </DATA_SET>
    </CHILD_DATA_SET>
  </DATA_SET>
</ROOT>
