<?xml version="1.0"?>
<ROOT>
  <HEADER>
    <TYPE>
      <EXTENSION_TABLE_NAME>HALFMOON_METADATA</EXTENSION_TABLE_NAME>
      <NAME>Tracker Halfmoon Metadata</NAME>
    </TYPE>
    <RUN mode="SEQUENCE_NUMBER" sequence="TRK_OT_RUN_SEQ">
      <RUN_TYPE>PQC</RUN_TYPE>
      <LOCATION>Demokritos</LOCATION>
      <INITIATED_BY_USER>A. Kyriakis</INITIATED_BY_USER>
      <RUN_BEGIN_TIMESTAMP>2021-09-29 10:36:42</RUN_BEGIN_TIMESTAMP>
      <COMMENT_DESCRIPTION>Test</COMMENT_DESCRIPTION>
    </RUN>
  </HEADER>
  <DATA_SET>
    <COMMENT_DESCRIPTION>Metadata with flute and structure</COMMENT_DESCRIPTION>
    <VERSION>IV_measurement</VERSION>
    <PART>
      <NAME_LABEL>37400_037_2-S_HM_WW</NAME_LABEL>
      <KIND_OF_PART>2S Halfmoon W</KIND_OF_PART>
    </PART>
    <DATA>
      <KIND_OF_HM_FLUTE_ID>PQC2</KIND_OF_HM_FLUTE_ID>
      <KIND_OF_HM_STRUCT_ID>LINEWIDTH_STOP</KIND_OF_HM_STRUCT_ID>
      <KIND_OF_HM_SET_ID>Left</KIND_OF_HM_SET_ID>
      <KIND_OF_HM_CONFIG_ID>Not Used</KIND_OF_HM_CONFIG_ID>
      <EQUIPMENT>KEITHLEY 2410</EQUIPMENT>
      <WAITING_TIME_S>0.200</WAITING_TIME_S>
      <TEMP_SET_DEGC>21.100</TEMP_SET_DEGC>
      <AV_TEMP_DEGC>21.100</AV_TEMP_DEGC>
      <PROCEDURE_TYPE>LINEWIDTH_STOP</PROCEDURE_TYPE>
      <FILE_NAME>Demokritos_VPX37400_037_2-S_HM_W_Left_PQC2_LinewidthStop.xml</FILE_NAME>
    </DATA>
    <CHILD_DATA_SET>
      <HEADER>
        <TYPE>
          <EXTENSION_TABLE_NAME>TEST_SENSOR_IV</EXTENSION_TABLE_NAME>
          <NAME>Tracker Halfmoon IV Test</NAME>
        </TYPE>
      </HEADER>
      <DATA_SET>
        <COMMENT_DESCRIPTION>Test</COMMENT_DESCRIPTION>
        <VERSION>IV_measurement</VERSION>
        <PART>
          <NAME_LABEL>37400_037_2-S_HM_WW</NAME_LABEL>
          <KIND_OF_PART>2S Halfmoon W</KIND_OF_PART>
        </PART>
        <DATA>
          <VOLTS>-5.009e-02</VOLTS>
          <CURRNT_NAMP>-1.000e+03</CURRNT_NAMP>
          <TIME>2021-09-29 10:36:42</TIME>
          <TEMP_DEGC>21.100</TEMP_DEGC>
          <AIR_TEMP_DEGC>21.100</AIR_TEMP_DEGC>
          <RH_PRCNT>21.300</RH_PRCNT>
        </DATA>
        <DATA>
          <VOLTS>-4.985e-02</VOLTS>
          <CURRNT_NAMP>-9.500e+02</CURRNT_NAMP>
          <TIME>2021-09-29 10:36:43</TIME>
          <TEMP_DEGC>21.100</TEMP_DEGC>
          <AIR_TEMP_DEGC>21.100</AIR_TEMP_DEGC>
          <RH_PRCNT>21.300</RH_PRCNT>
        </DATA>
        <DATA>
          <VOLTS>-4.892e-02</VOLTS>
          <CURRNT_NAMP>-9.000e+02</CURRNT_NAMP>
          <TIME>2021-09-29 10:36:44</TIME>
          <TEMP_DEGC>21.200</TEMP_DEGC>
          <AIR_TEMP_DEGC>21.200</AIR_TEMP_DEGC>
          <RH_PRCNT>21.300</RH_PRCNT>
        </DATA>
        <DATA>
          <VOLTS>-4.720e-02</VOLTS>
          <CURRNT_NAMP>-8.500e+02</CURRNT_NAMP>
          <TIME>2021-09-29 10:36:45</TIME>
          <TEMP_DEGC>21.100</TEMP_DEGC>
          <AIR_TEMP_DEGC>21.100</AIR_TEMP_DEGC>
          <RH_PRCNT>21.300</RH_PRCNT>
        </DATA>
        <DATA>
          <VOLTS>-4.475e-02</VOLTS>
          <CURRNT_NAMP>-8.000e+02</CURRNT_NAMP>
          <TIME>2021-09-29 10:36:46</TIME>
          <TEMP_DEGC>21.100</TEMP_DEGC>
          <AIR_TEMP_DEGC>21.100</AIR_TEMP_DEGC>
          <RH_PRCNT>21.300</RH_PRCNT>
        </DATA>
        <DATA>
          <VOLTS>-4.245e-02</VOLTS>
          <CURRNT_NAMP>-7.500e+02</CURRNT_NAMP>
          <TIME>2021-09-29 10:36:47</TIME>
          <TEMP_DEGC>21.100</TEMP_DEGC>
          <AIR_TEMP_DEGC>21.100</AIR_TEMP_DEGC>
          <RH_PRCNT>21.300</RH_PRCNT>
        </DATA>
        <DATA>
          <VOLTS>-4.001e-02</VOLTS>
          <CURRNT_NAMP>-7.000e+02</CURRNT_NAMP>
          <TIME>2021-09-29 10:36:48</TIME>
          <TEMP_DEGC>21.100</TEMP_DEGC>
          <AIR_TEMP_DEGC>21.100</AIR_TEMP_DEGC>
          <RH_PRCNT>21.300</RH_PRCNT>
        </DATA>
        <DATA>
          <VOLTS>-3.757e-02</VOLTS>
          <CURRNT_NAMP>-6.500e+02</CURRNT_NAMP>
          <TIME>2021-09-29 10:36:49</TIME>
          <TEMP_DEGC>21.100</TEMP_DEGC>
          <AIR_TEMP_DEGC>21.100</AIR_TEMP_DEGC>
          <RH_PRCNT>21.400</RH_PRCNT>
        </DATA>
        <DATA>
          <VOLTS>-3.608e-02</VOLTS>
          <CURRNT_NAMP>-6.000e+02</CURRNT_NAMP>
          <TIME>2021-09-29 10:36:50</TIME>
          <TEMP_DEGC>21.100</TEMP_DEGC>
          <AIR_TEMP_DEGC>21.100</AIR_TEMP_DEGC>
          <RH_PRCNT>21.300</RH_PRCNT>
        </DATA>
        <DATA>
          <VOLTS>-3.314e-02</VOLTS>
          <CURRNT_NAMP>-5.500e+02</CURRNT_NAMP>
          <TIME>2021-09-29 10:36:51</TIME>
          <TEMP_DEGC>21.100</TEMP_DEGC>
          <AIR_TEMP_DEGC>21.100</AIR_TEMP_DEGC>
          <RH_PRCNT>21.300</RH_PRCNT>
        </DATA>
        <DATA>
          <VOLTS>-3.043e-02</VOLTS>
          <CURRNT_NAMP>-5.000e+02</CURRNT_NAMP>
          <TIME>2021-09-29 10:36:52</TIME>
          <TEMP_DEGC>21.100</TEMP_DEGC>
          <AIR_TEMP_DEGC>21.100</AIR_TEMP_DEGC>
          <RH_PRCNT>21.300</RH_PRCNT>
        </DATA>
        <DATA>
          <VOLTS>-2.770e-02</VOLTS>
          <CURRNT_NAMP>-4.500e+02</CURRNT_NAMP>
          <TIME>2021-09-29 10:36:53</TIME>
          <TEMP_DEGC>21.100</TEMP_DEGC>
          <AIR_TEMP_DEGC>21.100</AIR_TEMP_DEGC>
          <RH_PRCNT>21.300</RH_PRCNT>
        </DATA>
        <DATA>
          <VOLTS>-2.495e-02</VOLTS>
          <CURRNT_NAMP>-4.000e+02</CURRNT_NAMP>
          <TIME>2021-09-29 10:36:54</TIME>
          <TEMP_DEGC>21.100</TEMP_DEGC>
          <AIR_TEMP_DEGC>21.100</AIR_TEMP_DEGC>
          <RH_PRCNT>21.300</RH_PRCNT>
        </DATA>
        <DATA>
          <VOLTS>-2.233e-02</VOLTS>
          <CURRNT_NAMP>-3.500e+02</CURRNT_NAMP>
          <TIME>2021-09-29 10:36:55</TIME>
          <TEMP_DEGC>21.100</TEMP_DEGC>
          <AIR_TEMP_DEGC>21.100</AIR_TEMP_DEGC>
          <RH_PRCNT>21.400</RH_PRCNT>
        </DATA>
        <DATA>
          <VOLTS>-1.982e-02</VOLTS>
          <CURRNT_NAMP>-3.000e+02</CURRNT_NAMP>
          <TIME>2021-09-29 10:36:56</TIME>
          <TEMP_DEGC>21.100</TEMP_DEGC>
          <AIR_TEMP_DEGC>21.100</AIR_TEMP_DEGC>
          <RH_PRCNT>21.300</RH_PRCNT>
        </DATA>
        <DATA>
          <VOLTS>-1.728e-02</VOLTS>
          <CURRNT_NAMP>-2.500e+02</CURRNT_NAMP>
          <TIME>2021-09-29 10:36:58</TIME>
          <TEMP_DEGC>21.100</TEMP_DEGC>
          <AIR_TEMP_DEGC>21.100</AIR_TEMP_DEGC>
          <RH_PRCNT>21.300</RH_PRCNT>
        </DATA>
        <DATA>
          <VOLTS>-1.481e-02</VOLTS>
          <CURRNT_NAMP>-2.000e+02</CURRNT_NAMP>
          <TIME>2021-09-29 10:36:59</TIME>
          <TEMP_DEGC>21.100</TEMP_DEGC>
          <AIR_TEMP_DEGC>21.100</AIR_TEMP_DEGC>
          <RH_PRCNT>21.300</RH_PRCNT>
        </DATA>
        <DATA>
          <VOLTS>-1.325e-02</VOLTS>
          <CURRNT_NAMP>-1.500e+02</CURRNT_NAMP>
          <TIME>2021-09-29 10:37:00</TIME>
          <TEMP_DEGC>21.100</TEMP_DEGC>
          <AIR_TEMP_DEGC>21.100</AIR_TEMP_DEGC>
          <RH_PRCNT>21.300</RH_PRCNT>
        </DATA>
        <DATA>
          <VOLTS>-1.045e-02</VOLTS>
          <CURRNT_NAMP>-1.000e+02</CURRNT_NAMP>
          <TIME>2021-09-29 10:37:01</TIME>
          <TEMP_DEGC>21.100</TEMP_DEGC>
          <AIR_TEMP_DEGC>21.100</AIR_TEMP_DEGC>
          <RH_PRCNT>21.300</RH_PRCNT>
        </DATA>
        <DATA>
          <VOLTS>-7.650e-03</VOLTS>
          <CURRNT_NAMP>-5.000e+01</CURRNT_NAMP>
          <TIME>2021-09-29 10:37:02</TIME>
          <TEMP_DEGC>21.100</TEMP_DEGC>
          <AIR_TEMP_DEGC>21.100</AIR_TEMP_DEGC>
          <RH_PRCNT>21.300</RH_PRCNT>
        </DATA>
        <DATA>
          <VOLTS>-4.840e-03</VOLTS>
          <CURRNT_NAMP>0.000e+00</CURRNT_NAMP>
          <TIME>2021-09-29 10:37:03</TIME>
          <TEMP_DEGC>21.100</TEMP_DEGC>
          <AIR_TEMP_DEGC>21.100</AIR_TEMP_DEGC>
          <RH_PRCNT>21.400</RH_PRCNT>
        </DATA>
        <DATA>
          <VOLTS>-3.040e-03</VOLTS>
          <CURRNT_NAMP>5.000e+01</CURRNT_NAMP>
          <TIME>2021-09-29 10:37:04</TIME>
          <TEMP_DEGC>21.100</TEMP_DEGC>
          <AIR_TEMP_DEGC>21.100</AIR_TEMP_DEGC>
          <RH_PRCNT>21.300</RH_PRCNT>
        </DATA>
        <DATA>
          <VOLTS>-2.200e-04</VOLTS>
          <CURRNT_NAMP>1.000e+02</CURRNT_NAMP>
          <TIME>2021-09-29 10:37:05</TIME>
          <TEMP_DEGC>21.100</TEMP_DEGC>
          <AIR_TEMP_DEGC>21.100</AIR_TEMP_DEGC>
          <RH_PRCNT>21.300</RH_PRCNT>
        </DATA>
        <DATA>
          <VOLTS>2.610e-03</VOLTS>
          <CURRNT_NAMP>1.500e+02</CURRNT_NAMP>
          <TIME>2021-09-29 10:37:06</TIME>
          <TEMP_DEGC>21.100</TEMP_DEGC>
          <AIR_TEMP_DEGC>21.100</AIR_TEMP_DEGC>
          <RH_PRCNT>21.300</RH_PRCNT>
        </DATA>
        <DATA>
          <VOLTS>5.440e-03</VOLTS>
          <CURRNT_NAMP>2.000e+02</CURRNT_NAMP>
          <TIME>2021-09-29 10:37:07</TIME>
          <TEMP_DEGC>21.100</TEMP_DEGC>
          <AIR_TEMP_DEGC>21.100</AIR_TEMP_DEGC>
          <RH_PRCNT>21.300</RH_PRCNT>
        </DATA>
        <DATA>
          <VOLTS>7.250e-03</VOLTS>
          <CURRNT_NAMP>2.500e+02</CURRNT_NAMP>
          <TIME>2021-09-29 10:37:08</TIME>
          <TEMP_DEGC>21.100</TEMP_DEGC>
          <AIR_TEMP_DEGC>21.100</AIR_TEMP_DEGC>
          <RH_PRCNT>21.300</RH_PRCNT>
        </DATA>
        <DATA>
          <VOLTS>1.010e-02</VOLTS>
          <CURRNT_NAMP>3.000e+02</CURRNT_NAMP>
          <TIME>2021-09-29 10:37:09</TIME>
          <TEMP_DEGC>21.100</TEMP_DEGC>
          <AIR_TEMP_DEGC>21.100</AIR_TEMP_DEGC>
          <RH_PRCNT>21.300</RH_PRCNT>
        </DATA>
        <DATA>
          <VOLTS>1.294e-02</VOLTS>
          <CURRNT_NAMP>3.500e+02</CURRNT_NAMP>
          <TIME>2021-09-29 10:37:10</TIME>
          <TEMP_DEGC>21.100</TEMP_DEGC>
          <AIR_TEMP_DEGC>21.100</AIR_TEMP_DEGC>
          <RH_PRCNT>21.300</RH_PRCNT>
        </DATA>
        <DATA>
          <VOLTS>1.580e-02</VOLTS>
          <CURRNT_NAMP>4.000e+02</CURRNT_NAMP>
          <TIME>2021-09-29 10:37:11</TIME>
          <TEMP_DEGC>21.100</TEMP_DEGC>
          <AIR_TEMP_DEGC>21.100</AIR_TEMP_DEGC>
          <RH_PRCNT>21.300</RH_PRCNT>
        </DATA>
        <DATA>
          <VOLTS>1.762e-02</VOLTS>
          <CURRNT_NAMP>4.500e+02</CURRNT_NAMP>
          <TIME>2021-09-29 10:37:13</TIME>
          <TEMP_DEGC>21.100</TEMP_DEGC>
          <AIR_TEMP_DEGC>21.100</AIR_TEMP_DEGC>
          <RH_PRCNT>21.300</RH_PRCNT>
        </DATA>
        <DATA>
          <VOLTS>2.048e-02</VOLTS>
          <CURRNT_NAMP>5.000e+02</CURRNT_NAMP>
          <TIME>2021-09-29 10:37:14</TIME>
          <TEMP_DEGC>21.100</TEMP_DEGC>
          <AIR_TEMP_DEGC>21.100</AIR_TEMP_DEGC>
          <RH_PRCNT>21.300</RH_PRCNT>
        </DATA>
        <DATA>
          <VOLTS>2.231e-02</VOLTS>
          <CURRNT_NAMP>5.500e+02</CURRNT_NAMP>
          <TIME>2021-09-29 10:37:15</TIME>
          <TEMP_DEGC>21.100</TEMP_DEGC>
          <AIR_TEMP_DEGC>21.100</AIR_TEMP_DEGC>
          <RH_PRCNT>21.300</RH_PRCNT>
        </DATA>
        <DATA>
          <VOLTS>2.544e-02</VOLTS>
          <CURRNT_NAMP>6.000e+02</CURRNT_NAMP>
          <TIME>2021-09-29 10:37:16</TIME>
          <TEMP_DEGC>21.100</TEMP_DEGC>
          <AIR_TEMP_DEGC>21.100</AIR_TEMP_DEGC>
          <RH_PRCNT>21.300</RH_PRCNT>
        </DATA>
        <DATA>
          <VOLTS>2.857e-02</VOLTS>
          <CURRNT_NAMP>6.500e+02</CURRNT_NAMP>
          <TIME>2021-09-29 10:37:17</TIME>
          <TEMP_DEGC>21.100</TEMP_DEGC>
          <AIR_TEMP_DEGC>21.100</AIR_TEMP_DEGC>
          <RH_PRCNT>21.300</RH_PRCNT>
        </DATA>
        <DATA>
          <VOLTS>3.145e-02</VOLTS>
          <CURRNT_NAMP>7.000e+02</CURRNT_NAMP>
          <TIME>2021-09-29 10:37:18</TIME>
          <TEMP_DEGC>21.100</TEMP_DEGC>
          <AIR_TEMP_DEGC>21.100</AIR_TEMP_DEGC>
          <RH_PRCNT>21.300</RH_PRCNT>
        </DATA>
        <DATA>
          <VOLTS>3.434e-02</VOLTS>
          <CURRNT_NAMP>7.500e+02</CURRNT_NAMP>
          <TIME>2021-09-29 10:37:19</TIME>
          <TEMP_DEGC>21.100</TEMP_DEGC>
          <AIR_TEMP_DEGC>21.100</AIR_TEMP_DEGC>
          <RH_PRCNT>21.300</RH_PRCNT>
        </DATA>
        <DATA>
          <VOLTS>3.697e-02</VOLTS>
          <CURRNT_NAMP>8.000e+02</CURRNT_NAMP>
          <TIME>2021-09-29 10:37:20</TIME>
          <TEMP_DEGC>21.100</TEMP_DEGC>
          <AIR_TEMP_DEGC>21.100</AIR_TEMP_DEGC>
          <RH_PRCNT>21.300</RH_PRCNT>
        </DATA>
        <DATA>
          <VOLTS>3.960e-02</VOLTS>
          <CURRNT_NAMP>8.500e+02</CURRNT_NAMP>
          <TIME>2021-09-29 10:37:21</TIME>
          <TEMP_DEGC>21.100</TEMP_DEGC>
          <AIR_TEMP_DEGC>21.100</AIR_TEMP_DEGC>
          <RH_PRCNT>21.300</RH_PRCNT>
        </DATA>
        <DATA>
          <VOLTS>4.223e-02</VOLTS>
          <CURRNT_NAMP>9.000e+02</CURRNT_NAMP>
          <TIME>2021-09-29 10:37:22</TIME>
          <TEMP_DEGC>21.100</TEMP_DEGC>
          <AIR_TEMP_DEGC>21.100</AIR_TEMP_DEGC>
          <RH_PRCNT>21.300</RH_PRCNT>
        </DATA>
        <DATA>
          <VOLTS>4.487e-02</VOLTS>
          <CURRNT_NAMP>9.500e+02</CURRNT_NAMP>
          <TIME>2021-09-29 10:37:23</TIME>
          <TEMP_DEGC>21.100</TEMP_DEGC>
          <AIR_TEMP_DEGC>21.100</AIR_TEMP_DEGC>
          <RH_PRCNT>21.300</RH_PRCNT>
        </DATA>
        <DATA>
          <VOLTS>4.645e-02</VOLTS>
          <CURRNT_NAMP>1.000e+03</CURRNT_NAMP>
          <TIME>2021-09-29 10:37:24</TIME>
          <TEMP_DEGC>21.100</TEMP_DEGC>
          <AIR_TEMP_DEGC>21.100</AIR_TEMP_DEGC>
          <RH_PRCNT>21.300</RH_PRCNT>
        </DATA>
        <CHILD_DATA_SET>
          <HEADER>
            <TYPE>
              <EXTENSION_TABLE_NAME>HALFMOON_IV_PAR</EXTENSION_TABLE_NAME>
              <NAME>Tracker Halfmoon IV Parameters</NAME>
            </TYPE>
          </HEADER>
          <DATA_SET>
            <COMMENT_DESCRIPTION>Test</COMMENT_DESCRIPTION>
            <VERSION>IV_measurement</VERSION>
            <PART>
              <NAME_LABEL>37400_037_2-S_HM_WW</NAME_LABEL>
              <KIND_OF_PART>2S Halfmoon W</KIND_OF_PART>
            </PART>
            <DATA>
              <T_UM>48.160</T_UM>
              <R_OHM>5.103e+04</R_OHM>
            </DATA>
          </DATA_SET>
        </CHILD_DATA_SET>
      </DATA_SET>
    </CHILD_DATA_SET>
  </DATA_SET>
</ROOT>
