<?xml version="1.0"?>
<ROOT>
  <HEADER>
    <TYPE>
      <EXTENSION_TABLE_NAME>HALFMOON_METADATA</EXTENSION_TABLE_NAME>
      <NAME>Tracker Halfmoon Metadata</NAME>
    </TYPE>
    <RUN mode="SEQUENCE_NUMBER" sequence="TRK_OT_RUN_SEQ">
      <RUN_TYPE>PQC</RUN_TYPE>
      <LOCATION>Demokritos</LOCATION>
      <INITIATED_BY_USER>A. Kyriakis</INITIATED_BY_USER>
      <RUN_BEGIN_TIMESTAMP>2021-09-29 09:05:03</RUN_BEGIN_TIMESTAMP>
      <COMMENT_DESCRIPTION>Test</COMMENT_DESCRIPTION>
    </RUN>
  </HEADER>
  <DATA_SET>
    <COMMENT_DESCRIPTION>Metadata with flute and structure</COMMENT_DESCRIPTION>
    <VERSION>IV_measurement</VERSION>
    <PART>
      <NAME_LABEL>37400_015_2-S_HM_WW</NAME_LABEL>
      <KIND_OF_PART>2S Halfmoon W</KIND_OF_PART>
    </PART>
    <DATA>
      <KIND_OF_HM_FLUTE_ID>PQC2</KIND_OF_HM_FLUTE_ID>
      <KIND_OF_HM_STRUCT_ID>LINEWIDTH_STOP</KIND_OF_HM_STRUCT_ID>
      <KIND_OF_HM_SET_ID>Left</KIND_OF_HM_SET_ID>
      <KIND_OF_HM_CONFIG_ID>Not Used</KIND_OF_HM_CONFIG_ID>
      <EQUIPMENT>KEITHLEY 2410</EQUIPMENT>
      <WAITING_TIME_S>0.200</WAITING_TIME_S>
      <TEMP_SET_DEGC>21.100</TEMP_SET_DEGC>
      <AV_TEMP_DEGC>21.100</AV_TEMP_DEGC>
      <PROCEDURE_TYPE>LINEWIDTH_STOP</PROCEDURE_TYPE>
      <FILE_NAME>Demokritos_VPX37400_015_2-S_HM_W_Left_PQC2_LinewidthStop.xml</FILE_NAME>
    </DATA>
    <CHILD_DATA_SET>
      <HEADER>
        <TYPE>
          <EXTENSION_TABLE_NAME>TEST_SENSOR_IV</EXTENSION_TABLE_NAME>
          <NAME>Tracker Halfmoon IV Test</NAME>
        </TYPE>
      </HEADER>
      <DATA_SET>
        <COMMENT_DESCRIPTION>Test</COMMENT_DESCRIPTION>
        <VERSION>IV_measurement</VERSION>
        <PART>
          <NAME_LABEL>37400_015_2-S_HM_WW</NAME_LABEL>
          <KIND_OF_PART>2S Halfmoon W</KIND_OF_PART>
        </PART>
        <DATA>
          <VOLTS>-4.815e-02</VOLTS>
          <CURRNT_NAMP>-1.000e+03</CURRNT_NAMP>
          <TIME>2021-09-29 09:05:03</TIME>
          <TEMP_DEGC>21.100</TEMP_DEGC>
          <AIR_TEMP_DEGC>21.100</AIR_TEMP_DEGC>
          <RH_PRCNT>28.000</RH_PRCNT>
        </DATA>
        <DATA>
          <VOLTS>-4.802e-02</VOLTS>
          <CURRNT_NAMP>-9.500e+02</CURRNT_NAMP>
          <TIME>2021-09-29 09:05:04</TIME>
          <TEMP_DEGC>21.100</TEMP_DEGC>
          <AIR_TEMP_DEGC>21.100</AIR_TEMP_DEGC>
          <RH_PRCNT>28.000</RH_PRCNT>
        </DATA>
        <DATA>
          <VOLTS>-4.715e-02</VOLTS>
          <CURRNT_NAMP>-9.000e+02</CURRNT_NAMP>
          <TIME>2021-09-29 09:05:05</TIME>
          <TEMP_DEGC>21.100</TEMP_DEGC>
          <AIR_TEMP_DEGC>21.100</AIR_TEMP_DEGC>
          <RH_PRCNT>28.000</RH_PRCNT>
        </DATA>
        <DATA>
          <VOLTS>-4.544e-02</VOLTS>
          <CURRNT_NAMP>-8.500e+02</CURRNT_NAMP>
          <TIME>2021-09-29 09:05:06</TIME>
          <TEMP_DEGC>21.100</TEMP_DEGC>
          <AIR_TEMP_DEGC>21.100</AIR_TEMP_DEGC>
          <RH_PRCNT>28.000</RH_PRCNT>
        </DATA>
        <DATA>
          <VOLTS>-4.315e-02</VOLTS>
          <CURRNT_NAMP>-8.000e+02</CURRNT_NAMP>
          <TIME>2021-09-29 09:05:07</TIME>
          <TEMP_DEGC>21.100</TEMP_DEGC>
          <AIR_TEMP_DEGC>21.100</AIR_TEMP_DEGC>
          <RH_PRCNT>28.000</RH_PRCNT>
        </DATA>
        <DATA>
          <VOLTS>-4.059e-02</VOLTS>
          <CURRNT_NAMP>-7.500e+02</CURRNT_NAMP>
          <TIME>2021-09-29 09:05:08</TIME>
          <TEMP_DEGC>21.100</TEMP_DEGC>
          <AIR_TEMP_DEGC>21.100</AIR_TEMP_DEGC>
          <RH_PRCNT>28.000</RH_PRCNT>
        </DATA>
        <DATA>
          <VOLTS>-3.811e-02</VOLTS>
          <CURRNT_NAMP>-7.000e+02</CURRNT_NAMP>
          <TIME>2021-09-29 09:05:09</TIME>
          <TEMP_DEGC>21.100</TEMP_DEGC>
          <AIR_TEMP_DEGC>21.100</AIR_TEMP_DEGC>
          <RH_PRCNT>28.000</RH_PRCNT>
        </DATA>
        <DATA>
          <VOLTS>-3.666e-02</VOLTS>
          <CURRNT_NAMP>-6.500e+02</CURRNT_NAMP>
          <TIME>2021-09-29 09:05:10</TIME>
          <TEMP_DEGC>21.100</TEMP_DEGC>
          <AIR_TEMP_DEGC>21.100</AIR_TEMP_DEGC>
          <RH_PRCNT>28.000</RH_PRCNT>
        </DATA>
        <DATA>
          <VOLTS>-3.495e-02</VOLTS>
          <CURRNT_NAMP>-6.000e+02</CURRNT_NAMP>
          <TIME>2021-09-29 09:05:11</TIME>
          <TEMP_DEGC>21.100</TEMP_DEGC>
          <AIR_TEMP_DEGC>21.100</AIR_TEMP_DEGC>
          <RH_PRCNT>28.000</RH_PRCNT>
        </DATA>
        <DATA>
          <VOLTS>-3.220e-02</VOLTS>
          <CURRNT_NAMP>-5.500e+02</CURRNT_NAMP>
          <TIME>2021-09-29 09:05:12</TIME>
          <TEMP_DEGC>21.100</TEMP_DEGC>
          <AIR_TEMP_DEGC>21.100</AIR_TEMP_DEGC>
          <RH_PRCNT>27.900</RH_PRCNT>
        </DATA>
        <DATA>
          <VOLTS>-2.943e-02</VOLTS>
          <CURRNT_NAMP>-5.000e+02</CURRNT_NAMP>
          <TIME>2021-09-29 09:05:13</TIME>
          <TEMP_DEGC>21.100</TEMP_DEGC>
          <AIR_TEMP_DEGC>21.100</AIR_TEMP_DEGC>
          <RH_PRCNT>27.900</RH_PRCNT>
        </DATA>
        <DATA>
          <VOLTS>-2.748e-02</VOLTS>
          <CURRNT_NAMP>-4.500e+02</CURRNT_NAMP>
          <TIME>2021-09-29 09:05:14</TIME>
          <TEMP_DEGC>21.100</TEMP_DEGC>
          <AIR_TEMP_DEGC>21.100</AIR_TEMP_DEGC>
          <RH_PRCNT>27.900</RH_PRCNT>
        </DATA>
        <DATA>
          <VOLTS>-2.479e-02</VOLTS>
          <CURRNT_NAMP>-4.000e+02</CURRNT_NAMP>
          <TIME>2021-09-29 09:05:15</TIME>
          <TEMP_DEGC>21.100</TEMP_DEGC>
          <AIR_TEMP_DEGC>21.100</AIR_TEMP_DEGC>
          <RH_PRCNT>27.900</RH_PRCNT>
        </DATA>
        <DATA>
          <VOLTS>-2.208e-02</VOLTS>
          <CURRNT_NAMP>-3.500e+02</CURRNT_NAMP>
          <TIME>2021-09-29 09:05:16</TIME>
          <TEMP_DEGC>21.100</TEMP_DEGC>
          <AIR_TEMP_DEGC>21.100</AIR_TEMP_DEGC>
          <RH_PRCNT>27.900</RH_PRCNT>
        </DATA>
        <DATA>
          <VOLTS>-1.923e-02</VOLTS>
          <CURRNT_NAMP>-3.000e+02</CURRNT_NAMP>
          <TIME>2021-09-29 09:05:17</TIME>
          <TEMP_DEGC>21.100</TEMP_DEGC>
          <AIR_TEMP_DEGC>21.100</AIR_TEMP_DEGC>
          <RH_PRCNT>27.900</RH_PRCNT>
        </DATA>
        <DATA>
          <VOLTS>-1.658e-02</VOLTS>
          <CURRNT_NAMP>-2.500e+02</CURRNT_NAMP>
          <TIME>2021-09-29 09:05:19</TIME>
          <TEMP_DEGC>21.100</TEMP_DEGC>
          <AIR_TEMP_DEGC>21.100</AIR_TEMP_DEGC>
          <RH_PRCNT>27.900</RH_PRCNT>
        </DATA>
        <DATA>
          <VOLTS>-1.389e-02</VOLTS>
          <CURRNT_NAMP>-2.000e+02</CURRNT_NAMP>
          <TIME>2021-09-29 09:05:20</TIME>
          <TEMP_DEGC>21.100</TEMP_DEGC>
          <AIR_TEMP_DEGC>21.100</AIR_TEMP_DEGC>
          <RH_PRCNT>27.900</RH_PRCNT>
        </DATA>
        <DATA>
          <VOLTS>-1.130e-02</VOLTS>
          <CURRNT_NAMP>-1.500e+02</CURRNT_NAMP>
          <TIME>2021-09-29 09:05:21</TIME>
          <TEMP_DEGC>21.100</TEMP_DEGC>
          <AIR_TEMP_DEGC>21.100</AIR_TEMP_DEGC>
          <RH_PRCNT>27.900</RH_PRCNT>
        </DATA>
        <DATA>
          <VOLTS>-8.800e-03</VOLTS>
          <CURRNT_NAMP>-1.000e+02</CURRNT_NAMP>
          <TIME>2021-09-29 09:05:22</TIME>
          <TEMP_DEGC>21.100</TEMP_DEGC>
          <AIR_TEMP_DEGC>21.100</AIR_TEMP_DEGC>
          <RH_PRCNT>27.900</RH_PRCNT>
        </DATA>
        <DATA>
          <VOLTS>-6.300e-03</VOLTS>
          <CURRNT_NAMP>-5.000e+01</CURRNT_NAMP>
          <TIME>2021-09-29 09:05:23</TIME>
          <TEMP_DEGC>21.100</TEMP_DEGC>
          <AIR_TEMP_DEGC>21.100</AIR_TEMP_DEGC>
          <RH_PRCNT>27.900</RH_PRCNT>
        </DATA>
        <DATA>
          <VOLTS>-3.810e-03</VOLTS>
          <CURRNT_NAMP>0.000e+00</CURRNT_NAMP>
          <TIME>2021-09-29 09:05:24</TIME>
          <TEMP_DEGC>21.100</TEMP_DEGC>
          <AIR_TEMP_DEGC>21.100</AIR_TEMP_DEGC>
          <RH_PRCNT>27.900</RH_PRCNT>
        </DATA>
        <DATA>
          <VOLTS>-1.420e-03</VOLTS>
          <CURRNT_NAMP>5.000e+01</CURRNT_NAMP>
          <TIME>2021-09-29 09:05:25</TIME>
          <TEMP_DEGC>21.100</TEMP_DEGC>
          <AIR_TEMP_DEGC>21.100</AIR_TEMP_DEGC>
          <RH_PRCNT>27.900</RH_PRCNT>
        </DATA>
        <DATA>
          <VOLTS>1.080e-03</VOLTS>
          <CURRNT_NAMP>1.000e+02</CURRNT_NAMP>
          <TIME>2021-09-29 09:05:26</TIME>
          <TEMP_DEGC>21.100</TEMP_DEGC>
          <AIR_TEMP_DEGC>21.100</AIR_TEMP_DEGC>
          <RH_PRCNT>27.900</RH_PRCNT>
        </DATA>
        <DATA>
          <VOLTS>3.600e-03</VOLTS>
          <CURRNT_NAMP>1.500e+02</CURRNT_NAMP>
          <TIME>2021-09-29 09:05:27</TIME>
          <TEMP_DEGC>21.100</TEMP_DEGC>
          <AIR_TEMP_DEGC>21.100</AIR_TEMP_DEGC>
          <RH_PRCNT>27.900</RH_PRCNT>
        </DATA>
        <DATA>
          <VOLTS>6.100e-03</VOLTS>
          <CURRNT_NAMP>2.000e+02</CURRNT_NAMP>
          <TIME>2021-09-29 09:05:28</TIME>
          <TEMP_DEGC>21.100</TEMP_DEGC>
          <AIR_TEMP_DEGC>21.100</AIR_TEMP_DEGC>
          <RH_PRCNT>27.900</RH_PRCNT>
        </DATA>
        <DATA>
          <VOLTS>8.730e-03</VOLTS>
          <CURRNT_NAMP>2.500e+02</CURRNT_NAMP>
          <TIME>2021-09-29 09:05:29</TIME>
          <TEMP_DEGC>21.100</TEMP_DEGC>
          <AIR_TEMP_DEGC>21.100</AIR_TEMP_DEGC>
          <RH_PRCNT>27.900</RH_PRCNT>
        </DATA>
        <DATA>
          <VOLTS>1.123e-02</VOLTS>
          <CURRNT_NAMP>3.000e+02</CURRNT_NAMP>
          <TIME>2021-09-29 09:05:30</TIME>
          <TEMP_DEGC>21.100</TEMP_DEGC>
          <AIR_TEMP_DEGC>21.100</AIR_TEMP_DEGC>
          <RH_PRCNT>27.900</RH_PRCNT>
        </DATA>
        <DATA>
          <VOLTS>1.379e-02</VOLTS>
          <CURRNT_NAMP>3.500e+02</CURRNT_NAMP>
          <TIME>2021-09-29 09:05:31</TIME>
          <TEMP_DEGC>21.100</TEMP_DEGC>
          <AIR_TEMP_DEGC>21.100</AIR_TEMP_DEGC>
          <RH_PRCNT>27.900</RH_PRCNT>
        </DATA>
        <DATA>
          <VOLTS>1.633e-02</VOLTS>
          <CURRNT_NAMP>4.000e+02</CURRNT_NAMP>
          <TIME>2021-09-29 09:05:32</TIME>
          <TEMP_DEGC>21.100</TEMP_DEGC>
          <AIR_TEMP_DEGC>21.100</AIR_TEMP_DEGC>
          <RH_PRCNT>27.900</RH_PRCNT>
        </DATA>
        <DATA>
          <VOLTS>1.887e-02</VOLTS>
          <CURRNT_NAMP>4.500e+02</CURRNT_NAMP>
          <TIME>2021-09-29 09:05:34</TIME>
          <TEMP_DEGC>21.100</TEMP_DEGC>
          <AIR_TEMP_DEGC>21.100</AIR_TEMP_DEGC>
          <RH_PRCNT>27.900</RH_PRCNT>
        </DATA>
        <DATA>
          <VOLTS>2.040e-02</VOLTS>
          <CURRNT_NAMP>5.000e+02</CURRNT_NAMP>
          <TIME>2021-09-29 09:05:35</TIME>
          <TEMP_DEGC>21.100</TEMP_DEGC>
          <AIR_TEMP_DEGC>21.100</AIR_TEMP_DEGC>
          <RH_PRCNT>27.900</RH_PRCNT>
        </DATA>
        <DATA>
          <VOLTS>2.320e-02</VOLTS>
          <CURRNT_NAMP>5.500e+02</CURRNT_NAMP>
          <TIME>2021-09-29 09:05:36</TIME>
          <TEMP_DEGC>21.100</TEMP_DEGC>
          <AIR_TEMP_DEGC>21.100</AIR_TEMP_DEGC>
          <RH_PRCNT>27.900</RH_PRCNT>
        </DATA>
        <DATA>
          <VOLTS>2.601e-02</VOLTS>
          <CURRNT_NAMP>6.000e+02</CURRNT_NAMP>
          <TIME>2021-09-29 09:05:37</TIME>
          <TEMP_DEGC>21.100</TEMP_DEGC>
          <AIR_TEMP_DEGC>21.100</AIR_TEMP_DEGC>
          <RH_PRCNT>27.900</RH_PRCNT>
        </DATA>
        <DATA>
          <VOLTS>2.882e-02</VOLTS>
          <CURRNT_NAMP>6.500e+02</CURRNT_NAMP>
          <TIME>2021-09-29 09:05:38</TIME>
          <TEMP_DEGC>21.100</TEMP_DEGC>
          <AIR_TEMP_DEGC>21.100</AIR_TEMP_DEGC>
          <RH_PRCNT>27.900</RH_PRCNT>
        </DATA>
        <DATA>
          <VOLTS>3.163e-02</VOLTS>
          <CURRNT_NAMP>7.000e+02</CURRNT_NAMP>
          <TIME>2021-09-29 09:05:39</TIME>
          <TEMP_DEGC>21.100</TEMP_DEGC>
          <AIR_TEMP_DEGC>21.100</AIR_TEMP_DEGC>
          <RH_PRCNT>27.900</RH_PRCNT>
        </DATA>
        <DATA>
          <VOLTS>3.317e-02</VOLTS>
          <CURRNT_NAMP>7.500e+02</CURRNT_NAMP>
          <TIME>2021-09-29 09:05:40</TIME>
          <TEMP_DEGC>21.100</TEMP_DEGC>
          <AIR_TEMP_DEGC>21.100</AIR_TEMP_DEGC>
          <RH_PRCNT>27.900</RH_PRCNT>
        </DATA>
        <DATA>
          <VOLTS>3.600e-02</VOLTS>
          <CURRNT_NAMP>8.000e+02</CURRNT_NAMP>
          <TIME>2021-09-29 09:05:41</TIME>
          <TEMP_DEGC>21.100</TEMP_DEGC>
          <AIR_TEMP_DEGC>21.100</AIR_TEMP_DEGC>
          <RH_PRCNT>27.900</RH_PRCNT>
        </DATA>
        <DATA>
          <VOLTS>3.882e-02</VOLTS>
          <CURRNT_NAMP>8.500e+02</CURRNT_NAMP>
          <TIME>2021-09-29 09:05:42</TIME>
          <TEMP_DEGC>21.100</TEMP_DEGC>
          <AIR_TEMP_DEGC>21.100</AIR_TEMP_DEGC>
          <RH_PRCNT>27.900</RH_PRCNT>
        </DATA>
        <DATA>
          <VOLTS>4.166e-02</VOLTS>
          <CURRNT_NAMP>9.000e+02</CURRNT_NAMP>
          <TIME>2021-09-29 09:05:43</TIME>
          <TEMP_DEGC>21.100</TEMP_DEGC>
          <AIR_TEMP_DEGC>21.100</AIR_TEMP_DEGC>
          <RH_PRCNT>27.900</RH_PRCNT>
        </DATA>
        <DATA>
          <VOLTS>4.346e-02</VOLTS>
          <CURRNT_NAMP>9.500e+02</CURRNT_NAMP>
          <TIME>2021-09-29 09:05:44</TIME>
          <TEMP_DEGC>21.100</TEMP_DEGC>
          <AIR_TEMP_DEGC>21.100</AIR_TEMP_DEGC>
          <RH_PRCNT>27.900</RH_PRCNT>
        </DATA>
        <DATA>
          <VOLTS>4.630e-02</VOLTS>
          <CURRNT_NAMP>1.000e+03</CURRNT_NAMP>
          <TIME>2021-09-29 09:05:45</TIME>
          <TEMP_DEGC>21.100</TEMP_DEGC>
          <AIR_TEMP_DEGC>21.100</AIR_TEMP_DEGC>
          <RH_PRCNT>27.800</RH_PRCNT>
        </DATA>
        <CHILD_DATA_SET>
          <HEADER>
            <TYPE>
              <EXTENSION_TABLE_NAME>HALFMOON_IV_PAR</EXTENSION_TABLE_NAME>
              <NAME>Tracker Halfmoon IV Parameters</NAME>
            </TYPE>
          </HEADER>
          <DATA_SET>
            <COMMENT_DESCRIPTION>Test</COMMENT_DESCRIPTION>
            <VERSION>IV_measurement</VERSION>
            <PART>
              <NAME_LABEL>37400_015_2-S_HM_WW</NAME_LABEL>
              <KIND_OF_PART>2S Halfmoon W</KIND_OF_PART>
            </PART>
            <DATA>
              <T_UM>48.737</T_UM>
              <R_OHM>5.007e+04</R_OHM>
            </DATA>
          </DATA_SET>
        </CHILD_DATA_SET>
      </DATA_SET>
    </CHILD_DATA_SET>
  </DATA_SET>
</ROOT>
