<?xml version="1.0"?>
<ROOT>
  <HEADER>
    <TYPE>
      <EXTENSION_TABLE_NAME>HALFMOON_METADATA</EXTENSION_TABLE_NAME>
      <NAME>Tracker Halfmoon Metadata</NAME>
    </TYPE>
    <RUN mode="SEQUENCE_NUMBER" sequence="TRK_OT_RUN_SEQ">
      <RUN_TYPE>PQC</RUN_TYPE>
      <LOCATION>Demokritos</LOCATION>
      <INITIATED_BY_USER>A. Kyriakis</INITIATED_BY_USER>
      <RUN_BEGIN_TIMESTAMP>2021-09-28 11:21:36</RUN_BEGIN_TIMESTAMP>
      <COMMENT_DESCRIPTION>Test</COMMENT_DESCRIPTION>
    </RUN>
  </HEADER>
  <DATA_SET>
    <COMMENT_DESCRIPTION>Metadata with flute and structure</COMMENT_DESCRIPTION>
    <VERSION>IV_measurement</VERSION>
    <PART>
      <NAME_LABEL>37400_003_2-S_HM_EE</NAME_LABEL>
      <KIND_OF_PART>2S Halfmoon E</KIND_OF_PART>
    </PART>
    <DATA>
      <KIND_OF_HM_FLUTE_ID>PQC1</KIND_OF_HM_FLUTE_ID>
      <KIND_OF_HM_STRUCT_ID>VDP_POLY</KIND_OF_HM_STRUCT_ID>
      <KIND_OF_HM_SET_ID>Left</KIND_OF_HM_SET_ID>
      <KIND_OF_HM_CONFIG_ID>Rotated</KIND_OF_HM_CONFIG_ID>
      <EQUIPMENT>KEITHLEY 2410</EQUIPMENT>
      <WAITING_TIME_S>0.200</WAITING_TIME_S>
      <TEMP_SET_DEGC>22.100</TEMP_SET_DEGC>
      <AV_TEMP_DEGC>22.100</AV_TEMP_DEGC>
      <PROCEDURE_TYPE>VDP_POLY</PROCEDURE_TYPE>
      <FILE_NAME>Demokritos_VPX37400_003_2-S_HM_E_Left_PQC1_VDPPoly_r.xml</FILE_NAME>
    </DATA>
    <CHILD_DATA_SET>
      <HEADER>
        <TYPE>
          <EXTENSION_TABLE_NAME>TEST_SENSOR_IV</EXTENSION_TABLE_NAME>
          <NAME>Tracker Halfmoon IV Test</NAME>
        </TYPE>
      </HEADER>
      <DATA_SET>
        <COMMENT_DESCRIPTION>Test</COMMENT_DESCRIPTION>
        <VERSION>IV_measurement</VERSION>
        <PART>
          <NAME_LABEL>37400_003_2-S_HM_EE</NAME_LABEL>
          <KIND_OF_PART>2S Halfmoon E</KIND_OF_PART>
        </PART>
        <DATA>
          <VOLTS>-4.120e-03</VOLTS>
          <CURRNT_NAMP>-1.000e+04</CURRNT_NAMP>
          <TIME>2021-09-28 11:21:36</TIME>
          <TEMP_DEGC>22.100</TEMP_DEGC>
          <AIR_TEMP_DEGC>22.100</AIR_TEMP_DEGC>
          <RH_PRCNT>28.100</RH_PRCNT>
        </DATA>
        <DATA>
          <VOLTS>-4.100e-03</VOLTS>
          <CURRNT_NAMP>-9.500e+03</CURRNT_NAMP>
          <TIME>2021-09-28 11:21:37</TIME>
          <TEMP_DEGC>22.100</TEMP_DEGC>
          <AIR_TEMP_DEGC>22.100</AIR_TEMP_DEGC>
          <RH_PRCNT>28.100</RH_PRCNT>
        </DATA>
        <DATA>
          <VOLTS>-4.020e-03</VOLTS>
          <CURRNT_NAMP>-9.000e+03</CURRNT_NAMP>
          <TIME>2021-09-28 11:21:38</TIME>
          <TEMP_DEGC>22.100</TEMP_DEGC>
          <AIR_TEMP_DEGC>22.100</AIR_TEMP_DEGC>
          <RH_PRCNT>28.100</RH_PRCNT>
        </DATA>
        <DATA>
          <VOLTS>-3.870e-03</VOLTS>
          <CURRNT_NAMP>-8.500e+03</CURRNT_NAMP>
          <TIME>2021-09-28 11:21:39</TIME>
          <TEMP_DEGC>22.100</TEMP_DEGC>
          <AIR_TEMP_DEGC>22.100</AIR_TEMP_DEGC>
          <RH_PRCNT>28.100</RH_PRCNT>
        </DATA>
        <DATA>
          <VOLTS>-3.670e-03</VOLTS>
          <CURRNT_NAMP>-8.000e+03</CURRNT_NAMP>
          <TIME>2021-09-28 11:21:40</TIME>
          <TEMP_DEGC>22.100</TEMP_DEGC>
          <AIR_TEMP_DEGC>22.100</AIR_TEMP_DEGC>
          <RH_PRCNT>28.100</RH_PRCNT>
        </DATA>
        <DATA>
          <VOLTS>-3.460e-03</VOLTS>
          <CURRNT_NAMP>-7.500e+03</CURRNT_NAMP>
          <TIME>2021-09-28 11:21:41</TIME>
          <TEMP_DEGC>22.100</TEMP_DEGC>
          <AIR_TEMP_DEGC>22.100</AIR_TEMP_DEGC>
          <RH_PRCNT>28.100</RH_PRCNT>
        </DATA>
        <DATA>
          <VOLTS>-3.250e-03</VOLTS>
          <CURRNT_NAMP>-7.000e+03</CURRNT_NAMP>
          <TIME>2021-09-28 11:21:42</TIME>
          <TEMP_DEGC>22.100</TEMP_DEGC>
          <AIR_TEMP_DEGC>22.100</AIR_TEMP_DEGC>
          <RH_PRCNT>28.000</RH_PRCNT>
        </DATA>
        <DATA>
          <VOLTS>-3.040e-03</VOLTS>
          <CURRNT_NAMP>-6.500e+03</CURRNT_NAMP>
          <TIME>2021-09-28 11:21:43</TIME>
          <TEMP_DEGC>22.100</TEMP_DEGC>
          <AIR_TEMP_DEGC>22.100</AIR_TEMP_DEGC>
          <RH_PRCNT>28.000</RH_PRCNT>
        </DATA>
        <DATA>
          <VOLTS>-2.830e-03</VOLTS>
          <CURRNT_NAMP>-6.000e+03</CURRNT_NAMP>
          <TIME>2021-09-28 11:21:44</TIME>
          <TEMP_DEGC>22.100</TEMP_DEGC>
          <AIR_TEMP_DEGC>22.100</AIR_TEMP_DEGC>
          <RH_PRCNT>28.000</RH_PRCNT>
        </DATA>
        <DATA>
          <VOLTS>-2.630e-03</VOLTS>
          <CURRNT_NAMP>-5.500e+03</CURRNT_NAMP>
          <TIME>2021-09-28 11:21:45</TIME>
          <TEMP_DEGC>22.100</TEMP_DEGC>
          <AIR_TEMP_DEGC>22.100</AIR_TEMP_DEGC>
          <RH_PRCNT>28.000</RH_PRCNT>
        </DATA>
        <DATA>
          <VOLTS>-2.420e-03</VOLTS>
          <CURRNT_NAMP>-5.000e+03</CURRNT_NAMP>
          <TIME>2021-09-28 11:21:46</TIME>
          <TEMP_DEGC>22.100</TEMP_DEGC>
          <AIR_TEMP_DEGC>22.100</AIR_TEMP_DEGC>
          <RH_PRCNT>28.000</RH_PRCNT>
        </DATA>
        <DATA>
          <VOLTS>-2.210e-03</VOLTS>
          <CURRNT_NAMP>-4.500e+03</CURRNT_NAMP>
          <TIME>2021-09-28 11:21:47</TIME>
          <TEMP_DEGC>22.100</TEMP_DEGC>
          <AIR_TEMP_DEGC>22.100</AIR_TEMP_DEGC>
          <RH_PRCNT>28.000</RH_PRCNT>
        </DATA>
        <DATA>
          <VOLTS>-2.010e-03</VOLTS>
          <CURRNT_NAMP>-4.000e+03</CURRNT_NAMP>
          <TIME>2021-09-28 11:21:48</TIME>
          <TEMP_DEGC>22.100</TEMP_DEGC>
          <AIR_TEMP_DEGC>22.100</AIR_TEMP_DEGC>
          <RH_PRCNT>28.000</RH_PRCNT>
        </DATA>
        <DATA>
          <VOLTS>-1.800e-03</VOLTS>
          <CURRNT_NAMP>-3.500e+03</CURRNT_NAMP>
          <TIME>2021-09-28 11:21:49</TIME>
          <TEMP_DEGC>22.100</TEMP_DEGC>
          <AIR_TEMP_DEGC>22.100</AIR_TEMP_DEGC>
          <RH_PRCNT>28.000</RH_PRCNT>
        </DATA>
        <DATA>
          <VOLTS>-1.600e-03</VOLTS>
          <CURRNT_NAMP>-3.000e+03</CURRNT_NAMP>
          <TIME>2021-09-28 11:21:51</TIME>
          <TEMP_DEGC>22.100</TEMP_DEGC>
          <AIR_TEMP_DEGC>22.100</AIR_TEMP_DEGC>
          <RH_PRCNT>28.000</RH_PRCNT>
        </DATA>
        <DATA>
          <VOLTS>-1.390e-03</VOLTS>
          <CURRNT_NAMP>-2.500e+03</CURRNT_NAMP>
          <TIME>2021-09-28 11:21:52</TIME>
          <TEMP_DEGC>22.100</TEMP_DEGC>
          <AIR_TEMP_DEGC>22.100</AIR_TEMP_DEGC>
          <RH_PRCNT>28.000</RH_PRCNT>
        </DATA>
        <DATA>
          <VOLTS>-1.180e-03</VOLTS>
          <CURRNT_NAMP>-2.000e+03</CURRNT_NAMP>
          <TIME>2021-09-28 11:21:53</TIME>
          <TEMP_DEGC>22.100</TEMP_DEGC>
          <AIR_TEMP_DEGC>22.100</AIR_TEMP_DEGC>
          <RH_PRCNT>28.000</RH_PRCNT>
        </DATA>
        <DATA>
          <VOLTS>-1.060e-03</VOLTS>
          <CURRNT_NAMP>-1.500e+03</CURRNT_NAMP>
          <TIME>2021-09-28 11:21:54</TIME>
          <TEMP_DEGC>22.100</TEMP_DEGC>
          <AIR_TEMP_DEGC>22.100</AIR_TEMP_DEGC>
          <RH_PRCNT>28.000</RH_PRCNT>
        </DATA>
        <DATA>
          <VOLTS>-8.300e-04</VOLTS>
          <CURRNT_NAMP>-1.000e+03</CURRNT_NAMP>
          <TIME>2021-09-28 11:21:55</TIME>
          <TEMP_DEGC>22.100</TEMP_DEGC>
          <AIR_TEMP_DEGC>22.100</AIR_TEMP_DEGC>
          <RH_PRCNT>28.000</RH_PRCNT>
        </DATA>
        <DATA>
          <VOLTS>-6.100e-04</VOLTS>
          <CURRNT_NAMP>-5.000e+02</CURRNT_NAMP>
          <TIME>2021-09-28 11:21:56</TIME>
          <TEMP_DEGC>22.100</TEMP_DEGC>
          <AIR_TEMP_DEGC>22.100</AIR_TEMP_DEGC>
          <RH_PRCNT>28.000</RH_PRCNT>
        </DATA>
        <DATA>
          <VOLTS>-3.800e-04</VOLTS>
          <CURRNT_NAMP>-1.694e-12</CURRNT_NAMP>
          <TIME>2021-09-28 11:21:57</TIME>
          <TEMP_DEGC>22.100</TEMP_DEGC>
          <AIR_TEMP_DEGC>22.100</AIR_TEMP_DEGC>
          <RH_PRCNT>27.900</RH_PRCNT>
        </DATA>
        <DATA>
          <VOLTS>-1.500e-04</VOLTS>
          <CURRNT_NAMP>5.000e+02</CURRNT_NAMP>
          <TIME>2021-09-28 11:21:58</TIME>
          <TEMP_DEGC>22.100</TEMP_DEGC>
          <AIR_TEMP_DEGC>22.100</AIR_TEMP_DEGC>
          <RH_PRCNT>27.900</RH_PRCNT>
        </DATA>
        <DATA>
          <VOLTS>5.000e-05</VOLTS>
          <CURRNT_NAMP>1.000e+03</CURRNT_NAMP>
          <TIME>2021-09-28 11:21:59</TIME>
          <TEMP_DEGC>22.100</TEMP_DEGC>
          <AIR_TEMP_DEGC>22.100</AIR_TEMP_DEGC>
          <RH_PRCNT>27.900</RH_PRCNT>
        </DATA>
        <DATA>
          <VOLTS>2.500e-04</VOLTS>
          <CURRNT_NAMP>1.500e+03</CURRNT_NAMP>
          <TIME>2021-09-28 11:22:00</TIME>
          <TEMP_DEGC>22.100</TEMP_DEGC>
          <AIR_TEMP_DEGC>22.100</AIR_TEMP_DEGC>
          <RH_PRCNT>27.900</RH_PRCNT>
        </DATA>
        <DATA>
          <VOLTS>4.600e-04</VOLTS>
          <CURRNT_NAMP>2.000e+03</CURRNT_NAMP>
          <TIME>2021-09-28 11:22:01</TIME>
          <TEMP_DEGC>22.100</TEMP_DEGC>
          <AIR_TEMP_DEGC>22.100</AIR_TEMP_DEGC>
          <RH_PRCNT>27.900</RH_PRCNT>
        </DATA>
        <DATA>
          <VOLTS>5.900e-04</VOLTS>
          <CURRNT_NAMP>2.500e+03</CURRNT_NAMP>
          <TIME>2021-09-28 11:22:02</TIME>
          <TEMP_DEGC>22.100</TEMP_DEGC>
          <AIR_TEMP_DEGC>22.100</AIR_TEMP_DEGC>
          <RH_PRCNT>27.900</RH_PRCNT>
        </DATA>
        <DATA>
          <VOLTS>8.100e-04</VOLTS>
          <CURRNT_NAMP>3.000e+03</CURRNT_NAMP>
          <TIME>2021-09-28 11:22:03</TIME>
          <TEMP_DEGC>22.100</TEMP_DEGC>
          <AIR_TEMP_DEGC>22.100</AIR_TEMP_DEGC>
          <RH_PRCNT>27.900</RH_PRCNT>
        </DATA>
        <DATA>
          <VOLTS>1.040e-03</VOLTS>
          <CURRNT_NAMP>3.500e+03</CURRNT_NAMP>
          <TIME>2021-09-28 11:22:04</TIME>
          <TEMP_DEGC>22.100</TEMP_DEGC>
          <AIR_TEMP_DEGC>22.100</AIR_TEMP_DEGC>
          <RH_PRCNT>27.900</RH_PRCNT>
        </DATA>
        <DATA>
          <VOLTS>1.270e-03</VOLTS>
          <CURRNT_NAMP>4.000e+03</CURRNT_NAMP>
          <TIME>2021-09-28 11:22:06</TIME>
          <TEMP_DEGC>22.100</TEMP_DEGC>
          <AIR_TEMP_DEGC>22.100</AIR_TEMP_DEGC>
          <RH_PRCNT>27.900</RH_PRCNT>
        </DATA>
        <DATA>
          <VOLTS>1.490e-03</VOLTS>
          <CURRNT_NAMP>4.500e+03</CURRNT_NAMP>
          <TIME>2021-09-28 11:22:07</TIME>
          <TEMP_DEGC>22.100</TEMP_DEGC>
          <AIR_TEMP_DEGC>22.100</AIR_TEMP_DEGC>
          <RH_PRCNT>27.900</RH_PRCNT>
        </DATA>
        <DATA>
          <VOLTS>1.700e-03</VOLTS>
          <CURRNT_NAMP>5.000e+03</CURRNT_NAMP>
          <TIME>2021-09-28 11:22:08</TIME>
          <TEMP_DEGC>22.100</TEMP_DEGC>
          <AIR_TEMP_DEGC>22.100</AIR_TEMP_DEGC>
          <RH_PRCNT>27.900</RH_PRCNT>
        </DATA>
        <DATA>
          <VOLTS>1.900e-03</VOLTS>
          <CURRNT_NAMP>5.500e+03</CURRNT_NAMP>
          <TIME>2021-09-28 11:22:09</TIME>
          <TEMP_DEGC>22.100</TEMP_DEGC>
          <AIR_TEMP_DEGC>22.100</AIR_TEMP_DEGC>
          <RH_PRCNT>27.900</RH_PRCNT>
        </DATA>
        <DATA>
          <VOLTS>2.110e-03</VOLTS>
          <CURRNT_NAMP>6.000e+03</CURRNT_NAMP>
          <TIME>2021-09-28 11:22:10</TIME>
          <TEMP_DEGC>22.100</TEMP_DEGC>
          <AIR_TEMP_DEGC>22.100</AIR_TEMP_DEGC>
          <RH_PRCNT>27.800</RH_PRCNT>
        </DATA>
        <DATA>
          <VOLTS>2.310e-03</VOLTS>
          <CURRNT_NAMP>6.500e+03</CURRNT_NAMP>
          <TIME>2021-09-28 11:22:11</TIME>
          <TEMP_DEGC>22.100</TEMP_DEGC>
          <AIR_TEMP_DEGC>22.100</AIR_TEMP_DEGC>
          <RH_PRCNT>27.800</RH_PRCNT>
        </DATA>
        <DATA>
          <VOLTS>2.520e-03</VOLTS>
          <CURRNT_NAMP>7.000e+03</CURRNT_NAMP>
          <TIME>2021-09-28 11:22:12</TIME>
          <TEMP_DEGC>22.100</TEMP_DEGC>
          <AIR_TEMP_DEGC>22.100</AIR_TEMP_DEGC>
          <RH_PRCNT>27.800</RH_PRCNT>
        </DATA>
        <DATA>
          <VOLTS>2.730e-03</VOLTS>
          <CURRNT_NAMP>7.500e+03</CURRNT_NAMP>
          <TIME>2021-09-28 11:22:13</TIME>
          <TEMP_DEGC>22.100</TEMP_DEGC>
          <AIR_TEMP_DEGC>22.100</AIR_TEMP_DEGC>
          <RH_PRCNT>27.800</RH_PRCNT>
        </DATA>
        <DATA>
          <VOLTS>2.940e-03</VOLTS>
          <CURRNT_NAMP>8.000e+03</CURRNT_NAMP>
          <TIME>2021-09-28 11:22:14</TIME>
          <TEMP_DEGC>22.100</TEMP_DEGC>
          <AIR_TEMP_DEGC>22.100</AIR_TEMP_DEGC>
          <RH_PRCNT>27.800</RH_PRCNT>
        </DATA>
        <DATA>
          <VOLTS>3.140e-03</VOLTS>
          <CURRNT_NAMP>8.500e+03</CURRNT_NAMP>
          <TIME>2021-09-28 11:22:15</TIME>
          <TEMP_DEGC>22.100</TEMP_DEGC>
          <AIR_TEMP_DEGC>22.100</AIR_TEMP_DEGC>
          <RH_PRCNT>27.800</RH_PRCNT>
        </DATA>
        <DATA>
          <VOLTS>3.350e-03</VOLTS>
          <CURRNT_NAMP>9.000e+03</CURRNT_NAMP>
          <TIME>2021-09-28 11:22:16</TIME>
          <TEMP_DEGC>22.100</TEMP_DEGC>
          <AIR_TEMP_DEGC>22.100</AIR_TEMP_DEGC>
          <RH_PRCNT>27.800</RH_PRCNT>
        </DATA>
        <DATA>
          <VOLTS>3.560e-03</VOLTS>
          <CURRNT_NAMP>9.500e+03</CURRNT_NAMP>
          <TIME>2021-09-28 11:22:17</TIME>
          <TEMP_DEGC>22.100</TEMP_DEGC>
          <AIR_TEMP_DEGC>22.100</AIR_TEMP_DEGC>
          <RH_PRCNT>27.800</RH_PRCNT>
        </DATA>
        <DATA>
          <VOLTS>3.760e-03</VOLTS>
          <CURRNT_NAMP>1.000e+04</CURRNT_NAMP>
          <TIME>2021-09-28 11:22:18</TIME>
          <TEMP_DEGC>22.100</TEMP_DEGC>
          <AIR_TEMP_DEGC>22.100</AIR_TEMP_DEGC>
          <RH_PRCNT>27.700</RH_PRCNT>
        </DATA>
        <CHILD_DATA_SET>
          <HEADER>
            <TYPE>
              <EXTENSION_TABLE_NAME>HALFMOON_IV_PAR</EXTENSION_TABLE_NAME>
              <NAME>Tracker Halfmoon IV Parameters</NAME>
            </TYPE>
          </HEADER>
          <DATA_SET>
            <COMMENT_DESCRIPTION>Test</COMMENT_DESCRIPTION>
            <VERSION>IV_measurement</VERSION>
            <PART>
              <NAME_LABEL>37400_003_2-S_HM_EE</NAME_LABEL>
              <KIND_OF_PART>2S Halfmoon E</KIND_OF_PART>
            </PART>
            <DATA>
              <RSH_OHMSQR>1866.784</RSH_OHMSQR>
              <R_OHM>411.879</R_OHM>
            </DATA>
          </DATA_SET>
        </CHILD_DATA_SET>
      </DATA_SET>
    </CHILD_DATA_SET>
  </DATA_SET>
</ROOT>
