<?xml version="1.0"?>
<ROOT>
  <HEADER>
    <TYPE>
      <EXTENSION_TABLE_NAME>HALFMOON_METADATA</EXTENSION_TABLE_NAME>
      <NAME>Tracker Halfmoon Metadata</NAME>
    </TYPE>
    <RUN mode="SEQUENCE_NUMBER" sequence="TRK_OT_RUN_SEQ">
      <RUN_TYPE>PQC</RUN_TYPE>
      <LOCATION>Demokritos</LOCATION>
      <INITIATED_BY_USER>A. Kyriakis</INITIATED_BY_USER>
      <RUN_BEGIN_TIMESTAMP>2021-09-28 09:14:16</RUN_BEGIN_TIMESTAMP>
      <COMMENT_DESCRIPTION>Test</COMMENT_DESCRIPTION>
    </RUN>
  </HEADER>
  <DATA_SET>
    <COMMENT_DESCRIPTION>Metadata with flute and structure</COMMENT_DESCRIPTION>
    <VERSION>IV_measurement</VERSION>
    <PART>
      <NAME_LABEL>37400_049_2-S_HM_WW</NAME_LABEL>
      <KIND_OF_PART>2S Halfmoon W</KIND_OF_PART>
    </PART>
    <DATA>
      <KIND_OF_HM_FLUTE_ID>PQC1</KIND_OF_HM_FLUTE_ID>
      <KIND_OF_HM_STRUCT_ID>VDP_STRIP</KIND_OF_HM_STRUCT_ID>
      <KIND_OF_HM_SET_ID>Left</KIND_OF_HM_SET_ID>
      <KIND_OF_HM_CONFIG_ID>Standard</KIND_OF_HM_CONFIG_ID>
      <EQUIPMENT>KEITHLEY 2410</EQUIPMENT>
      <WAITING_TIME_S>0.200</WAITING_TIME_S>
      <TEMP_SET_DEGC>20.400</TEMP_SET_DEGC>
      <AV_TEMP_DEGC>20.400</AV_TEMP_DEGC>
      <PROCEDURE_TYPE>VDP_STRIP</PROCEDURE_TYPE>
      <FILE_NAME>Demokritos_VPX37400_049_2-S_HM_W_Left_PQC1_VDPStrip_s.xml</FILE_NAME>
    </DATA>
    <CHILD_DATA_SET>
      <HEADER>
        <TYPE>
          <EXTENSION_TABLE_NAME>TEST_SENSOR_IV</EXTENSION_TABLE_NAME>
          <NAME>Tracker Halfmoon IV Test</NAME>
        </TYPE>
      </HEADER>
      <DATA_SET>
        <COMMENT_DESCRIPTION>Test</COMMENT_DESCRIPTION>
        <VERSION>IV_measurement</VERSION>
        <PART>
          <NAME_LABEL>37400_049_2-S_HM_WW</NAME_LABEL>
          <KIND_OF_PART>2S Halfmoon W</KIND_OF_PART>
        </PART>
        <DATA>
          <VOLTS>-7.660e-03</VOLTS>
          <CURRNT_NAMP>-1.000e+06</CURRNT_NAMP>
          <TIME>2021-09-28 09:14:16</TIME>
          <TEMP_DEGC>20.400</TEMP_DEGC>
          <AIR_TEMP_DEGC>20.400</AIR_TEMP_DEGC>
          <RH_PRCNT>29.700</RH_PRCNT>
        </DATA>
        <DATA>
          <VOLTS>-7.630e-03</VOLTS>
          <CURRNT_NAMP>-9.500e+05</CURRNT_NAMP>
          <TIME>2021-09-28 09:14:17</TIME>
          <TEMP_DEGC>20.400</TEMP_DEGC>
          <AIR_TEMP_DEGC>20.400</AIR_TEMP_DEGC>
          <RH_PRCNT>29.700</RH_PRCNT>
        </DATA>
        <DATA>
          <VOLTS>-7.470e-03</VOLTS>
          <CURRNT_NAMP>-9.000e+05</CURRNT_NAMP>
          <TIME>2021-09-28 09:14:18</TIME>
          <TEMP_DEGC>20.400</TEMP_DEGC>
          <AIR_TEMP_DEGC>20.400</AIR_TEMP_DEGC>
          <RH_PRCNT>29.700</RH_PRCNT>
        </DATA>
        <DATA>
          <VOLTS>-7.200e-03</VOLTS>
          <CURRNT_NAMP>-8.500e+05</CURRNT_NAMP>
          <TIME>2021-09-28 09:14:19</TIME>
          <TEMP_DEGC>20.400</TEMP_DEGC>
          <AIR_TEMP_DEGC>20.400</AIR_TEMP_DEGC>
          <RH_PRCNT>29.700</RH_PRCNT>
        </DATA>
        <DATA>
          <VOLTS>-6.820e-03</VOLTS>
          <CURRNT_NAMP>-8.000e+05</CURRNT_NAMP>
          <TIME>2021-09-28 09:14:20</TIME>
          <TEMP_DEGC>20.400</TEMP_DEGC>
          <AIR_TEMP_DEGC>20.400</AIR_TEMP_DEGC>
          <RH_PRCNT>29.700</RH_PRCNT>
        </DATA>
        <DATA>
          <VOLTS>-6.440e-03</VOLTS>
          <CURRNT_NAMP>-7.500e+05</CURRNT_NAMP>
          <TIME>2021-09-28 09:14:21</TIME>
          <TEMP_DEGC>20.400</TEMP_DEGC>
          <AIR_TEMP_DEGC>20.400</AIR_TEMP_DEGC>
          <RH_PRCNT>29.600</RH_PRCNT>
        </DATA>
        <DATA>
          <VOLTS>-6.050e-03</VOLTS>
          <CURRNT_NAMP>-7.000e+05</CURRNT_NAMP>
          <TIME>2021-09-28 09:14:22</TIME>
          <TEMP_DEGC>20.400</TEMP_DEGC>
          <AIR_TEMP_DEGC>20.400</AIR_TEMP_DEGC>
          <RH_PRCNT>29.600</RH_PRCNT>
        </DATA>
        <DATA>
          <VOLTS>-5.670e-03</VOLTS>
          <CURRNT_NAMP>-6.500e+05</CURRNT_NAMP>
          <TIME>2021-09-28 09:14:23</TIME>
          <TEMP_DEGC>20.400</TEMP_DEGC>
          <AIR_TEMP_DEGC>20.400</AIR_TEMP_DEGC>
          <RH_PRCNT>29.600</RH_PRCNT>
        </DATA>
        <DATA>
          <VOLTS>-5.290e-03</VOLTS>
          <CURRNT_NAMP>-6.000e+05</CURRNT_NAMP>
          <TIME>2021-09-28 09:14:24</TIME>
          <TEMP_DEGC>20.400</TEMP_DEGC>
          <AIR_TEMP_DEGC>20.400</AIR_TEMP_DEGC>
          <RH_PRCNT>29.600</RH_PRCNT>
        </DATA>
        <DATA>
          <VOLTS>-4.900e-03</VOLTS>
          <CURRNT_NAMP>-5.500e+05</CURRNT_NAMP>
          <TIME>2021-09-28 09:14:25</TIME>
          <TEMP_DEGC>20.400</TEMP_DEGC>
          <AIR_TEMP_DEGC>20.400</AIR_TEMP_DEGC>
          <RH_PRCNT>29.600</RH_PRCNT>
        </DATA>
        <DATA>
          <VOLTS>-4.520e-03</VOLTS>
          <CURRNT_NAMP>-5.000e+05</CURRNT_NAMP>
          <TIME>2021-09-28 09:14:26</TIME>
          <TEMP_DEGC>20.400</TEMP_DEGC>
          <AIR_TEMP_DEGC>20.400</AIR_TEMP_DEGC>
          <RH_PRCNT>29.600</RH_PRCNT>
        </DATA>
        <DATA>
          <VOLTS>-4.140e-03</VOLTS>
          <CURRNT_NAMP>-4.500e+05</CURRNT_NAMP>
          <TIME>2021-09-28 09:14:27</TIME>
          <TEMP_DEGC>20.400</TEMP_DEGC>
          <AIR_TEMP_DEGC>20.400</AIR_TEMP_DEGC>
          <RH_PRCNT>29.600</RH_PRCNT>
        </DATA>
        <DATA>
          <VOLTS>-3.750e-03</VOLTS>
          <CURRNT_NAMP>-4.000e+05</CURRNT_NAMP>
          <TIME>2021-09-28 09:14:28</TIME>
          <TEMP_DEGC>20.400</TEMP_DEGC>
          <AIR_TEMP_DEGC>20.400</AIR_TEMP_DEGC>
          <RH_PRCNT>29.600</RH_PRCNT>
        </DATA>
        <DATA>
          <VOLTS>-3.370e-03</VOLTS>
          <CURRNT_NAMP>-3.500e+05</CURRNT_NAMP>
          <TIME>2021-09-28 09:14:29</TIME>
          <TEMP_DEGC>20.400</TEMP_DEGC>
          <AIR_TEMP_DEGC>20.400</AIR_TEMP_DEGC>
          <RH_PRCNT>29.600</RH_PRCNT>
        </DATA>
        <DATA>
          <VOLTS>-2.990e-03</VOLTS>
          <CURRNT_NAMP>-3.000e+05</CURRNT_NAMP>
          <TIME>2021-09-28 09:14:31</TIME>
          <TEMP_DEGC>20.400</TEMP_DEGC>
          <AIR_TEMP_DEGC>20.400</AIR_TEMP_DEGC>
          <RH_PRCNT>29.600</RH_PRCNT>
        </DATA>
        <DATA>
          <VOLTS>-2.600e-03</VOLTS>
          <CURRNT_NAMP>-2.500e+05</CURRNT_NAMP>
          <TIME>2021-09-28 09:14:32</TIME>
          <TEMP_DEGC>20.400</TEMP_DEGC>
          <AIR_TEMP_DEGC>20.400</AIR_TEMP_DEGC>
          <RH_PRCNT>29.600</RH_PRCNT>
        </DATA>
        <DATA>
          <VOLTS>-2.220e-03</VOLTS>
          <CURRNT_NAMP>-2.000e+05</CURRNT_NAMP>
          <TIME>2021-09-28 09:14:33</TIME>
          <TEMP_DEGC>20.400</TEMP_DEGC>
          <AIR_TEMP_DEGC>20.400</AIR_TEMP_DEGC>
          <RH_PRCNT>29.600</RH_PRCNT>
        </DATA>
        <DATA>
          <VOLTS>-1.840e-03</VOLTS>
          <CURRNT_NAMP>-1.500e+05</CURRNT_NAMP>
          <TIME>2021-09-28 09:14:34</TIME>
          <TEMP_DEGC>20.400</TEMP_DEGC>
          <AIR_TEMP_DEGC>20.400</AIR_TEMP_DEGC>
          <RH_PRCNT>29.500</RH_PRCNT>
        </DATA>
        <DATA>
          <VOLTS>-1.450e-03</VOLTS>
          <CURRNT_NAMP>-1.000e+05</CURRNT_NAMP>
          <TIME>2021-09-28 09:14:35</TIME>
          <TEMP_DEGC>20.400</TEMP_DEGC>
          <AIR_TEMP_DEGC>20.400</AIR_TEMP_DEGC>
          <RH_PRCNT>29.500</RH_PRCNT>
        </DATA>
        <DATA>
          <VOLTS>-1.220e-03</VOLTS>
          <CURRNT_NAMP>-5.000e+04</CURRNT_NAMP>
          <TIME>2021-09-28 09:14:36</TIME>
          <TEMP_DEGC>20.400</TEMP_DEGC>
          <AIR_TEMP_DEGC>20.400</AIR_TEMP_DEGC>
          <RH_PRCNT>29.500</RH_PRCNT>
        </DATA>
        <DATA>
          <VOLTS>-8.000e-04</VOLTS>
          <CURRNT_NAMP>0.000e+00</CURRNT_NAMP>
          <TIME>2021-09-28 09:14:37</TIME>
          <TEMP_DEGC>20.400</TEMP_DEGC>
          <AIR_TEMP_DEGC>20.400</AIR_TEMP_DEGC>
          <RH_PRCNT>29.500</RH_PRCNT>
        </DATA>
        <DATA>
          <VOLTS>-3.800e-04</VOLTS>
          <CURRNT_NAMP>5.000e+04</CURRNT_NAMP>
          <TIME>2021-09-28 09:14:38</TIME>
          <TEMP_DEGC>20.400</TEMP_DEGC>
          <AIR_TEMP_DEGC>20.400</AIR_TEMP_DEGC>
          <RH_PRCNT>29.600</RH_PRCNT>
        </DATA>
        <DATA>
          <VOLTS>3.000e-05</VOLTS>
          <CURRNT_NAMP>1.000e+05</CURRNT_NAMP>
          <TIME>2021-09-28 09:14:39</TIME>
          <TEMP_DEGC>20.400</TEMP_DEGC>
          <AIR_TEMP_DEGC>20.400</AIR_TEMP_DEGC>
          <RH_PRCNT>29.500</RH_PRCNT>
        </DATA>
        <DATA>
          <VOLTS>4.500e-04</VOLTS>
          <CURRNT_NAMP>1.500e+05</CURRNT_NAMP>
          <TIME>2021-09-28 09:14:40</TIME>
          <TEMP_DEGC>20.400</TEMP_DEGC>
          <AIR_TEMP_DEGC>20.400</AIR_TEMP_DEGC>
          <RH_PRCNT>29.500</RH_PRCNT>
        </DATA>
        <DATA>
          <VOLTS>8.400e-04</VOLTS>
          <CURRNT_NAMP>2.000e+05</CURRNT_NAMP>
          <TIME>2021-09-28 09:14:41</TIME>
          <TEMP_DEGC>20.400</TEMP_DEGC>
          <AIR_TEMP_DEGC>20.400</AIR_TEMP_DEGC>
          <RH_PRCNT>29.500</RH_PRCNT>
        </DATA>
        <DATA>
          <VOLTS>1.220e-03</VOLTS>
          <CURRNT_NAMP>2.500e+05</CURRNT_NAMP>
          <TIME>2021-09-28 09:14:42</TIME>
          <TEMP_DEGC>20.400</TEMP_DEGC>
          <AIR_TEMP_DEGC>20.400</AIR_TEMP_DEGC>
          <RH_PRCNT>29.500</RH_PRCNT>
        </DATA>
        <DATA>
          <VOLTS>1.600e-03</VOLTS>
          <CURRNT_NAMP>3.000e+05</CURRNT_NAMP>
          <TIME>2021-09-28 09:14:43</TIME>
          <TEMP_DEGC>20.400</TEMP_DEGC>
          <AIR_TEMP_DEGC>20.400</AIR_TEMP_DEGC>
          <RH_PRCNT>29.500</RH_PRCNT>
        </DATA>
        <DATA>
          <VOLTS>1.990e-03</VOLTS>
          <CURRNT_NAMP>3.500e+05</CURRNT_NAMP>
          <TIME>2021-09-28 09:14:44</TIME>
          <TEMP_DEGC>20.400</TEMP_DEGC>
          <AIR_TEMP_DEGC>20.400</AIR_TEMP_DEGC>
          <RH_PRCNT>29.500</RH_PRCNT>
        </DATA>
        <DATA>
          <VOLTS>2.370e-03</VOLTS>
          <CURRNT_NAMP>4.000e+05</CURRNT_NAMP>
          <TIME>2021-09-28 09:14:46</TIME>
          <TEMP_DEGC>20.400</TEMP_DEGC>
          <AIR_TEMP_DEGC>20.400</AIR_TEMP_DEGC>
          <RH_PRCNT>29.500</RH_PRCNT>
        </DATA>
        <DATA>
          <VOLTS>2.760e-03</VOLTS>
          <CURRNT_NAMP>4.500e+05</CURRNT_NAMP>
          <TIME>2021-09-28 09:14:47</TIME>
          <TEMP_DEGC>20.400</TEMP_DEGC>
          <AIR_TEMP_DEGC>20.400</AIR_TEMP_DEGC>
          <RH_PRCNT>29.500</RH_PRCNT>
        </DATA>
        <DATA>
          <VOLTS>3.140e-03</VOLTS>
          <CURRNT_NAMP>5.000e+05</CURRNT_NAMP>
          <TIME>2021-09-28 09:14:48</TIME>
          <TEMP_DEGC>20.400</TEMP_DEGC>
          <AIR_TEMP_DEGC>20.400</AIR_TEMP_DEGC>
          <RH_PRCNT>29.500</RH_PRCNT>
        </DATA>
        <DATA>
          <VOLTS>3.530e-03</VOLTS>
          <CURRNT_NAMP>5.500e+05</CURRNT_NAMP>
          <TIME>2021-09-28 09:14:49</TIME>
          <TEMP_DEGC>20.400</TEMP_DEGC>
          <AIR_TEMP_DEGC>20.400</AIR_TEMP_DEGC>
          <RH_PRCNT>29.500</RH_PRCNT>
        </DATA>
        <DATA>
          <VOLTS>3.910e-03</VOLTS>
          <CURRNT_NAMP>6.000e+05</CURRNT_NAMP>
          <TIME>2021-09-28 09:14:50</TIME>
          <TEMP_DEGC>20.400</TEMP_DEGC>
          <AIR_TEMP_DEGC>20.400</AIR_TEMP_DEGC>
          <RH_PRCNT>29.500</RH_PRCNT>
        </DATA>
        <DATA>
          <VOLTS>4.290e-03</VOLTS>
          <CURRNT_NAMP>6.500e+05</CURRNT_NAMP>
          <TIME>2021-09-28 09:14:51</TIME>
          <TEMP_DEGC>20.400</TEMP_DEGC>
          <AIR_TEMP_DEGC>20.400</AIR_TEMP_DEGC>
          <RH_PRCNT>29.500</RH_PRCNT>
        </DATA>
        <DATA>
          <VOLTS>4.680e-03</VOLTS>
          <CURRNT_NAMP>7.000e+05</CURRNT_NAMP>
          <TIME>2021-09-28 09:14:52</TIME>
          <TEMP_DEGC>20.400</TEMP_DEGC>
          <AIR_TEMP_DEGC>20.400</AIR_TEMP_DEGC>
          <RH_PRCNT>29.500</RH_PRCNT>
        </DATA>
        <DATA>
          <VOLTS>5.060e-03</VOLTS>
          <CURRNT_NAMP>7.500e+05</CURRNT_NAMP>
          <TIME>2021-09-28 09:14:53</TIME>
          <TEMP_DEGC>20.400</TEMP_DEGC>
          <AIR_TEMP_DEGC>20.400</AIR_TEMP_DEGC>
          <RH_PRCNT>29.400</RH_PRCNT>
        </DATA>
        <DATA>
          <VOLTS>5.440e-03</VOLTS>
          <CURRNT_NAMP>8.000e+05</CURRNT_NAMP>
          <TIME>2021-09-28 09:14:54</TIME>
          <TEMP_DEGC>20.400</TEMP_DEGC>
          <AIR_TEMP_DEGC>20.400</AIR_TEMP_DEGC>
          <RH_PRCNT>29.400</RH_PRCNT>
        </DATA>
        <DATA>
          <VOLTS>5.830e-03</VOLTS>
          <CURRNT_NAMP>8.500e+05</CURRNT_NAMP>
          <TIME>2021-09-28 09:14:55</TIME>
          <TEMP_DEGC>20.400</TEMP_DEGC>
          <AIR_TEMP_DEGC>20.400</AIR_TEMP_DEGC>
          <RH_PRCNT>29.400</RH_PRCNT>
        </DATA>
        <DATA>
          <VOLTS>6.210e-03</VOLTS>
          <CURRNT_NAMP>9.000e+05</CURRNT_NAMP>
          <TIME>2021-09-28 09:14:56</TIME>
          <TEMP_DEGC>20.400</TEMP_DEGC>
          <AIR_TEMP_DEGC>20.400</AIR_TEMP_DEGC>
          <RH_PRCNT>29.400</RH_PRCNT>
        </DATA>
        <DATA>
          <VOLTS>6.600e-03</VOLTS>
          <CURRNT_NAMP>9.500e+05</CURRNT_NAMP>
          <TIME>2021-09-28 09:14:57</TIME>
          <TEMP_DEGC>20.400</TEMP_DEGC>
          <AIR_TEMP_DEGC>20.400</AIR_TEMP_DEGC>
          <RH_PRCNT>29.400</RH_PRCNT>
        </DATA>
        <DATA>
          <VOLTS>6.980e-03</VOLTS>
          <CURRNT_NAMP>1.000e+06</CURRNT_NAMP>
          <TIME>2021-09-28 09:14:58</TIME>
          <TEMP_DEGC>20.400</TEMP_DEGC>
          <AIR_TEMP_DEGC>20.400</AIR_TEMP_DEGC>
          <RH_PRCNT>29.400</RH_PRCNT>
        </DATA>
        <CHILD_DATA_SET>
          <HEADER>
            <TYPE>
              <EXTENSION_TABLE_NAME>HALFMOON_IV_PAR</EXTENSION_TABLE_NAME>
              <NAME>Tracker Halfmoon IV Parameters</NAME>
            </TYPE>
          </HEADER>
          <DATA_SET>
            <COMMENT_DESCRIPTION>Test</COMMENT_DESCRIPTION>
            <VERSION>IV_measurement</VERSION>
            <PART>
              <NAME_LABEL>37400_049_2-S_HM_WW</NAME_LABEL>
              <KIND_OF_PART>2S Halfmoon W</KIND_OF_PART>
            </PART>
            <DATA>
              <RSH_OHMSQR>34.734</RSH_OHMSQR>
              <R_OHM>7.664</R_OHM>
            </DATA>
          </DATA_SET>
        </CHILD_DATA_SET>
      </DATA_SET>
    </CHILD_DATA_SET>
  </DATA_SET>
</ROOT>
