<?xml version="1.0"?>
<ROOT>
  <HEADER>
    <TYPE>
      <EXTENSION_TABLE_NAME>HALFMOON_METADATA</EXTENSION_TABLE_NAME>
      <NAME>Tracker Halfmoon Metadata</NAME>
    </TYPE>
    <RUN mode="SEQUENCE_NUMBER" sequence="TRK_OT_RUN_SEQ">
      <RUN_TYPE>PQC</RUN_TYPE>
      <LOCATION>Demokritos</LOCATION>
      <INITIATED_BY_USER>A. Kyriakis</INITIATED_BY_USER>
      <RUN_BEGIN_TIMESTAMP>2021-09-27 10:35:49</RUN_BEGIN_TIMESTAMP>
      <COMMENT_DESCRIPTION>Test</COMMENT_DESCRIPTION>
    </RUN>
  </HEADER>
  <DATA_SET>
    <COMMENT_DESCRIPTION>Metadata with flute and structure</COMMENT_DESCRIPTION>
    <VERSION>IV_measurement</VERSION>
    <PART>
      <NAME_LABEL>37400_006_2-S_HM_WW</NAME_LABEL>
      <KIND_OF_PART>2S Halfmoon W</KIND_OF_PART>
    </PART>
    <DATA>
      <KIND_OF_HM_FLUTE_ID>PQC1</KIND_OF_HM_FLUTE_ID>
      <KIND_OF_HM_STRUCT_ID>VDP_STOP</KIND_OF_HM_STRUCT_ID>
      <KIND_OF_HM_SET_ID>Left</KIND_OF_HM_SET_ID>
      <KIND_OF_HM_CONFIG_ID>Standard</KIND_OF_HM_CONFIG_ID>
      <EQUIPMENT>KEITHLEY 2410</EQUIPMENT>
      <WAITING_TIME_S>0.200</WAITING_TIME_S>
      <TEMP_SET_DEGC>20.900</TEMP_SET_DEGC>
      <AV_TEMP_DEGC>20.900</AV_TEMP_DEGC>
      <PROCEDURE_TYPE>VDP_STOP</PROCEDURE_TYPE>
      <FILE_NAME>Demokritos_VPX37400_006_2-S_HM_W_Left_PQC1_VDPStop_s.xml</FILE_NAME>
    </DATA>
    <CHILD_DATA_SET>
      <HEADER>
        <TYPE>
          <EXTENSION_TABLE_NAME>TEST_SENSOR_IV</EXTENSION_TABLE_NAME>
          <NAME>Tracker Halfmoon IV Test</NAME>
        </TYPE>
      </HEADER>
      <DATA_SET>
        <COMMENT_DESCRIPTION>Test</COMMENT_DESCRIPTION>
        <VERSION>IV_measurement</VERSION>
        <PART>
          <NAME_LABEL>37400_006_2-S_HM_WW</NAME_LABEL>
          <KIND_OF_PART>2S Halfmoon W</KIND_OF_PART>
        </PART>
        <DATA>
          <VOLTS>-4.470e-03</VOLTS>
          <CURRNT_NAMP>-1.000e+03</CURRNT_NAMP>
          <TIME>2021-09-27 10:35:49</TIME>
          <TEMP_DEGC>20.900</TEMP_DEGC>
          <AIR_TEMP_DEGC>20.900</AIR_TEMP_DEGC>
          <RH_PRCNT>25.600</RH_PRCNT>
        </DATA>
        <DATA>
          <VOLTS>-4.170e-03</VOLTS>
          <CURRNT_NAMP>-9.500e+02</CURRNT_NAMP>
          <TIME>2021-09-27 10:35:50</TIME>
          <TEMP_DEGC>20.900</TEMP_DEGC>
          <AIR_TEMP_DEGC>20.900</AIR_TEMP_DEGC>
          <RH_PRCNT>25.600</RH_PRCNT>
        </DATA>
        <DATA>
          <VOLTS>-3.960e-03</VOLTS>
          <CURRNT_NAMP>-9.000e+02</CURRNT_NAMP>
          <TIME>2021-09-27 10:35:51</TIME>
          <TEMP_DEGC>20.800</TEMP_DEGC>
          <AIR_TEMP_DEGC>20.800</AIR_TEMP_DEGC>
          <RH_PRCNT>25.600</RH_PRCNT>
        </DATA>
        <DATA>
          <VOLTS>-3.960e-03</VOLTS>
          <CURRNT_NAMP>-8.500e+02</CURRNT_NAMP>
          <TIME>2021-09-27 10:35:52</TIME>
          <TEMP_DEGC>20.900</TEMP_DEGC>
          <AIR_TEMP_DEGC>20.900</AIR_TEMP_DEGC>
          <RH_PRCNT>25.600</RH_PRCNT>
        </DATA>
        <DATA>
          <VOLTS>-4.070e-03</VOLTS>
          <CURRNT_NAMP>-8.000e+02</CURRNT_NAMP>
          <TIME>2021-09-27 10:35:53</TIME>
          <TEMP_DEGC>20.900</TEMP_DEGC>
          <AIR_TEMP_DEGC>20.900</AIR_TEMP_DEGC>
          <RH_PRCNT>25.600</RH_PRCNT>
        </DATA>
        <DATA>
          <VOLTS>-4.090e-03</VOLTS>
          <CURRNT_NAMP>-7.500e+02</CURRNT_NAMP>
          <TIME>2021-09-27 10:35:54</TIME>
          <TEMP_DEGC>20.900</TEMP_DEGC>
          <AIR_TEMP_DEGC>20.900</AIR_TEMP_DEGC>
          <RH_PRCNT>25.600</RH_PRCNT>
        </DATA>
        <DATA>
          <VOLTS>-3.730e-03</VOLTS>
          <CURRNT_NAMP>-7.000e+02</CURRNT_NAMP>
          <TIME>2021-09-27 10:35:55</TIME>
          <TEMP_DEGC>20.900</TEMP_DEGC>
          <AIR_TEMP_DEGC>20.900</AIR_TEMP_DEGC>
          <RH_PRCNT>25.600</RH_PRCNT>
        </DATA>
        <DATA>
          <VOLTS>-3.490e-03</VOLTS>
          <CURRNT_NAMP>-6.500e+02</CURRNT_NAMP>
          <TIME>2021-09-27 10:35:56</TIME>
          <TEMP_DEGC>20.900</TEMP_DEGC>
          <AIR_TEMP_DEGC>20.900</AIR_TEMP_DEGC>
          <RH_PRCNT>25.600</RH_PRCNT>
        </DATA>
        <DATA>
          <VOLTS>-3.150e-03</VOLTS>
          <CURRNT_NAMP>-6.000e+02</CURRNT_NAMP>
          <TIME>2021-09-27 10:35:57</TIME>
          <TEMP_DEGC>20.900</TEMP_DEGC>
          <AIR_TEMP_DEGC>20.900</AIR_TEMP_DEGC>
          <RH_PRCNT>25.600</RH_PRCNT>
        </DATA>
        <DATA>
          <VOLTS>-2.940e-03</VOLTS>
          <CURRNT_NAMP>-5.500e+02</CURRNT_NAMP>
          <TIME>2021-09-27 10:35:58</TIME>
          <TEMP_DEGC>20.900</TEMP_DEGC>
          <AIR_TEMP_DEGC>20.900</AIR_TEMP_DEGC>
          <RH_PRCNT>25.600</RH_PRCNT>
        </DATA>
        <DATA>
          <VOLTS>-2.650e-03</VOLTS>
          <CURRNT_NAMP>-5.000e+02</CURRNT_NAMP>
          <TIME>2021-09-27 10:35:59</TIME>
          <TEMP_DEGC>20.900</TEMP_DEGC>
          <AIR_TEMP_DEGC>20.900</AIR_TEMP_DEGC>
          <RH_PRCNT>25.600</RH_PRCNT>
        </DATA>
        <DATA>
          <VOLTS>-2.310e-03</VOLTS>
          <CURRNT_NAMP>-4.500e+02</CURRNT_NAMP>
          <TIME>2021-09-27 10:36:00</TIME>
          <TEMP_DEGC>20.900</TEMP_DEGC>
          <AIR_TEMP_DEGC>20.900</AIR_TEMP_DEGC>
          <RH_PRCNT>25.600</RH_PRCNT>
        </DATA>
        <DATA>
          <VOLTS>-2.080e-03</VOLTS>
          <CURRNT_NAMP>-4.000e+02</CURRNT_NAMP>
          <TIME>2021-09-27 10:36:01</TIME>
          <TEMP_DEGC>20.900</TEMP_DEGC>
          <AIR_TEMP_DEGC>20.900</AIR_TEMP_DEGC>
          <RH_PRCNT>25.600</RH_PRCNT>
        </DATA>
        <DATA>
          <VOLTS>-1.970e-03</VOLTS>
          <CURRNT_NAMP>-3.500e+02</CURRNT_NAMP>
          <TIME>2021-09-27 10:36:02</TIME>
          <TEMP_DEGC>20.900</TEMP_DEGC>
          <AIR_TEMP_DEGC>20.900</AIR_TEMP_DEGC>
          <RH_PRCNT>25.600</RH_PRCNT>
        </DATA>
        <DATA>
          <VOLTS>-1.670e-03</VOLTS>
          <CURRNT_NAMP>-3.000e+02</CURRNT_NAMP>
          <TIME>2021-09-27 10:36:04</TIME>
          <TEMP_DEGC>20.900</TEMP_DEGC>
          <AIR_TEMP_DEGC>20.900</AIR_TEMP_DEGC>
          <RH_PRCNT>25.600</RH_PRCNT>
        </DATA>
        <DATA>
          <VOLTS>-1.400e-03</VOLTS>
          <CURRNT_NAMP>-2.500e+02</CURRNT_NAMP>
          <TIME>2021-09-27 10:36:05</TIME>
          <TEMP_DEGC>20.900</TEMP_DEGC>
          <AIR_TEMP_DEGC>20.900</AIR_TEMP_DEGC>
          <RH_PRCNT>25.600</RH_PRCNT>
        </DATA>
        <DATA>
          <VOLTS>-1.140e-03</VOLTS>
          <CURRNT_NAMP>-2.000e+02</CURRNT_NAMP>
          <TIME>2021-09-27 10:36:06</TIME>
          <TEMP_DEGC>20.900</TEMP_DEGC>
          <AIR_TEMP_DEGC>20.900</AIR_TEMP_DEGC>
          <RH_PRCNT>25.600</RH_PRCNT>
        </DATA>
        <DATA>
          <VOLTS>-1.080e-03</VOLTS>
          <CURRNT_NAMP>-1.500e+02</CURRNT_NAMP>
          <TIME>2021-09-27 10:36:07</TIME>
          <TEMP_DEGC>20.900</TEMP_DEGC>
          <AIR_TEMP_DEGC>20.900</AIR_TEMP_DEGC>
          <RH_PRCNT>25.600</RH_PRCNT>
        </DATA>
        <DATA>
          <VOLTS>-9.400e-04</VOLTS>
          <CURRNT_NAMP>-1.000e+02</CURRNT_NAMP>
          <TIME>2021-09-27 10:36:08</TIME>
          <TEMP_DEGC>20.900</TEMP_DEGC>
          <AIR_TEMP_DEGC>20.900</AIR_TEMP_DEGC>
          <RH_PRCNT>25.600</RH_PRCNT>
        </DATA>
        <DATA>
          <VOLTS>-7.600e-04</VOLTS>
          <CURRNT_NAMP>-5.000e+01</CURRNT_NAMP>
          <TIME>2021-09-27 10:36:09</TIME>
          <TEMP_DEGC>20.900</TEMP_DEGC>
          <AIR_TEMP_DEGC>20.900</AIR_TEMP_DEGC>
          <RH_PRCNT>25.600</RH_PRCNT>
        </DATA>
        <DATA>
          <VOLTS>-4.500e-04</VOLTS>
          <CURRNT_NAMP>0.000e+00</CURRNT_NAMP>
          <TIME>2021-09-27 10:36:10</TIME>
          <TEMP_DEGC>20.900</TEMP_DEGC>
          <AIR_TEMP_DEGC>20.900</AIR_TEMP_DEGC>
          <RH_PRCNT>25.600</RH_PRCNT>
        </DATA>
        <DATA>
          <VOLTS>-2.800e-04</VOLTS>
          <CURRNT_NAMP>5.000e+01</CURRNT_NAMP>
          <TIME>2021-09-27 10:36:11</TIME>
          <TEMP_DEGC>20.900</TEMP_DEGC>
          <AIR_TEMP_DEGC>20.900</AIR_TEMP_DEGC>
          <RH_PRCNT>25.600</RH_PRCNT>
        </DATA>
        <DATA>
          <VOLTS>-2.000e-05</VOLTS>
          <CURRNT_NAMP>1.000e+02</CURRNT_NAMP>
          <TIME>2021-09-27 10:36:12</TIME>
          <TEMP_DEGC>20.900</TEMP_DEGC>
          <AIR_TEMP_DEGC>20.900</AIR_TEMP_DEGC>
          <RH_PRCNT>25.600</RH_PRCNT>
        </DATA>
        <DATA>
          <VOLTS>2.600e-04</VOLTS>
          <CURRNT_NAMP>1.500e+02</CURRNT_NAMP>
          <TIME>2021-09-27 10:36:13</TIME>
          <TEMP_DEGC>20.900</TEMP_DEGC>
          <AIR_TEMP_DEGC>20.900</AIR_TEMP_DEGC>
          <RH_PRCNT>25.600</RH_PRCNT>
        </DATA>
        <DATA>
          <VOLTS>4.500e-04</VOLTS>
          <CURRNT_NAMP>2.000e+02</CURRNT_NAMP>
          <TIME>2021-09-27 10:36:14</TIME>
          <TEMP_DEGC>20.900</TEMP_DEGC>
          <AIR_TEMP_DEGC>20.900</AIR_TEMP_DEGC>
          <RH_PRCNT>25.600</RH_PRCNT>
        </DATA>
        <DATA>
          <VOLTS>6.200e-04</VOLTS>
          <CURRNT_NAMP>2.500e+02</CURRNT_NAMP>
          <TIME>2021-09-27 10:36:15</TIME>
          <TEMP_DEGC>20.900</TEMP_DEGC>
          <AIR_TEMP_DEGC>20.900</AIR_TEMP_DEGC>
          <RH_PRCNT>25.600</RH_PRCNT>
        </DATA>
        <DATA>
          <VOLTS>7.800e-04</VOLTS>
          <CURRNT_NAMP>3.000e+02</CURRNT_NAMP>
          <TIME>2021-09-27 10:36:16</TIME>
          <TEMP_DEGC>20.900</TEMP_DEGC>
          <AIR_TEMP_DEGC>20.900</AIR_TEMP_DEGC>
          <RH_PRCNT>25.600</RH_PRCNT>
        </DATA>
        <DATA>
          <VOLTS>9.300e-04</VOLTS>
          <CURRNT_NAMP>3.500e+02</CURRNT_NAMP>
          <TIME>2021-09-27 10:36:17</TIME>
          <TEMP_DEGC>20.900</TEMP_DEGC>
          <AIR_TEMP_DEGC>20.900</AIR_TEMP_DEGC>
          <RH_PRCNT>25.600</RH_PRCNT>
        </DATA>
        <DATA>
          <VOLTS>1.000e-03</VOLTS>
          <CURRNT_NAMP>4.000e+02</CURRNT_NAMP>
          <TIME>2021-09-27 10:36:19</TIME>
          <TEMP_DEGC>20.900</TEMP_DEGC>
          <AIR_TEMP_DEGC>20.900</AIR_TEMP_DEGC>
          <RH_PRCNT>25.600</RH_PRCNT>
        </DATA>
        <DATA>
          <VOLTS>1.260e-03</VOLTS>
          <CURRNT_NAMP>4.500e+02</CURRNT_NAMP>
          <TIME>2021-09-27 10:36:20</TIME>
          <TEMP_DEGC>20.900</TEMP_DEGC>
          <AIR_TEMP_DEGC>20.900</AIR_TEMP_DEGC>
          <RH_PRCNT>25.600</RH_PRCNT>
        </DATA>
        <DATA>
          <VOLTS>1.480e-03</VOLTS>
          <CURRNT_NAMP>5.000e+02</CURRNT_NAMP>
          <TIME>2021-09-27 10:36:21</TIME>
          <TEMP_DEGC>20.900</TEMP_DEGC>
          <AIR_TEMP_DEGC>20.900</AIR_TEMP_DEGC>
          <RH_PRCNT>25.600</RH_PRCNT>
        </DATA>
        <DATA>
          <VOLTS>1.790e-03</VOLTS>
          <CURRNT_NAMP>5.500e+02</CURRNT_NAMP>
          <TIME>2021-09-27 10:36:22</TIME>
          <TEMP_DEGC>20.900</TEMP_DEGC>
          <AIR_TEMP_DEGC>20.900</AIR_TEMP_DEGC>
          <RH_PRCNT>25.600</RH_PRCNT>
        </DATA>
        <DATA>
          <VOLTS>1.990e-03</VOLTS>
          <CURRNT_NAMP>6.000e+02</CURRNT_NAMP>
          <TIME>2021-09-27 10:36:23</TIME>
          <TEMP_DEGC>20.900</TEMP_DEGC>
          <AIR_TEMP_DEGC>20.900</AIR_TEMP_DEGC>
          <RH_PRCNT>25.600</RH_PRCNT>
        </DATA>
        <DATA>
          <VOLTS>2.290e-03</VOLTS>
          <CURRNT_NAMP>6.500e+02</CURRNT_NAMP>
          <TIME>2021-09-27 10:36:24</TIME>
          <TEMP_DEGC>20.900</TEMP_DEGC>
          <AIR_TEMP_DEGC>20.900</AIR_TEMP_DEGC>
          <RH_PRCNT>25.600</RH_PRCNT>
        </DATA>
        <DATA>
          <VOLTS>2.380e-03</VOLTS>
          <CURRNT_NAMP>7.000e+02</CURRNT_NAMP>
          <TIME>2021-09-27 10:36:25</TIME>
          <TEMP_DEGC>20.900</TEMP_DEGC>
          <AIR_TEMP_DEGC>20.900</AIR_TEMP_DEGC>
          <RH_PRCNT>25.600</RH_PRCNT>
        </DATA>
        <DATA>
          <VOLTS>2.500e-03</VOLTS>
          <CURRNT_NAMP>7.500e+02</CURRNT_NAMP>
          <TIME>2021-09-27 10:36:26</TIME>
          <TEMP_DEGC>20.900</TEMP_DEGC>
          <AIR_TEMP_DEGC>20.900</AIR_TEMP_DEGC>
          <RH_PRCNT>25.600</RH_PRCNT>
        </DATA>
        <DATA>
          <VOLTS>2.580e-03</VOLTS>
          <CURRNT_NAMP>8.000e+02</CURRNT_NAMP>
          <TIME>2021-09-27 10:36:27</TIME>
          <TEMP_DEGC>20.900</TEMP_DEGC>
          <AIR_TEMP_DEGC>20.900</AIR_TEMP_DEGC>
          <RH_PRCNT>25.600</RH_PRCNT>
        </DATA>
        <DATA>
          <VOLTS>2.810e-03</VOLTS>
          <CURRNT_NAMP>8.500e+02</CURRNT_NAMP>
          <TIME>2021-09-27 10:36:28</TIME>
          <TEMP_DEGC>20.900</TEMP_DEGC>
          <AIR_TEMP_DEGC>20.900</AIR_TEMP_DEGC>
          <RH_PRCNT>25.600</RH_PRCNT>
        </DATA>
        <DATA>
          <VOLTS>3.060e-03</VOLTS>
          <CURRNT_NAMP>9.000e+02</CURRNT_NAMP>
          <TIME>2021-09-27 10:36:29</TIME>
          <TEMP_DEGC>20.900</TEMP_DEGC>
          <AIR_TEMP_DEGC>20.900</AIR_TEMP_DEGC>
          <RH_PRCNT>25.600</RH_PRCNT>
        </DATA>
        <DATA>
          <VOLTS>3.290e-03</VOLTS>
          <CURRNT_NAMP>9.500e+02</CURRNT_NAMP>
          <TIME>2021-09-27 10:36:30</TIME>
          <TEMP_DEGC>20.900</TEMP_DEGC>
          <AIR_TEMP_DEGC>20.900</AIR_TEMP_DEGC>
          <RH_PRCNT>25.600</RH_PRCNT>
        </DATA>
        <DATA>
          <VOLTS>3.480e-03</VOLTS>
          <CURRNT_NAMP>1.000e+03</CURRNT_NAMP>
          <TIME>2021-09-27 10:36:31</TIME>
          <TEMP_DEGC>20.900</TEMP_DEGC>
          <AIR_TEMP_DEGC>20.900</AIR_TEMP_DEGC>
          <RH_PRCNT>25.600</RH_PRCNT>
        </DATA>
        <CHILD_DATA_SET>
          <HEADER>
            <TYPE>
              <EXTENSION_TABLE_NAME>HALFMOON_IV_PAR</EXTENSION_TABLE_NAME>
              <NAME>Tracker Halfmoon IV Parameters</NAME>
            </TYPE>
          </HEADER>
          <DATA_SET>
            <COMMENT_DESCRIPTION>Test</COMMENT_DESCRIPTION>
            <VERSION>IV_measurement</VERSION>
            <PART>
              <NAME_LABEL>37400_006_2-S_HM_WW</NAME_LABEL>
              <KIND_OF_PART>2S Halfmoon W</KIND_OF_PART>
            </PART>
            <DATA>
              <RSH_OHMSQR>18985.281</RSH_OHMSQR>
              <R_OHM>4188.829</R_OHM>
            </DATA>
          </DATA_SET>
        </CHILD_DATA_SET>
      </DATA_SET>
    </CHILD_DATA_SET>
  </DATA_SET>
</ROOT>
