<?xml version="1.0"?>
<ROOT>
  <HEADER>
    <TYPE>
      <EXTENSION_TABLE_NAME>HALFMOON_METADATA</EXTENSION_TABLE_NAME>
      <NAME>Tracker Halfmoon Metadata</NAME>
    </TYPE>
    <RUN mode="SEQUENCE_NUMBER" sequence="TRK_OT_RUN_SEQ">
      <RUN_TYPE>PQC</RUN_TYPE>
      <LOCATION>Demokritos</LOCATION>
      <INITIATED_BY_USER>A.Kyriakis</INITIATED_BY_USER>
      <RUN_BEGIN_TIMESTAMP>2021-09-28 12:35:17</RUN_BEGIN_TIMESTAMP>
      <COMMENT_DESCRIPTION>Test</COMMENT_DESCRIPTION>
    </RUN>
  </HEADER>
  <DATA_SET>
    <COMMENT_DESCRIPTION>Metadata with flute and structure</COMMENT_DESCRIPTION>
    <VERSION>CV-measurement</VERSION>
    <PART>
      <NAME_LABEL>37400_003_2-S_HM_WW</NAME_LABEL>
      <KIND_OF_PART>2S Halfmoon W</KIND_OF_PART>
    </PART>
    <DATA>
      <KIND_OF_HM_FLUTE_ID>PQC1</KIND_OF_HM_FLUTE_ID>
      <KIND_OF_HM_STRUCT_ID>CAP_E</KIND_OF_HM_STRUCT_ID>
      <KIND_OF_HM_SET_ID>Left</KIND_OF_HM_SET_ID>
      <KIND_OF_HM_CONFIG_ID>Not Used</KIND_OF_HM_CONFIG_ID>
      <EQUIPMENT>HP 4192A</EQUIPMENT>
      <WAITING_TIME_S>0.1000</WAITING_TIME_S>
      <AC_FREQ_HZ>10000.00000</AC_FREQ_HZ>
      <AC_AMPL_V>0.250</AC_AMPL_V>
      <TEMP_SET_DEGC>22.500</TEMP_SET_DEGC>
      <AV_TEMP_DEGC>22.500</AV_TEMP_DEGC>
      <PROCEDURE_TYPE>Cap1</PROCEDURE_TYPE>
      <FILE_NAME>Demokritos_VPX37400_003_2-S_HM_W_Left_PQC1_CapE_CV.xml</FILE_NAME>
    </DATA>
    <CHILD_DATA_SET>
      <HEADER>
        <TYPE>
          <EXTENSION_TABLE_NAME>TEST_SENSOR_CV</EXTENSION_TABLE_NAME>
          <NAME>Tracker Halfmoon CV Test</NAME>
        </TYPE>
      </HEADER>
      <DATA_SET>
        <COMMENT_DESCRIPTION>Test</COMMENT_DESCRIPTION>
        <VERSION>CV-measurement</VERSION>
        <PART>
          <NAME_LABEL>37400_003_2-S_HM_WW</NAME_LABEL>
          <KIND_OF_PART>2S Halfmoon W</KIND_OF_PART>
        </PART>
        <DATA>
          <VOLTS>-5.000</VOLTS>
          <CAPCTNC_PFRD>2.290</CAPCTNC_PFRD>
          <RESSTNC_MOHM>1000.000</RESSTNC_MOHM>
          <TIME>2021-09-28 12:35:17</TIME>
          <TEMP_DEGC>22.500</TEMP_DEGC>
          <AIR_TEMP_DEGC>22.500</AIR_TEMP_DEGC>
          <RH_PRCNT>27.600</RH_PRCNT>
        </DATA>
        <DATA>
          <VOLTS>-4.900</VOLTS>
          <CAPCTNC_PFRD>2.480</CAPCTNC_PFRD>
          <RESSTNC_MOHM>1000.000</RESSTNC_MOHM>
          <TIME>2021-09-28 12:35:18</TIME>
          <TEMP_DEGC>22.500</TEMP_DEGC>
          <AIR_TEMP_DEGC>22.500</AIR_TEMP_DEGC>
          <RH_PRCNT>27.600</RH_PRCNT>
        </DATA>
        <DATA>
          <VOLTS>-4.800</VOLTS>
          <CAPCTNC_PFRD>2.630</CAPCTNC_PFRD>
          <RESSTNC_MOHM>-58.824</RESSTNC_MOHM>
          <TIME>2021-09-28 12:35:19</TIME>
          <TEMP_DEGC>22.500</TEMP_DEGC>
          <AIR_TEMP_DEGC>22.500</AIR_TEMP_DEGC>
          <RH_PRCNT>27.600</RH_PRCNT>
        </DATA>
        <DATA>
          <VOLTS>-4.700</VOLTS>
          <CAPCTNC_PFRD>2.440</CAPCTNC_PFRD>
          <RESSTNC_MOHM>-333.333</RESSTNC_MOHM>
          <TIME>2021-09-28 12:35:20</TIME>
          <TEMP_DEGC>22.500</TEMP_DEGC>
          <AIR_TEMP_DEGC>22.500</AIR_TEMP_DEGC>
          <RH_PRCNT>27.600</RH_PRCNT>
        </DATA>
        <DATA>
          <VOLTS>-4.600</VOLTS>
          <CAPCTNC_PFRD>2.770</CAPCTNC_PFRD>
          <RESSTNC_MOHM>142.857</RESSTNC_MOHM>
          <TIME>2021-09-28 12:35:22</TIME>
          <TEMP_DEGC>22.500</TEMP_DEGC>
          <AIR_TEMP_DEGC>22.500</AIR_TEMP_DEGC>
          <RH_PRCNT>27.600</RH_PRCNT>
        </DATA>
        <DATA>
          <VOLTS>-4.500</VOLTS>
          <CAPCTNC_PFRD>2.670</CAPCTNC_PFRD>
          <RESSTNC_MOHM>37.037</RESSTNC_MOHM>
          <TIME>2021-09-28 12:35:23</TIME>
          <TEMP_DEGC>22.500</TEMP_DEGC>
          <AIR_TEMP_DEGC>22.500</AIR_TEMP_DEGC>
          <RH_PRCNT>27.600</RH_PRCNT>
        </DATA>
        <DATA>
          <VOLTS>-4.400</VOLTS>
          <CAPCTNC_PFRD>2.530</CAPCTNC_PFRD>
          <RESSTNC_MOHM>333.333</RESSTNC_MOHM>
          <TIME>2021-09-28 12:35:24</TIME>
          <TEMP_DEGC>22.500</TEMP_DEGC>
          <AIR_TEMP_DEGC>22.500</AIR_TEMP_DEGC>
          <RH_PRCNT>27.600</RH_PRCNT>
        </DATA>
        <DATA>
          <VOLTS>-4.300</VOLTS>
          <CAPCTNC_PFRD>2.770</CAPCTNC_PFRD>
          <RESSTNC_MOHM>35.714</RESSTNC_MOHM>
          <TIME>2021-09-28 12:35:25</TIME>
          <TEMP_DEGC>22.500</TEMP_DEGC>
          <AIR_TEMP_DEGC>22.500</AIR_TEMP_DEGC>
          <RH_PRCNT>27.600</RH_PRCNT>
        </DATA>
        <DATA>
          <VOLTS>-4.200</VOLTS>
          <CAPCTNC_PFRD>2.850</CAPCTNC_PFRD>
          <RESSTNC_MOHM>37.037</RESSTNC_MOHM>
          <TIME>2021-09-28 12:35:26</TIME>
          <TEMP_DEGC>22.500</TEMP_DEGC>
          <AIR_TEMP_DEGC>22.500</AIR_TEMP_DEGC>
          <RH_PRCNT>27.600</RH_PRCNT>
        </DATA>
        <DATA>
          <VOLTS>-4.100</VOLTS>
          <CAPCTNC_PFRD>2.340</CAPCTNC_PFRD>
          <RESSTNC_MOHM>-55.556</RESSTNC_MOHM>
          <TIME>2021-09-28 12:35:27</TIME>
          <TEMP_DEGC>22.500</TEMP_DEGC>
          <AIR_TEMP_DEGC>22.500</AIR_TEMP_DEGC>
          <RH_PRCNT>27.600</RH_PRCNT>
        </DATA>
        <DATA>
          <VOLTS>-4.000</VOLTS>
          <CAPCTNC_PFRD>2.370</CAPCTNC_PFRD>
          <RESSTNC_MOHM>-142.857</RESSTNC_MOHM>
          <TIME>2021-09-28 12:35:28</TIME>
          <TEMP_DEGC>22.500</TEMP_DEGC>
          <AIR_TEMP_DEGC>22.500</AIR_TEMP_DEGC>
          <RH_PRCNT>27.600</RH_PRCNT>
        </DATA>
        <DATA>
          <VOLTS>-3.900</VOLTS>
          <CAPCTNC_PFRD>2.230</CAPCTNC_PFRD>
          <RESSTNC_MOHM>-250.000</RESSTNC_MOHM>
          <TIME>2021-09-28 12:35:29</TIME>
          <TEMP_DEGC>22.500</TEMP_DEGC>
          <AIR_TEMP_DEGC>22.500</AIR_TEMP_DEGC>
          <RH_PRCNT>27.600</RH_PRCNT>
        </DATA>
        <DATA>
          <VOLTS>-3.800</VOLTS>
          <CAPCTNC_PFRD>2.300</CAPCTNC_PFRD>
          <RESSTNC_MOHM>40.000</RESSTNC_MOHM>
          <TIME>2021-09-28 12:35:30</TIME>
          <TEMP_DEGC>22.500</TEMP_DEGC>
          <AIR_TEMP_DEGC>22.500</AIR_TEMP_DEGC>
          <RH_PRCNT>27.600</RH_PRCNT>
        </DATA>
        <DATA>
          <VOLTS>-3.700</VOLTS>
          <CAPCTNC_PFRD>2.160</CAPCTNC_PFRD>
          <RESSTNC_MOHM>52.632</RESSTNC_MOHM>
          <TIME>2021-09-28 12:35:31</TIME>
          <TEMP_DEGC>22.500</TEMP_DEGC>
          <AIR_TEMP_DEGC>22.500</AIR_TEMP_DEGC>
          <RH_PRCNT>27.600</RH_PRCNT>
        </DATA>
        <DATA>
          <VOLTS>-3.600</VOLTS>
          <CAPCTNC_PFRD>2.740</CAPCTNC_PFRD>
          <RESSTNC_MOHM>43.478</RESSTNC_MOHM>
          <TIME>2021-09-28 12:35:32</TIME>
          <TEMP_DEGC>22.500</TEMP_DEGC>
          <AIR_TEMP_DEGC>22.500</AIR_TEMP_DEGC>
          <RH_PRCNT>27.600</RH_PRCNT>
        </DATA>
        <DATA>
          <VOLTS>-3.500</VOLTS>
          <CAPCTNC_PFRD>2.650</CAPCTNC_PFRD>
          <RESSTNC_MOHM>37.037</RESSTNC_MOHM>
          <TIME>2021-09-28 12:35:33</TIME>
          <TEMP_DEGC>22.500</TEMP_DEGC>
          <AIR_TEMP_DEGC>22.500</AIR_TEMP_DEGC>
          <RH_PRCNT>27.600</RH_PRCNT>
        </DATA>
        <DATA>
          <VOLTS>-3.400</VOLTS>
          <CAPCTNC_PFRD>2.170</CAPCTNC_PFRD>
          <RESSTNC_MOHM>22.727</RESSTNC_MOHM>
          <TIME>2021-09-28 12:35:34</TIME>
          <TEMP_DEGC>22.500</TEMP_DEGC>
          <AIR_TEMP_DEGC>22.500</AIR_TEMP_DEGC>
          <RH_PRCNT>27.600</RH_PRCNT>
        </DATA>
        <DATA>
          <VOLTS>-3.300</VOLTS>
          <CAPCTNC_PFRD>2.070</CAPCTNC_PFRD>
          <RESSTNC_MOHM>166.667</RESSTNC_MOHM>
          <TIME>2021-09-28 12:35:35</TIME>
          <TEMP_DEGC>22.500</TEMP_DEGC>
          <AIR_TEMP_DEGC>22.500</AIR_TEMP_DEGC>
          <RH_PRCNT>27.600</RH_PRCNT>
        </DATA>
        <DATA>
          <VOLTS>-3.200</VOLTS>
          <CAPCTNC_PFRD>2.590</CAPCTNC_PFRD>
          <RESSTNC_MOHM>-1000.000</RESSTNC_MOHM>
          <TIME>2021-09-28 12:35:36</TIME>
          <TEMP_DEGC>22.500</TEMP_DEGC>
          <AIR_TEMP_DEGC>22.500</AIR_TEMP_DEGC>
          <RH_PRCNT>27.600</RH_PRCNT>
        </DATA>
        <DATA>
          <VOLTS>-3.100</VOLTS>
          <CAPCTNC_PFRD>2.700</CAPCTNC_PFRD>
          <RESSTNC_MOHM>125.000</RESSTNC_MOHM>
          <TIME>2021-09-28 12:35:38</TIME>
          <TEMP_DEGC>22.500</TEMP_DEGC>
          <AIR_TEMP_DEGC>22.500</AIR_TEMP_DEGC>
          <RH_PRCNT>27.600</RH_PRCNT>
        </DATA>
        <DATA>
          <VOLTS>-3.000</VOLTS>
          <CAPCTNC_PFRD>2.420</CAPCTNC_PFRD>
          <RESSTNC_MOHM>500.000</RESSTNC_MOHM>
          <TIME>2021-09-28 12:35:39</TIME>
          <TEMP_DEGC>22.500</TEMP_DEGC>
          <AIR_TEMP_DEGC>22.500</AIR_TEMP_DEGC>
          <RH_PRCNT>27.600</RH_PRCNT>
        </DATA>
        <DATA>
          <VOLTS>-2.900</VOLTS>
          <CAPCTNC_PFRD>2.020</CAPCTNC_PFRD>
          <RESSTNC_MOHM>500.000</RESSTNC_MOHM>
          <TIME>2021-09-28 12:35:40</TIME>
          <TEMP_DEGC>22.500</TEMP_DEGC>
          <AIR_TEMP_DEGC>22.500</AIR_TEMP_DEGC>
          <RH_PRCNT>27.600</RH_PRCNT>
        </DATA>
        <DATA>
          <VOLTS>-2.800</VOLTS>
          <CAPCTNC_PFRD>2.480</CAPCTNC_PFRD>
          <RESSTNC_MOHM>-166.667</RESSTNC_MOHM>
          <TIME>2021-09-28 12:35:41</TIME>
          <TEMP_DEGC>22.500</TEMP_DEGC>
          <AIR_TEMP_DEGC>22.500</AIR_TEMP_DEGC>
          <RH_PRCNT>27.600</RH_PRCNT>
        </DATA>
        <DATA>
          <VOLTS>-2.700</VOLTS>
          <CAPCTNC_PFRD>2.620</CAPCTNC_PFRD>
          <RESSTNC_MOHM>52.632</RESSTNC_MOHM>
          <TIME>2021-09-28 12:35:42</TIME>
          <TEMP_DEGC>22.500</TEMP_DEGC>
          <AIR_TEMP_DEGC>22.500</AIR_TEMP_DEGC>
          <RH_PRCNT>27.600</RH_PRCNT>
        </DATA>
        <DATA>
          <VOLTS>-2.600</VOLTS>
          <CAPCTNC_PFRD>2.430</CAPCTNC_PFRD>
          <RESSTNC_MOHM>83.333</RESSTNC_MOHM>
          <TIME>2021-09-28 12:35:43</TIME>
          <TEMP_DEGC>22.500</TEMP_DEGC>
          <AIR_TEMP_DEGC>22.500</AIR_TEMP_DEGC>
          <RH_PRCNT>27.600</RH_PRCNT>
        </DATA>
        <DATA>
          <VOLTS>-2.500</VOLTS>
          <CAPCTNC_PFRD>2.570</CAPCTNC_PFRD>
          <RESSTNC_MOHM>-35.714</RESSTNC_MOHM>
          <TIME>2021-09-28 12:35:44</TIME>
          <TEMP_DEGC>22.500</TEMP_DEGC>
          <AIR_TEMP_DEGC>22.500</AIR_TEMP_DEGC>
          <RH_PRCNT>27.500</RH_PRCNT>
        </DATA>
        <DATA>
          <VOLTS>-2.400</VOLTS>
          <CAPCTNC_PFRD>2.840</CAPCTNC_PFRD>
          <RESSTNC_MOHM>58.824</RESSTNC_MOHM>
          <TIME>2021-09-28 12:35:45</TIME>
          <TEMP_DEGC>22.500</TEMP_DEGC>
          <AIR_TEMP_DEGC>22.500</AIR_TEMP_DEGC>
          <RH_PRCNT>27.500</RH_PRCNT>
        </DATA>
        <DATA>
          <VOLTS>-2.300</VOLTS>
          <CAPCTNC_PFRD>2.620</CAPCTNC_PFRD>
          <RESSTNC_MOHM>-34.483</RESSTNC_MOHM>
          <TIME>2021-09-28 12:35:46</TIME>
          <TEMP_DEGC>22.500</TEMP_DEGC>
          <AIR_TEMP_DEGC>22.500</AIR_TEMP_DEGC>
          <RH_PRCNT>27.500</RH_PRCNT>
        </DATA>
        <DATA>
          <VOLTS>-2.200</VOLTS>
          <CAPCTNC_PFRD>2.600</CAPCTNC_PFRD>
          <RESSTNC_MOHM>-45.455</RESSTNC_MOHM>
          <TIME>2021-09-28 12:35:47</TIME>
          <TEMP_DEGC>22.500</TEMP_DEGC>
          <AIR_TEMP_DEGC>22.500</AIR_TEMP_DEGC>
          <RH_PRCNT>27.500</RH_PRCNT>
        </DATA>
        <DATA>
          <VOLTS>-2.100</VOLTS>
          <CAPCTNC_PFRD>2.200</CAPCTNC_PFRD>
          <RESSTNC_MOHM>43.478</RESSTNC_MOHM>
          <TIME>2021-09-28 12:35:48</TIME>
          <TEMP_DEGC>22.500</TEMP_DEGC>
          <AIR_TEMP_DEGC>22.500</AIR_TEMP_DEGC>
          <RH_PRCNT>27.500</RH_PRCNT>
        </DATA>
        <DATA>
          <VOLTS>-2.000</VOLTS>
          <CAPCTNC_PFRD>2.270</CAPCTNC_PFRD>
          <RESSTNC_MOHM>28.571</RESSTNC_MOHM>
          <TIME>2021-09-28 12:35:49</TIME>
          <TEMP_DEGC>22.500</TEMP_DEGC>
          <AIR_TEMP_DEGC>22.500</AIR_TEMP_DEGC>
          <RH_PRCNT>27.500</RH_PRCNT>
        </DATA>
        <DATA>
          <VOLTS>-1.900</VOLTS>
          <CAPCTNC_PFRD>2.710</CAPCTNC_PFRD>
          <RESSTNC_MOHM>-58.824</RESSTNC_MOHM>
          <TIME>2021-09-28 12:35:50</TIME>
          <TEMP_DEGC>22.500</TEMP_DEGC>
          <AIR_TEMP_DEGC>22.500</AIR_TEMP_DEGC>
          <RH_PRCNT>27.500</RH_PRCNT>
        </DATA>
        <DATA>
          <VOLTS>-1.800</VOLTS>
          <CAPCTNC_PFRD>1.840</CAPCTNC_PFRD>
          <RESSTNC_MOHM>62.500</RESSTNC_MOHM>
          <TIME>2021-09-28 12:35:51</TIME>
          <TEMP_DEGC>22.500</TEMP_DEGC>
          <AIR_TEMP_DEGC>22.500</AIR_TEMP_DEGC>
          <RH_PRCNT>27.500</RH_PRCNT>
        </DATA>
        <DATA>
          <VOLTS>-1.700</VOLTS>
          <CAPCTNC_PFRD>2.380</CAPCTNC_PFRD>
          <RESSTNC_MOHM>125.000</RESSTNC_MOHM>
          <TIME>2021-09-28 12:35:52</TIME>
          <TEMP_DEGC>22.500</TEMP_DEGC>
          <AIR_TEMP_DEGC>22.500</AIR_TEMP_DEGC>
          <RH_PRCNT>27.500</RH_PRCNT>
        </DATA>
        <DATA>
          <VOLTS>-1.600</VOLTS>
          <CAPCTNC_PFRD>2.040</CAPCTNC_PFRD>
          <RESSTNC_MOHM>-66.667</RESSTNC_MOHM>
          <TIME>2021-09-28 12:35:54</TIME>
          <TEMP_DEGC>22.500</TEMP_DEGC>
          <AIR_TEMP_DEGC>22.500</AIR_TEMP_DEGC>
          <RH_PRCNT>27.500</RH_PRCNT>
        </DATA>
        <DATA>
          <VOLTS>-1.500</VOLTS>
          <CAPCTNC_PFRD>2.850</CAPCTNC_PFRD>
          <RESSTNC_MOHM>-1000.000</RESSTNC_MOHM>
          <TIME>2021-09-28 12:35:55</TIME>
          <TEMP_DEGC>22.500</TEMP_DEGC>
          <AIR_TEMP_DEGC>22.500</AIR_TEMP_DEGC>
          <RH_PRCNT>27.500</RH_PRCNT>
        </DATA>
        <DATA>
          <VOLTS>-1.400</VOLTS>
          <CAPCTNC_PFRD>2.920</CAPCTNC_PFRD>
          <RESSTNC_MOHM>26.316</RESSTNC_MOHM>
          <TIME>2021-09-28 12:35:56</TIME>
          <TEMP_DEGC>22.500</TEMP_DEGC>
          <AIR_TEMP_DEGC>22.500</AIR_TEMP_DEGC>
          <RH_PRCNT>27.500</RH_PRCNT>
        </DATA>
        <DATA>
          <VOLTS>-1.300</VOLTS>
          <CAPCTNC_PFRD>2.250</CAPCTNC_PFRD>
          <RESSTNC_MOHM>-90.909</RESSTNC_MOHM>
          <TIME>2021-09-28 12:35:57</TIME>
          <TEMP_DEGC>22.500</TEMP_DEGC>
          <AIR_TEMP_DEGC>22.500</AIR_TEMP_DEGC>
          <RH_PRCNT>27.500</RH_PRCNT>
        </DATA>
        <DATA>
          <VOLTS>-1.200</VOLTS>
          <CAPCTNC_PFRD>2.490</CAPCTNC_PFRD>
          <RESSTNC_MOHM>-83.333</RESSTNC_MOHM>
          <TIME>2021-09-28 12:35:58</TIME>
          <TEMP_DEGC>22.500</TEMP_DEGC>
          <AIR_TEMP_DEGC>22.500</AIR_TEMP_DEGC>
          <RH_PRCNT>27.500</RH_PRCNT>
        </DATA>
        <DATA>
          <VOLTS>-1.100</VOLTS>
          <CAPCTNC_PFRD>2.500</CAPCTNC_PFRD>
          <RESSTNC_MOHM>111.111</RESSTNC_MOHM>
          <TIME>2021-09-28 12:35:59</TIME>
          <TEMP_DEGC>22.500</TEMP_DEGC>
          <AIR_TEMP_DEGC>22.500</AIR_TEMP_DEGC>
          <RH_PRCNT>27.500</RH_PRCNT>
        </DATA>
        <DATA>
          <VOLTS>-1.000</VOLTS>
          <CAPCTNC_PFRD>2.380</CAPCTNC_PFRD>
          <RESSTNC_MOHM>83.333</RESSTNC_MOHM>
          <TIME>2021-09-28 12:36:00</TIME>
          <TEMP_DEGC>22.500</TEMP_DEGC>
          <AIR_TEMP_DEGC>22.500</AIR_TEMP_DEGC>
          <RH_PRCNT>27.500</RH_PRCNT>
        </DATA>
        <DATA>
          <VOLTS>-0.900</VOLTS>
          <CAPCTNC_PFRD>2.710</CAPCTNC_PFRD>
          <RESSTNC_MOHM>66.667</RESSTNC_MOHM>
          <TIME>2021-09-28 12:36:01</TIME>
          <TEMP_DEGC>22.500</TEMP_DEGC>
          <AIR_TEMP_DEGC>22.500</AIR_TEMP_DEGC>
          <RH_PRCNT>27.500</RH_PRCNT>
        </DATA>
        <DATA>
          <VOLTS>-0.800</VOLTS>
          <CAPCTNC_PFRD>2.620</CAPCTNC_PFRD>
          <RESSTNC_MOHM>-62.500</RESSTNC_MOHM>
          <TIME>2021-09-28 12:36:02</TIME>
          <TEMP_DEGC>22.500</TEMP_DEGC>
          <AIR_TEMP_DEGC>22.500</AIR_TEMP_DEGC>
          <RH_PRCNT>27.500</RH_PRCNT>
        </DATA>
        <DATA>
          <VOLTS>-0.700</VOLTS>
          <CAPCTNC_PFRD>2.360</CAPCTNC_PFRD>
          <RESSTNC_MOHM>142.857</RESSTNC_MOHM>
          <TIME>2021-09-28 12:36:03</TIME>
          <TEMP_DEGC>22.500</TEMP_DEGC>
          <AIR_TEMP_DEGC>22.500</AIR_TEMP_DEGC>
          <RH_PRCNT>27.500</RH_PRCNT>
        </DATA>
        <DATA>
          <VOLTS>-0.600</VOLTS>
          <CAPCTNC_PFRD>2.570</CAPCTNC_PFRD>
          <RESSTNC_MOHM>-58.824</RESSTNC_MOHM>
          <TIME>2021-09-28 12:36:04</TIME>
          <TEMP_DEGC>22.500</TEMP_DEGC>
          <AIR_TEMP_DEGC>22.500</AIR_TEMP_DEGC>
          <RH_PRCNT>27.500</RH_PRCNT>
        </DATA>
        <DATA>
          <VOLTS>-0.500</VOLTS>
          <CAPCTNC_PFRD>2.650</CAPCTNC_PFRD>
          <RESSTNC_MOHM>-71.429</RESSTNC_MOHM>
          <TIME>2021-09-28 12:36:05</TIME>
          <TEMP_DEGC>22.500</TEMP_DEGC>
          <AIR_TEMP_DEGC>22.500</AIR_TEMP_DEGC>
          <RH_PRCNT>27.400</RH_PRCNT>
        </DATA>
        <DATA>
          <VOLTS>-0.400</VOLTS>
          <CAPCTNC_PFRD>2.530</CAPCTNC_PFRD>
          <RESSTNC_MOHM>250.000</RESSTNC_MOHM>
          <TIME>2021-09-28 12:36:06</TIME>
          <TEMP_DEGC>22.500</TEMP_DEGC>
          <AIR_TEMP_DEGC>22.500</AIR_TEMP_DEGC>
          <RH_PRCNT>27.400</RH_PRCNT>
        </DATA>
        <DATA>
          <VOLTS>-0.300</VOLTS>
          <CAPCTNC_PFRD>2.570</CAPCTNC_PFRD>
          <RESSTNC_MOHM>-40.000</RESSTNC_MOHM>
          <TIME>2021-09-28 12:36:07</TIME>
          <TEMP_DEGC>22.500</TEMP_DEGC>
          <AIR_TEMP_DEGC>22.500</AIR_TEMP_DEGC>
          <RH_PRCNT>27.400</RH_PRCNT>
        </DATA>
        <DATA>
          <VOLTS>-0.200</VOLTS>
          <CAPCTNC_PFRD>2.250</CAPCTNC_PFRD>
          <RESSTNC_MOHM>125.000</RESSTNC_MOHM>
          <TIME>2021-09-28 12:36:09</TIME>
          <TEMP_DEGC>22.500</TEMP_DEGC>
          <AIR_TEMP_DEGC>22.500</AIR_TEMP_DEGC>
          <RH_PRCNT>27.400</RH_PRCNT>
        </DATA>
        <DATA>
          <VOLTS>-0.100</VOLTS>
          <CAPCTNC_PFRD>2.470</CAPCTNC_PFRD>
          <RESSTNC_MOHM>-47.619</RESSTNC_MOHM>
          <TIME>2021-09-28 12:36:10</TIME>
          <TEMP_DEGC>22.500</TEMP_DEGC>
          <AIR_TEMP_DEGC>22.500</AIR_TEMP_DEGC>
          <RH_PRCNT>27.400</RH_PRCNT>
        </DATA>
        <DATA>
          <VOLTS>0.000</VOLTS>
          <CAPCTNC_PFRD>2.960</CAPCTNC_PFRD>
          <RESSTNC_MOHM>-333.333</RESSTNC_MOHM>
          <TIME>2021-09-28 12:36:11</TIME>
          <TEMP_DEGC>22.500</TEMP_DEGC>
          <AIR_TEMP_DEGC>22.500</AIR_TEMP_DEGC>
          <RH_PRCNT>27.400</RH_PRCNT>
        </DATA>
        <DATA>
          <VOLTS>0.100</VOLTS>
          <CAPCTNC_PFRD>2.660</CAPCTNC_PFRD>
          <RESSTNC_MOHM>-100.000</RESSTNC_MOHM>
          <TIME>2021-09-28 12:36:12</TIME>
          <TEMP_DEGC>22.500</TEMP_DEGC>
          <AIR_TEMP_DEGC>22.500</AIR_TEMP_DEGC>
          <RH_PRCNT>27.400</RH_PRCNT>
        </DATA>
        <DATA>
          <VOLTS>0.200</VOLTS>
          <CAPCTNC_PFRD>2.260</CAPCTNC_PFRD>
          <RESSTNC_MOHM>125.000</RESSTNC_MOHM>
          <TIME>2021-09-28 12:36:13</TIME>
          <TEMP_DEGC>22.500</TEMP_DEGC>
          <AIR_TEMP_DEGC>22.500</AIR_TEMP_DEGC>
          <RH_PRCNT>27.400</RH_PRCNT>
        </DATA>
        <DATA>
          <VOLTS>0.300</VOLTS>
          <CAPCTNC_PFRD>2.500</CAPCTNC_PFRD>
          <RESSTNC_MOHM>-76.923</RESSTNC_MOHM>
          <TIME>2021-09-28 12:36:14</TIME>
          <TEMP_DEGC>22.500</TEMP_DEGC>
          <AIR_TEMP_DEGC>22.500</AIR_TEMP_DEGC>
          <RH_PRCNT>27.400</RH_PRCNT>
        </DATA>
        <DATA>
          <VOLTS>0.400</VOLTS>
          <CAPCTNC_PFRD>2.610</CAPCTNC_PFRD>
          <RESSTNC_MOHM>-200.000</RESSTNC_MOHM>
          <TIME>2021-09-28 12:36:15</TIME>
          <TEMP_DEGC>22.500</TEMP_DEGC>
          <AIR_TEMP_DEGC>22.500</AIR_TEMP_DEGC>
          <RH_PRCNT>27.400</RH_PRCNT>
        </DATA>
        <DATA>
          <VOLTS>0.500</VOLTS>
          <CAPCTNC_PFRD>2.430</CAPCTNC_PFRD>
          <RESSTNC_MOHM>31.250</RESSTNC_MOHM>
          <TIME>2021-09-28 12:36:16</TIME>
          <TEMP_DEGC>22.500</TEMP_DEGC>
          <AIR_TEMP_DEGC>22.500</AIR_TEMP_DEGC>
          <RH_PRCNT>27.400</RH_PRCNT>
        </DATA>
        <DATA>
          <VOLTS>0.600</VOLTS>
          <CAPCTNC_PFRD>2.480</CAPCTNC_PFRD>
          <RESSTNC_MOHM>-200.000</RESSTNC_MOHM>
          <TIME>2021-09-28 12:36:17</TIME>
          <TEMP_DEGC>22.500</TEMP_DEGC>
          <AIR_TEMP_DEGC>22.500</AIR_TEMP_DEGC>
          <RH_PRCNT>27.400</RH_PRCNT>
        </DATA>
        <DATA>
          <VOLTS>0.700</VOLTS>
          <CAPCTNC_PFRD>2.900</CAPCTNC_PFRD>
          <RESSTNC_MOHM>-100.000</RESSTNC_MOHM>
          <TIME>2021-09-28 12:36:18</TIME>
          <TEMP_DEGC>22.500</TEMP_DEGC>
          <AIR_TEMP_DEGC>22.500</AIR_TEMP_DEGC>
          <RH_PRCNT>27.400</RH_PRCNT>
        </DATA>
        <DATA>
          <VOLTS>0.800</VOLTS>
          <CAPCTNC_PFRD>2.750</CAPCTNC_PFRD>
          <RESSTNC_MOHM>-250.000</RESSTNC_MOHM>
          <TIME>2021-09-28 12:36:19</TIME>
          <TEMP_DEGC>22.500</TEMP_DEGC>
          <AIR_TEMP_DEGC>22.500</AIR_TEMP_DEGC>
          <RH_PRCNT>27.400</RH_PRCNT>
        </DATA>
        <DATA>
          <VOLTS>0.900</VOLTS>
          <CAPCTNC_PFRD>2.320</CAPCTNC_PFRD>
          <RESSTNC_MOHM>1000.000</RESSTNC_MOHM>
          <TIME>2021-09-28 12:36:20</TIME>
          <TEMP_DEGC>22.500</TEMP_DEGC>
          <AIR_TEMP_DEGC>22.500</AIR_TEMP_DEGC>
          <RH_PRCNT>27.400</RH_PRCNT>
        </DATA>
        <DATA>
          <VOLTS>1.000</VOLTS>
          <CAPCTNC_PFRD>2.580</CAPCTNC_PFRD>
          <RESSTNC_MOHM>-71.429</RESSTNC_MOHM>
          <TIME>2021-09-28 12:36:21</TIME>
          <TEMP_DEGC>22.500</TEMP_DEGC>
          <AIR_TEMP_DEGC>22.500</AIR_TEMP_DEGC>
          <RH_PRCNT>27.400</RH_PRCNT>
        </DATA>
        <DATA>
          <VOLTS>1.100</VOLTS>
          <CAPCTNC_PFRD>2.550</CAPCTNC_PFRD>
          <RESSTNC_MOHM>76.923</RESSTNC_MOHM>
          <TIME>2021-09-28 12:36:22</TIME>
          <TEMP_DEGC>22.500</TEMP_DEGC>
          <AIR_TEMP_DEGC>22.500</AIR_TEMP_DEGC>
          <RH_PRCNT>27.400</RH_PRCNT>
        </DATA>
        <DATA>
          <VOLTS>1.200</VOLTS>
          <CAPCTNC_PFRD>2.360</CAPCTNC_PFRD>
          <RESSTNC_MOHM>90.909</RESSTNC_MOHM>
          <TIME>2021-09-28 12:36:23</TIME>
          <TEMP_DEGC>22.500</TEMP_DEGC>
          <AIR_TEMP_DEGC>22.500</AIR_TEMP_DEGC>
          <RH_PRCNT>27.400</RH_PRCNT>
        </DATA>
        <DATA>
          <VOLTS>1.300</VOLTS>
          <CAPCTNC_PFRD>2.430</CAPCTNC_PFRD>
          <RESSTNC_MOHM>500.000</RESSTNC_MOHM>
          <TIME>2021-09-28 12:36:25</TIME>
          <TEMP_DEGC>22.500</TEMP_DEGC>
          <AIR_TEMP_DEGC>22.500</AIR_TEMP_DEGC>
          <RH_PRCNT>27.400</RH_PRCNT>
        </DATA>
        <DATA>
          <VOLTS>1.400</VOLTS>
          <CAPCTNC_PFRD>2.240</CAPCTNC_PFRD>
          <RESSTNC_MOHM>-47.619</RESSTNC_MOHM>
          <TIME>2021-09-28 12:36:26</TIME>
          <TEMP_DEGC>22.500</TEMP_DEGC>
          <AIR_TEMP_DEGC>22.500</AIR_TEMP_DEGC>
          <RH_PRCNT>27.400</RH_PRCNT>
        </DATA>
        <DATA>
          <VOLTS>1.500</VOLTS>
          <CAPCTNC_PFRD>2.830</CAPCTNC_PFRD>
          <RESSTNC_MOHM>35.714</RESSTNC_MOHM>
          <TIME>2021-09-28 12:36:27</TIME>
          <TEMP_DEGC>22.500</TEMP_DEGC>
          <AIR_TEMP_DEGC>22.500</AIR_TEMP_DEGC>
          <RH_PRCNT>27.400</RH_PRCNT>
        </DATA>
        <DATA>
          <VOLTS>1.600</VOLTS>
          <CAPCTNC_PFRD>2.520</CAPCTNC_PFRD>
          <RESSTNC_MOHM>-90.909</RESSTNC_MOHM>
          <TIME>2021-09-28 12:36:28</TIME>
          <TEMP_DEGC>22.500</TEMP_DEGC>
          <AIR_TEMP_DEGC>22.500</AIR_TEMP_DEGC>
          <RH_PRCNT>27.400</RH_PRCNT>
        </DATA>
        <DATA>
          <VOLTS>1.700</VOLTS>
          <CAPCTNC_PFRD>2.250</CAPCTNC_PFRD>
          <RESSTNC_MOHM>-200.000</RESSTNC_MOHM>
          <TIME>2021-09-28 12:36:29</TIME>
          <TEMP_DEGC>22.500</TEMP_DEGC>
          <AIR_TEMP_DEGC>22.500</AIR_TEMP_DEGC>
          <RH_PRCNT>27.400</RH_PRCNT>
        </DATA>
        <DATA>
          <VOLTS>1.800</VOLTS>
          <CAPCTNC_PFRD>3.180</CAPCTNC_PFRD>
          <RESSTNC_MOHM>40.000</RESSTNC_MOHM>
          <TIME>2021-09-28 12:36:30</TIME>
          <TEMP_DEGC>22.500</TEMP_DEGC>
          <AIR_TEMP_DEGC>22.500</AIR_TEMP_DEGC>
          <RH_PRCNT>27.400</RH_PRCNT>
        </DATA>
        <DATA>
          <VOLTS>1.900</VOLTS>
          <CAPCTNC_PFRD>2.490</CAPCTNC_PFRD>
          <RESSTNC_MOHM>55.556</RESSTNC_MOHM>
          <TIME>2021-09-28 12:36:31</TIME>
          <TEMP_DEGC>22.500</TEMP_DEGC>
          <AIR_TEMP_DEGC>22.500</AIR_TEMP_DEGC>
          <RH_PRCNT>27.400</RH_PRCNT>
        </DATA>
        <DATA>
          <VOLTS>2.000</VOLTS>
          <CAPCTNC_PFRD>2.410</CAPCTNC_PFRD>
          <RESSTNC_MOHM>62.500</RESSTNC_MOHM>
          <TIME>2021-09-28 12:36:32</TIME>
          <TEMP_DEGC>22.500</TEMP_DEGC>
          <AIR_TEMP_DEGC>22.500</AIR_TEMP_DEGC>
          <RH_PRCNT>27.400</RH_PRCNT>
        </DATA>
        <DATA>
          <VOLTS>2.100</VOLTS>
          <CAPCTNC_PFRD>2.640</CAPCTNC_PFRD>
          <RESSTNC_MOHM>83.333</RESSTNC_MOHM>
          <TIME>2021-09-28 12:36:33</TIME>
          <TEMP_DEGC>22.500</TEMP_DEGC>
          <AIR_TEMP_DEGC>22.500</AIR_TEMP_DEGC>
          <RH_PRCNT>27.400</RH_PRCNT>
        </DATA>
        <DATA>
          <VOLTS>2.200</VOLTS>
          <CAPCTNC_PFRD>2.390</CAPCTNC_PFRD>
          <RESSTNC_MOHM>200.000</RESSTNC_MOHM>
          <TIME>2021-09-28 12:36:34</TIME>
          <TEMP_DEGC>22.500</TEMP_DEGC>
          <AIR_TEMP_DEGC>22.500</AIR_TEMP_DEGC>
          <RH_PRCNT>27.400</RH_PRCNT>
        </DATA>
        <DATA>
          <VOLTS>2.300</VOLTS>
          <CAPCTNC_PFRD>2.910</CAPCTNC_PFRD>
          <RESSTNC_MOHM>-166.667</RESSTNC_MOHM>
          <TIME>2021-09-28 12:36:35</TIME>
          <TEMP_DEGC>22.500</TEMP_DEGC>
          <AIR_TEMP_DEGC>22.500</AIR_TEMP_DEGC>
          <RH_PRCNT>27.400</RH_PRCNT>
        </DATA>
        <DATA>
          <VOLTS>2.400</VOLTS>
          <CAPCTNC_PFRD>2.070</CAPCTNC_PFRD>
          <RESSTNC_MOHM>83.333</RESSTNC_MOHM>
          <TIME>2021-09-28 12:36:36</TIME>
          <TEMP_DEGC>22.500</TEMP_DEGC>
          <AIR_TEMP_DEGC>22.500</AIR_TEMP_DEGC>
          <RH_PRCNT>27.400</RH_PRCNT>
        </DATA>
        <DATA>
          <VOLTS>2.500</VOLTS>
          <CAPCTNC_PFRD>2.170</CAPCTNC_PFRD>
          <RESSTNC_MOHM>66.667</RESSTNC_MOHM>
          <TIME>2021-09-28 12:36:37</TIME>
          <TEMP_DEGC>22.500</TEMP_DEGC>
          <AIR_TEMP_DEGC>22.500</AIR_TEMP_DEGC>
          <RH_PRCNT>27.400</RH_PRCNT>
        </DATA>
        <DATA>
          <VOLTS>2.600</VOLTS>
          <CAPCTNC_PFRD>2.410</CAPCTNC_PFRD>
          <RESSTNC_MOHM>58.824</RESSTNC_MOHM>
          <TIME>2021-09-28 12:36:38</TIME>
          <TEMP_DEGC>22.500</TEMP_DEGC>
          <AIR_TEMP_DEGC>22.500</AIR_TEMP_DEGC>
          <RH_PRCNT>27.400</RH_PRCNT>
        </DATA>
        <DATA>
          <VOLTS>2.700</VOLTS>
          <CAPCTNC_PFRD>2.610</CAPCTNC_PFRD>
          <RESSTNC_MOHM>500.000</RESSTNC_MOHM>
          <TIME>2021-09-28 12:36:39</TIME>
          <TEMP_DEGC>22.500</TEMP_DEGC>
          <AIR_TEMP_DEGC>22.500</AIR_TEMP_DEGC>
          <RH_PRCNT>27.300</RH_PRCNT>
        </DATA>
        <DATA>
          <VOLTS>2.800</VOLTS>
          <CAPCTNC_PFRD>2.420</CAPCTNC_PFRD>
          <RESSTNC_MOHM>-62.500</RESSTNC_MOHM>
          <TIME>2021-09-28 12:36:41</TIME>
          <TEMP_DEGC>22.500</TEMP_DEGC>
          <AIR_TEMP_DEGC>22.500</AIR_TEMP_DEGC>
          <RH_PRCNT>27.300</RH_PRCNT>
        </DATA>
        <DATA>
          <VOLTS>2.900</VOLTS>
          <CAPCTNC_PFRD>2.370</CAPCTNC_PFRD>
          <RESSTNC_MOHM>-83.333</RESSTNC_MOHM>
          <TIME>2021-09-28 12:36:42</TIME>
          <TEMP_DEGC>22.500</TEMP_DEGC>
          <AIR_TEMP_DEGC>22.500</AIR_TEMP_DEGC>
          <RH_PRCNT>27.300</RH_PRCNT>
        </DATA>
        <DATA>
          <VOLTS>3.000</VOLTS>
          <CAPCTNC_PFRD>2.680</CAPCTNC_PFRD>
          <RESSTNC_MOHM>-83.333</RESSTNC_MOHM>
          <TIME>2021-09-28 12:36:43</TIME>
          <TEMP_DEGC>22.500</TEMP_DEGC>
          <AIR_TEMP_DEGC>22.500</AIR_TEMP_DEGC>
          <RH_PRCNT>27.300</RH_PRCNT>
        </DATA>
        <DATA>
          <VOLTS>3.100</VOLTS>
          <CAPCTNC_PFRD>2.560</CAPCTNC_PFRD>
          <RESSTNC_MOHM>90.909</RESSTNC_MOHM>
          <TIME>2021-09-28 12:36:44</TIME>
          <TEMP_DEGC>22.500</TEMP_DEGC>
          <AIR_TEMP_DEGC>22.500</AIR_TEMP_DEGC>
          <RH_PRCNT>27.300</RH_PRCNT>
        </DATA>
        <DATA>
          <VOLTS>3.200</VOLTS>
          <CAPCTNC_PFRD>2.470</CAPCTNC_PFRD>
          <RESSTNC_MOHM>27.027</RESSTNC_MOHM>
          <TIME>2021-09-28 12:36:45</TIME>
          <TEMP_DEGC>22.500</TEMP_DEGC>
          <AIR_TEMP_DEGC>22.500</AIR_TEMP_DEGC>
          <RH_PRCNT>27.300</RH_PRCNT>
        </DATA>
        <DATA>
          <VOLTS>3.300</VOLTS>
          <CAPCTNC_PFRD>2.330</CAPCTNC_PFRD>
          <RESSTNC_MOHM>142.857</RESSTNC_MOHM>
          <TIME>2021-09-28 12:36:46</TIME>
          <TEMP_DEGC>22.500</TEMP_DEGC>
          <AIR_TEMP_DEGC>22.500</AIR_TEMP_DEGC>
          <RH_PRCNT>27.300</RH_PRCNT>
        </DATA>
        <DATA>
          <VOLTS>3.400</VOLTS>
          <CAPCTNC_PFRD>2.440</CAPCTNC_PFRD>
          <RESSTNC_MOHM>-200.000</RESSTNC_MOHM>
          <TIME>2021-09-28 12:36:47</TIME>
          <TEMP_DEGC>22.500</TEMP_DEGC>
          <AIR_TEMP_DEGC>22.500</AIR_TEMP_DEGC>
          <RH_PRCNT>27.300</RH_PRCNT>
        </DATA>
        <DATA>
          <VOLTS>3.500</VOLTS>
          <CAPCTNC_PFRD>1.990</CAPCTNC_PFRD>
          <RESSTNC_MOHM>50.000</RESSTNC_MOHM>
          <TIME>2021-09-28 12:36:48</TIME>
          <TEMP_DEGC>22.500</TEMP_DEGC>
          <AIR_TEMP_DEGC>22.500</AIR_TEMP_DEGC>
          <RH_PRCNT>27.300</RH_PRCNT>
        </DATA>
        <DATA>
          <VOLTS>3.600</VOLTS>
          <CAPCTNC_PFRD>3.140</CAPCTNC_PFRD>
          <RESSTNC_MOHM>-50.000</RESSTNC_MOHM>
          <TIME>2021-09-28 12:36:49</TIME>
          <TEMP_DEGC>22.500</TEMP_DEGC>
          <AIR_TEMP_DEGC>22.500</AIR_TEMP_DEGC>
          <RH_PRCNT>27.300</RH_PRCNT>
        </DATA>
        <DATA>
          <VOLTS>3.700</VOLTS>
          <CAPCTNC_PFRD>1.960</CAPCTNC_PFRD>
          <RESSTNC_MOHM>-58.824</RESSTNC_MOHM>
          <TIME>2021-09-28 12:36:50</TIME>
          <TEMP_DEGC>22.500</TEMP_DEGC>
          <AIR_TEMP_DEGC>22.500</AIR_TEMP_DEGC>
          <RH_PRCNT>27.300</RH_PRCNT>
        </DATA>
        <DATA>
          <VOLTS>3.800</VOLTS>
          <CAPCTNC_PFRD>2.490</CAPCTNC_PFRD>
          <RESSTNC_MOHM>-111.111</RESSTNC_MOHM>
          <TIME>2021-09-28 12:36:51</TIME>
          <TEMP_DEGC>22.500</TEMP_DEGC>
          <AIR_TEMP_DEGC>22.500</AIR_TEMP_DEGC>
          <RH_PRCNT>27.300</RH_PRCNT>
        </DATA>
        <DATA>
          <VOLTS>3.900</VOLTS>
          <CAPCTNC_PFRD>2.180</CAPCTNC_PFRD>
          <RESSTNC_MOHM>55.556</RESSTNC_MOHM>
          <TIME>2021-09-28 12:36:52</TIME>
          <TEMP_DEGC>22.500</TEMP_DEGC>
          <AIR_TEMP_DEGC>22.500</AIR_TEMP_DEGC>
          <RH_PRCNT>27.300</RH_PRCNT>
        </DATA>
        <DATA>
          <VOLTS>4.000</VOLTS>
          <CAPCTNC_PFRD>2.790</CAPCTNC_PFRD>
          <RESSTNC_MOHM>-333.333</RESSTNC_MOHM>
          <TIME>2021-09-28 12:36:53</TIME>
          <TEMP_DEGC>22.500</TEMP_DEGC>
          <AIR_TEMP_DEGC>22.500</AIR_TEMP_DEGC>
          <RH_PRCNT>27.200</RH_PRCNT>
        </DATA>
        <DATA>
          <VOLTS>4.100</VOLTS>
          <CAPCTNC_PFRD>2.610</CAPCTNC_PFRD>
          <RESSTNC_MOHM>-76.923</RESSTNC_MOHM>
          <TIME>2021-09-28 12:36:54</TIME>
          <TEMP_DEGC>22.500</TEMP_DEGC>
          <AIR_TEMP_DEGC>22.500</AIR_TEMP_DEGC>
          <RH_PRCNT>27.200</RH_PRCNT>
        </DATA>
        <DATA>
          <VOLTS>4.200</VOLTS>
          <CAPCTNC_PFRD>2.370</CAPCTNC_PFRD>
          <RESSTNC_MOHM>45.455</RESSTNC_MOHM>
          <TIME>2021-09-28 12:36:56</TIME>
          <TEMP_DEGC>22.500</TEMP_DEGC>
          <AIR_TEMP_DEGC>22.500</AIR_TEMP_DEGC>
          <RH_PRCNT>27.200</RH_PRCNT>
        </DATA>
        <DATA>
          <VOLTS>4.300</VOLTS>
          <CAPCTNC_PFRD>2.330</CAPCTNC_PFRD>
          <RESSTNC_MOHM>40.000</RESSTNC_MOHM>
          <TIME>2021-09-28 12:36:57</TIME>
          <TEMP_DEGC>22.500</TEMP_DEGC>
          <AIR_TEMP_DEGC>22.500</AIR_TEMP_DEGC>
          <RH_PRCNT>27.200</RH_PRCNT>
        </DATA>
        <DATA>
          <VOLTS>4.400</VOLTS>
          <CAPCTNC_PFRD>2.660</CAPCTNC_PFRD>
          <RESSTNC_MOHM>-76.923</RESSTNC_MOHM>
          <TIME>2021-09-28 12:36:58</TIME>
          <TEMP_DEGC>22.500</TEMP_DEGC>
          <AIR_TEMP_DEGC>22.500</AIR_TEMP_DEGC>
          <RH_PRCNT>27.200</RH_PRCNT>
        </DATA>
        <DATA>
          <VOLTS>4.500</VOLTS>
          <CAPCTNC_PFRD>2.380</CAPCTNC_PFRD>
          <RESSTNC_MOHM>-76.923</RESSTNC_MOHM>
          <TIME>2021-09-28 12:36:59</TIME>
          <TEMP_DEGC>22.500</TEMP_DEGC>
          <AIR_TEMP_DEGC>22.500</AIR_TEMP_DEGC>
          <RH_PRCNT>27.200</RH_PRCNT>
        </DATA>
        <DATA>
          <VOLTS>4.600</VOLTS>
          <CAPCTNC_PFRD>2.430</CAPCTNC_PFRD>
          <RESSTNC_MOHM>-50.000</RESSTNC_MOHM>
          <TIME>2021-09-28 12:37:00</TIME>
          <TEMP_DEGC>22.500</TEMP_DEGC>
          <AIR_TEMP_DEGC>22.500</AIR_TEMP_DEGC>
          <RH_PRCNT>27.200</RH_PRCNT>
        </DATA>
        <DATA>
          <VOLTS>4.700</VOLTS>
          <CAPCTNC_PFRD>2.630</CAPCTNC_PFRD>
          <RESSTNC_MOHM>55.556</RESSTNC_MOHM>
          <TIME>2021-09-28 12:37:01</TIME>
          <TEMP_DEGC>22.500</TEMP_DEGC>
          <AIR_TEMP_DEGC>22.500</AIR_TEMP_DEGC>
          <RH_PRCNT>27.200</RH_PRCNT>
        </DATA>
        <DATA>
          <VOLTS>4.800</VOLTS>
          <CAPCTNC_PFRD>2.790</CAPCTNC_PFRD>
          <RESSTNC_MOHM>166.667</RESSTNC_MOHM>
          <TIME>2021-09-28 12:37:02</TIME>
          <TEMP_DEGC>22.500</TEMP_DEGC>
          <AIR_TEMP_DEGC>22.500</AIR_TEMP_DEGC>
          <RH_PRCNT>27.200</RH_PRCNT>
        </DATA>
        <DATA>
          <VOLTS>4.900</VOLTS>
          <CAPCTNC_PFRD>2.490</CAPCTNC_PFRD>
          <RESSTNC_MOHM>-47.619</RESSTNC_MOHM>
          <TIME>2021-09-28 12:37:03</TIME>
          <TEMP_DEGC>22.500</TEMP_DEGC>
          <AIR_TEMP_DEGC>22.500</AIR_TEMP_DEGC>
          <RH_PRCNT>27.200</RH_PRCNT>
        </DATA>
        <DATA>
          <VOLTS>5.000</VOLTS>
          <CAPCTNC_PFRD>2.430</CAPCTNC_PFRD>
          <RESSTNC_MOHM>200.000</RESSTNC_MOHM>
          <TIME>2021-09-28 12:37:04</TIME>
          <TEMP_DEGC>22.500</TEMP_DEGC>
          <AIR_TEMP_DEGC>22.500</AIR_TEMP_DEGC>
          <RH_PRCNT>27.200</RH_PRCNT>
        </DATA>
        <CHILD_DATA_SET>
          <HEADER>
            <TYPE>
              <EXTENSION_TABLE_NAME>HALFMOON_CV_PAR</EXTENSION_TABLE_NAME>
              <NAME>Tracker Halfmoon CV Parameters</NAME>
            </TYPE>
          </HEADER>
          <DATA_SET>
            <COMMENT_DESCRIPTION>Test</COMMENT_DESCRIPTION>
            <VERSION>CV-measurement</VERSION>
            <PART>
              <NAME_LABEL>37400_003_2-S_HM_WW</NAME_LABEL>
              <KIND_OF_PART>2S Halfmoon W</KIND_OF_PART>
            </PART>
            <DATA>
              <CAC_PFRD>2.49206</CAC_PFRD>
              <DOX_NM>701.32611</DOX_NM>
            </DATA>
          </DATA_SET>
        </CHILD_DATA_SET>
      </DATA_SET>
    </CHILD_DATA_SET>
  </DATA_SET>
</ROOT>
