<?xml version="1.0"?>
<ROOT>
  <HEADER>
    <TYPE>
      <EXTENSION_TABLE_NAME>HALFMOON_METADATA</EXTENSION_TABLE_NAME>
      <NAME>Tracker Halfmoon Metadata</NAME>
    </TYPE>
    <RUN mode="SEQUENCE_NUMBER" sequence="TRK_OT_RUN_SEQ">
      <RUN_TYPE>PQC</RUN_TYPE>
      <LOCATION>Demokritos</LOCATION>
      <INITIATED_BY_USER>A. Kyriakis</INITIATED_BY_USER>
      <RUN_BEGIN_TIMESTAMP>2021-09-28 09:23:17</RUN_BEGIN_TIMESTAMP>
      <COMMENT_DESCRIPTION>Test</COMMENT_DESCRIPTION>
    </RUN>
  </HEADER>
  <DATA_SET>
    <COMMENT_DESCRIPTION>Metadata with flute and structure</COMMENT_DESCRIPTION>
    <VERSION>v2</VERSION>
    <PART>
      <NAME_LABEL>37400_049_2-S_HM_WW</NAME_LABEL>
      <KIND_OF_PART>2S Halfmoon W</KIND_OF_PART>
    </PART>
    <DATA>
      <KIND_OF_HM_FLUTE_ID>PQC1</KIND_OF_HM_FLUTE_ID>
      <KIND_OF_HM_STRUCT_ID>MOS_QUARTER</KIND_OF_HM_STRUCT_ID>
      <KIND_OF_HM_SET_ID>Left</KIND_OF_HM_SET_ID>
      <KIND_OF_HM_CONFIG_ID>Not Used</KIND_OF_HM_CONFIG_ID>
      <EQUIPMENT>HP 4192A</EQUIPMENT>
      <WAITING_TIME_S>0.100</WAITING_TIME_S>
      <AC_FREQ_HZ>1.000e+04</AC_FREQ_HZ>
      <AC_AMPL_V>0.250</AC_AMPL_V>
      <TEMP_SET_DEGC>20.600</TEMP_SET_DEGC>
      <AV_TEMP_DEGC>20.600</AV_TEMP_DEGC>
      <PROCEDURE_TYPE>MOS1</PROCEDURE_TYPE>
      <FILE_NAME>Demokritos_VPX37400_049_2-S_HM_W_Left_PQC1_MOSQuarter_CV.xml</FILE_NAME>
    </DATA>
    <CHILD_DATA_SET>
      <HEADER>
        <TYPE>
          <EXTENSION_TABLE_NAME>TEST_SENSOR_CV</EXTENSION_TABLE_NAME>
          <NAME>Tracker Halfmoon CV Test</NAME>
        </TYPE>
      </HEADER>
      <DATA_SET>
        <COMMENT_DESCRIPTION>Test</COMMENT_DESCRIPTION>
        <VERSION>V2</VERSION>
        <PART>
          <NAME_LABEL>37400_049_2-S_HM_WW</NAME_LABEL>
          <KIND_OF_PART>2S Halfmoon W</KIND_OF_PART>
        </PART>
        <DATA>
          <VOLTS>5.000</VOLTS>
          <CAPCTNC_PFRD>38.760</CAPCTNC_PFRD>
          <RESSTNC_MOHM>6.024</RESSTNC_MOHM>
          <TIME>2021-09-28 09:23:17</TIME>
          <TEMP_DEGC>20.600</TEMP_DEGC>
          <AIR_TEMP_DEGC>20.600</AIR_TEMP_DEGC>
          <RH_PRCNT>27.400</RH_PRCNT>
        </DATA>
        <DATA>
          <VOLTS>4.900</VOLTS>
          <CAPCTNC_PFRD>39.050</CAPCTNC_PFRD>
          <RESSTNC_MOHM>5.464</RESSTNC_MOHM>
          <TIME>2021-09-28 09:23:19</TIME>
          <TEMP_DEGC>20.700</TEMP_DEGC>
          <AIR_TEMP_DEGC>20.700</AIR_TEMP_DEGC>
          <RH_PRCNT>27.400</RH_PRCNT>
        </DATA>
        <DATA>
          <VOLTS>4.800</VOLTS>
          <CAPCTNC_PFRD>38.900</CAPCTNC_PFRD>
          <RESSTNC_MOHM>5.376</RESSTNC_MOHM>
          <TIME>2021-09-28 09:23:21</TIME>
          <TEMP_DEGC>20.600</TEMP_DEGC>
          <AIR_TEMP_DEGC>20.600</AIR_TEMP_DEGC>
          <RH_PRCNT>27.400</RH_PRCNT>
        </DATA>
        <DATA>
          <VOLTS>4.700</VOLTS>
          <CAPCTNC_PFRD>38.880</CAPCTNC_PFRD>
          <RESSTNC_MOHM>5.076</RESSTNC_MOHM>
          <TIME>2021-09-28 09:23:22</TIME>
          <TEMP_DEGC>20.600</TEMP_DEGC>
          <AIR_TEMP_DEGC>20.600</AIR_TEMP_DEGC>
          <RH_PRCNT>27.400</RH_PRCNT>
        </DATA>
        <DATA>
          <VOLTS>4.600</VOLTS>
          <CAPCTNC_PFRD>39.570</CAPCTNC_PFRD>
          <RESSTNC_MOHM>4.444</RESSTNC_MOHM>
          <TIME>2021-09-28 09:23:23</TIME>
          <TEMP_DEGC>20.600</TEMP_DEGC>
          <AIR_TEMP_DEGC>20.600</AIR_TEMP_DEGC>
          <RH_PRCNT>27.400</RH_PRCNT>
        </DATA>
        <DATA>
          <VOLTS>4.500</VOLTS>
          <CAPCTNC_PFRD>39.260</CAPCTNC_PFRD>
          <RESSTNC_MOHM>4.525</RESSTNC_MOHM>
          <TIME>2021-09-28 09:23:24</TIME>
          <TEMP_DEGC>20.600</TEMP_DEGC>
          <AIR_TEMP_DEGC>20.600</AIR_TEMP_DEGC>
          <RH_PRCNT>27.300</RH_PRCNT>
        </DATA>
        <DATA>
          <VOLTS>4.400</VOLTS>
          <CAPCTNC_PFRD>39.250</CAPCTNC_PFRD>
          <RESSTNC_MOHM>4.484</RESSTNC_MOHM>
          <TIME>2021-09-28 09:23:25</TIME>
          <TEMP_DEGC>20.600</TEMP_DEGC>
          <AIR_TEMP_DEGC>20.600</AIR_TEMP_DEGC>
          <RH_PRCNT>27.300</RH_PRCNT>
        </DATA>
        <DATA>
          <VOLTS>4.300</VOLTS>
          <CAPCTNC_PFRD>39.330</CAPCTNC_PFRD>
          <RESSTNC_MOHM>4.525</RESSTNC_MOHM>
          <TIME>2021-09-28 09:23:26</TIME>
          <TEMP_DEGC>20.700</TEMP_DEGC>
          <AIR_TEMP_DEGC>20.700</AIR_TEMP_DEGC>
          <RH_PRCNT>27.300</RH_PRCNT>
        </DATA>
        <DATA>
          <VOLTS>4.200</VOLTS>
          <CAPCTNC_PFRD>39.530</CAPCTNC_PFRD>
          <RESSTNC_MOHM>3.984</RESSTNC_MOHM>
          <TIME>2021-09-28 09:23:27</TIME>
          <TEMP_DEGC>20.700</TEMP_DEGC>
          <AIR_TEMP_DEGC>20.700</AIR_TEMP_DEGC>
          <RH_PRCNT>27.300</RH_PRCNT>
        </DATA>
        <DATA>
          <VOLTS>4.100</VOLTS>
          <CAPCTNC_PFRD>39.440</CAPCTNC_PFRD>
          <RESSTNC_MOHM>4.082</RESSTNC_MOHM>
          <TIME>2021-09-28 09:23:28</TIME>
          <TEMP_DEGC>20.700</TEMP_DEGC>
          <AIR_TEMP_DEGC>20.700</AIR_TEMP_DEGC>
          <RH_PRCNT>27.300</RH_PRCNT>
        </DATA>
        <DATA>
          <VOLTS>4.000</VOLTS>
          <CAPCTNC_PFRD>39.230</CAPCTNC_PFRD>
          <RESSTNC_MOHM>4.975</RESSTNC_MOHM>
          <TIME>2021-09-28 09:23:29</TIME>
          <TEMP_DEGC>20.600</TEMP_DEGC>
          <AIR_TEMP_DEGC>20.600</AIR_TEMP_DEGC>
          <RH_PRCNT>27.300</RH_PRCNT>
        </DATA>
        <DATA>
          <VOLTS>3.900</VOLTS>
          <CAPCTNC_PFRD>39.340</CAPCTNC_PFRD>
          <RESSTNC_MOHM>4.878</RESSTNC_MOHM>
          <TIME>2021-09-28 09:23:30</TIME>
          <TEMP_DEGC>20.600</TEMP_DEGC>
          <AIR_TEMP_DEGC>20.600</AIR_TEMP_DEGC>
          <RH_PRCNT>27.300</RH_PRCNT>
        </DATA>
        <DATA>
          <VOLTS>3.800</VOLTS>
          <CAPCTNC_PFRD>39.110</CAPCTNC_PFRD>
          <RESSTNC_MOHM>4.049</RESSTNC_MOHM>
          <TIME>2021-09-28 09:23:31</TIME>
          <TEMP_DEGC>20.600</TEMP_DEGC>
          <AIR_TEMP_DEGC>20.600</AIR_TEMP_DEGC>
          <RH_PRCNT>27.300</RH_PRCNT>
        </DATA>
        <DATA>
          <VOLTS>3.700</VOLTS>
          <CAPCTNC_PFRD>39.110</CAPCTNC_PFRD>
          <RESSTNC_MOHM>4.255</RESSTNC_MOHM>
          <TIME>2021-09-28 09:23:32</TIME>
          <TEMP_DEGC>20.600</TEMP_DEGC>
          <AIR_TEMP_DEGC>20.600</AIR_TEMP_DEGC>
          <RH_PRCNT>27.300</RH_PRCNT>
        </DATA>
        <DATA>
          <VOLTS>3.600</VOLTS>
          <CAPCTNC_PFRD>38.950</CAPCTNC_PFRD>
          <RESSTNC_MOHM>4.673</RESSTNC_MOHM>
          <TIME>2021-09-28 09:23:33</TIME>
          <TEMP_DEGC>20.700</TEMP_DEGC>
          <AIR_TEMP_DEGC>20.700</AIR_TEMP_DEGC>
          <RH_PRCNT>27.300</RH_PRCNT>
        </DATA>
        <DATA>
          <VOLTS>3.500</VOLTS>
          <CAPCTNC_PFRD>39.130</CAPCTNC_PFRD>
          <RESSTNC_MOHM>3.831</RESSTNC_MOHM>
          <TIME>2021-09-28 09:23:34</TIME>
          <TEMP_DEGC>20.700</TEMP_DEGC>
          <AIR_TEMP_DEGC>20.700</AIR_TEMP_DEGC>
          <RH_PRCNT>27.300</RH_PRCNT>
        </DATA>
        <DATA>
          <VOLTS>3.400</VOLTS>
          <CAPCTNC_PFRD>39.240</CAPCTNC_PFRD>
          <RESSTNC_MOHM>4.032</RESSTNC_MOHM>
          <TIME>2021-09-28 09:23:36</TIME>
          <TEMP_DEGC>20.700</TEMP_DEGC>
          <AIR_TEMP_DEGC>20.700</AIR_TEMP_DEGC>
          <RH_PRCNT>27.300</RH_PRCNT>
        </DATA>
        <DATA>
          <VOLTS>3.300</VOLTS>
          <CAPCTNC_PFRD>39.170</CAPCTNC_PFRD>
          <RESSTNC_MOHM>4.202</RESSTNC_MOHM>
          <TIME>2021-09-28 09:23:37</TIME>
          <TEMP_DEGC>20.700</TEMP_DEGC>
          <AIR_TEMP_DEGC>20.700</AIR_TEMP_DEGC>
          <RH_PRCNT>27.300</RH_PRCNT>
        </DATA>
        <DATA>
          <VOLTS>3.200</VOLTS>
          <CAPCTNC_PFRD>39.200</CAPCTNC_PFRD>
          <RESSTNC_MOHM>4.202</RESSTNC_MOHM>
          <TIME>2021-09-28 09:23:38</TIME>
          <TEMP_DEGC>20.600</TEMP_DEGC>
          <AIR_TEMP_DEGC>20.600</AIR_TEMP_DEGC>
          <RH_PRCNT>27.300</RH_PRCNT>
        </DATA>
        <DATA>
          <VOLTS>3.100</VOLTS>
          <CAPCTNC_PFRD>39.190</CAPCTNC_PFRD>
          <RESSTNC_MOHM>4.329</RESSTNC_MOHM>
          <TIME>2021-09-28 09:23:39</TIME>
          <TEMP_DEGC>20.600</TEMP_DEGC>
          <AIR_TEMP_DEGC>20.600</AIR_TEMP_DEGC>
          <RH_PRCNT>27.300</RH_PRCNT>
        </DATA>
        <DATA>
          <VOLTS>3.000</VOLTS>
          <CAPCTNC_PFRD>39.130</CAPCTNC_PFRD>
          <RESSTNC_MOHM>3.953</RESSTNC_MOHM>
          <TIME>2021-09-28 09:23:40</TIME>
          <TEMP_DEGC>20.600</TEMP_DEGC>
          <AIR_TEMP_DEGC>20.600</AIR_TEMP_DEGC>
          <RH_PRCNT>27.300</RH_PRCNT>
        </DATA>
        <DATA>
          <VOLTS>2.900</VOLTS>
          <CAPCTNC_PFRD>39.290</CAPCTNC_PFRD>
          <RESSTNC_MOHM>4.695</RESSTNC_MOHM>
          <TIME>2021-09-28 09:23:41</TIME>
          <TEMP_DEGC>20.700</TEMP_DEGC>
          <AIR_TEMP_DEGC>20.700</AIR_TEMP_DEGC>
          <RH_PRCNT>27.300</RH_PRCNT>
        </DATA>
        <DATA>
          <VOLTS>2.800</VOLTS>
          <CAPCTNC_PFRD>39.250</CAPCTNC_PFRD>
          <RESSTNC_MOHM>4.237</RESSTNC_MOHM>
          <TIME>2021-09-28 09:23:42</TIME>
          <TEMP_DEGC>20.700</TEMP_DEGC>
          <AIR_TEMP_DEGC>20.700</AIR_TEMP_DEGC>
          <RH_PRCNT>27.300</RH_PRCNT>
        </DATA>
        <DATA>
          <VOLTS>2.700</VOLTS>
          <CAPCTNC_PFRD>38.980</CAPCTNC_PFRD>
          <RESSTNC_MOHM>4.348</RESSTNC_MOHM>
          <TIME>2021-09-28 09:23:43</TIME>
          <TEMP_DEGC>20.700</TEMP_DEGC>
          <AIR_TEMP_DEGC>20.700</AIR_TEMP_DEGC>
          <RH_PRCNT>27.300</RH_PRCNT>
        </DATA>
        <DATA>
          <VOLTS>2.600</VOLTS>
          <CAPCTNC_PFRD>39.080</CAPCTNC_PFRD>
          <RESSTNC_MOHM>4.202</RESSTNC_MOHM>
          <TIME>2021-09-28 09:23:44</TIME>
          <TEMP_DEGC>20.600</TEMP_DEGC>
          <AIR_TEMP_DEGC>20.600</AIR_TEMP_DEGC>
          <RH_PRCNT>27.300</RH_PRCNT>
        </DATA>
        <DATA>
          <VOLTS>2.500</VOLTS>
          <CAPCTNC_PFRD>38.710</CAPCTNC_PFRD>
          <RESSTNC_MOHM>4.484</RESSTNC_MOHM>
          <TIME>2021-09-28 09:23:45</TIME>
          <TEMP_DEGC>20.600</TEMP_DEGC>
          <AIR_TEMP_DEGC>20.600</AIR_TEMP_DEGC>
          <RH_PRCNT>27.300</RH_PRCNT>
        </DATA>
        <DATA>
          <VOLTS>2.400</VOLTS>
          <CAPCTNC_PFRD>38.850</CAPCTNC_PFRD>
          <RESSTNC_MOHM>4.292</RESSTNC_MOHM>
          <TIME>2021-09-28 09:23:46</TIME>
          <TEMP_DEGC>20.600</TEMP_DEGC>
          <AIR_TEMP_DEGC>20.600</AIR_TEMP_DEGC>
          <RH_PRCNT>27.300</RH_PRCNT>
        </DATA>
        <DATA>
          <VOLTS>2.300</VOLTS>
          <CAPCTNC_PFRD>38.920</CAPCTNC_PFRD>
          <RESSTNC_MOHM>4.587</RESSTNC_MOHM>
          <TIME>2021-09-28 09:23:47</TIME>
          <TEMP_DEGC>20.700</TEMP_DEGC>
          <AIR_TEMP_DEGC>20.700</AIR_TEMP_DEGC>
          <RH_PRCNT>27.300</RH_PRCNT>
        </DATA>
        <DATA>
          <VOLTS>2.200</VOLTS>
          <CAPCTNC_PFRD>38.370</CAPCTNC_PFRD>
          <RESSTNC_MOHM>4.808</RESSTNC_MOHM>
          <TIME>2021-09-28 09:23:48</TIME>
          <TEMP_DEGC>20.700</TEMP_DEGC>
          <AIR_TEMP_DEGC>20.700</AIR_TEMP_DEGC>
          <RH_PRCNT>27.300</RH_PRCNT>
        </DATA>
        <DATA>
          <VOLTS>2.100</VOLTS>
          <CAPCTNC_PFRD>38.580</CAPCTNC_PFRD>
          <RESSTNC_MOHM>4.566</RESSTNC_MOHM>
          <TIME>2021-09-28 09:23:49</TIME>
          <TEMP_DEGC>20.700</TEMP_DEGC>
          <AIR_TEMP_DEGC>20.700</AIR_TEMP_DEGC>
          <RH_PRCNT>27.300</RH_PRCNT>
        </DATA>
        <DATA>
          <VOLTS>2.000</VOLTS>
          <CAPCTNC_PFRD>39.360</CAPCTNC_PFRD>
          <RESSTNC_MOHM>4.425</RESSTNC_MOHM>
          <TIME>2021-09-28 09:23:50</TIME>
          <TEMP_DEGC>20.700</TEMP_DEGC>
          <AIR_TEMP_DEGC>20.700</AIR_TEMP_DEGC>
          <RH_PRCNT>27.300</RH_PRCNT>
        </DATA>
        <DATA>
          <VOLTS>1.900</VOLTS>
          <CAPCTNC_PFRD>38.890</CAPCTNC_PFRD>
          <RESSTNC_MOHM>4.608</RESSTNC_MOHM>
          <TIME>2021-09-28 09:23:52</TIME>
          <TEMP_DEGC>20.700</TEMP_DEGC>
          <AIR_TEMP_DEGC>20.700</AIR_TEMP_DEGC>
          <RH_PRCNT>27.300</RH_PRCNT>
        </DATA>
        <DATA>
          <VOLTS>1.800</VOLTS>
          <CAPCTNC_PFRD>38.740</CAPCTNC_PFRD>
          <RESSTNC_MOHM>4.425</RESSTNC_MOHM>
          <TIME>2021-09-28 09:23:53</TIME>
          <TEMP_DEGC>20.700</TEMP_DEGC>
          <AIR_TEMP_DEGC>20.700</AIR_TEMP_DEGC>
          <RH_PRCNT>27.300</RH_PRCNT>
        </DATA>
        <DATA>
          <VOLTS>1.700</VOLTS>
          <CAPCTNC_PFRD>38.870</CAPCTNC_PFRD>
          <RESSTNC_MOHM>4.082</RESSTNC_MOHM>
          <TIME>2021-09-28 09:23:54</TIME>
          <TEMP_DEGC>20.600</TEMP_DEGC>
          <AIR_TEMP_DEGC>20.600</AIR_TEMP_DEGC>
          <RH_PRCNT>27.200</RH_PRCNT>
        </DATA>
        <DATA>
          <VOLTS>1.600</VOLTS>
          <CAPCTNC_PFRD>38.820</CAPCTNC_PFRD>
          <RESSTNC_MOHM>4.329</RESSTNC_MOHM>
          <TIME>2021-09-28 09:23:55</TIME>
          <TEMP_DEGC>20.700</TEMP_DEGC>
          <AIR_TEMP_DEGC>20.700</AIR_TEMP_DEGC>
          <RH_PRCNT>27.200</RH_PRCNT>
        </DATA>
        <DATA>
          <VOLTS>1.500</VOLTS>
          <CAPCTNC_PFRD>39.180</CAPCTNC_PFRD>
          <RESSTNC_MOHM>4.184</RESSTNC_MOHM>
          <TIME>2021-09-28 09:23:56</TIME>
          <TEMP_DEGC>20.700</TEMP_DEGC>
          <AIR_TEMP_DEGC>20.700</AIR_TEMP_DEGC>
          <RH_PRCNT>27.200</RH_PRCNT>
        </DATA>
        <DATA>
          <VOLTS>1.400</VOLTS>
          <CAPCTNC_PFRD>38.660</CAPCTNC_PFRD>
          <RESSTNC_MOHM>4.464</RESSTNC_MOHM>
          <TIME>2021-09-28 09:23:57</TIME>
          <TEMP_DEGC>20.700</TEMP_DEGC>
          <AIR_TEMP_DEGC>20.700</AIR_TEMP_DEGC>
          <RH_PRCNT>27.200</RH_PRCNT>
        </DATA>
        <DATA>
          <VOLTS>1.300</VOLTS>
          <CAPCTNC_PFRD>38.300</CAPCTNC_PFRD>
          <RESSTNC_MOHM>4.115</RESSTNC_MOHM>
          <TIME>2021-09-28 09:23:58</TIME>
          <TEMP_DEGC>20.700</TEMP_DEGC>
          <AIR_TEMP_DEGC>20.700</AIR_TEMP_DEGC>
          <RH_PRCNT>27.200</RH_PRCNT>
        </DATA>
        <DATA>
          <VOLTS>1.200</VOLTS>
          <CAPCTNC_PFRD>38.460</CAPCTNC_PFRD>
          <RESSTNC_MOHM>4.219</RESSTNC_MOHM>
          <TIME>2021-09-28 09:23:59</TIME>
          <TEMP_DEGC>20.700</TEMP_DEGC>
          <AIR_TEMP_DEGC>20.700</AIR_TEMP_DEGC>
          <RH_PRCNT>27.200</RH_PRCNT>
        </DATA>
        <DATA>
          <VOLTS>1.100</VOLTS>
          <CAPCTNC_PFRD>38.670</CAPCTNC_PFRD>
          <RESSTNC_MOHM>4.444</RESSTNC_MOHM>
          <TIME>2021-09-28 09:24:00</TIME>
          <TEMP_DEGC>20.600</TEMP_DEGC>
          <AIR_TEMP_DEGC>20.600</AIR_TEMP_DEGC>
          <RH_PRCNT>27.200</RH_PRCNT>
        </DATA>
        <DATA>
          <VOLTS>1.000</VOLTS>
          <CAPCTNC_PFRD>38.560</CAPCTNC_PFRD>
          <RESSTNC_MOHM>4.762</RESSTNC_MOHM>
          <TIME>2021-09-28 09:24:01</TIME>
          <TEMP_DEGC>20.700</TEMP_DEGC>
          <AIR_TEMP_DEGC>20.700</AIR_TEMP_DEGC>
          <RH_PRCNT>27.200</RH_PRCNT>
        </DATA>
        <DATA>
          <VOLTS>0.900</VOLTS>
          <CAPCTNC_PFRD>38.690</CAPCTNC_PFRD>
          <RESSTNC_MOHM>4.132</RESSTNC_MOHM>
          <TIME>2021-09-28 09:24:02</TIME>
          <TEMP_DEGC>20.700</TEMP_DEGC>
          <AIR_TEMP_DEGC>20.700</AIR_TEMP_DEGC>
          <RH_PRCNT>27.200</RH_PRCNT>
        </DATA>
        <DATA>
          <VOLTS>0.800</VOLTS>
          <CAPCTNC_PFRD>38.240</CAPCTNC_PFRD>
          <RESSTNC_MOHM>4.065</RESSTNC_MOHM>
          <TIME>2021-09-28 09:24:03</TIME>
          <TEMP_DEGC>20.700</TEMP_DEGC>
          <AIR_TEMP_DEGC>20.700</AIR_TEMP_DEGC>
          <RH_PRCNT>27.200</RH_PRCNT>
        </DATA>
        <DATA>
          <VOLTS>0.700</VOLTS>
          <CAPCTNC_PFRD>38.210</CAPCTNC_PFRD>
          <RESSTNC_MOHM>3.922</RESSTNC_MOHM>
          <TIME>2021-09-28 09:24:04</TIME>
          <TEMP_DEGC>20.700</TEMP_DEGC>
          <AIR_TEMP_DEGC>20.700</AIR_TEMP_DEGC>
          <RH_PRCNT>27.200</RH_PRCNT>
        </DATA>
        <DATA>
          <VOLTS>0.600</VOLTS>
          <CAPCTNC_PFRD>38.750</CAPCTNC_PFRD>
          <RESSTNC_MOHM>4.525</RESSTNC_MOHM>
          <TIME>2021-09-28 09:24:05</TIME>
          <TEMP_DEGC>20.700</TEMP_DEGC>
          <AIR_TEMP_DEGC>20.700</AIR_TEMP_DEGC>
          <RH_PRCNT>27.200</RH_PRCNT>
        </DATA>
        <DATA>
          <VOLTS>0.500</VOLTS>
          <CAPCTNC_PFRD>38.270</CAPCTNC_PFRD>
          <RESSTNC_MOHM>5.025</RESSTNC_MOHM>
          <TIME>2021-09-28 09:24:07</TIME>
          <TEMP_DEGC>20.700</TEMP_DEGC>
          <AIR_TEMP_DEGC>20.700</AIR_TEMP_DEGC>
          <RH_PRCNT>27.200</RH_PRCNT>
        </DATA>
        <DATA>
          <VOLTS>0.400</VOLTS>
          <CAPCTNC_PFRD>39.070</CAPCTNC_PFRD>
          <RESSTNC_MOHM>4.098</RESSTNC_MOHM>
          <TIME>2021-09-28 09:24:08</TIME>
          <TEMP_DEGC>20.700</TEMP_DEGC>
          <AIR_TEMP_DEGC>20.700</AIR_TEMP_DEGC>
          <RH_PRCNT>27.200</RH_PRCNT>
        </DATA>
        <DATA>
          <VOLTS>0.300</VOLTS>
          <CAPCTNC_PFRD>38.430</CAPCTNC_PFRD>
          <RESSTNC_MOHM>4.405</RESSTNC_MOHM>
          <TIME>2021-09-28 09:24:09</TIME>
          <TEMP_DEGC>20.700</TEMP_DEGC>
          <AIR_TEMP_DEGC>20.700</AIR_TEMP_DEGC>
          <RH_PRCNT>27.200</RH_PRCNT>
        </DATA>
        <DATA>
          <VOLTS>0.200</VOLTS>
          <CAPCTNC_PFRD>38.010</CAPCTNC_PFRD>
          <RESSTNC_MOHM>4.202</RESSTNC_MOHM>
          <TIME>2021-09-28 09:24:10</TIME>
          <TEMP_DEGC>20.700</TEMP_DEGC>
          <AIR_TEMP_DEGC>20.700</AIR_TEMP_DEGC>
          <RH_PRCNT>27.200</RH_PRCNT>
        </DATA>
        <DATA>
          <VOLTS>0.100</VOLTS>
          <CAPCTNC_PFRD>37.990</CAPCTNC_PFRD>
          <RESSTNC_MOHM>4.032</RESSTNC_MOHM>
          <TIME>2021-09-28 09:24:11</TIME>
          <TEMP_DEGC>20.700</TEMP_DEGC>
          <AIR_TEMP_DEGC>20.700</AIR_TEMP_DEGC>
          <RH_PRCNT>27.200</RH_PRCNT>
        </DATA>
        <DATA>
          <VOLTS>-0.000</VOLTS>
          <CAPCTNC_PFRD>37.710</CAPCTNC_PFRD>
          <RESSTNC_MOHM>3.953</RESSTNC_MOHM>
          <TIME>2021-09-28 09:24:12</TIME>
          <TEMP_DEGC>20.700</TEMP_DEGC>
          <AIR_TEMP_DEGC>20.700</AIR_TEMP_DEGC>
          <RH_PRCNT>27.200</RH_PRCNT>
        </DATA>
        <DATA>
          <VOLTS>-0.100</VOLTS>
          <CAPCTNC_PFRD>37.920</CAPCTNC_PFRD>
          <RESSTNC_MOHM>4.902</RESSTNC_MOHM>
          <TIME>2021-09-28 09:24:13</TIME>
          <TEMP_DEGC>20.700</TEMP_DEGC>
          <AIR_TEMP_DEGC>20.700</AIR_TEMP_DEGC>
          <RH_PRCNT>27.200</RH_PRCNT>
        </DATA>
        <DATA>
          <VOLTS>-0.200</VOLTS>
          <CAPCTNC_PFRD>37.760</CAPCTNC_PFRD>
          <RESSTNC_MOHM>4.016</RESSTNC_MOHM>
          <TIME>2021-09-28 09:24:14</TIME>
          <TEMP_DEGC>20.700</TEMP_DEGC>
          <AIR_TEMP_DEGC>20.700</AIR_TEMP_DEGC>
          <RH_PRCNT>27.200</RH_PRCNT>
        </DATA>
        <DATA>
          <VOLTS>-0.300</VOLTS>
          <CAPCTNC_PFRD>38.050</CAPCTNC_PFRD>
          <RESSTNC_MOHM>4.237</RESSTNC_MOHM>
          <TIME>2021-09-28 09:24:15</TIME>
          <TEMP_DEGC>20.700</TEMP_DEGC>
          <AIR_TEMP_DEGC>20.700</AIR_TEMP_DEGC>
          <RH_PRCNT>27.200</RH_PRCNT>
        </DATA>
        <DATA>
          <VOLTS>-0.400</VOLTS>
          <CAPCTNC_PFRD>37.960</CAPCTNC_PFRD>
          <RESSTNC_MOHM>4.525</RESSTNC_MOHM>
          <TIME>2021-09-28 09:24:16</TIME>
          <TEMP_DEGC>20.700</TEMP_DEGC>
          <AIR_TEMP_DEGC>20.700</AIR_TEMP_DEGC>
          <RH_PRCNT>27.200</RH_PRCNT>
        </DATA>
        <DATA>
          <VOLTS>-0.500</VOLTS>
          <CAPCTNC_PFRD>37.200</CAPCTNC_PFRD>
          <RESSTNC_MOHM>4.464</RESSTNC_MOHM>
          <TIME>2021-09-28 09:24:17</TIME>
          <TEMP_DEGC>20.700</TEMP_DEGC>
          <AIR_TEMP_DEGC>20.700</AIR_TEMP_DEGC>
          <RH_PRCNT>27.200</RH_PRCNT>
        </DATA>
        <DATA>
          <VOLTS>-0.600</VOLTS>
          <CAPCTNC_PFRD>37.340</CAPCTNC_PFRD>
          <RESSTNC_MOHM>4.464</RESSTNC_MOHM>
          <TIME>2021-09-28 09:24:18</TIME>
          <TEMP_DEGC>20.700</TEMP_DEGC>
          <AIR_TEMP_DEGC>20.700</AIR_TEMP_DEGC>
          <RH_PRCNT>27.200</RH_PRCNT>
        </DATA>
        <DATA>
          <VOLTS>-0.700</VOLTS>
          <CAPCTNC_PFRD>37.480</CAPCTNC_PFRD>
          <RESSTNC_MOHM>4.132</RESSTNC_MOHM>
          <TIME>2021-09-28 09:24:19</TIME>
          <TEMP_DEGC>20.700</TEMP_DEGC>
          <AIR_TEMP_DEGC>20.700</AIR_TEMP_DEGC>
          <RH_PRCNT>27.200</RH_PRCNT>
        </DATA>
        <DATA>
          <VOLTS>-0.800</VOLTS>
          <CAPCTNC_PFRD>37.700</CAPCTNC_PFRD>
          <RESSTNC_MOHM>3.937</RESSTNC_MOHM>
          <TIME>2021-09-28 09:24:20</TIME>
          <TEMP_DEGC>20.700</TEMP_DEGC>
          <AIR_TEMP_DEGC>20.700</AIR_TEMP_DEGC>
          <RH_PRCNT>27.200</RH_PRCNT>
        </DATA>
        <DATA>
          <VOLTS>-0.900</VOLTS>
          <CAPCTNC_PFRD>37.100</CAPCTNC_PFRD>
          <RESSTNC_MOHM>4.098</RESSTNC_MOHM>
          <TIME>2021-09-28 09:24:22</TIME>
          <TEMP_DEGC>20.700</TEMP_DEGC>
          <AIR_TEMP_DEGC>20.700</AIR_TEMP_DEGC>
          <RH_PRCNT>27.200</RH_PRCNT>
        </DATA>
        <DATA>
          <VOLTS>-1.000</VOLTS>
          <CAPCTNC_PFRD>37.170</CAPCTNC_PFRD>
          <RESSTNC_MOHM>4.587</RESSTNC_MOHM>
          <TIME>2021-09-28 09:24:23</TIME>
          <TEMP_DEGC>20.700</TEMP_DEGC>
          <AIR_TEMP_DEGC>20.700</AIR_TEMP_DEGC>
          <RH_PRCNT>27.100</RH_PRCNT>
        </DATA>
        <DATA>
          <VOLTS>-1.100</VOLTS>
          <CAPCTNC_PFRD>36.740</CAPCTNC_PFRD>
          <RESSTNC_MOHM>4.651</RESSTNC_MOHM>
          <TIME>2021-09-28 09:24:24</TIME>
          <TEMP_DEGC>20.700</TEMP_DEGC>
          <AIR_TEMP_DEGC>20.700</AIR_TEMP_DEGC>
          <RH_PRCNT>27.100</RH_PRCNT>
        </DATA>
        <DATA>
          <VOLTS>-1.200</VOLTS>
          <CAPCTNC_PFRD>36.730</CAPCTNC_PFRD>
          <RESSTNC_MOHM>4.464</RESSTNC_MOHM>
          <TIME>2021-09-28 09:24:25</TIME>
          <TEMP_DEGC>20.700</TEMP_DEGC>
          <AIR_TEMP_DEGC>20.700</AIR_TEMP_DEGC>
          <RH_PRCNT>27.100</RH_PRCNT>
        </DATA>
        <DATA>
          <VOLTS>-1.300</VOLTS>
          <CAPCTNC_PFRD>36.180</CAPCTNC_PFRD>
          <RESSTNC_MOHM>4.444</RESSTNC_MOHM>
          <TIME>2021-09-28 09:24:26</TIME>
          <TEMP_DEGC>20.700</TEMP_DEGC>
          <AIR_TEMP_DEGC>20.700</AIR_TEMP_DEGC>
          <RH_PRCNT>27.100</RH_PRCNT>
        </DATA>
        <DATA>
          <VOLTS>-1.400</VOLTS>
          <CAPCTNC_PFRD>35.640</CAPCTNC_PFRD>
          <RESSTNC_MOHM>4.673</RESSTNC_MOHM>
          <TIME>2021-09-28 09:24:27</TIME>
          <TEMP_DEGC>20.700</TEMP_DEGC>
          <AIR_TEMP_DEGC>20.700</AIR_TEMP_DEGC>
          <RH_PRCNT>27.100</RH_PRCNT>
        </DATA>
        <DATA>
          <VOLTS>-1.500</VOLTS>
          <CAPCTNC_PFRD>35.520</CAPCTNC_PFRD>
          <RESSTNC_MOHM>4.444</RESSTNC_MOHM>
          <TIME>2021-09-28 09:24:28</TIME>
          <TEMP_DEGC>20.700</TEMP_DEGC>
          <AIR_TEMP_DEGC>20.700</AIR_TEMP_DEGC>
          <RH_PRCNT>27.100</RH_PRCNT>
        </DATA>
        <DATA>
          <VOLTS>-1.600</VOLTS>
          <CAPCTNC_PFRD>34.840</CAPCTNC_PFRD>
          <RESSTNC_MOHM>4.808</RESSTNC_MOHM>
          <TIME>2021-09-28 09:24:29</TIME>
          <TEMP_DEGC>20.700</TEMP_DEGC>
          <AIR_TEMP_DEGC>20.700</AIR_TEMP_DEGC>
          <RH_PRCNT>27.100</RH_PRCNT>
        </DATA>
        <DATA>
          <VOLTS>-1.700</VOLTS>
          <CAPCTNC_PFRD>33.750</CAPCTNC_PFRD>
          <RESSTNC_MOHM>4.184</RESSTNC_MOHM>
          <TIME>2021-09-28 09:24:30</TIME>
          <TEMP_DEGC>20.700</TEMP_DEGC>
          <AIR_TEMP_DEGC>20.700</AIR_TEMP_DEGC>
          <RH_PRCNT>27.100</RH_PRCNT>
        </DATA>
        <DATA>
          <VOLTS>-1.800</VOLTS>
          <CAPCTNC_PFRD>32.700</CAPCTNC_PFRD>
          <RESSTNC_MOHM>4.651</RESSTNC_MOHM>
          <TIME>2021-09-28 09:24:31</TIME>
          <TEMP_DEGC>20.700</TEMP_DEGC>
          <AIR_TEMP_DEGC>20.700</AIR_TEMP_DEGC>
          <RH_PRCNT>27.100</RH_PRCNT>
        </DATA>
        <DATA>
          <VOLTS>-1.900</VOLTS>
          <CAPCTNC_PFRD>29.780</CAPCTNC_PFRD>
          <RESSTNC_MOHM>5.587</RESSTNC_MOHM>
          <TIME>2021-09-28 09:24:32</TIME>
          <TEMP_DEGC>20.700</TEMP_DEGC>
          <AIR_TEMP_DEGC>20.700</AIR_TEMP_DEGC>
          <RH_PRCNT>27.100</RH_PRCNT>
        </DATA>
        <DATA>
          <VOLTS>-2.000</VOLTS>
          <CAPCTNC_PFRD>26.140</CAPCTNC_PFRD>
          <RESSTNC_MOHM>17.857</RESSTNC_MOHM>
          <TIME>2021-09-28 09:24:33</TIME>
          <TEMP_DEGC>20.700</TEMP_DEGC>
          <AIR_TEMP_DEGC>20.700</AIR_TEMP_DEGC>
          <RH_PRCNT>27.100</RH_PRCNT>
        </DATA>
        <DATA>
          <VOLTS>-2.100</VOLTS>
          <CAPCTNC_PFRD>25.610</CAPCTNC_PFRD>
          <RESSTNC_MOHM>333.333</RESSTNC_MOHM>
          <TIME>2021-09-28 09:24:34</TIME>
          <TEMP_DEGC>20.700</TEMP_DEGC>
          <AIR_TEMP_DEGC>20.700</AIR_TEMP_DEGC>
          <RH_PRCNT>27.100</RH_PRCNT>
        </DATA>
        <DATA>
          <VOLTS>-2.200</VOLTS>
          <CAPCTNC_PFRD>27.890</CAPCTNC_PFRD>
          <RESSTNC_MOHM>-43.478</RESSTNC_MOHM>
          <TIME>2021-09-28 09:24:35</TIME>
          <TEMP_DEGC>20.700</TEMP_DEGC>
          <AIR_TEMP_DEGC>20.700</AIR_TEMP_DEGC>
          <RH_PRCNT>27.100</RH_PRCNT>
        </DATA>
        <DATA>
          <VOLTS>-2.300</VOLTS>
          <CAPCTNC_PFRD>31.300</CAPCTNC_PFRD>
          <RESSTNC_MOHM>55.556</RESSTNC_MOHM>
          <TIME>2021-09-28 09:24:36</TIME>
          <TEMP_DEGC>20.700</TEMP_DEGC>
          <AIR_TEMP_DEGC>20.700</AIR_TEMP_DEGC>
          <RH_PRCNT>27.100</RH_PRCNT>
        </DATA>
        <DATA>
          <VOLTS>-2.400</VOLTS>
          <CAPCTNC_PFRD>36.390</CAPCTNC_PFRD>
          <RESSTNC_MOHM>17.544</RESSTNC_MOHM>
          <TIME>2021-09-28 09:24:38</TIME>
          <TEMP_DEGC>20.700</TEMP_DEGC>
          <AIR_TEMP_DEGC>20.700</AIR_TEMP_DEGC>
          <RH_PRCNT>27.100</RH_PRCNT>
        </DATA>
        <DATA>
          <VOLTS>-2.500</VOLTS>
          <CAPCTNC_PFRD>42.450</CAPCTNC_PFRD>
          <RESSTNC_MOHM>16.129</RESSTNC_MOHM>
          <TIME>2021-09-28 09:24:39</TIME>
          <TEMP_DEGC>20.700</TEMP_DEGC>
          <AIR_TEMP_DEGC>20.700</AIR_TEMP_DEGC>
          <RH_PRCNT>27.100</RH_PRCNT>
        </DATA>
        <DATA>
          <VOLTS>-2.600</VOLTS>
          <CAPCTNC_PFRD>48.890</CAPCTNC_PFRD>
          <RESSTNC_MOHM>10.417</RESSTNC_MOHM>
          <TIME>2021-09-28 09:24:40</TIME>
          <TEMP_DEGC>20.700</TEMP_DEGC>
          <AIR_TEMP_DEGC>20.700</AIR_TEMP_DEGC>
          <RH_PRCNT>27.100</RH_PRCNT>
        </DATA>
        <DATA>
          <VOLTS>-2.700</VOLTS>
          <CAPCTNC_PFRD>56.370</CAPCTNC_PFRD>
          <RESSTNC_MOHM>23.256</RESSTNC_MOHM>
          <TIME>2021-09-28 09:24:41</TIME>
          <TEMP_DEGC>20.700</TEMP_DEGC>
          <AIR_TEMP_DEGC>20.700</AIR_TEMP_DEGC>
          <RH_PRCNT>27.100</RH_PRCNT>
        </DATA>
        <DATA>
          <VOLTS>-2.800</VOLTS>
          <CAPCTNC_PFRD>60.920</CAPCTNC_PFRD>
          <RESSTNC_MOHM>16.667</RESSTNC_MOHM>
          <TIME>2021-09-28 09:24:42</TIME>
          <TEMP_DEGC>20.700</TEMP_DEGC>
          <AIR_TEMP_DEGC>20.700</AIR_TEMP_DEGC>
          <RH_PRCNT>27.100</RH_PRCNT>
        </DATA>
        <DATA>
          <VOLTS>-2.900</VOLTS>
          <CAPCTNC_PFRD>65.040</CAPCTNC_PFRD>
          <RESSTNC_MOHM>12.987</RESSTNC_MOHM>
          <TIME>2021-09-28 09:24:43</TIME>
          <TEMP_DEGC>20.700</TEMP_DEGC>
          <AIR_TEMP_DEGC>20.700</AIR_TEMP_DEGC>
          <RH_PRCNT>27.100</RH_PRCNT>
        </DATA>
        <DATA>
          <VOLTS>-3.000</VOLTS>
          <CAPCTNC_PFRD>68.770</CAPCTNC_PFRD>
          <RESSTNC_MOHM>13.514</RESSTNC_MOHM>
          <TIME>2021-09-28 09:24:44</TIME>
          <TEMP_DEGC>20.700</TEMP_DEGC>
          <AIR_TEMP_DEGC>20.700</AIR_TEMP_DEGC>
          <RH_PRCNT>27.100</RH_PRCNT>
        </DATA>
        <DATA>
          <VOLTS>-3.100</VOLTS>
          <CAPCTNC_PFRD>72.300</CAPCTNC_PFRD>
          <RESSTNC_MOHM>12.195</RESSTNC_MOHM>
          <TIME>2021-09-28 09:24:45</TIME>
          <TEMP_DEGC>20.700</TEMP_DEGC>
          <AIR_TEMP_DEGC>20.700</AIR_TEMP_DEGC>
          <RH_PRCNT>27.100</RH_PRCNT>
        </DATA>
        <DATA>
          <VOLTS>-3.200</VOLTS>
          <CAPCTNC_PFRD>75.050</CAPCTNC_PFRD>
          <RESSTNC_MOHM>11.364</RESSTNC_MOHM>
          <TIME>2021-09-28 09:24:46</TIME>
          <TEMP_DEGC>20.700</TEMP_DEGC>
          <AIR_TEMP_DEGC>20.700</AIR_TEMP_DEGC>
          <RH_PRCNT>27.100</RH_PRCNT>
        </DATA>
        <DATA>
          <VOLTS>-3.300</VOLTS>
          <CAPCTNC_PFRD>77.880</CAPCTNC_PFRD>
          <RESSTNC_MOHM>8.000</RESSTNC_MOHM>
          <TIME>2021-09-28 09:24:47</TIME>
          <TEMP_DEGC>20.700</TEMP_DEGC>
          <AIR_TEMP_DEGC>20.700</AIR_TEMP_DEGC>
          <RH_PRCNT>27.100</RH_PRCNT>
        </DATA>
        <DATA>
          <VOLTS>-3.400</VOLTS>
          <CAPCTNC_PFRD>79.740</CAPCTNC_PFRD>
          <RESSTNC_MOHM>10.204</RESSTNC_MOHM>
          <TIME>2021-09-28 09:24:48</TIME>
          <TEMP_DEGC>20.700</TEMP_DEGC>
          <AIR_TEMP_DEGC>20.700</AIR_TEMP_DEGC>
          <RH_PRCNT>27.100</RH_PRCNT>
        </DATA>
        <DATA>
          <VOLTS>-3.500</VOLTS>
          <CAPCTNC_PFRD>80.870</CAPCTNC_PFRD>
          <RESSTNC_MOHM>9.524</RESSTNC_MOHM>
          <TIME>2021-09-28 09:24:49</TIME>
          <TEMP_DEGC>20.700</TEMP_DEGC>
          <AIR_TEMP_DEGC>20.700</AIR_TEMP_DEGC>
          <RH_PRCNT>27.000</RH_PRCNT>
        </DATA>
        <DATA>
          <VOLTS>-3.600</VOLTS>
          <CAPCTNC_PFRD>81.970</CAPCTNC_PFRD>
          <RESSTNC_MOHM>9.346</RESSTNC_MOHM>
          <TIME>2021-09-28 09:24:50</TIME>
          <TEMP_DEGC>20.700</TEMP_DEGC>
          <AIR_TEMP_DEGC>20.700</AIR_TEMP_DEGC>
          <RH_PRCNT>27.000</RH_PRCNT>
        </DATA>
        <DATA>
          <VOLTS>-3.700</VOLTS>
          <CAPCTNC_PFRD>82.360</CAPCTNC_PFRD>
          <RESSTNC_MOHM>9.346</RESSTNC_MOHM>
          <TIME>2021-09-28 09:24:51</TIME>
          <TEMP_DEGC>20.700</TEMP_DEGC>
          <AIR_TEMP_DEGC>20.700</AIR_TEMP_DEGC>
          <RH_PRCNT>27.000</RH_PRCNT>
        </DATA>
        <DATA>
          <VOLTS>-3.800</VOLTS>
          <CAPCTNC_PFRD>82.800</CAPCTNC_PFRD>
          <RESSTNC_MOHM>9.091</RESSTNC_MOHM>
          <TIME>2021-09-28 09:24:53</TIME>
          <TEMP_DEGC>20.700</TEMP_DEGC>
          <AIR_TEMP_DEGC>20.700</AIR_TEMP_DEGC>
          <RH_PRCNT>27.000</RH_PRCNT>
        </DATA>
        <DATA>
          <VOLTS>-3.900</VOLTS>
          <CAPCTNC_PFRD>82.960</CAPCTNC_PFRD>
          <RESSTNC_MOHM>7.874</RESSTNC_MOHM>
          <TIME>2021-09-28 09:24:54</TIME>
          <TEMP_DEGC>20.700</TEMP_DEGC>
          <AIR_TEMP_DEGC>20.700</AIR_TEMP_DEGC>
          <RH_PRCNT>27.000</RH_PRCNT>
        </DATA>
        <DATA>
          <VOLTS>-4.000</VOLTS>
          <CAPCTNC_PFRD>83.460</CAPCTNC_PFRD>
          <RESSTNC_MOHM>8.475</RESSTNC_MOHM>
          <TIME>2021-09-28 09:24:55</TIME>
          <TEMP_DEGC>20.700</TEMP_DEGC>
          <AIR_TEMP_DEGC>20.700</AIR_TEMP_DEGC>
          <RH_PRCNT>27.000</RH_PRCNT>
        </DATA>
        <DATA>
          <VOLTS>-4.100</VOLTS>
          <CAPCTNC_PFRD>83.270</CAPCTNC_PFRD>
          <RESSTNC_MOHM>9.174</RESSTNC_MOHM>
          <TIME>2021-09-28 09:24:56</TIME>
          <TEMP_DEGC>20.700</TEMP_DEGC>
          <AIR_TEMP_DEGC>20.700</AIR_TEMP_DEGC>
          <RH_PRCNT>27.100</RH_PRCNT>
        </DATA>
        <DATA>
          <VOLTS>-4.200</VOLTS>
          <CAPCTNC_PFRD>84.070</CAPCTNC_PFRD>
          <RESSTNC_MOHM>7.092</RESSTNC_MOHM>
          <TIME>2021-09-28 09:24:57</TIME>
          <TEMP_DEGC>20.700</TEMP_DEGC>
          <AIR_TEMP_DEGC>20.700</AIR_TEMP_DEGC>
          <RH_PRCNT>27.000</RH_PRCNT>
        </DATA>
        <DATA>
          <VOLTS>-4.300</VOLTS>
          <CAPCTNC_PFRD>84.240</CAPCTNC_PFRD>
          <RESSTNC_MOHM>8.696</RESSTNC_MOHM>
          <TIME>2021-09-28 09:24:58</TIME>
          <TEMP_DEGC>20.700</TEMP_DEGC>
          <AIR_TEMP_DEGC>20.700</AIR_TEMP_DEGC>
          <RH_PRCNT>27.000</RH_PRCNT>
        </DATA>
        <DATA>
          <VOLTS>-4.400</VOLTS>
          <CAPCTNC_PFRD>84.340</CAPCTNC_PFRD>
          <RESSTNC_MOHM>8.850</RESSTNC_MOHM>
          <TIME>2021-09-28 09:24:59</TIME>
          <TEMP_DEGC>20.700</TEMP_DEGC>
          <AIR_TEMP_DEGC>20.700</AIR_TEMP_DEGC>
          <RH_PRCNT>27.000</RH_PRCNT>
        </DATA>
        <DATA>
          <VOLTS>-4.500</VOLTS>
          <CAPCTNC_PFRD>84.640</CAPCTNC_PFRD>
          <RESSTNC_MOHM>6.803</RESSTNC_MOHM>
          <TIME>2021-09-28 09:25:00</TIME>
          <TEMP_DEGC>20.700</TEMP_DEGC>
          <AIR_TEMP_DEGC>20.700</AIR_TEMP_DEGC>
          <RH_PRCNT>27.000</RH_PRCNT>
        </DATA>
        <DATA>
          <VOLTS>-4.600</VOLTS>
          <CAPCTNC_PFRD>84.890</CAPCTNC_PFRD>
          <RESSTNC_MOHM>8.929</RESSTNC_MOHM>
          <TIME>2021-09-28 09:25:01</TIME>
          <TEMP_DEGC>20.700</TEMP_DEGC>
          <AIR_TEMP_DEGC>20.700</AIR_TEMP_DEGC>
          <RH_PRCNT>27.000</RH_PRCNT>
        </DATA>
        <DATA>
          <VOLTS>-4.700</VOLTS>
          <CAPCTNC_PFRD>84.920</CAPCTNC_PFRD>
          <RESSTNC_MOHM>6.944</RESSTNC_MOHM>
          <TIME>2021-09-28 09:25:02</TIME>
          <TEMP_DEGC>20.700</TEMP_DEGC>
          <AIR_TEMP_DEGC>20.700</AIR_TEMP_DEGC>
          <RH_PRCNT>27.100</RH_PRCNT>
        </DATA>
        <DATA>
          <VOLTS>-4.800</VOLTS>
          <CAPCTNC_PFRD>85.120</CAPCTNC_PFRD>
          <RESSTNC_MOHM>7.812</RESSTNC_MOHM>
          <TIME>2021-09-28 09:25:03</TIME>
          <TEMP_DEGC>20.700</TEMP_DEGC>
          <AIR_TEMP_DEGC>20.700</AIR_TEMP_DEGC>
          <RH_PRCNT>27.000</RH_PRCNT>
        </DATA>
        <DATA>
          <VOLTS>-4.900</VOLTS>
          <CAPCTNC_PFRD>85.620</CAPCTNC_PFRD>
          <RESSTNC_MOHM>8.130</RESSTNC_MOHM>
          <TIME>2021-09-28 09:25:04</TIME>
          <TEMP_DEGC>20.700</TEMP_DEGC>
          <AIR_TEMP_DEGC>20.700</AIR_TEMP_DEGC>
          <RH_PRCNT>27.000</RH_PRCNT>
        </DATA>
        <DATA>
          <VOLTS>-5.000</VOLTS>
          <CAPCTNC_PFRD>85.040</CAPCTNC_PFRD>
          <RESSTNC_MOHM>8.264</RESSTNC_MOHM>
          <TIME>2021-09-28 09:25:05</TIME>
          <TEMP_DEGC>20.700</TEMP_DEGC>
          <AIR_TEMP_DEGC>20.700</AIR_TEMP_DEGC>
          <RH_PRCNT>27.000</RH_PRCNT>
        </DATA>
        <DATA>
          <VOLTS>-5.100</VOLTS>
          <CAPCTNC_PFRD>85.320</CAPCTNC_PFRD>
          <RESSTNC_MOHM>8.197</RESSTNC_MOHM>
          <TIME>2021-09-28 09:25:06</TIME>
          <TEMP_DEGC>20.700</TEMP_DEGC>
          <AIR_TEMP_DEGC>20.700</AIR_TEMP_DEGC>
          <RH_PRCNT>27.000</RH_PRCNT>
        </DATA>
        <DATA>
          <VOLTS>-5.200</VOLTS>
          <CAPCTNC_PFRD>85.320</CAPCTNC_PFRD>
          <RESSTNC_MOHM>8.065</RESSTNC_MOHM>
          <TIME>2021-09-28 09:25:08</TIME>
          <TEMP_DEGC>20.700</TEMP_DEGC>
          <AIR_TEMP_DEGC>20.700</AIR_TEMP_DEGC>
          <RH_PRCNT>27.000</RH_PRCNT>
        </DATA>
        <DATA>
          <VOLTS>-5.300</VOLTS>
          <CAPCTNC_PFRD>85.300</CAPCTNC_PFRD>
          <RESSTNC_MOHM>10.101</RESSTNC_MOHM>
          <TIME>2021-09-28 09:25:09</TIME>
          <TEMP_DEGC>20.700</TEMP_DEGC>
          <AIR_TEMP_DEGC>20.700</AIR_TEMP_DEGC>
          <RH_PRCNT>27.000</RH_PRCNT>
        </DATA>
        <DATA>
          <VOLTS>-5.400</VOLTS>
          <CAPCTNC_PFRD>85.600</CAPCTNC_PFRD>
          <RESSTNC_MOHM>7.752</RESSTNC_MOHM>
          <TIME>2021-09-28 09:25:10</TIME>
          <TEMP_DEGC>20.700</TEMP_DEGC>
          <AIR_TEMP_DEGC>20.700</AIR_TEMP_DEGC>
          <RH_PRCNT>27.100</RH_PRCNT>
        </DATA>
        <DATA>
          <VOLTS>-5.500</VOLTS>
          <CAPCTNC_PFRD>85.580</CAPCTNC_PFRD>
          <RESSTNC_MOHM>7.407</RESSTNC_MOHM>
          <TIME>2021-09-28 09:25:11</TIME>
          <TEMP_DEGC>20.700</TEMP_DEGC>
          <AIR_TEMP_DEGC>20.700</AIR_TEMP_DEGC>
          <RH_PRCNT>27.000</RH_PRCNT>
        </DATA>
        <DATA>
          <VOLTS>-5.600</VOLTS>
          <CAPCTNC_PFRD>85.590</CAPCTNC_PFRD>
          <RESSTNC_MOHM>7.576</RESSTNC_MOHM>
          <TIME>2021-09-28 09:25:12</TIME>
          <TEMP_DEGC>20.700</TEMP_DEGC>
          <AIR_TEMP_DEGC>20.700</AIR_TEMP_DEGC>
          <RH_PRCNT>27.000</RH_PRCNT>
        </DATA>
        <DATA>
          <VOLTS>-5.700</VOLTS>
          <CAPCTNC_PFRD>85.550</CAPCTNC_PFRD>
          <RESSTNC_MOHM>8.696</RESSTNC_MOHM>
          <TIME>2021-09-28 09:25:13</TIME>
          <TEMP_DEGC>20.700</TEMP_DEGC>
          <AIR_TEMP_DEGC>20.700</AIR_TEMP_DEGC>
          <RH_PRCNT>27.000</RH_PRCNT>
        </DATA>
        <DATA>
          <VOLTS>-5.800</VOLTS>
          <CAPCTNC_PFRD>85.870</CAPCTNC_PFRD>
          <RESSTNC_MOHM>8.621</RESSTNC_MOHM>
          <TIME>2021-09-28 09:25:14</TIME>
          <TEMP_DEGC>20.700</TEMP_DEGC>
          <AIR_TEMP_DEGC>20.700</AIR_TEMP_DEGC>
          <RH_PRCNT>27.000</RH_PRCNT>
        </DATA>
        <DATA>
          <VOLTS>-5.900</VOLTS>
          <CAPCTNC_PFRD>86.260</CAPCTNC_PFRD>
          <RESSTNC_MOHM>8.130</RESSTNC_MOHM>
          <TIME>2021-09-28 09:25:15</TIME>
          <TEMP_DEGC>20.700</TEMP_DEGC>
          <AIR_TEMP_DEGC>20.700</AIR_TEMP_DEGC>
          <RH_PRCNT>27.000</RH_PRCNT>
        </DATA>
        <DATA>
          <VOLTS>-6.000</VOLTS>
          <CAPCTNC_PFRD>85.630</CAPCTNC_PFRD>
          <RESSTNC_MOHM>7.937</RESSTNC_MOHM>
          <TIME>2021-09-28 09:25:16</TIME>
          <TEMP_DEGC>20.700</TEMP_DEGC>
          <AIR_TEMP_DEGC>20.700</AIR_TEMP_DEGC>
          <RH_PRCNT>27.100</RH_PRCNT>
        </DATA>
        <DATA>
          <VOLTS>-6.100</VOLTS>
          <CAPCTNC_PFRD>85.920</CAPCTNC_PFRD>
          <RESSTNC_MOHM>8.264</RESSTNC_MOHM>
          <TIME>2021-09-28 09:25:17</TIME>
          <TEMP_DEGC>20.700</TEMP_DEGC>
          <AIR_TEMP_DEGC>20.700</AIR_TEMP_DEGC>
          <RH_PRCNT>27.000</RH_PRCNT>
        </DATA>
        <DATA>
          <VOLTS>-6.200</VOLTS>
          <CAPCTNC_PFRD>86.180</CAPCTNC_PFRD>
          <RESSTNC_MOHM>8.475</RESSTNC_MOHM>
          <TIME>2021-09-28 09:25:18</TIME>
          <TEMP_DEGC>20.700</TEMP_DEGC>
          <AIR_TEMP_DEGC>20.700</AIR_TEMP_DEGC>
          <RH_PRCNT>27.000</RH_PRCNT>
        </DATA>
        <DATA>
          <VOLTS>-6.300</VOLTS>
          <CAPCTNC_PFRD>86.100</CAPCTNC_PFRD>
          <RESSTNC_MOHM>7.752</RESSTNC_MOHM>
          <TIME>2021-09-28 09:25:19</TIME>
          <TEMP_DEGC>20.700</TEMP_DEGC>
          <AIR_TEMP_DEGC>20.700</AIR_TEMP_DEGC>
          <RH_PRCNT>27.000</RH_PRCNT>
        </DATA>
        <DATA>
          <VOLTS>-6.400</VOLTS>
          <CAPCTNC_PFRD>86.270</CAPCTNC_PFRD>
          <RESSTNC_MOHM>8.475</RESSTNC_MOHM>
          <TIME>2021-09-28 09:25:20</TIME>
          <TEMP_DEGC>20.700</TEMP_DEGC>
          <AIR_TEMP_DEGC>20.700</AIR_TEMP_DEGC>
          <RH_PRCNT>27.000</RH_PRCNT>
        </DATA>
        <DATA>
          <VOLTS>-6.500</VOLTS>
          <CAPCTNC_PFRD>86.440</CAPCTNC_PFRD>
          <RESSTNC_MOHM>8.000</RESSTNC_MOHM>
          <TIME>2021-09-28 09:25:21</TIME>
          <TEMP_DEGC>20.700</TEMP_DEGC>
          <AIR_TEMP_DEGC>20.700</AIR_TEMP_DEGC>
          <RH_PRCNT>27.000</RH_PRCNT>
        </DATA>
        <DATA>
          <VOLTS>-6.600</VOLTS>
          <CAPCTNC_PFRD>85.710</CAPCTNC_PFRD>
          <RESSTNC_MOHM>10.101</RESSTNC_MOHM>
          <TIME>2021-09-28 09:25:23</TIME>
          <TEMP_DEGC>20.700</TEMP_DEGC>
          <AIR_TEMP_DEGC>20.700</AIR_TEMP_DEGC>
          <RH_PRCNT>27.000</RH_PRCNT>
        </DATA>
        <DATA>
          <VOLTS>-6.700</VOLTS>
          <CAPCTNC_PFRD>86.020</CAPCTNC_PFRD>
          <RESSTNC_MOHM>7.194</RESSTNC_MOHM>
          <TIME>2021-09-28 09:25:24</TIME>
          <TEMP_DEGC>20.700</TEMP_DEGC>
          <AIR_TEMP_DEGC>20.700</AIR_TEMP_DEGC>
          <RH_PRCNT>27.000</RH_PRCNT>
        </DATA>
        <DATA>
          <VOLTS>-6.800</VOLTS>
          <CAPCTNC_PFRD>86.370</CAPCTNC_PFRD>
          <RESSTNC_MOHM>7.937</RESSTNC_MOHM>
          <TIME>2021-09-28 09:25:25</TIME>
          <TEMP_DEGC>20.700</TEMP_DEGC>
          <AIR_TEMP_DEGC>20.700</AIR_TEMP_DEGC>
          <RH_PRCNT>27.000</RH_PRCNT>
        </DATA>
        <DATA>
          <VOLTS>-6.900</VOLTS>
          <CAPCTNC_PFRD>86.560</CAPCTNC_PFRD>
          <RESSTNC_MOHM>6.711</RESSTNC_MOHM>
          <TIME>2021-09-28 09:25:26</TIME>
          <TEMP_DEGC>20.700</TEMP_DEGC>
          <AIR_TEMP_DEGC>20.700</AIR_TEMP_DEGC>
          <RH_PRCNT>27.000</RH_PRCNT>
        </DATA>
        <DATA>
          <VOLTS>-7.000</VOLTS>
          <CAPCTNC_PFRD>85.860</CAPCTNC_PFRD>
          <RESSTNC_MOHM>7.937</RESSTNC_MOHM>
          <TIME>2021-09-28 09:25:27</TIME>
          <TEMP_DEGC>20.700</TEMP_DEGC>
          <AIR_TEMP_DEGC>20.700</AIR_TEMP_DEGC>
          <RH_PRCNT>27.000</RH_PRCNT>
        </DATA>
        <DATA>
          <VOLTS>-7.100</VOLTS>
          <CAPCTNC_PFRD>86.820</CAPCTNC_PFRD>
          <RESSTNC_MOHM>8.000</RESSTNC_MOHM>
          <TIME>2021-09-28 09:25:28</TIME>
          <TEMP_DEGC>20.700</TEMP_DEGC>
          <AIR_TEMP_DEGC>20.700</AIR_TEMP_DEGC>
          <RH_PRCNT>27.000</RH_PRCNT>
        </DATA>
        <DATA>
          <VOLTS>-7.200</VOLTS>
          <CAPCTNC_PFRD>86.010</CAPCTNC_PFRD>
          <RESSTNC_MOHM>6.849</RESSTNC_MOHM>
          <TIME>2021-09-28 09:25:29</TIME>
          <TEMP_DEGC>20.700</TEMP_DEGC>
          <AIR_TEMP_DEGC>20.700</AIR_TEMP_DEGC>
          <RH_PRCNT>27.000</RH_PRCNT>
        </DATA>
        <DATA>
          <VOLTS>-7.300</VOLTS>
          <CAPCTNC_PFRD>86.100</CAPCTNC_PFRD>
          <RESSTNC_MOHM>9.615</RESSTNC_MOHM>
          <TIME>2021-09-28 09:25:30</TIME>
          <TEMP_DEGC>20.700</TEMP_DEGC>
          <AIR_TEMP_DEGC>20.700</AIR_TEMP_DEGC>
          <RH_PRCNT>27.000</RH_PRCNT>
        </DATA>
        <DATA>
          <VOLTS>-7.400</VOLTS>
          <CAPCTNC_PFRD>86.610</CAPCTNC_PFRD>
          <RESSTNC_MOHM>7.874</RESSTNC_MOHM>
          <TIME>2021-09-28 09:25:31</TIME>
          <TEMP_DEGC>20.700</TEMP_DEGC>
          <AIR_TEMP_DEGC>20.700</AIR_TEMP_DEGC>
          <RH_PRCNT>27.000</RH_PRCNT>
        </DATA>
        <DATA>
          <VOLTS>-7.500</VOLTS>
          <CAPCTNC_PFRD>86.360</CAPCTNC_PFRD>
          <RESSTNC_MOHM>7.519</RESSTNC_MOHM>
          <TIME>2021-09-28 09:25:32</TIME>
          <TEMP_DEGC>20.700</TEMP_DEGC>
          <AIR_TEMP_DEGC>20.700</AIR_TEMP_DEGC>
          <RH_PRCNT>27.000</RH_PRCNT>
        </DATA>
        <DATA>
          <VOLTS>-7.600</VOLTS>
          <CAPCTNC_PFRD>86.260</CAPCTNC_PFRD>
          <RESSTNC_MOHM>7.143</RESSTNC_MOHM>
          <TIME>2021-09-28 09:25:33</TIME>
          <TEMP_DEGC>20.700</TEMP_DEGC>
          <AIR_TEMP_DEGC>20.700</AIR_TEMP_DEGC>
          <RH_PRCNT>27.000</RH_PRCNT>
        </DATA>
        <DATA>
          <VOLTS>-7.700</VOLTS>
          <CAPCTNC_PFRD>86.570</CAPCTNC_PFRD>
          <RESSTNC_MOHM>6.250</RESSTNC_MOHM>
          <TIME>2021-09-28 09:25:34</TIME>
          <TEMP_DEGC>20.700</TEMP_DEGC>
          <AIR_TEMP_DEGC>20.700</AIR_TEMP_DEGC>
          <RH_PRCNT>27.000</RH_PRCNT>
        </DATA>
        <DATA>
          <VOLTS>-7.800</VOLTS>
          <CAPCTNC_PFRD>86.430</CAPCTNC_PFRD>
          <RESSTNC_MOHM>8.850</RESSTNC_MOHM>
          <TIME>2021-09-28 09:25:35</TIME>
          <TEMP_DEGC>20.700</TEMP_DEGC>
          <AIR_TEMP_DEGC>20.700</AIR_TEMP_DEGC>
          <RH_PRCNT>27.000</RH_PRCNT>
        </DATA>
        <DATA>
          <VOLTS>-7.900</VOLTS>
          <CAPCTNC_PFRD>86.500</CAPCTNC_PFRD>
          <RESSTNC_MOHM>6.897</RESSTNC_MOHM>
          <TIME>2021-09-28 09:25:36</TIME>
          <TEMP_DEGC>20.700</TEMP_DEGC>
          <AIR_TEMP_DEGC>20.700</AIR_TEMP_DEGC>
          <RH_PRCNT>27.000</RH_PRCNT>
        </DATA>
        <DATA>
          <VOLTS>-8.000</VOLTS>
          <CAPCTNC_PFRD>86.090</CAPCTNC_PFRD>
          <RESSTNC_MOHM>8.772</RESSTNC_MOHM>
          <TIME>2021-09-28 09:25:37</TIME>
          <TEMP_DEGC>20.700</TEMP_DEGC>
          <AIR_TEMP_DEGC>20.700</AIR_TEMP_DEGC>
          <RH_PRCNT>27.000</RH_PRCNT>
        </DATA>
        <DATA>
          <VOLTS>-8.100</VOLTS>
          <CAPCTNC_PFRD>86.610</CAPCTNC_PFRD>
          <RESSTNC_MOHM>7.752</RESSTNC_MOHM>
          <TIME>2021-09-28 09:25:39</TIME>
          <TEMP_DEGC>20.700</TEMP_DEGC>
          <AIR_TEMP_DEGC>20.700</AIR_TEMP_DEGC>
          <RH_PRCNT>27.000</RH_PRCNT>
        </DATA>
        <DATA>
          <VOLTS>-8.200</VOLTS>
          <CAPCTNC_PFRD>86.570</CAPCTNC_PFRD>
          <RESSTNC_MOHM>7.634</RESSTNC_MOHM>
          <TIME>2021-09-28 09:25:40</TIME>
          <TEMP_DEGC>20.700</TEMP_DEGC>
          <AIR_TEMP_DEGC>20.700</AIR_TEMP_DEGC>
          <RH_PRCNT>27.000</RH_PRCNT>
        </DATA>
        <DATA>
          <VOLTS>-8.300</VOLTS>
          <CAPCTNC_PFRD>86.390</CAPCTNC_PFRD>
          <RESSTNC_MOHM>8.197</RESSTNC_MOHM>
          <TIME>2021-09-28 09:25:41</TIME>
          <TEMP_DEGC>20.700</TEMP_DEGC>
          <AIR_TEMP_DEGC>20.700</AIR_TEMP_DEGC>
          <RH_PRCNT>27.000</RH_PRCNT>
        </DATA>
        <DATA>
          <VOLTS>-8.400</VOLTS>
          <CAPCTNC_PFRD>86.240</CAPCTNC_PFRD>
          <RESSTNC_MOHM>8.130</RESSTNC_MOHM>
          <TIME>2021-09-28 09:25:42</TIME>
          <TEMP_DEGC>20.700</TEMP_DEGC>
          <AIR_TEMP_DEGC>20.700</AIR_TEMP_DEGC>
          <RH_PRCNT>27.000</RH_PRCNT>
        </DATA>
        <DATA>
          <VOLTS>-8.500</VOLTS>
          <CAPCTNC_PFRD>86.300</CAPCTNC_PFRD>
          <RESSTNC_MOHM>8.403</RESSTNC_MOHM>
          <TIME>2021-09-28 09:25:43</TIME>
          <TEMP_DEGC>20.700</TEMP_DEGC>
          <AIR_TEMP_DEGC>20.700</AIR_TEMP_DEGC>
          <RH_PRCNT>27.000</RH_PRCNT>
        </DATA>
        <DATA>
          <VOLTS>-8.600</VOLTS>
          <CAPCTNC_PFRD>86.710</CAPCTNC_PFRD>
          <RESSTNC_MOHM>7.519</RESSTNC_MOHM>
          <TIME>2021-09-28 09:25:44</TIME>
          <TEMP_DEGC>20.700</TEMP_DEGC>
          <AIR_TEMP_DEGC>20.700</AIR_TEMP_DEGC>
          <RH_PRCNT>27.000</RH_PRCNT>
        </DATA>
        <DATA>
          <VOLTS>-8.700</VOLTS>
          <CAPCTNC_PFRD>86.380</CAPCTNC_PFRD>
          <RESSTNC_MOHM>7.874</RESSTNC_MOHM>
          <TIME>2021-09-28 09:25:45</TIME>
          <TEMP_DEGC>20.700</TEMP_DEGC>
          <AIR_TEMP_DEGC>20.700</AIR_TEMP_DEGC>
          <RH_PRCNT>27.000</RH_PRCNT>
        </DATA>
        <DATA>
          <VOLTS>-8.800</VOLTS>
          <CAPCTNC_PFRD>86.470</CAPCTNC_PFRD>
          <RESSTNC_MOHM>8.475</RESSTNC_MOHM>
          <TIME>2021-09-28 09:25:46</TIME>
          <TEMP_DEGC>20.700</TEMP_DEGC>
          <AIR_TEMP_DEGC>20.700</AIR_TEMP_DEGC>
          <RH_PRCNT>27.000</RH_PRCNT>
        </DATA>
        <DATA>
          <VOLTS>-8.900</VOLTS>
          <CAPCTNC_PFRD>86.470</CAPCTNC_PFRD>
          <RESSTNC_MOHM>7.246</RESSTNC_MOHM>
          <TIME>2021-09-28 09:25:47</TIME>
          <TEMP_DEGC>20.700</TEMP_DEGC>
          <AIR_TEMP_DEGC>20.700</AIR_TEMP_DEGC>
          <RH_PRCNT>26.900</RH_PRCNT>
        </DATA>
        <DATA>
          <VOLTS>-9.000</VOLTS>
          <CAPCTNC_PFRD>86.680</CAPCTNC_PFRD>
          <RESSTNC_MOHM>7.353</RESSTNC_MOHM>
          <TIME>2021-09-28 09:25:48</TIME>
          <TEMP_DEGC>20.700</TEMP_DEGC>
          <AIR_TEMP_DEGC>20.700</AIR_TEMP_DEGC>
          <RH_PRCNT>26.900</RH_PRCNT>
        </DATA>
        <DATA>
          <VOLTS>-9.100</VOLTS>
          <CAPCTNC_PFRD>86.390</CAPCTNC_PFRD>
          <RESSTNC_MOHM>9.259</RESSTNC_MOHM>
          <TIME>2021-09-28 09:25:49</TIME>
          <TEMP_DEGC>20.700</TEMP_DEGC>
          <AIR_TEMP_DEGC>20.700</AIR_TEMP_DEGC>
          <RH_PRCNT>26.900</RH_PRCNT>
        </DATA>
        <DATA>
          <VOLTS>-9.200</VOLTS>
          <CAPCTNC_PFRD>86.350</CAPCTNC_PFRD>
          <RESSTNC_MOHM>7.353</RESSTNC_MOHM>
          <TIME>2021-09-28 09:25:50</TIME>
          <TEMP_DEGC>20.700</TEMP_DEGC>
          <AIR_TEMP_DEGC>20.700</AIR_TEMP_DEGC>
          <RH_PRCNT>26.900</RH_PRCNT>
        </DATA>
        <DATA>
          <VOLTS>-9.300</VOLTS>
          <CAPCTNC_PFRD>86.390</CAPCTNC_PFRD>
          <RESSTNC_MOHM>9.615</RESSTNC_MOHM>
          <TIME>2021-09-28 09:25:51</TIME>
          <TEMP_DEGC>20.700</TEMP_DEGC>
          <AIR_TEMP_DEGC>20.700</AIR_TEMP_DEGC>
          <RH_PRCNT>26.900</RH_PRCNT>
        </DATA>
        <DATA>
          <VOLTS>-9.400</VOLTS>
          <CAPCTNC_PFRD>86.750</CAPCTNC_PFRD>
          <RESSTNC_MOHM>6.250</RESSTNC_MOHM>
          <TIME>2021-09-28 09:25:52</TIME>
          <TEMP_DEGC>20.700</TEMP_DEGC>
          <AIR_TEMP_DEGC>20.700</AIR_TEMP_DEGC>
          <RH_PRCNT>26.900</RH_PRCNT>
        </DATA>
        <DATA>
          <VOLTS>-9.500</VOLTS>
          <CAPCTNC_PFRD>86.330</CAPCTNC_PFRD>
          <RESSTNC_MOHM>7.576</RESSTNC_MOHM>
          <TIME>2021-09-28 09:25:54</TIME>
          <TEMP_DEGC>20.700</TEMP_DEGC>
          <AIR_TEMP_DEGC>20.700</AIR_TEMP_DEGC>
          <RH_PRCNT>26.900</RH_PRCNT>
        </DATA>
        <DATA>
          <VOLTS>-9.600</VOLTS>
          <CAPCTNC_PFRD>86.760</CAPCTNC_PFRD>
          <RESSTNC_MOHM>7.042</RESSTNC_MOHM>
          <TIME>2021-09-28 09:25:55</TIME>
          <TEMP_DEGC>20.700</TEMP_DEGC>
          <AIR_TEMP_DEGC>20.700</AIR_TEMP_DEGC>
          <RH_PRCNT>26.900</RH_PRCNT>
        </DATA>
        <DATA>
          <VOLTS>-9.700</VOLTS>
          <CAPCTNC_PFRD>86.430</CAPCTNC_PFRD>
          <RESSTNC_MOHM>6.897</RESSTNC_MOHM>
          <TIME>2021-09-28 09:25:56</TIME>
          <TEMP_DEGC>20.700</TEMP_DEGC>
          <AIR_TEMP_DEGC>20.700</AIR_TEMP_DEGC>
          <RH_PRCNT>26.900</RH_PRCNT>
        </DATA>
        <DATA>
          <VOLTS>-9.800</VOLTS>
          <CAPCTNC_PFRD>86.550</CAPCTNC_PFRD>
          <RESSTNC_MOHM>7.353</RESSTNC_MOHM>
          <TIME>2021-09-28 09:25:57</TIME>
          <TEMP_DEGC>20.700</TEMP_DEGC>
          <AIR_TEMP_DEGC>20.700</AIR_TEMP_DEGC>
          <RH_PRCNT>26.900</RH_PRCNT>
        </DATA>
        <DATA>
          <VOLTS>-9.900</VOLTS>
          <CAPCTNC_PFRD>86.580</CAPCTNC_PFRD>
          <RESSTNC_MOHM>7.143</RESSTNC_MOHM>
          <TIME>2021-09-28 09:25:58</TIME>
          <TEMP_DEGC>20.700</TEMP_DEGC>
          <AIR_TEMP_DEGC>20.700</AIR_TEMP_DEGC>
          <RH_PRCNT>26.900</RH_PRCNT>
        </DATA>
        <DATA>
          <VOLTS>-10.000</VOLTS>
          <CAPCTNC_PFRD>86.330</CAPCTNC_PFRD>
          <RESSTNC_MOHM>8.264</RESSTNC_MOHM>
          <TIME>2021-09-28 09:25:59</TIME>
          <TEMP_DEGC>20.700</TEMP_DEGC>
          <AIR_TEMP_DEGC>20.700</AIR_TEMP_DEGC>
          <RH_PRCNT>26.900</RH_PRCNT>
        </DATA>
        <CHILD_DATA_SET>
          <HEADER>
            <TYPE>
              <EXTENSION_TABLE_NAME>HALFMOON_CV_PAR</EXTENSION_TABLE_NAME>
              <NAME>Tracker Halfmoon CV Parameters</NAME>
            </TYPE>
          </HEADER>
          <DATA_SET>
            <COMMENT_DESCRIPTION>Test</COMMENT_DESCRIPTION>
            <VERSION>CV_measurement-004</VERSION>
            <PART>
              <NAME_LABEL>37400_049_2-S_HM_WW</NAME_LABEL>
              <KIND_OF_PART>2S Halfmoon W</KIND_OF_PART>
            </PART>
            <DATA>
              <VFB_V>-3.364</VFB_V>
              <CACC_PFRD>86.353</CACC_PFRD>
              <TOX_NM>665.447</TOX_NM>
              <NOX>6.851e+10</NOX>
            </DATA>
          </DATA_SET>
        </CHILD_DATA_SET>
      </DATA_SET>
    </CHILD_DATA_SET>
  </DATA_SET>
</ROOT>
