<?xml version="1.0"?>
<ROOT>
  <HEADER>
    <TYPE>
      <EXTENSION_TABLE_NAME>HALFMOON_METADATA</EXTENSION_TABLE_NAME>
      <NAME>Tracker Halfmoon Metadata</NAME>
    </TYPE>
    <RUN mode="SEQUENCE_NUMBER" sequence="TRK_OT_RUN_SEQ">
      <RUN_TYPE>PQC</RUN_TYPE>
      <LOCATION>Demokritos</LOCATION>
      <INITIATED_BY_USER>A. Kyriakis</INITIATED_BY_USER>
      <RUN_BEGIN_TIMESTAMP>2021-09-28 11:28:11</RUN_BEGIN_TIMESTAMP>
      <COMMENT_DESCRIPTION>Test</COMMENT_DESCRIPTION>
    </RUN>
  </HEADER>
  <DATA_SET>
    <COMMENT_DESCRIPTION>Metadata with flute and structure</COMMENT_DESCRIPTION>
    <VERSION>v2</VERSION>
    <PART>
      <NAME_LABEL>37400_003_2-S_HM_EE</NAME_LABEL>
      <KIND_OF_PART>2S Halfmoon E</KIND_OF_PART>
    </PART>
    <DATA>
      <KIND_OF_HM_FLUTE_ID>PQC1</KIND_OF_HM_FLUTE_ID>
      <KIND_OF_HM_STRUCT_ID>MOS_QUARTER</KIND_OF_HM_STRUCT_ID>
      <KIND_OF_HM_SET_ID>Left</KIND_OF_HM_SET_ID>
      <KIND_OF_HM_CONFIG_ID>Not Used</KIND_OF_HM_CONFIG_ID>
      <EQUIPMENT>HP 4192A</EQUIPMENT>
      <WAITING_TIME_S>0.100</WAITING_TIME_S>
      <AC_FREQ_HZ>1.000e+04</AC_FREQ_HZ>
      <AC_AMPL_V>0.250</AC_AMPL_V>
      <TEMP_SET_DEGC>22.100</TEMP_SET_DEGC>
      <AV_TEMP_DEGC>22.100</AV_TEMP_DEGC>
      <PROCEDURE_TYPE>MOS1</PROCEDURE_TYPE>
      <FILE_NAME>Demokritos_VPX37400_003_2-S_HM_E_Left_PQC1_MOSQuarter_CV.xml</FILE_NAME>
    </DATA>
    <CHILD_DATA_SET>
      <HEADER>
        <TYPE>
          <EXTENSION_TABLE_NAME>TEST_SENSOR_CV</EXTENSION_TABLE_NAME>
          <NAME>Tracker Halfmoon CV Test</NAME>
        </TYPE>
      </HEADER>
      <DATA_SET>
        <COMMENT_DESCRIPTION>Test</COMMENT_DESCRIPTION>
        <VERSION>V2</VERSION>
        <PART>
          <NAME_LABEL>37400_003_2-S_HM_EE</NAME_LABEL>
          <KIND_OF_PART>2S Halfmoon E</KIND_OF_PART>
        </PART>
        <DATA>
          <VOLTS>5.000</VOLTS>
          <CAPCTNC_PFRD>40.130</CAPCTNC_PFRD>
          <RESSTNC_MOHM>4.950</RESSTNC_MOHM>
          <TIME>2021-09-28 11:28:11</TIME>
          <TEMP_DEGC>22.100</TEMP_DEGC>
          <AIR_TEMP_DEGC>22.100</AIR_TEMP_DEGC>
          <RH_PRCNT>26.100</RH_PRCNT>
        </DATA>
        <DATA>
          <VOLTS>4.900</VOLTS>
          <CAPCTNC_PFRD>39.970</CAPCTNC_PFRD>
          <RESSTNC_MOHM>5.208</RESSTNC_MOHM>
          <TIME>2021-09-28 11:28:12</TIME>
          <TEMP_DEGC>22.200</TEMP_DEGC>
          <AIR_TEMP_DEGC>22.200</AIR_TEMP_DEGC>
          <RH_PRCNT>26.100</RH_PRCNT>
        </DATA>
        <DATA>
          <VOLTS>4.800</VOLTS>
          <CAPCTNC_PFRD>40.580</CAPCTNC_PFRD>
          <RESSTNC_MOHM>5.000</RESSTNC_MOHM>
          <TIME>2021-09-28 11:28:13</TIME>
          <TEMP_DEGC>22.100</TEMP_DEGC>
          <AIR_TEMP_DEGC>22.100</AIR_TEMP_DEGC>
          <RH_PRCNT>26.100</RH_PRCNT>
        </DATA>
        <DATA>
          <VOLTS>4.700</VOLTS>
          <CAPCTNC_PFRD>40.390</CAPCTNC_PFRD>
          <RESSTNC_MOHM>5.025</RESSTNC_MOHM>
          <TIME>2021-09-28 11:28:14</TIME>
          <TEMP_DEGC>22.100</TEMP_DEGC>
          <AIR_TEMP_DEGC>22.100</AIR_TEMP_DEGC>
          <RH_PRCNT>26.100</RH_PRCNT>
        </DATA>
        <DATA>
          <VOLTS>4.600</VOLTS>
          <CAPCTNC_PFRD>40.010</CAPCTNC_PFRD>
          <RESSTNC_MOHM>5.155</RESSTNC_MOHM>
          <TIME>2021-09-28 11:28:16</TIME>
          <TEMP_DEGC>22.100</TEMP_DEGC>
          <AIR_TEMP_DEGC>22.100</AIR_TEMP_DEGC>
          <RH_PRCNT>26.100</RH_PRCNT>
        </DATA>
        <DATA>
          <VOLTS>4.500</VOLTS>
          <CAPCTNC_PFRD>40.840</CAPCTNC_PFRD>
          <RESSTNC_MOHM>4.878</RESSTNC_MOHM>
          <TIME>2021-09-28 11:28:17</TIME>
          <TEMP_DEGC>22.100</TEMP_DEGC>
          <AIR_TEMP_DEGC>22.100</AIR_TEMP_DEGC>
          <RH_PRCNT>26.100</RH_PRCNT>
        </DATA>
        <DATA>
          <VOLTS>4.400</VOLTS>
          <CAPCTNC_PFRD>40.350</CAPCTNC_PFRD>
          <RESSTNC_MOHM>4.831</RESSTNC_MOHM>
          <TIME>2021-09-28 11:28:18</TIME>
          <TEMP_DEGC>22.100</TEMP_DEGC>
          <AIR_TEMP_DEGC>22.100</AIR_TEMP_DEGC>
          <RH_PRCNT>26.100</RH_PRCNT>
        </DATA>
        <DATA>
          <VOLTS>4.300</VOLTS>
          <CAPCTNC_PFRD>40.230</CAPCTNC_PFRD>
          <RESSTNC_MOHM>4.878</RESSTNC_MOHM>
          <TIME>2021-09-28 11:28:19</TIME>
          <TEMP_DEGC>22.100</TEMP_DEGC>
          <AIR_TEMP_DEGC>22.100</AIR_TEMP_DEGC>
          <RH_PRCNT>26.100</RH_PRCNT>
        </DATA>
        <DATA>
          <VOLTS>4.200</VOLTS>
          <CAPCTNC_PFRD>40.650</CAPCTNC_PFRD>
          <RESSTNC_MOHM>4.484</RESSTNC_MOHM>
          <TIME>2021-09-28 11:28:20</TIME>
          <TEMP_DEGC>22.200</TEMP_DEGC>
          <AIR_TEMP_DEGC>22.200</AIR_TEMP_DEGC>
          <RH_PRCNT>26.100</RH_PRCNT>
        </DATA>
        <DATA>
          <VOLTS>4.100</VOLTS>
          <CAPCTNC_PFRD>40.690</CAPCTNC_PFRD>
          <RESSTNC_MOHM>4.545</RESSTNC_MOHM>
          <TIME>2021-09-28 11:28:21</TIME>
          <TEMP_DEGC>22.100</TEMP_DEGC>
          <AIR_TEMP_DEGC>22.100</AIR_TEMP_DEGC>
          <RH_PRCNT>26.100</RH_PRCNT>
        </DATA>
        <DATA>
          <VOLTS>4.000</VOLTS>
          <CAPCTNC_PFRD>40.490</CAPCTNC_PFRD>
          <RESSTNC_MOHM>4.785</RESSTNC_MOHM>
          <TIME>2021-09-28 11:28:22</TIME>
          <TEMP_DEGC>22.100</TEMP_DEGC>
          <AIR_TEMP_DEGC>22.100</AIR_TEMP_DEGC>
          <RH_PRCNT>26.100</RH_PRCNT>
        </DATA>
        <DATA>
          <VOLTS>3.900</VOLTS>
          <CAPCTNC_PFRD>40.260</CAPCTNC_PFRD>
          <RESSTNC_MOHM>4.587</RESSTNC_MOHM>
          <TIME>2021-09-28 11:28:23</TIME>
          <TEMP_DEGC>22.100</TEMP_DEGC>
          <AIR_TEMP_DEGC>22.100</AIR_TEMP_DEGC>
          <RH_PRCNT>26.100</RH_PRCNT>
        </DATA>
        <DATA>
          <VOLTS>3.800</VOLTS>
          <CAPCTNC_PFRD>40.550</CAPCTNC_PFRD>
          <RESSTNC_MOHM>4.425</RESSTNC_MOHM>
          <TIME>2021-09-28 11:28:24</TIME>
          <TEMP_DEGC>22.100</TEMP_DEGC>
          <AIR_TEMP_DEGC>22.100</AIR_TEMP_DEGC>
          <RH_PRCNT>26.100</RH_PRCNT>
        </DATA>
        <DATA>
          <VOLTS>3.700</VOLTS>
          <CAPCTNC_PFRD>40.230</CAPCTNC_PFRD>
          <RESSTNC_MOHM>4.695</RESSTNC_MOHM>
          <TIME>2021-09-28 11:28:25</TIME>
          <TEMP_DEGC>22.100</TEMP_DEGC>
          <AIR_TEMP_DEGC>22.100</AIR_TEMP_DEGC>
          <RH_PRCNT>26.100</RH_PRCNT>
        </DATA>
        <DATA>
          <VOLTS>3.600</VOLTS>
          <CAPCTNC_PFRD>40.320</CAPCTNC_PFRD>
          <RESSTNC_MOHM>4.292</RESSTNC_MOHM>
          <TIME>2021-09-28 11:28:26</TIME>
          <TEMP_DEGC>22.100</TEMP_DEGC>
          <AIR_TEMP_DEGC>22.100</AIR_TEMP_DEGC>
          <RH_PRCNT>26.100</RH_PRCNT>
        </DATA>
        <DATA>
          <VOLTS>3.500</VOLTS>
          <CAPCTNC_PFRD>40.310</CAPCTNC_PFRD>
          <RESSTNC_MOHM>4.464</RESSTNC_MOHM>
          <TIME>2021-09-28 11:28:27</TIME>
          <TEMP_DEGC>22.100</TEMP_DEGC>
          <AIR_TEMP_DEGC>22.100</AIR_TEMP_DEGC>
          <RH_PRCNT>26.000</RH_PRCNT>
        </DATA>
        <DATA>
          <VOLTS>3.400</VOLTS>
          <CAPCTNC_PFRD>40.420</CAPCTNC_PFRD>
          <RESSTNC_MOHM>4.926</RESSTNC_MOHM>
          <TIME>2021-09-28 11:28:28</TIME>
          <TEMP_DEGC>22.100</TEMP_DEGC>
          <AIR_TEMP_DEGC>22.100</AIR_TEMP_DEGC>
          <RH_PRCNT>26.000</RH_PRCNT>
        </DATA>
        <DATA>
          <VOLTS>3.300</VOLTS>
          <CAPCTNC_PFRD>40.390</CAPCTNC_PFRD>
          <RESSTNC_MOHM>4.292</RESSTNC_MOHM>
          <TIME>2021-09-28 11:28:29</TIME>
          <TEMP_DEGC>22.100</TEMP_DEGC>
          <AIR_TEMP_DEGC>22.100</AIR_TEMP_DEGC>
          <RH_PRCNT>26.000</RH_PRCNT>
        </DATA>
        <DATA>
          <VOLTS>3.200</VOLTS>
          <CAPCTNC_PFRD>40.040</CAPCTNC_PFRD>
          <RESSTNC_MOHM>4.630</RESSTNC_MOHM>
          <TIME>2021-09-28 11:28:31</TIME>
          <TEMP_DEGC>22.100</TEMP_DEGC>
          <AIR_TEMP_DEGC>22.100</AIR_TEMP_DEGC>
          <RH_PRCNT>26.000</RH_PRCNT>
        </DATA>
        <DATA>
          <VOLTS>3.100</VOLTS>
          <CAPCTNC_PFRD>40.330</CAPCTNC_PFRD>
          <RESSTNC_MOHM>4.545</RESSTNC_MOHM>
          <TIME>2021-09-28 11:28:32</TIME>
          <TEMP_DEGC>22.100</TEMP_DEGC>
          <AIR_TEMP_DEGC>22.100</AIR_TEMP_DEGC>
          <RH_PRCNT>26.000</RH_PRCNT>
        </DATA>
        <DATA>
          <VOLTS>3.000</VOLTS>
          <CAPCTNC_PFRD>40.030</CAPCTNC_PFRD>
          <RESSTNC_MOHM>4.785</RESSTNC_MOHM>
          <TIME>2021-09-28 11:28:33</TIME>
          <TEMP_DEGC>22.100</TEMP_DEGC>
          <AIR_TEMP_DEGC>22.100</AIR_TEMP_DEGC>
          <RH_PRCNT>26.000</RH_PRCNT>
        </DATA>
        <DATA>
          <VOLTS>2.900</VOLTS>
          <CAPCTNC_PFRD>40.520</CAPCTNC_PFRD>
          <RESSTNC_MOHM>4.444</RESSTNC_MOHM>
          <TIME>2021-09-28 11:28:34</TIME>
          <TEMP_DEGC>22.100</TEMP_DEGC>
          <AIR_TEMP_DEGC>22.100</AIR_TEMP_DEGC>
          <RH_PRCNT>26.000</RH_PRCNT>
        </DATA>
        <DATA>
          <VOLTS>2.800</VOLTS>
          <CAPCTNC_PFRD>40.500</CAPCTNC_PFRD>
          <RESSTNC_MOHM>4.902</RESSTNC_MOHM>
          <TIME>2021-09-28 11:28:35</TIME>
          <TEMP_DEGC>22.100</TEMP_DEGC>
          <AIR_TEMP_DEGC>22.100</AIR_TEMP_DEGC>
          <RH_PRCNT>26.000</RH_PRCNT>
        </DATA>
        <DATA>
          <VOLTS>2.700</VOLTS>
          <CAPCTNC_PFRD>40.050</CAPCTNC_PFRD>
          <RESSTNC_MOHM>4.464</RESSTNC_MOHM>
          <TIME>2021-09-28 11:28:36</TIME>
          <TEMP_DEGC>22.100</TEMP_DEGC>
          <AIR_TEMP_DEGC>22.100</AIR_TEMP_DEGC>
          <RH_PRCNT>26.000</RH_PRCNT>
        </DATA>
        <DATA>
          <VOLTS>2.600</VOLTS>
          <CAPCTNC_PFRD>40.290</CAPCTNC_PFRD>
          <RESSTNC_MOHM>4.329</RESSTNC_MOHM>
          <TIME>2021-09-28 11:28:37</TIME>
          <TEMP_DEGC>22.200</TEMP_DEGC>
          <AIR_TEMP_DEGC>22.200</AIR_TEMP_DEGC>
          <RH_PRCNT>26.000</RH_PRCNT>
        </DATA>
        <DATA>
          <VOLTS>2.500</VOLTS>
          <CAPCTNC_PFRD>40.080</CAPCTNC_PFRD>
          <RESSTNC_MOHM>4.651</RESSTNC_MOHM>
          <TIME>2021-09-28 11:28:38</TIME>
          <TEMP_DEGC>22.100</TEMP_DEGC>
          <AIR_TEMP_DEGC>22.100</AIR_TEMP_DEGC>
          <RH_PRCNT>26.000</RH_PRCNT>
        </DATA>
        <DATA>
          <VOLTS>2.400</VOLTS>
          <CAPCTNC_PFRD>40.210</CAPCTNC_PFRD>
          <RESSTNC_MOHM>4.274</RESSTNC_MOHM>
          <TIME>2021-09-28 11:28:39</TIME>
          <TEMP_DEGC>22.100</TEMP_DEGC>
          <AIR_TEMP_DEGC>22.100</AIR_TEMP_DEGC>
          <RH_PRCNT>26.000</RH_PRCNT>
        </DATA>
        <DATA>
          <VOLTS>2.300</VOLTS>
          <CAPCTNC_PFRD>40.030</CAPCTNC_PFRD>
          <RESSTNC_MOHM>4.032</RESSTNC_MOHM>
          <TIME>2021-09-28 11:28:40</TIME>
          <TEMP_DEGC>22.200</TEMP_DEGC>
          <AIR_TEMP_DEGC>22.200</AIR_TEMP_DEGC>
          <RH_PRCNT>26.000</RH_PRCNT>
        </DATA>
        <DATA>
          <VOLTS>2.200</VOLTS>
          <CAPCTNC_PFRD>40.220</CAPCTNC_PFRD>
          <RESSTNC_MOHM>4.348</RESSTNC_MOHM>
          <TIME>2021-09-28 11:28:41</TIME>
          <TEMP_DEGC>22.200</TEMP_DEGC>
          <AIR_TEMP_DEGC>22.200</AIR_TEMP_DEGC>
          <RH_PRCNT>26.000</RH_PRCNT>
        </DATA>
        <DATA>
          <VOLTS>2.100</VOLTS>
          <CAPCTNC_PFRD>40.010</CAPCTNC_PFRD>
          <RESSTNC_MOHM>4.132</RESSTNC_MOHM>
          <TIME>2021-09-28 11:28:42</TIME>
          <TEMP_DEGC>22.200</TEMP_DEGC>
          <AIR_TEMP_DEGC>22.200</AIR_TEMP_DEGC>
          <RH_PRCNT>26.000</RH_PRCNT>
        </DATA>
        <DATA>
          <VOLTS>2.000</VOLTS>
          <CAPCTNC_PFRD>39.570</CAPCTNC_PFRD>
          <RESSTNC_MOHM>4.425</RESSTNC_MOHM>
          <TIME>2021-09-28 11:28:43</TIME>
          <TEMP_DEGC>22.200</TEMP_DEGC>
          <AIR_TEMP_DEGC>22.200</AIR_TEMP_DEGC>
          <RH_PRCNT>26.000</RH_PRCNT>
        </DATA>
        <DATA>
          <VOLTS>1.900</VOLTS>
          <CAPCTNC_PFRD>40.430</CAPCTNC_PFRD>
          <RESSTNC_MOHM>4.651</RESSTNC_MOHM>
          <TIME>2021-09-28 11:28:44</TIME>
          <TEMP_DEGC>22.200</TEMP_DEGC>
          <AIR_TEMP_DEGC>22.200</AIR_TEMP_DEGC>
          <RH_PRCNT>26.000</RH_PRCNT>
        </DATA>
        <DATA>
          <VOLTS>1.800</VOLTS>
          <CAPCTNC_PFRD>40.130</CAPCTNC_PFRD>
          <RESSTNC_MOHM>4.255</RESSTNC_MOHM>
          <TIME>2021-09-28 11:28:46</TIME>
          <TEMP_DEGC>22.200</TEMP_DEGC>
          <AIR_TEMP_DEGC>22.200</AIR_TEMP_DEGC>
          <RH_PRCNT>26.000</RH_PRCNT>
        </DATA>
        <DATA>
          <VOLTS>1.700</VOLTS>
          <CAPCTNC_PFRD>39.800</CAPCTNC_PFRD>
          <RESSTNC_MOHM>4.184</RESSTNC_MOHM>
          <TIME>2021-09-28 11:28:47</TIME>
          <TEMP_DEGC>22.200</TEMP_DEGC>
          <AIR_TEMP_DEGC>22.200</AIR_TEMP_DEGC>
          <RH_PRCNT>26.000</RH_PRCNT>
        </DATA>
        <DATA>
          <VOLTS>1.600</VOLTS>
          <CAPCTNC_PFRD>39.970</CAPCTNC_PFRD>
          <RESSTNC_MOHM>5.025</RESSTNC_MOHM>
          <TIME>2021-09-28 11:28:48</TIME>
          <TEMP_DEGC>22.100</TEMP_DEGC>
          <AIR_TEMP_DEGC>22.100</AIR_TEMP_DEGC>
          <RH_PRCNT>26.000</RH_PRCNT>
        </DATA>
        <DATA>
          <VOLTS>1.500</VOLTS>
          <CAPCTNC_PFRD>39.910</CAPCTNC_PFRD>
          <RESSTNC_MOHM>4.016</RESSTNC_MOHM>
          <TIME>2021-09-28 11:28:49</TIME>
          <TEMP_DEGC>22.200</TEMP_DEGC>
          <AIR_TEMP_DEGC>22.200</AIR_TEMP_DEGC>
          <RH_PRCNT>25.900</RH_PRCNT>
        </DATA>
        <DATA>
          <VOLTS>1.400</VOLTS>
          <CAPCTNC_PFRD>39.530</CAPCTNC_PFRD>
          <RESSTNC_MOHM>4.545</RESSTNC_MOHM>
          <TIME>2021-09-28 11:28:50</TIME>
          <TEMP_DEGC>22.200</TEMP_DEGC>
          <AIR_TEMP_DEGC>22.200</AIR_TEMP_DEGC>
          <RH_PRCNT>25.900</RH_PRCNT>
        </DATA>
        <DATA>
          <VOLTS>1.300</VOLTS>
          <CAPCTNC_PFRD>39.520</CAPCTNC_PFRD>
          <RESSTNC_MOHM>4.115</RESSTNC_MOHM>
          <TIME>2021-09-28 11:28:51</TIME>
          <TEMP_DEGC>22.200</TEMP_DEGC>
          <AIR_TEMP_DEGC>22.200</AIR_TEMP_DEGC>
          <RH_PRCNT>25.900</RH_PRCNT>
        </DATA>
        <DATA>
          <VOLTS>1.200</VOLTS>
          <CAPCTNC_PFRD>39.730</CAPCTNC_PFRD>
          <RESSTNC_MOHM>4.464</RESSTNC_MOHM>
          <TIME>2021-09-28 11:28:52</TIME>
          <TEMP_DEGC>22.200</TEMP_DEGC>
          <AIR_TEMP_DEGC>22.200</AIR_TEMP_DEGC>
          <RH_PRCNT>26.000</RH_PRCNT>
        </DATA>
        <DATA>
          <VOLTS>1.100</VOLTS>
          <CAPCTNC_PFRD>39.750</CAPCTNC_PFRD>
          <RESSTNC_MOHM>4.673</RESSTNC_MOHM>
          <TIME>2021-09-28 11:28:53</TIME>
          <TEMP_DEGC>22.200</TEMP_DEGC>
          <AIR_TEMP_DEGC>22.200</AIR_TEMP_DEGC>
          <RH_PRCNT>26.000</RH_PRCNT>
        </DATA>
        <DATA>
          <VOLTS>1.000</VOLTS>
          <CAPCTNC_PFRD>39.290</CAPCTNC_PFRD>
          <RESSTNC_MOHM>4.292</RESSTNC_MOHM>
          <TIME>2021-09-28 11:28:54</TIME>
          <TEMP_DEGC>22.200</TEMP_DEGC>
          <AIR_TEMP_DEGC>22.200</AIR_TEMP_DEGC>
          <RH_PRCNT>26.000</RH_PRCNT>
        </DATA>
        <DATA>
          <VOLTS>0.900</VOLTS>
          <CAPCTNC_PFRD>39.680</CAPCTNC_PFRD>
          <RESSTNC_MOHM>3.922</RESSTNC_MOHM>
          <TIME>2021-09-28 11:28:55</TIME>
          <TEMP_DEGC>22.200</TEMP_DEGC>
          <AIR_TEMP_DEGC>22.200</AIR_TEMP_DEGC>
          <RH_PRCNT>25.900</RH_PRCNT>
        </DATA>
        <DATA>
          <VOLTS>0.800</VOLTS>
          <CAPCTNC_PFRD>39.200</CAPCTNC_PFRD>
          <RESSTNC_MOHM>4.386</RESSTNC_MOHM>
          <TIME>2021-09-28 11:28:56</TIME>
          <TEMP_DEGC>22.100</TEMP_DEGC>
          <AIR_TEMP_DEGC>22.100</AIR_TEMP_DEGC>
          <RH_PRCNT>25.900</RH_PRCNT>
        </DATA>
        <DATA>
          <VOLTS>0.700</VOLTS>
          <CAPCTNC_PFRD>39.940</CAPCTNC_PFRD>
          <RESSTNC_MOHM>4.348</RESSTNC_MOHM>
          <TIME>2021-09-28 11:28:57</TIME>
          <TEMP_DEGC>22.100</TEMP_DEGC>
          <AIR_TEMP_DEGC>22.100</AIR_TEMP_DEGC>
          <RH_PRCNT>25.900</RH_PRCNT>
        </DATA>
        <DATA>
          <VOLTS>0.600</VOLTS>
          <CAPCTNC_PFRD>39.440</CAPCTNC_PFRD>
          <RESSTNC_MOHM>4.274</RESSTNC_MOHM>
          <TIME>2021-09-28 11:28:58</TIME>
          <TEMP_DEGC>22.100</TEMP_DEGC>
          <AIR_TEMP_DEGC>22.100</AIR_TEMP_DEGC>
          <RH_PRCNT>25.900</RH_PRCNT>
        </DATA>
        <DATA>
          <VOLTS>0.500</VOLTS>
          <CAPCTNC_PFRD>39.050</CAPCTNC_PFRD>
          <RESSTNC_MOHM>4.566</RESSTNC_MOHM>
          <TIME>2021-09-28 11:28:59</TIME>
          <TEMP_DEGC>22.100</TEMP_DEGC>
          <AIR_TEMP_DEGC>22.100</AIR_TEMP_DEGC>
          <RH_PRCNT>25.900</RH_PRCNT>
        </DATA>
        <DATA>
          <VOLTS>0.400</VOLTS>
          <CAPCTNC_PFRD>39.110</CAPCTNC_PFRD>
          <RESSTNC_MOHM>4.673</RESSTNC_MOHM>
          <TIME>2021-09-28 11:29:00</TIME>
          <TEMP_DEGC>22.200</TEMP_DEGC>
          <AIR_TEMP_DEGC>22.200</AIR_TEMP_DEGC>
          <RH_PRCNT>25.900</RH_PRCNT>
        </DATA>
        <DATA>
          <VOLTS>0.300</VOLTS>
          <CAPCTNC_PFRD>39.020</CAPCTNC_PFRD>
          <RESSTNC_MOHM>4.525</RESSTNC_MOHM>
          <TIME>2021-09-28 11:29:02</TIME>
          <TEMP_DEGC>22.100</TEMP_DEGC>
          <AIR_TEMP_DEGC>22.100</AIR_TEMP_DEGC>
          <RH_PRCNT>25.900</RH_PRCNT>
        </DATA>
        <DATA>
          <VOLTS>0.200</VOLTS>
          <CAPCTNC_PFRD>39.550</CAPCTNC_PFRD>
          <RESSTNC_MOHM>4.184</RESSTNC_MOHM>
          <TIME>2021-09-28 11:29:03</TIME>
          <TEMP_DEGC>22.200</TEMP_DEGC>
          <AIR_TEMP_DEGC>22.200</AIR_TEMP_DEGC>
          <RH_PRCNT>25.900</RH_PRCNT>
        </DATA>
        <DATA>
          <VOLTS>0.100</VOLTS>
          <CAPCTNC_PFRD>39.210</CAPCTNC_PFRD>
          <RESSTNC_MOHM>4.237</RESSTNC_MOHM>
          <TIME>2021-09-28 11:29:04</TIME>
          <TEMP_DEGC>22.100</TEMP_DEGC>
          <AIR_TEMP_DEGC>22.100</AIR_TEMP_DEGC>
          <RH_PRCNT>25.900</RH_PRCNT>
        </DATA>
        <DATA>
          <VOLTS>-0.000</VOLTS>
          <CAPCTNC_PFRD>38.650</CAPCTNC_PFRD>
          <RESSTNC_MOHM>4.425</RESSTNC_MOHM>
          <TIME>2021-09-28 11:29:05</TIME>
          <TEMP_DEGC>22.100</TEMP_DEGC>
          <AIR_TEMP_DEGC>22.100</AIR_TEMP_DEGC>
          <RH_PRCNT>25.900</RH_PRCNT>
        </DATA>
        <DATA>
          <VOLTS>-0.100</VOLTS>
          <CAPCTNC_PFRD>39.180</CAPCTNC_PFRD>
          <RESSTNC_MOHM>4.926</RESSTNC_MOHM>
          <TIME>2021-09-28 11:29:06</TIME>
          <TEMP_DEGC>22.200</TEMP_DEGC>
          <AIR_TEMP_DEGC>22.200</AIR_TEMP_DEGC>
          <RH_PRCNT>25.900</RH_PRCNT>
        </DATA>
        <DATA>
          <VOLTS>-0.200</VOLTS>
          <CAPCTNC_PFRD>38.630</CAPCTNC_PFRD>
          <RESSTNC_MOHM>4.098</RESSTNC_MOHM>
          <TIME>2021-09-28 11:29:07</TIME>
          <TEMP_DEGC>22.100</TEMP_DEGC>
          <AIR_TEMP_DEGC>22.100</AIR_TEMP_DEGC>
          <RH_PRCNT>25.900</RH_PRCNT>
        </DATA>
        <DATA>
          <VOLTS>-0.300</VOLTS>
          <CAPCTNC_PFRD>38.590</CAPCTNC_PFRD>
          <RESSTNC_MOHM>4.255</RESSTNC_MOHM>
          <TIME>2021-09-28 11:29:08</TIME>
          <TEMP_DEGC>22.200</TEMP_DEGC>
          <AIR_TEMP_DEGC>22.200</AIR_TEMP_DEGC>
          <RH_PRCNT>25.900</RH_PRCNT>
        </DATA>
        <DATA>
          <VOLTS>-0.400</VOLTS>
          <CAPCTNC_PFRD>38.970</CAPCTNC_PFRD>
          <RESSTNC_MOHM>4.695</RESSTNC_MOHM>
          <TIME>2021-09-28 11:29:09</TIME>
          <TEMP_DEGC>22.200</TEMP_DEGC>
          <AIR_TEMP_DEGC>22.200</AIR_TEMP_DEGC>
          <RH_PRCNT>25.900</RH_PRCNT>
        </DATA>
        <DATA>
          <VOLTS>-0.500</VOLTS>
          <CAPCTNC_PFRD>38.580</CAPCTNC_PFRD>
          <RESSTNC_MOHM>4.484</RESSTNC_MOHM>
          <TIME>2021-09-28 11:29:10</TIME>
          <TEMP_DEGC>22.200</TEMP_DEGC>
          <AIR_TEMP_DEGC>22.200</AIR_TEMP_DEGC>
          <RH_PRCNT>25.900</RH_PRCNT>
        </DATA>
        <DATA>
          <VOLTS>-0.600</VOLTS>
          <CAPCTNC_PFRD>38.600</CAPCTNC_PFRD>
          <RESSTNC_MOHM>4.505</RESSTNC_MOHM>
          <TIME>2021-09-28 11:29:11</TIME>
          <TEMP_DEGC>22.200</TEMP_DEGC>
          <AIR_TEMP_DEGC>22.200</AIR_TEMP_DEGC>
          <RH_PRCNT>25.900</RH_PRCNT>
        </DATA>
        <DATA>
          <VOLTS>-0.700</VOLTS>
          <CAPCTNC_PFRD>38.260</CAPCTNC_PFRD>
          <RESSTNC_MOHM>4.545</RESSTNC_MOHM>
          <TIME>2021-09-28 11:29:12</TIME>
          <TEMP_DEGC>22.200</TEMP_DEGC>
          <AIR_TEMP_DEGC>22.200</AIR_TEMP_DEGC>
          <RH_PRCNT>25.900</RH_PRCNT>
        </DATA>
        <DATA>
          <VOLTS>-0.800</VOLTS>
          <CAPCTNC_PFRD>38.330</CAPCTNC_PFRD>
          <RESSTNC_MOHM>4.292</RESSTNC_MOHM>
          <TIME>2021-09-28 11:29:13</TIME>
          <TEMP_DEGC>22.200</TEMP_DEGC>
          <AIR_TEMP_DEGC>22.200</AIR_TEMP_DEGC>
          <RH_PRCNT>25.900</RH_PRCNT>
        </DATA>
        <DATA>
          <VOLTS>-0.900</VOLTS>
          <CAPCTNC_PFRD>37.780</CAPCTNC_PFRD>
          <RESSTNC_MOHM>4.505</RESSTNC_MOHM>
          <TIME>2021-09-28 11:29:14</TIME>
          <TEMP_DEGC>22.200</TEMP_DEGC>
          <AIR_TEMP_DEGC>22.200</AIR_TEMP_DEGC>
          <RH_PRCNT>25.900</RH_PRCNT>
        </DATA>
        <DATA>
          <VOLTS>-1.000</VOLTS>
          <CAPCTNC_PFRD>37.930</CAPCTNC_PFRD>
          <RESSTNC_MOHM>4.464</RESSTNC_MOHM>
          <TIME>2021-09-28 11:29:15</TIME>
          <TEMP_DEGC>22.200</TEMP_DEGC>
          <AIR_TEMP_DEGC>22.200</AIR_TEMP_DEGC>
          <RH_PRCNT>25.900</RH_PRCNT>
        </DATA>
        <DATA>
          <VOLTS>-1.100</VOLTS>
          <CAPCTNC_PFRD>37.690</CAPCTNC_PFRD>
          <RESSTNC_MOHM>4.065</RESSTNC_MOHM>
          <TIME>2021-09-28 11:29:17</TIME>
          <TEMP_DEGC>22.200</TEMP_DEGC>
          <AIR_TEMP_DEGC>22.200</AIR_TEMP_DEGC>
          <RH_PRCNT>25.900</RH_PRCNT>
        </DATA>
        <DATA>
          <VOLTS>-1.200</VOLTS>
          <CAPCTNC_PFRD>37.640</CAPCTNC_PFRD>
          <RESSTNC_MOHM>4.202</RESSTNC_MOHM>
          <TIME>2021-09-28 11:29:18</TIME>
          <TEMP_DEGC>22.200</TEMP_DEGC>
          <AIR_TEMP_DEGC>22.200</AIR_TEMP_DEGC>
          <RH_PRCNT>25.900</RH_PRCNT>
        </DATA>
        <DATA>
          <VOLTS>-1.300</VOLTS>
          <CAPCTNC_PFRD>37.230</CAPCTNC_PFRD>
          <RESSTNC_MOHM>3.953</RESSTNC_MOHM>
          <TIME>2021-09-28 11:29:19</TIME>
          <TEMP_DEGC>22.200</TEMP_DEGC>
          <AIR_TEMP_DEGC>22.200</AIR_TEMP_DEGC>
          <RH_PRCNT>25.900</RH_PRCNT>
        </DATA>
        <DATA>
          <VOLTS>-1.400</VOLTS>
          <CAPCTNC_PFRD>36.550</CAPCTNC_PFRD>
          <RESSTNC_MOHM>4.237</RESSTNC_MOHM>
          <TIME>2021-09-28 11:29:20</TIME>
          <TEMP_DEGC>22.200</TEMP_DEGC>
          <AIR_TEMP_DEGC>22.200</AIR_TEMP_DEGC>
          <RH_PRCNT>25.900</RH_PRCNT>
        </DATA>
        <DATA>
          <VOLTS>-1.500</VOLTS>
          <CAPCTNC_PFRD>36.360</CAPCTNC_PFRD>
          <RESSTNC_MOHM>4.587</RESSTNC_MOHM>
          <TIME>2021-09-28 11:29:21</TIME>
          <TEMP_DEGC>22.200</TEMP_DEGC>
          <AIR_TEMP_DEGC>22.200</AIR_TEMP_DEGC>
          <RH_PRCNT>25.900</RH_PRCNT>
        </DATA>
        <DATA>
          <VOLTS>-1.600</VOLTS>
          <CAPCTNC_PFRD>35.680</CAPCTNC_PFRD>
          <RESSTNC_MOHM>4.184</RESSTNC_MOHM>
          <TIME>2021-09-28 11:29:22</TIME>
          <TEMP_DEGC>22.200</TEMP_DEGC>
          <AIR_TEMP_DEGC>22.200</AIR_TEMP_DEGC>
          <RH_PRCNT>25.900</RH_PRCNT>
        </DATA>
        <DATA>
          <VOLTS>-1.700</VOLTS>
          <CAPCTNC_PFRD>34.710</CAPCTNC_PFRD>
          <RESSTNC_MOHM>4.219</RESSTNC_MOHM>
          <TIME>2021-09-28 11:29:23</TIME>
          <TEMP_DEGC>22.200</TEMP_DEGC>
          <AIR_TEMP_DEGC>22.200</AIR_TEMP_DEGC>
          <RH_PRCNT>25.900</RH_PRCNT>
        </DATA>
        <DATA>
          <VOLTS>-1.800</VOLTS>
          <CAPCTNC_PFRD>33.240</CAPCTNC_PFRD>
          <RESSTNC_MOHM>4.525</RESSTNC_MOHM>
          <TIME>2021-09-28 11:29:24</TIME>
          <TEMP_DEGC>22.200</TEMP_DEGC>
          <AIR_TEMP_DEGC>22.200</AIR_TEMP_DEGC>
          <RH_PRCNT>25.900</RH_PRCNT>
        </DATA>
        <DATA>
          <VOLTS>-1.900</VOLTS>
          <CAPCTNC_PFRD>30.270</CAPCTNC_PFRD>
          <RESSTNC_MOHM>5.155</RESSTNC_MOHM>
          <TIME>2021-09-28 11:29:25</TIME>
          <TEMP_DEGC>22.200</TEMP_DEGC>
          <AIR_TEMP_DEGC>22.200</AIR_TEMP_DEGC>
          <RH_PRCNT>25.900</RH_PRCNT>
        </DATA>
        <DATA>
          <VOLTS>-2.000</VOLTS>
          <CAPCTNC_PFRD>26.500</CAPCTNC_PFRD>
          <RESSTNC_MOHM>16.949</RESSTNC_MOHM>
          <TIME>2021-09-28 11:29:26</TIME>
          <TEMP_DEGC>22.200</TEMP_DEGC>
          <AIR_TEMP_DEGC>22.200</AIR_TEMP_DEGC>
          <RH_PRCNT>25.900</RH_PRCNT>
        </DATA>
        <DATA>
          <VOLTS>-2.100</VOLTS>
          <CAPCTNC_PFRD>26.350</CAPCTNC_PFRD>
          <RESSTNC_MOHM>62.500</RESSTNC_MOHM>
          <TIME>2021-09-28 11:29:27</TIME>
          <TEMP_DEGC>22.200</TEMP_DEGC>
          <AIR_TEMP_DEGC>22.200</AIR_TEMP_DEGC>
          <RH_PRCNT>25.900</RH_PRCNT>
        </DATA>
        <DATA>
          <VOLTS>-2.200</VOLTS>
          <CAPCTNC_PFRD>27.710</CAPCTNC_PFRD>
          <RESSTNC_MOHM>52.632</RESSTNC_MOHM>
          <TIME>2021-09-28 11:29:28</TIME>
          <TEMP_DEGC>22.200</TEMP_DEGC>
          <AIR_TEMP_DEGC>22.200</AIR_TEMP_DEGC>
          <RH_PRCNT>25.900</RH_PRCNT>
        </DATA>
        <DATA>
          <VOLTS>-2.300</VOLTS>
          <CAPCTNC_PFRD>30.730</CAPCTNC_PFRD>
          <RESSTNC_MOHM>18.182</RESSTNC_MOHM>
          <TIME>2021-09-28 11:29:29</TIME>
          <TEMP_DEGC>22.200</TEMP_DEGC>
          <AIR_TEMP_DEGC>22.200</AIR_TEMP_DEGC>
          <RH_PRCNT>25.900</RH_PRCNT>
        </DATA>
        <DATA>
          <VOLTS>-2.400</VOLTS>
          <CAPCTNC_PFRD>36.210</CAPCTNC_PFRD>
          <RESSTNC_MOHM>10.309</RESSTNC_MOHM>
          <TIME>2021-09-28 11:29:30</TIME>
          <TEMP_DEGC>22.200</TEMP_DEGC>
          <AIR_TEMP_DEGC>22.200</AIR_TEMP_DEGC>
          <RH_PRCNT>25.900</RH_PRCNT>
        </DATA>
        <DATA>
          <VOLTS>-2.500</VOLTS>
          <CAPCTNC_PFRD>42.280</CAPCTNC_PFRD>
          <RESSTNC_MOHM>12.195</RESSTNC_MOHM>
          <TIME>2021-09-28 11:29:32</TIME>
          <TEMP_DEGC>22.200</TEMP_DEGC>
          <AIR_TEMP_DEGC>22.200</AIR_TEMP_DEGC>
          <RH_PRCNT>25.900</RH_PRCNT>
        </DATA>
        <DATA>
          <VOLTS>-2.600</VOLTS>
          <CAPCTNC_PFRD>49.150</CAPCTNC_PFRD>
          <RESSTNC_MOHM>14.925</RESSTNC_MOHM>
          <TIME>2021-09-28 11:29:33</TIME>
          <TEMP_DEGC>22.200</TEMP_DEGC>
          <AIR_TEMP_DEGC>22.200</AIR_TEMP_DEGC>
          <RH_PRCNT>25.900</RH_PRCNT>
        </DATA>
        <DATA>
          <VOLTS>-2.700</VOLTS>
          <CAPCTNC_PFRD>57.220</CAPCTNC_PFRD>
          <RESSTNC_MOHM>15.625</RESSTNC_MOHM>
          <TIME>2021-09-28 11:29:34</TIME>
          <TEMP_DEGC>22.200</TEMP_DEGC>
          <AIR_TEMP_DEGC>22.200</AIR_TEMP_DEGC>
          <RH_PRCNT>25.900</RH_PRCNT>
        </DATA>
        <DATA>
          <VOLTS>-2.800</VOLTS>
          <CAPCTNC_PFRD>62.330</CAPCTNC_PFRD>
          <RESSTNC_MOHM>11.111</RESSTNC_MOHM>
          <TIME>2021-09-28 11:29:35</TIME>
          <TEMP_DEGC>22.200</TEMP_DEGC>
          <AIR_TEMP_DEGC>22.200</AIR_TEMP_DEGC>
          <RH_PRCNT>25.900</RH_PRCNT>
        </DATA>
        <DATA>
          <VOLTS>-2.900</VOLTS>
          <CAPCTNC_PFRD>66.860</CAPCTNC_PFRD>
          <RESSTNC_MOHM>13.889</RESSTNC_MOHM>
          <TIME>2021-09-28 11:29:36</TIME>
          <TEMP_DEGC>22.200</TEMP_DEGC>
          <AIR_TEMP_DEGC>22.200</AIR_TEMP_DEGC>
          <RH_PRCNT>25.900</RH_PRCNT>
        </DATA>
        <DATA>
          <VOLTS>-3.000</VOLTS>
          <CAPCTNC_PFRD>70.840</CAPCTNC_PFRD>
          <RESSTNC_MOHM>14.085</RESSTNC_MOHM>
          <TIME>2021-09-28 11:29:37</TIME>
          <TEMP_DEGC>22.200</TEMP_DEGC>
          <AIR_TEMP_DEGC>22.200</AIR_TEMP_DEGC>
          <RH_PRCNT>25.900</RH_PRCNT>
        </DATA>
        <DATA>
          <VOLTS>-3.100</VOLTS>
          <CAPCTNC_PFRD>74.250</CAPCTNC_PFRD>
          <RESSTNC_MOHM>12.658</RESSTNC_MOHM>
          <TIME>2021-09-28 11:29:38</TIME>
          <TEMP_DEGC>22.200</TEMP_DEGC>
          <AIR_TEMP_DEGC>22.200</AIR_TEMP_DEGC>
          <RH_PRCNT>25.900</RH_PRCNT>
        </DATA>
        <DATA>
          <VOLTS>-3.200</VOLTS>
          <CAPCTNC_PFRD>76.800</CAPCTNC_PFRD>
          <RESSTNC_MOHM>11.628</RESSTNC_MOHM>
          <TIME>2021-09-28 11:29:39</TIME>
          <TEMP_DEGC>22.200</TEMP_DEGC>
          <AIR_TEMP_DEGC>22.200</AIR_TEMP_DEGC>
          <RH_PRCNT>25.900</RH_PRCNT>
        </DATA>
        <DATA>
          <VOLTS>-3.300</VOLTS>
          <CAPCTNC_PFRD>79.140</CAPCTNC_PFRD>
          <RESSTNC_MOHM>9.009</RESSTNC_MOHM>
          <TIME>2021-09-28 11:29:40</TIME>
          <TEMP_DEGC>22.200</TEMP_DEGC>
          <AIR_TEMP_DEGC>22.200</AIR_TEMP_DEGC>
          <RH_PRCNT>25.900</RH_PRCNT>
        </DATA>
        <DATA>
          <VOLTS>-3.400</VOLTS>
          <CAPCTNC_PFRD>80.270</CAPCTNC_PFRD>
          <RESSTNC_MOHM>6.944</RESSTNC_MOHM>
          <TIME>2021-09-28 11:29:41</TIME>
          <TEMP_DEGC>22.200</TEMP_DEGC>
          <AIR_TEMP_DEGC>22.200</AIR_TEMP_DEGC>
          <RH_PRCNT>25.900</RH_PRCNT>
        </DATA>
        <DATA>
          <VOLTS>-3.500</VOLTS>
          <CAPCTNC_PFRD>81.650</CAPCTNC_PFRD>
          <RESSTNC_MOHM>8.929</RESSTNC_MOHM>
          <TIME>2021-09-28 11:29:42</TIME>
          <TEMP_DEGC>22.200</TEMP_DEGC>
          <AIR_TEMP_DEGC>22.200</AIR_TEMP_DEGC>
          <RH_PRCNT>25.900</RH_PRCNT>
        </DATA>
        <DATA>
          <VOLTS>-3.600</VOLTS>
          <CAPCTNC_PFRD>82.180</CAPCTNC_PFRD>
          <RESSTNC_MOHM>9.009</RESSTNC_MOHM>
          <TIME>2021-09-28 11:29:43</TIME>
          <TEMP_DEGC>22.200</TEMP_DEGC>
          <AIR_TEMP_DEGC>22.200</AIR_TEMP_DEGC>
          <RH_PRCNT>25.900</RH_PRCNT>
        </DATA>
        <DATA>
          <VOLTS>-3.700</VOLTS>
          <CAPCTNC_PFRD>82.800</CAPCTNC_PFRD>
          <RESSTNC_MOHM>8.621</RESSTNC_MOHM>
          <TIME>2021-09-28 11:29:44</TIME>
          <TEMP_DEGC>22.200</TEMP_DEGC>
          <AIR_TEMP_DEGC>22.200</AIR_TEMP_DEGC>
          <RH_PRCNT>25.900</RH_PRCNT>
        </DATA>
        <DATA>
          <VOLTS>-3.800</VOLTS>
          <CAPCTNC_PFRD>83.110</CAPCTNC_PFRD>
          <RESSTNC_MOHM>9.615</RESSTNC_MOHM>
          <TIME>2021-09-28 11:29:45</TIME>
          <TEMP_DEGC>22.200</TEMP_DEGC>
          <AIR_TEMP_DEGC>22.200</AIR_TEMP_DEGC>
          <RH_PRCNT>25.900</RH_PRCNT>
        </DATA>
        <DATA>
          <VOLTS>-3.900</VOLTS>
          <CAPCTNC_PFRD>83.060</CAPCTNC_PFRD>
          <RESSTNC_MOHM>8.850</RESSTNC_MOHM>
          <TIME>2021-09-28 11:29:46</TIME>
          <TEMP_DEGC>22.200</TEMP_DEGC>
          <AIR_TEMP_DEGC>22.200</AIR_TEMP_DEGC>
          <RH_PRCNT>25.900</RH_PRCNT>
        </DATA>
        <DATA>
          <VOLTS>-4.000</VOLTS>
          <CAPCTNC_PFRD>84.000</CAPCTNC_PFRD>
          <RESSTNC_MOHM>9.615</RESSTNC_MOHM>
          <TIME>2021-09-28 11:29:48</TIME>
          <TEMP_DEGC>22.200</TEMP_DEGC>
          <AIR_TEMP_DEGC>22.200</AIR_TEMP_DEGC>
          <RH_PRCNT>25.900</RH_PRCNT>
        </DATA>
        <DATA>
          <VOLTS>-4.100</VOLTS>
          <CAPCTNC_PFRD>83.810</CAPCTNC_PFRD>
          <RESSTNC_MOHM>9.174</RESSTNC_MOHM>
          <TIME>2021-09-28 11:29:49</TIME>
          <TEMP_DEGC>22.200</TEMP_DEGC>
          <AIR_TEMP_DEGC>22.200</AIR_TEMP_DEGC>
          <RH_PRCNT>25.900</RH_PRCNT>
        </DATA>
        <DATA>
          <VOLTS>-4.200</VOLTS>
          <CAPCTNC_PFRD>83.990</CAPCTNC_PFRD>
          <RESSTNC_MOHM>11.236</RESSTNC_MOHM>
          <TIME>2021-09-28 11:29:50</TIME>
          <TEMP_DEGC>22.200</TEMP_DEGC>
          <AIR_TEMP_DEGC>22.200</AIR_TEMP_DEGC>
          <RH_PRCNT>25.900</RH_PRCNT>
        </DATA>
        <DATA>
          <VOLTS>-4.300</VOLTS>
          <CAPCTNC_PFRD>84.260</CAPCTNC_PFRD>
          <RESSTNC_MOHM>9.524</RESSTNC_MOHM>
          <TIME>2021-09-28 11:29:51</TIME>
          <TEMP_DEGC>22.200</TEMP_DEGC>
          <AIR_TEMP_DEGC>22.200</AIR_TEMP_DEGC>
          <RH_PRCNT>25.900</RH_PRCNT>
        </DATA>
        <DATA>
          <VOLTS>-4.400</VOLTS>
          <CAPCTNC_PFRD>84.710</CAPCTNC_PFRD>
          <RESSTNC_MOHM>9.259</RESSTNC_MOHM>
          <TIME>2021-09-28 11:29:52</TIME>
          <TEMP_DEGC>22.200</TEMP_DEGC>
          <AIR_TEMP_DEGC>22.200</AIR_TEMP_DEGC>
          <RH_PRCNT>25.800</RH_PRCNT>
        </DATA>
        <DATA>
          <VOLTS>-4.500</VOLTS>
          <CAPCTNC_PFRD>85.000</CAPCTNC_PFRD>
          <RESSTNC_MOHM>8.547</RESSTNC_MOHM>
          <TIME>2021-09-28 11:29:53</TIME>
          <TEMP_DEGC>22.200</TEMP_DEGC>
          <AIR_TEMP_DEGC>22.200</AIR_TEMP_DEGC>
          <RH_PRCNT>25.800</RH_PRCNT>
        </DATA>
        <DATA>
          <VOLTS>-4.600</VOLTS>
          <CAPCTNC_PFRD>85.180</CAPCTNC_PFRD>
          <RESSTNC_MOHM>8.333</RESSTNC_MOHM>
          <TIME>2021-09-28 11:29:54</TIME>
          <TEMP_DEGC>22.200</TEMP_DEGC>
          <AIR_TEMP_DEGC>22.200</AIR_TEMP_DEGC>
          <RH_PRCNT>25.800</RH_PRCNT>
        </DATA>
        <DATA>
          <VOLTS>-4.700</VOLTS>
          <CAPCTNC_PFRD>85.140</CAPCTNC_PFRD>
          <RESSTNC_MOHM>8.475</RESSTNC_MOHM>
          <TIME>2021-09-28 11:29:55</TIME>
          <TEMP_DEGC>22.200</TEMP_DEGC>
          <AIR_TEMP_DEGC>22.200</AIR_TEMP_DEGC>
          <RH_PRCNT>25.800</RH_PRCNT>
        </DATA>
        <DATA>
          <VOLTS>-4.800</VOLTS>
          <CAPCTNC_PFRD>85.260</CAPCTNC_PFRD>
          <RESSTNC_MOHM>8.621</RESSTNC_MOHM>
          <TIME>2021-09-28 11:29:56</TIME>
          <TEMP_DEGC>22.200</TEMP_DEGC>
          <AIR_TEMP_DEGC>22.200</AIR_TEMP_DEGC>
          <RH_PRCNT>25.900</RH_PRCNT>
        </DATA>
        <DATA>
          <VOLTS>-4.900</VOLTS>
          <CAPCTNC_PFRD>84.540</CAPCTNC_PFRD>
          <RESSTNC_MOHM>7.246</RESSTNC_MOHM>
          <TIME>2021-09-28 11:29:57</TIME>
          <TEMP_DEGC>22.200</TEMP_DEGC>
          <AIR_TEMP_DEGC>22.200</AIR_TEMP_DEGC>
          <RH_PRCNT>25.900</RH_PRCNT>
        </DATA>
        <DATA>
          <VOLTS>-5.000</VOLTS>
          <CAPCTNC_PFRD>85.640</CAPCTNC_PFRD>
          <RESSTNC_MOHM>6.579</RESSTNC_MOHM>
          <TIME>2021-09-28 11:29:58</TIME>
          <TEMP_DEGC>22.200</TEMP_DEGC>
          <AIR_TEMP_DEGC>22.200</AIR_TEMP_DEGC>
          <RH_PRCNT>25.900</RH_PRCNT>
        </DATA>
        <DATA>
          <VOLTS>-5.100</VOLTS>
          <CAPCTNC_PFRD>85.520</CAPCTNC_PFRD>
          <RESSTNC_MOHM>6.849</RESSTNC_MOHM>
          <TIME>2021-09-28 11:29:59</TIME>
          <TEMP_DEGC>22.200</TEMP_DEGC>
          <AIR_TEMP_DEGC>22.200</AIR_TEMP_DEGC>
          <RH_PRCNT>25.800</RH_PRCNT>
        </DATA>
        <DATA>
          <VOLTS>-5.200</VOLTS>
          <CAPCTNC_PFRD>85.090</CAPCTNC_PFRD>
          <RESSTNC_MOHM>10.526</RESSTNC_MOHM>
          <TIME>2021-09-28 11:30:00</TIME>
          <TEMP_DEGC>22.200</TEMP_DEGC>
          <AIR_TEMP_DEGC>22.200</AIR_TEMP_DEGC>
          <RH_PRCNT>25.800</RH_PRCNT>
        </DATA>
        <DATA>
          <VOLTS>-5.300</VOLTS>
          <CAPCTNC_PFRD>85.360</CAPCTNC_PFRD>
          <RESSTNC_MOHM>7.634</RESSTNC_MOHM>
          <TIME>2021-09-28 11:30:01</TIME>
          <TEMP_DEGC>22.200</TEMP_DEGC>
          <AIR_TEMP_DEGC>22.200</AIR_TEMP_DEGC>
          <RH_PRCNT>25.800</RH_PRCNT>
        </DATA>
        <DATA>
          <VOLTS>-5.400</VOLTS>
          <CAPCTNC_PFRD>85.460</CAPCTNC_PFRD>
          <RESSTNC_MOHM>8.264</RESSTNC_MOHM>
          <TIME>2021-09-28 11:30:03</TIME>
          <TEMP_DEGC>22.200</TEMP_DEGC>
          <AIR_TEMP_DEGC>22.200</AIR_TEMP_DEGC>
          <RH_PRCNT>25.800</RH_PRCNT>
        </DATA>
        <DATA>
          <VOLTS>-5.500</VOLTS>
          <CAPCTNC_PFRD>85.480</CAPCTNC_PFRD>
          <RESSTNC_MOHM>8.333</RESSTNC_MOHM>
          <TIME>2021-09-28 11:30:04</TIME>
          <TEMP_DEGC>22.200</TEMP_DEGC>
          <AIR_TEMP_DEGC>22.200</AIR_TEMP_DEGC>
          <RH_PRCNT>25.800</RH_PRCNT>
        </DATA>
        <DATA>
          <VOLTS>-5.600</VOLTS>
          <CAPCTNC_PFRD>86.360</CAPCTNC_PFRD>
          <RESSTNC_MOHM>8.547</RESSTNC_MOHM>
          <TIME>2021-09-28 11:30:05</TIME>
          <TEMP_DEGC>22.200</TEMP_DEGC>
          <AIR_TEMP_DEGC>22.200</AIR_TEMP_DEGC>
          <RH_PRCNT>25.800</RH_PRCNT>
        </DATA>
        <DATA>
          <VOLTS>-5.700</VOLTS>
          <CAPCTNC_PFRD>85.830</CAPCTNC_PFRD>
          <RESSTNC_MOHM>7.752</RESSTNC_MOHM>
          <TIME>2021-09-28 11:30:06</TIME>
          <TEMP_DEGC>22.200</TEMP_DEGC>
          <AIR_TEMP_DEGC>22.200</AIR_TEMP_DEGC>
          <RH_PRCNT>25.800</RH_PRCNT>
        </DATA>
        <DATA>
          <VOLTS>-5.800</VOLTS>
          <CAPCTNC_PFRD>85.920</CAPCTNC_PFRD>
          <RESSTNC_MOHM>8.130</RESSTNC_MOHM>
          <TIME>2021-09-28 11:30:07</TIME>
          <TEMP_DEGC>22.200</TEMP_DEGC>
          <AIR_TEMP_DEGC>22.200</AIR_TEMP_DEGC>
          <RH_PRCNT>25.800</RH_PRCNT>
        </DATA>
        <DATA>
          <VOLTS>-5.900</VOLTS>
          <CAPCTNC_PFRD>85.660</CAPCTNC_PFRD>
          <RESSTNC_MOHM>9.091</RESSTNC_MOHM>
          <TIME>2021-09-28 11:30:08</TIME>
          <TEMP_DEGC>22.200</TEMP_DEGC>
          <AIR_TEMP_DEGC>22.200</AIR_TEMP_DEGC>
          <RH_PRCNT>25.800</RH_PRCNT>
        </DATA>
        <DATA>
          <VOLTS>-6.000</VOLTS>
          <CAPCTNC_PFRD>86.070</CAPCTNC_PFRD>
          <RESSTNC_MOHM>7.353</RESSTNC_MOHM>
          <TIME>2021-09-28 11:30:09</TIME>
          <TEMP_DEGC>22.200</TEMP_DEGC>
          <AIR_TEMP_DEGC>22.200</AIR_TEMP_DEGC>
          <RH_PRCNT>25.800</RH_PRCNT>
        </DATA>
        <DATA>
          <VOLTS>-6.100</VOLTS>
          <CAPCTNC_PFRD>86.000</CAPCTNC_PFRD>
          <RESSTNC_MOHM>8.929</RESSTNC_MOHM>
          <TIME>2021-09-28 11:30:10</TIME>
          <TEMP_DEGC>22.200</TEMP_DEGC>
          <AIR_TEMP_DEGC>22.200</AIR_TEMP_DEGC>
          <RH_PRCNT>25.800</RH_PRCNT>
        </DATA>
        <DATA>
          <VOLTS>-6.200</VOLTS>
          <CAPCTNC_PFRD>86.180</CAPCTNC_PFRD>
          <RESSTNC_MOHM>9.174</RESSTNC_MOHM>
          <TIME>2021-09-28 11:30:11</TIME>
          <TEMP_DEGC>22.200</TEMP_DEGC>
          <AIR_TEMP_DEGC>22.200</AIR_TEMP_DEGC>
          <RH_PRCNT>25.800</RH_PRCNT>
        </DATA>
        <DATA>
          <VOLTS>-6.300</VOLTS>
          <CAPCTNC_PFRD>86.250</CAPCTNC_PFRD>
          <RESSTNC_MOHM>8.772</RESSTNC_MOHM>
          <TIME>2021-09-28 11:30:12</TIME>
          <TEMP_DEGC>22.200</TEMP_DEGC>
          <AIR_TEMP_DEGC>22.200</AIR_TEMP_DEGC>
          <RH_PRCNT>25.800</RH_PRCNT>
        </DATA>
        <DATA>
          <VOLTS>-6.400</VOLTS>
          <CAPCTNC_PFRD>85.840</CAPCTNC_PFRD>
          <RESSTNC_MOHM>8.065</RESSTNC_MOHM>
          <TIME>2021-09-28 11:30:13</TIME>
          <TEMP_DEGC>22.200</TEMP_DEGC>
          <AIR_TEMP_DEGC>22.200</AIR_TEMP_DEGC>
          <RH_PRCNT>25.800</RH_PRCNT>
        </DATA>
        <DATA>
          <VOLTS>-6.500</VOLTS>
          <CAPCTNC_PFRD>86.150</CAPCTNC_PFRD>
          <RESSTNC_MOHM>8.000</RESSTNC_MOHM>
          <TIME>2021-09-28 11:30:14</TIME>
          <TEMP_DEGC>22.200</TEMP_DEGC>
          <AIR_TEMP_DEGC>22.200</AIR_TEMP_DEGC>
          <RH_PRCNT>25.800</RH_PRCNT>
        </DATA>
        <DATA>
          <VOLTS>-6.600</VOLTS>
          <CAPCTNC_PFRD>86.020</CAPCTNC_PFRD>
          <RESSTNC_MOHM>6.803</RESSTNC_MOHM>
          <TIME>2021-09-28 11:30:15</TIME>
          <TEMP_DEGC>22.200</TEMP_DEGC>
          <AIR_TEMP_DEGC>22.200</AIR_TEMP_DEGC>
          <RH_PRCNT>25.800</RH_PRCNT>
        </DATA>
        <DATA>
          <VOLTS>-6.700</VOLTS>
          <CAPCTNC_PFRD>86.140</CAPCTNC_PFRD>
          <RESSTNC_MOHM>7.576</RESSTNC_MOHM>
          <TIME>2021-09-28 11:30:16</TIME>
          <TEMP_DEGC>22.200</TEMP_DEGC>
          <AIR_TEMP_DEGC>22.200</AIR_TEMP_DEGC>
          <RH_PRCNT>25.800</RH_PRCNT>
        </DATA>
        <DATA>
          <VOLTS>-6.800</VOLTS>
          <CAPCTNC_PFRD>86.450</CAPCTNC_PFRD>
          <RESSTNC_MOHM>7.519</RESSTNC_MOHM>
          <TIME>2021-09-28 11:30:18</TIME>
          <TEMP_DEGC>22.200</TEMP_DEGC>
          <AIR_TEMP_DEGC>22.200</AIR_TEMP_DEGC>
          <RH_PRCNT>25.800</RH_PRCNT>
        </DATA>
        <DATA>
          <VOLTS>-6.900</VOLTS>
          <CAPCTNC_PFRD>86.190</CAPCTNC_PFRD>
          <RESSTNC_MOHM>7.692</RESSTNC_MOHM>
          <TIME>2021-09-28 11:30:19</TIME>
          <TEMP_DEGC>22.200</TEMP_DEGC>
          <AIR_TEMP_DEGC>22.200</AIR_TEMP_DEGC>
          <RH_PRCNT>25.800</RH_PRCNT>
        </DATA>
        <DATA>
          <VOLTS>-7.000</VOLTS>
          <CAPCTNC_PFRD>86.100</CAPCTNC_PFRD>
          <RESSTNC_MOHM>10.204</RESSTNC_MOHM>
          <TIME>2021-09-28 11:30:20</TIME>
          <TEMP_DEGC>22.200</TEMP_DEGC>
          <AIR_TEMP_DEGC>22.200</AIR_TEMP_DEGC>
          <RH_PRCNT>25.800</RH_PRCNT>
        </DATA>
        <DATA>
          <VOLTS>-7.100</VOLTS>
          <CAPCTNC_PFRD>85.890</CAPCTNC_PFRD>
          <RESSTNC_MOHM>8.264</RESSTNC_MOHM>
          <TIME>2021-09-28 11:30:21</TIME>
          <TEMP_DEGC>22.200</TEMP_DEGC>
          <AIR_TEMP_DEGC>22.200</AIR_TEMP_DEGC>
          <RH_PRCNT>25.800</RH_PRCNT>
        </DATA>
        <DATA>
          <VOLTS>-7.200</VOLTS>
          <CAPCTNC_PFRD>86.460</CAPCTNC_PFRD>
          <RESSTNC_MOHM>7.519</RESSTNC_MOHM>
          <TIME>2021-09-28 11:30:22</TIME>
          <TEMP_DEGC>22.200</TEMP_DEGC>
          <AIR_TEMP_DEGC>22.200</AIR_TEMP_DEGC>
          <RH_PRCNT>25.800</RH_PRCNT>
        </DATA>
        <DATA>
          <VOLTS>-7.300</VOLTS>
          <CAPCTNC_PFRD>86.660</CAPCTNC_PFRD>
          <RESSTNC_MOHM>8.772</RESSTNC_MOHM>
          <TIME>2021-09-28 11:30:23</TIME>
          <TEMP_DEGC>22.200</TEMP_DEGC>
          <AIR_TEMP_DEGC>22.200</AIR_TEMP_DEGC>
          <RH_PRCNT>25.800</RH_PRCNT>
        </DATA>
        <DATA>
          <VOLTS>-7.400</VOLTS>
          <CAPCTNC_PFRD>86.380</CAPCTNC_PFRD>
          <RESSTNC_MOHM>8.621</RESSTNC_MOHM>
          <TIME>2021-09-28 11:30:24</TIME>
          <TEMP_DEGC>22.200</TEMP_DEGC>
          <AIR_TEMP_DEGC>22.200</AIR_TEMP_DEGC>
          <RH_PRCNT>25.800</RH_PRCNT>
        </DATA>
        <DATA>
          <VOLTS>-7.500</VOLTS>
          <CAPCTNC_PFRD>86.230</CAPCTNC_PFRD>
          <RESSTNC_MOHM>8.547</RESSTNC_MOHM>
          <TIME>2021-09-28 11:30:25</TIME>
          <TEMP_DEGC>22.200</TEMP_DEGC>
          <AIR_TEMP_DEGC>22.200</AIR_TEMP_DEGC>
          <RH_PRCNT>25.800</RH_PRCNT>
        </DATA>
        <DATA>
          <VOLTS>-7.600</VOLTS>
          <CAPCTNC_PFRD>86.710</CAPCTNC_PFRD>
          <RESSTNC_MOHM>7.194</RESSTNC_MOHM>
          <TIME>2021-09-28 11:30:26</TIME>
          <TEMP_DEGC>22.200</TEMP_DEGC>
          <AIR_TEMP_DEGC>22.200</AIR_TEMP_DEGC>
          <RH_PRCNT>25.800</RH_PRCNT>
        </DATA>
        <DATA>
          <VOLTS>-7.700</VOLTS>
          <CAPCTNC_PFRD>86.640</CAPCTNC_PFRD>
          <RESSTNC_MOHM>6.711</RESSTNC_MOHM>
          <TIME>2021-09-28 11:30:27</TIME>
          <TEMP_DEGC>22.200</TEMP_DEGC>
          <AIR_TEMP_DEGC>22.200</AIR_TEMP_DEGC>
          <RH_PRCNT>25.800</RH_PRCNT>
        </DATA>
        <DATA>
          <VOLTS>-7.800</VOLTS>
          <CAPCTNC_PFRD>86.140</CAPCTNC_PFRD>
          <RESSTNC_MOHM>7.246</RESSTNC_MOHM>
          <TIME>2021-09-28 11:30:28</TIME>
          <TEMP_DEGC>22.200</TEMP_DEGC>
          <AIR_TEMP_DEGC>22.200</AIR_TEMP_DEGC>
          <RH_PRCNT>25.800</RH_PRCNT>
        </DATA>
        <DATA>
          <VOLTS>-7.900</VOLTS>
          <CAPCTNC_PFRD>86.860</CAPCTNC_PFRD>
          <RESSTNC_MOHM>7.576</RESSTNC_MOHM>
          <TIME>2021-09-28 11:30:29</TIME>
          <TEMP_DEGC>22.200</TEMP_DEGC>
          <AIR_TEMP_DEGC>22.200</AIR_TEMP_DEGC>
          <RH_PRCNT>25.800</RH_PRCNT>
        </DATA>
        <DATA>
          <VOLTS>-8.000</VOLTS>
          <CAPCTNC_PFRD>86.630</CAPCTNC_PFRD>
          <RESSTNC_MOHM>7.299</RESSTNC_MOHM>
          <TIME>2021-09-28 11:30:30</TIME>
          <TEMP_DEGC>22.200</TEMP_DEGC>
          <AIR_TEMP_DEGC>22.200</AIR_TEMP_DEGC>
          <RH_PRCNT>25.800</RH_PRCNT>
        </DATA>
        <DATA>
          <VOLTS>-8.100</VOLTS>
          <CAPCTNC_PFRD>86.200</CAPCTNC_PFRD>
          <RESSTNC_MOHM>6.849</RESSTNC_MOHM>
          <TIME>2021-09-28 11:30:31</TIME>
          <TEMP_DEGC>22.200</TEMP_DEGC>
          <AIR_TEMP_DEGC>22.200</AIR_TEMP_DEGC>
          <RH_PRCNT>25.800</RH_PRCNT>
        </DATA>
        <DATA>
          <VOLTS>-8.200</VOLTS>
          <CAPCTNC_PFRD>86.380</CAPCTNC_PFRD>
          <RESSTNC_MOHM>7.692</RESSTNC_MOHM>
          <TIME>2021-09-28 11:30:33</TIME>
          <TEMP_DEGC>22.200</TEMP_DEGC>
          <AIR_TEMP_DEGC>22.200</AIR_TEMP_DEGC>
          <RH_PRCNT>25.800</RH_PRCNT>
        </DATA>
        <DATA>
          <VOLTS>-8.300</VOLTS>
          <CAPCTNC_PFRD>86.730</CAPCTNC_PFRD>
          <RESSTNC_MOHM>11.765</RESSTNC_MOHM>
          <TIME>2021-09-28 11:30:34</TIME>
          <TEMP_DEGC>22.200</TEMP_DEGC>
          <AIR_TEMP_DEGC>22.200</AIR_TEMP_DEGC>
          <RH_PRCNT>25.800</RH_PRCNT>
        </DATA>
        <DATA>
          <VOLTS>-8.400</VOLTS>
          <CAPCTNC_PFRD>86.660</CAPCTNC_PFRD>
          <RESSTNC_MOHM>7.246</RESSTNC_MOHM>
          <TIME>2021-09-28 11:30:35</TIME>
          <TEMP_DEGC>22.200</TEMP_DEGC>
          <AIR_TEMP_DEGC>22.200</AIR_TEMP_DEGC>
          <RH_PRCNT>25.800</RH_PRCNT>
        </DATA>
        <DATA>
          <VOLTS>-8.500</VOLTS>
          <CAPCTNC_PFRD>86.870</CAPCTNC_PFRD>
          <RESSTNC_MOHM>8.850</RESSTNC_MOHM>
          <TIME>2021-09-28 11:30:36</TIME>
          <TEMP_DEGC>22.200</TEMP_DEGC>
          <AIR_TEMP_DEGC>22.200</AIR_TEMP_DEGC>
          <RH_PRCNT>25.800</RH_PRCNT>
        </DATA>
        <DATA>
          <VOLTS>-8.600</VOLTS>
          <CAPCTNC_PFRD>86.450</CAPCTNC_PFRD>
          <RESSTNC_MOHM>8.333</RESSTNC_MOHM>
          <TIME>2021-09-28 11:30:37</TIME>
          <TEMP_DEGC>22.200</TEMP_DEGC>
          <AIR_TEMP_DEGC>22.200</AIR_TEMP_DEGC>
          <RH_PRCNT>25.800</RH_PRCNT>
        </DATA>
        <DATA>
          <VOLTS>-8.700</VOLTS>
          <CAPCTNC_PFRD>86.160</CAPCTNC_PFRD>
          <RESSTNC_MOHM>7.812</RESSTNC_MOHM>
          <TIME>2021-09-28 11:30:38</TIME>
          <TEMP_DEGC>22.200</TEMP_DEGC>
          <AIR_TEMP_DEGC>22.200</AIR_TEMP_DEGC>
          <RH_PRCNT>25.800</RH_PRCNT>
        </DATA>
        <DATA>
          <VOLTS>-8.800</VOLTS>
          <CAPCTNC_PFRD>86.300</CAPCTNC_PFRD>
          <RESSTNC_MOHM>9.901</RESSTNC_MOHM>
          <TIME>2021-09-28 11:30:39</TIME>
          <TEMP_DEGC>22.200</TEMP_DEGC>
          <AIR_TEMP_DEGC>22.200</AIR_TEMP_DEGC>
          <RH_PRCNT>25.800</RH_PRCNT>
        </DATA>
        <DATA>
          <VOLTS>-8.900</VOLTS>
          <CAPCTNC_PFRD>86.470</CAPCTNC_PFRD>
          <RESSTNC_MOHM>6.452</RESSTNC_MOHM>
          <TIME>2021-09-28 11:30:40</TIME>
          <TEMP_DEGC>22.200</TEMP_DEGC>
          <AIR_TEMP_DEGC>22.200</AIR_TEMP_DEGC>
          <RH_PRCNT>25.800</RH_PRCNT>
        </DATA>
        <DATA>
          <VOLTS>-9.000</VOLTS>
          <CAPCTNC_PFRD>86.550</CAPCTNC_PFRD>
          <RESSTNC_MOHM>6.944</RESSTNC_MOHM>
          <TIME>2021-09-28 11:30:41</TIME>
          <TEMP_DEGC>22.200</TEMP_DEGC>
          <AIR_TEMP_DEGC>22.200</AIR_TEMP_DEGC>
          <RH_PRCNT>25.800</RH_PRCNT>
        </DATA>
        <DATA>
          <VOLTS>-9.100</VOLTS>
          <CAPCTNC_PFRD>86.730</CAPCTNC_PFRD>
          <RESSTNC_MOHM>9.434</RESSTNC_MOHM>
          <TIME>2021-09-28 11:30:42</TIME>
          <TEMP_DEGC>22.200</TEMP_DEGC>
          <AIR_TEMP_DEGC>22.200</AIR_TEMP_DEGC>
          <RH_PRCNT>25.800</RH_PRCNT>
        </DATA>
        <DATA>
          <VOLTS>-9.200</VOLTS>
          <CAPCTNC_PFRD>86.680</CAPCTNC_PFRD>
          <RESSTNC_MOHM>6.849</RESSTNC_MOHM>
          <TIME>2021-09-28 11:30:43</TIME>
          <TEMP_DEGC>22.200</TEMP_DEGC>
          <AIR_TEMP_DEGC>22.200</AIR_TEMP_DEGC>
          <RH_PRCNT>25.800</RH_PRCNT>
        </DATA>
        <DATA>
          <VOLTS>-9.300</VOLTS>
          <CAPCTNC_PFRD>86.800</CAPCTNC_PFRD>
          <RESSTNC_MOHM>7.812</RESSTNC_MOHM>
          <TIME>2021-09-28 11:30:44</TIME>
          <TEMP_DEGC>22.200</TEMP_DEGC>
          <AIR_TEMP_DEGC>22.200</AIR_TEMP_DEGC>
          <RH_PRCNT>25.800</RH_PRCNT>
        </DATA>
        <DATA>
          <VOLTS>-9.400</VOLTS>
          <CAPCTNC_PFRD>87.020</CAPCTNC_PFRD>
          <RESSTNC_MOHM>7.576</RESSTNC_MOHM>
          <TIME>2021-09-28 11:30:45</TIME>
          <TEMP_DEGC>22.200</TEMP_DEGC>
          <AIR_TEMP_DEGC>22.200</AIR_TEMP_DEGC>
          <RH_PRCNT>25.800</RH_PRCNT>
        </DATA>
        <DATA>
          <VOLTS>-9.500</VOLTS>
          <CAPCTNC_PFRD>86.500</CAPCTNC_PFRD>
          <RESSTNC_MOHM>8.000</RESSTNC_MOHM>
          <TIME>2021-09-28 11:30:46</TIME>
          <TEMP_DEGC>22.200</TEMP_DEGC>
          <AIR_TEMP_DEGC>22.200</AIR_TEMP_DEGC>
          <RH_PRCNT>25.800</RH_PRCNT>
        </DATA>
        <DATA>
          <VOLTS>-9.600</VOLTS>
          <CAPCTNC_PFRD>86.470</CAPCTNC_PFRD>
          <RESSTNC_MOHM>8.130</RESSTNC_MOHM>
          <TIME>2021-09-28 11:30:47</TIME>
          <TEMP_DEGC>22.200</TEMP_DEGC>
          <AIR_TEMP_DEGC>22.200</AIR_TEMP_DEGC>
          <RH_PRCNT>25.800</RH_PRCNT>
        </DATA>
        <DATA>
          <VOLTS>-9.700</VOLTS>
          <CAPCTNC_PFRD>86.630</CAPCTNC_PFRD>
          <RESSTNC_MOHM>10.526</RESSTNC_MOHM>
          <TIME>2021-09-28 11:30:49</TIME>
          <TEMP_DEGC>22.200</TEMP_DEGC>
          <AIR_TEMP_DEGC>22.200</AIR_TEMP_DEGC>
          <RH_PRCNT>25.800</RH_PRCNT>
        </DATA>
        <DATA>
          <VOLTS>-9.800</VOLTS>
          <CAPCTNC_PFRD>87.000</CAPCTNC_PFRD>
          <RESSTNC_MOHM>9.524</RESSTNC_MOHM>
          <TIME>2021-09-28 11:30:50</TIME>
          <TEMP_DEGC>22.200</TEMP_DEGC>
          <AIR_TEMP_DEGC>22.200</AIR_TEMP_DEGC>
          <RH_PRCNT>25.800</RH_PRCNT>
        </DATA>
        <DATA>
          <VOLTS>-9.900</VOLTS>
          <CAPCTNC_PFRD>86.770</CAPCTNC_PFRD>
          <RESSTNC_MOHM>7.812</RESSTNC_MOHM>
          <TIME>2021-09-28 11:30:51</TIME>
          <TEMP_DEGC>22.200</TEMP_DEGC>
          <AIR_TEMP_DEGC>22.200</AIR_TEMP_DEGC>
          <RH_PRCNT>25.800</RH_PRCNT>
        </DATA>
        <DATA>
          <VOLTS>-10.000</VOLTS>
          <CAPCTNC_PFRD>86.670</CAPCTNC_PFRD>
          <RESSTNC_MOHM>7.692</RESSTNC_MOHM>
          <TIME>2021-09-28 11:30:52</TIME>
          <TEMP_DEGC>22.200</TEMP_DEGC>
          <AIR_TEMP_DEGC>22.200</AIR_TEMP_DEGC>
          <RH_PRCNT>25.800</RH_PRCNT>
        </DATA>
        <CHILD_DATA_SET>
          <HEADER>
            <TYPE>
              <EXTENSION_TABLE_NAME>HALFMOON_CV_PAR</EXTENSION_TABLE_NAME>
              <NAME>Tracker Halfmoon CV Parameters</NAME>
            </TYPE>
          </HEADER>
          <DATA_SET>
            <COMMENT_DESCRIPTION>Test</COMMENT_DESCRIPTION>
            <VERSION>CV_measurement-004</VERSION>
            <PART>
              <NAME_LABEL>37400_003_2-S_HM_EE</NAME_LABEL>
              <KIND_OF_PART>2S Halfmoon E</KIND_OF_PART>
            </PART>
            <DATA>
              <VFB_V>-3.193</VFB_V>
              <CACC_PFRD>86.440</CACC_PFRD>
              <TOX_NM>664.782</TOX_NM>
              <NOX>6.292e+10</NOX>
            </DATA>
          </DATA_SET>
        </CHILD_DATA_SET>
      </DATA_SET>
    </CHILD_DATA_SET>
  </DATA_SET>
</ROOT>
