<?xml version="1.0"?>
<ROOT>
  <HEADER>
    <TYPE>
      <EXTENSION_TABLE_NAME>HALFMOON_METADATA</EXTENSION_TABLE_NAME>
      <NAME>Tracker Halfmoon Metadata</NAME>
    </TYPE>
    <RUN mode="SEQUENCE_NUMBER" sequence="TRK_OT_RUN_SEQ">
      <RUN_TYPE>PQC</RUN_TYPE>
      <LOCATION>Demokritos</LOCATION>
      <INITIATED_BY_USER>A. Kyriakis</INITIATED_BY_USER>
      <RUN_BEGIN_TIMESTAMP>2021-09-27 12:31:33</RUN_BEGIN_TIMESTAMP>
      <COMMENT_DESCRIPTION>Test</COMMENT_DESCRIPTION>
    </RUN>
  </HEADER>
  <DATA_SET>
    <COMMENT_DESCRIPTION>Metadata with flute and structure</COMMENT_DESCRIPTION>
    <VERSION>IV_measurement</VERSION>
    <PART>
      <NAME_LABEL>37400_019_2-S_HM_EE</NAME_LABEL>
      <KIND_OF_PART>2S Halfmoon E</KIND_OF_PART>
    </PART>
    <DATA>
      <KIND_OF_HM_FLUTE_ID>PQC1</KIND_OF_HM_FLUTE_ID>
      <KIND_OF_HM_STRUCT_ID>VDP_STRIP</KIND_OF_HM_STRUCT_ID>
      <KIND_OF_HM_SET_ID>Left</KIND_OF_HM_SET_ID>
      <KIND_OF_HM_CONFIG_ID>Rotated</KIND_OF_HM_CONFIG_ID>
      <EQUIPMENT>KEITHLEY 2410</EQUIPMENT>
      <WAITING_TIME_S>0.200</WAITING_TIME_S>
      <TEMP_SET_DEGC>22.200</TEMP_SET_DEGC>
      <AV_TEMP_DEGC>22.200</AV_TEMP_DEGC>
      <PROCEDURE_TYPE>VDP_STRIP</PROCEDURE_TYPE>
      <FILE_NAME>Demokritos_VPX37400_019_2-S_HM_E_Left_PQC1_VDPStrip_r.xml</FILE_NAME>
    </DATA>
    <CHILD_DATA_SET>
      <HEADER>
        <TYPE>
          <EXTENSION_TABLE_NAME>TEST_SENSOR_IV</EXTENSION_TABLE_NAME>
          <NAME>Tracker Halfmoon IV Test</NAME>
        </TYPE>
      </HEADER>
      <DATA_SET>
        <COMMENT_DESCRIPTION>Test</COMMENT_DESCRIPTION>
        <VERSION>IV_measurement</VERSION>
        <PART>
          <NAME_LABEL>37400_019_2-S_HM_EE</NAME_LABEL>
          <KIND_OF_PART>2S Halfmoon E</KIND_OF_PART>
        </PART>
        <DATA>
          <VOLTS>-7.690e-03</VOLTS>
          <CURRNT_NAMP>-1.000e+06</CURRNT_NAMP>
          <TIME>2021-09-27 12:31:33</TIME>
          <TEMP_DEGC>22.200</TEMP_DEGC>
          <AIR_TEMP_DEGC>22.200</AIR_TEMP_DEGC>
          <RH_PRCNT>24.100</RH_PRCNT>
        </DATA>
        <DATA>
          <VOLTS>-7.650e-03</VOLTS>
          <CURRNT_NAMP>-9.500e+05</CURRNT_NAMP>
          <TIME>2021-09-27 12:31:34</TIME>
          <TEMP_DEGC>22.200</TEMP_DEGC>
          <AIR_TEMP_DEGC>22.200</AIR_TEMP_DEGC>
          <RH_PRCNT>24.100</RH_PRCNT>
        </DATA>
        <DATA>
          <VOLTS>-7.500e-03</VOLTS>
          <CURRNT_NAMP>-9.000e+05</CURRNT_NAMP>
          <TIME>2021-09-27 12:31:35</TIME>
          <TEMP_DEGC>22.200</TEMP_DEGC>
          <AIR_TEMP_DEGC>22.200</AIR_TEMP_DEGC>
          <RH_PRCNT>24.100</RH_PRCNT>
        </DATA>
        <DATA>
          <VOLTS>-7.230e-03</VOLTS>
          <CURRNT_NAMP>-8.500e+05</CURRNT_NAMP>
          <TIME>2021-09-27 12:31:36</TIME>
          <TEMP_DEGC>22.200</TEMP_DEGC>
          <AIR_TEMP_DEGC>22.200</AIR_TEMP_DEGC>
          <RH_PRCNT>24.100</RH_PRCNT>
        </DATA>
        <DATA>
          <VOLTS>-6.840e-03</VOLTS>
          <CURRNT_NAMP>-8.000e+05</CURRNT_NAMP>
          <TIME>2021-09-27 12:31:37</TIME>
          <TEMP_DEGC>22.200</TEMP_DEGC>
          <AIR_TEMP_DEGC>22.200</AIR_TEMP_DEGC>
          <RH_PRCNT>24.100</RH_PRCNT>
        </DATA>
        <DATA>
          <VOLTS>-6.460e-03</VOLTS>
          <CURRNT_NAMP>-7.500e+05</CURRNT_NAMP>
          <TIME>2021-09-27 12:31:38</TIME>
          <TEMP_DEGC>22.200</TEMP_DEGC>
          <AIR_TEMP_DEGC>22.200</AIR_TEMP_DEGC>
          <RH_PRCNT>24.100</RH_PRCNT>
        </DATA>
        <DATA>
          <VOLTS>-6.080e-03</VOLTS>
          <CURRNT_NAMP>-7.000e+05</CURRNT_NAMP>
          <TIME>2021-09-27 12:31:39</TIME>
          <TEMP_DEGC>22.200</TEMP_DEGC>
          <AIR_TEMP_DEGC>22.200</AIR_TEMP_DEGC>
          <RH_PRCNT>24.100</RH_PRCNT>
        </DATA>
        <DATA>
          <VOLTS>-5.690e-03</VOLTS>
          <CURRNT_NAMP>-6.500e+05</CURRNT_NAMP>
          <TIME>2021-09-27 12:31:40</TIME>
          <TEMP_DEGC>22.200</TEMP_DEGC>
          <AIR_TEMP_DEGC>22.200</AIR_TEMP_DEGC>
          <RH_PRCNT>24.100</RH_PRCNT>
        </DATA>
        <DATA>
          <VOLTS>-5.310e-03</VOLTS>
          <CURRNT_NAMP>-6.000e+05</CURRNT_NAMP>
          <TIME>2021-09-27 12:31:41</TIME>
          <TEMP_DEGC>22.200</TEMP_DEGC>
          <AIR_TEMP_DEGC>22.200</AIR_TEMP_DEGC>
          <RH_PRCNT>24.100</RH_PRCNT>
        </DATA>
        <DATA>
          <VOLTS>-4.920e-03</VOLTS>
          <CURRNT_NAMP>-5.500e+05</CURRNT_NAMP>
          <TIME>2021-09-27 12:31:42</TIME>
          <TEMP_DEGC>22.200</TEMP_DEGC>
          <AIR_TEMP_DEGC>22.200</AIR_TEMP_DEGC>
          <RH_PRCNT>24.100</RH_PRCNT>
        </DATA>
        <DATA>
          <VOLTS>-4.540e-03</VOLTS>
          <CURRNT_NAMP>-5.000e+05</CURRNT_NAMP>
          <TIME>2021-09-27 12:31:43</TIME>
          <TEMP_DEGC>22.200</TEMP_DEGC>
          <AIR_TEMP_DEGC>22.200</AIR_TEMP_DEGC>
          <RH_PRCNT>24.100</RH_PRCNT>
        </DATA>
        <DATA>
          <VOLTS>-4.150e-03</VOLTS>
          <CURRNT_NAMP>-4.500e+05</CURRNT_NAMP>
          <TIME>2021-09-27 12:31:44</TIME>
          <TEMP_DEGC>22.200</TEMP_DEGC>
          <AIR_TEMP_DEGC>22.200</AIR_TEMP_DEGC>
          <RH_PRCNT>24.100</RH_PRCNT>
        </DATA>
        <DATA>
          <VOLTS>-3.770e-03</VOLTS>
          <CURRNT_NAMP>-4.000e+05</CURRNT_NAMP>
          <TIME>2021-09-27 12:31:45</TIME>
          <TEMP_DEGC>22.200</TEMP_DEGC>
          <AIR_TEMP_DEGC>22.200</AIR_TEMP_DEGC>
          <RH_PRCNT>24.100</RH_PRCNT>
        </DATA>
        <DATA>
          <VOLTS>-3.380e-03</VOLTS>
          <CURRNT_NAMP>-3.500e+05</CURRNT_NAMP>
          <TIME>2021-09-27 12:31:46</TIME>
          <TEMP_DEGC>22.200</TEMP_DEGC>
          <AIR_TEMP_DEGC>22.200</AIR_TEMP_DEGC>
          <RH_PRCNT>24.100</RH_PRCNT>
        </DATA>
        <DATA>
          <VOLTS>-3.000e-03</VOLTS>
          <CURRNT_NAMP>-3.000e+05</CURRNT_NAMP>
          <TIME>2021-09-27 12:31:48</TIME>
          <TEMP_DEGC>22.200</TEMP_DEGC>
          <AIR_TEMP_DEGC>22.200</AIR_TEMP_DEGC>
          <RH_PRCNT>24.100</RH_PRCNT>
        </DATA>
        <DATA>
          <VOLTS>-2.610e-03</VOLTS>
          <CURRNT_NAMP>-2.500e+05</CURRNT_NAMP>
          <TIME>2021-09-27 12:31:49</TIME>
          <TEMP_DEGC>22.200</TEMP_DEGC>
          <AIR_TEMP_DEGC>22.200</AIR_TEMP_DEGC>
          <RH_PRCNT>24.100</RH_PRCNT>
        </DATA>
        <DATA>
          <VOLTS>-2.230e-03</VOLTS>
          <CURRNT_NAMP>-2.000e+05</CURRNT_NAMP>
          <TIME>2021-09-27 12:31:50</TIME>
          <TEMP_DEGC>22.200</TEMP_DEGC>
          <AIR_TEMP_DEGC>22.200</AIR_TEMP_DEGC>
          <RH_PRCNT>24.100</RH_PRCNT>
        </DATA>
        <DATA>
          <VOLTS>-1.850e-03</VOLTS>
          <CURRNT_NAMP>-1.500e+05</CURRNT_NAMP>
          <TIME>2021-09-27 12:31:51</TIME>
          <TEMP_DEGC>22.200</TEMP_DEGC>
          <AIR_TEMP_DEGC>22.200</AIR_TEMP_DEGC>
          <RH_PRCNT>24.100</RH_PRCNT>
        </DATA>
        <DATA>
          <VOLTS>-1.610e-03</VOLTS>
          <CURRNT_NAMP>-1.000e+05</CURRNT_NAMP>
          <TIME>2021-09-27 12:31:52</TIME>
          <TEMP_DEGC>22.200</TEMP_DEGC>
          <AIR_TEMP_DEGC>22.200</AIR_TEMP_DEGC>
          <RH_PRCNT>24.100</RH_PRCNT>
        </DATA>
        <DATA>
          <VOLTS>-1.190e-03</VOLTS>
          <CURRNT_NAMP>-5.000e+04</CURRNT_NAMP>
          <TIME>2021-09-27 12:31:53</TIME>
          <TEMP_DEGC>22.200</TEMP_DEGC>
          <AIR_TEMP_DEGC>22.200</AIR_TEMP_DEGC>
          <RH_PRCNT>24.100</RH_PRCNT>
        </DATA>
        <DATA>
          <VOLTS>-7.700e-04</VOLTS>
          <CURRNT_NAMP>0.000e+00</CURRNT_NAMP>
          <TIME>2021-09-27 12:31:54</TIME>
          <TEMP_DEGC>22.200</TEMP_DEGC>
          <AIR_TEMP_DEGC>22.200</AIR_TEMP_DEGC>
          <RH_PRCNT>24.100</RH_PRCNT>
        </DATA>
        <DATA>
          <VOLTS>-3.400e-04</VOLTS>
          <CURRNT_NAMP>5.000e+04</CURRNT_NAMP>
          <TIME>2021-09-27 12:31:55</TIME>
          <TEMP_DEGC>22.200</TEMP_DEGC>
          <AIR_TEMP_DEGC>22.200</AIR_TEMP_DEGC>
          <RH_PRCNT>24.100</RH_PRCNT>
        </DATA>
        <DATA>
          <VOLTS>7.000e-05</VOLTS>
          <CURRNT_NAMP>1.000e+05</CURRNT_NAMP>
          <TIME>2021-09-27 12:31:56</TIME>
          <TEMP_DEGC>22.200</TEMP_DEGC>
          <AIR_TEMP_DEGC>22.200</AIR_TEMP_DEGC>
          <RH_PRCNT>24.100</RH_PRCNT>
        </DATA>
        <DATA>
          <VOLTS>3.000e-04</VOLTS>
          <CURRNT_NAMP>1.500e+05</CURRNT_NAMP>
          <TIME>2021-09-27 12:31:57</TIME>
          <TEMP_DEGC>22.200</TEMP_DEGC>
          <AIR_TEMP_DEGC>22.200</AIR_TEMP_DEGC>
          <RH_PRCNT>24.000</RH_PRCNT>
        </DATA>
        <DATA>
          <VOLTS>7.200e-04</VOLTS>
          <CURRNT_NAMP>2.000e+05</CURRNT_NAMP>
          <TIME>2021-09-27 12:31:58</TIME>
          <TEMP_DEGC>22.200</TEMP_DEGC>
          <AIR_TEMP_DEGC>22.200</AIR_TEMP_DEGC>
          <RH_PRCNT>24.000</RH_PRCNT>
        </DATA>
        <DATA>
          <VOLTS>1.150e-03</VOLTS>
          <CURRNT_NAMP>2.500e+05</CURRNT_NAMP>
          <TIME>2021-09-27 12:31:59</TIME>
          <TEMP_DEGC>22.200</TEMP_DEGC>
          <AIR_TEMP_DEGC>22.200</AIR_TEMP_DEGC>
          <RH_PRCNT>24.000</RH_PRCNT>
        </DATA>
        <DATA>
          <VOLTS>1.570e-03</VOLTS>
          <CURRNT_NAMP>3.000e+05</CURRNT_NAMP>
          <TIME>2021-09-27 12:32:00</TIME>
          <TEMP_DEGC>22.200</TEMP_DEGC>
          <AIR_TEMP_DEGC>22.200</AIR_TEMP_DEGC>
          <RH_PRCNT>24.000</RH_PRCNT>
        </DATA>
        <DATA>
          <VOLTS>1.990e-03</VOLTS>
          <CURRNT_NAMP>3.500e+05</CURRNT_NAMP>
          <TIME>2021-09-27 12:32:01</TIME>
          <TEMP_DEGC>22.200</TEMP_DEGC>
          <AIR_TEMP_DEGC>22.200</AIR_TEMP_DEGC>
          <RH_PRCNT>24.000</RH_PRCNT>
        </DATA>
        <DATA>
          <VOLTS>2.380e-03</VOLTS>
          <CURRNT_NAMP>4.000e+05</CURRNT_NAMP>
          <TIME>2021-09-27 12:32:02</TIME>
          <TEMP_DEGC>22.200</TEMP_DEGC>
          <AIR_TEMP_DEGC>22.200</AIR_TEMP_DEGC>
          <RH_PRCNT>24.000</RH_PRCNT>
        </DATA>
        <DATA>
          <VOLTS>2.770e-03</VOLTS>
          <CURRNT_NAMP>4.500e+05</CURRNT_NAMP>
          <TIME>2021-09-27 12:32:04</TIME>
          <TEMP_DEGC>22.200</TEMP_DEGC>
          <AIR_TEMP_DEGC>22.200</AIR_TEMP_DEGC>
          <RH_PRCNT>24.000</RH_PRCNT>
        </DATA>
        <DATA>
          <VOLTS>3.150e-03</VOLTS>
          <CURRNT_NAMP>5.000e+05</CURRNT_NAMP>
          <TIME>2021-09-27 12:32:05</TIME>
          <TEMP_DEGC>22.200</TEMP_DEGC>
          <AIR_TEMP_DEGC>22.200</AIR_TEMP_DEGC>
          <RH_PRCNT>24.000</RH_PRCNT>
        </DATA>
        <DATA>
          <VOLTS>3.540e-03</VOLTS>
          <CURRNT_NAMP>5.500e+05</CURRNT_NAMP>
          <TIME>2021-09-27 12:32:06</TIME>
          <TEMP_DEGC>22.200</TEMP_DEGC>
          <AIR_TEMP_DEGC>22.200</AIR_TEMP_DEGC>
          <RH_PRCNT>24.000</RH_PRCNT>
        </DATA>
        <DATA>
          <VOLTS>3.930e-03</VOLTS>
          <CURRNT_NAMP>6.000e+05</CURRNT_NAMP>
          <TIME>2021-09-27 12:32:07</TIME>
          <TEMP_DEGC>22.300</TEMP_DEGC>
          <AIR_TEMP_DEGC>22.300</AIR_TEMP_DEGC>
          <RH_PRCNT>24.000</RH_PRCNT>
        </DATA>
        <DATA>
          <VOLTS>4.160e-03</VOLTS>
          <CURRNT_NAMP>6.500e+05</CURRNT_NAMP>
          <TIME>2021-09-27 12:32:08</TIME>
          <TEMP_DEGC>22.200</TEMP_DEGC>
          <AIR_TEMP_DEGC>22.200</AIR_TEMP_DEGC>
          <RH_PRCNT>24.000</RH_PRCNT>
        </DATA>
        <DATA>
          <VOLTS>4.580e-03</VOLTS>
          <CURRNT_NAMP>7.000e+05</CURRNT_NAMP>
          <TIME>2021-09-27 12:32:09</TIME>
          <TEMP_DEGC>22.200</TEMP_DEGC>
          <AIR_TEMP_DEGC>22.200</AIR_TEMP_DEGC>
          <RH_PRCNT>24.000</RH_PRCNT>
        </DATA>
        <DATA>
          <VOLTS>5.010e-03</VOLTS>
          <CURRNT_NAMP>7.500e+05</CURRNT_NAMP>
          <TIME>2021-09-27 12:32:10</TIME>
          <TEMP_DEGC>22.200</TEMP_DEGC>
          <AIR_TEMP_DEGC>22.200</AIR_TEMP_DEGC>
          <RH_PRCNT>24.000</RH_PRCNT>
        </DATA>
        <DATA>
          <VOLTS>5.430e-03</VOLTS>
          <CURRNT_NAMP>8.000e+05</CURRNT_NAMP>
          <TIME>2021-09-27 12:32:11</TIME>
          <TEMP_DEGC>22.200</TEMP_DEGC>
          <AIR_TEMP_DEGC>22.200</AIR_TEMP_DEGC>
          <RH_PRCNT>24.000</RH_PRCNT>
        </DATA>
        <DATA>
          <VOLTS>5.850e-03</VOLTS>
          <CURRNT_NAMP>8.500e+05</CURRNT_NAMP>
          <TIME>2021-09-27 12:32:12</TIME>
          <TEMP_DEGC>22.300</TEMP_DEGC>
          <AIR_TEMP_DEGC>22.300</AIR_TEMP_DEGC>
          <RH_PRCNT>24.000</RH_PRCNT>
        </DATA>
        <DATA>
          <VOLTS>6.240e-03</VOLTS>
          <CURRNT_NAMP>9.000e+05</CURRNT_NAMP>
          <TIME>2021-09-27 12:32:13</TIME>
          <TEMP_DEGC>22.200</TEMP_DEGC>
          <AIR_TEMP_DEGC>22.200</AIR_TEMP_DEGC>
          <RH_PRCNT>24.000</RH_PRCNT>
        </DATA>
        <DATA>
          <VOLTS>6.630e-03</VOLTS>
          <CURRNT_NAMP>9.500e+05</CURRNT_NAMP>
          <TIME>2021-09-27 12:32:14</TIME>
          <TEMP_DEGC>22.300</TEMP_DEGC>
          <AIR_TEMP_DEGC>22.300</AIR_TEMP_DEGC>
          <RH_PRCNT>24.000</RH_PRCNT>
        </DATA>
        <DATA>
          <VOLTS>7.010e-03</VOLTS>
          <CURRNT_NAMP>1.000e+06</CURRNT_NAMP>
          <TIME>2021-09-27 12:32:15</TIME>
          <TEMP_DEGC>22.200</TEMP_DEGC>
          <AIR_TEMP_DEGC>22.200</AIR_TEMP_DEGC>
          <RH_PRCNT>24.000</RH_PRCNT>
        </DATA>
        <CHILD_DATA_SET>
          <HEADER>
            <TYPE>
              <EXTENSION_TABLE_NAME>HALFMOON_IV_PAR</EXTENSION_TABLE_NAME>
              <NAME>Tracker Halfmoon IV Parameters</NAME>
            </TYPE>
          </HEADER>
          <DATA_SET>
            <COMMENT_DESCRIPTION>Test</COMMENT_DESCRIPTION>
            <VERSION>IV_measurement</VERSION>
            <PART>
              <NAME_LABEL>37400_019_2-S_HM_EE</NAME_LABEL>
              <KIND_OF_PART>2S Halfmoon E</KIND_OF_PART>
            </PART>
            <DATA>
              <RSH_OHMSQR>34.730</RSH_OHMSQR>
              <R_OHM>7.663</R_OHM>
            </DATA>
          </DATA_SET>
        </CHILD_DATA_SET>
      </DATA_SET>
    </CHILD_DATA_SET>
  </DATA_SET>
</ROOT>
