<?xml version="1.0"?>
<ROOT>
  <HEADER>
    <TYPE>
      <EXTENSION_TABLE_NAME>HALFMOON_METADATA</EXTENSION_TABLE_NAME>
      <NAME>Tracker Halfmoon Metadata</NAME>
    </TYPE>
    <RUN mode="SEQUENCE_NUMBER" sequence="TRK_OT_RUN_SEQ">
      <RUN_TYPE>PQC</RUN_TYPE>
      <LOCATION>Demokritos</LOCATION>
      <INITIATED_BY_USER>A. Kyriakis</INITIATED_BY_USER>
      <RUN_BEGIN_TIMESTAMP>2021-09-28 09:19:09</RUN_BEGIN_TIMESTAMP>
      <COMMENT_DESCRIPTION>Test</COMMENT_DESCRIPTION>
    </RUN>
  </HEADER>
  <DATA_SET>
    <COMMENT_DESCRIPTION>Metadata with flute and structure</COMMENT_DESCRIPTION>
    <VERSION>v2</VERSION>
    <PART>
      <NAME_LABEL>37400_049_2-S_HM_WW</NAME_LABEL>
      <KIND_OF_PART>2S Halfmoon W</KIND_OF_PART>
    </PART>
    <DATA>
      <KIND_OF_HM_FLUTE_ID>PQC1</KIND_OF_HM_FLUTE_ID>
      <KIND_OF_HM_STRUCT_ID>FET_PSS</KIND_OF_HM_STRUCT_ID>
      <KIND_OF_HM_SET_ID>Left</KIND_OF_HM_SET_ID>
      <KIND_OF_HM_CONFIG_ID>Not Used</KIND_OF_HM_CONFIG_ID>
      <EQUIPMENT>KEITHLEY 2410</EQUIPMENT>
      <WAITING_TIME_S>0.500</WAITING_TIME_S>
      <TEMP_SET_DEGC>20.500</TEMP_SET_DEGC>
      <AV_TEMP_DEGC>20.500</AV_TEMP_DEGC>
      <PROCEDURE_TYPE>FET1</PROCEDURE_TYPE>
      <FILE_NAME>Demokritos_VPX37400_049_2-S_HM_W_Left_PQC1_FETPSs_trans.xml</FILE_NAME>
    </DATA>
    <CHILD_DATA_SET>
      <HEADER>
        <TYPE>
          <EXTENSION_TABLE_NAME>TEST_SENSOR_IV</EXTENSION_TABLE_NAME>
          <NAME>Tracker Halfmoon IV Test</NAME>
        </TYPE>
      </HEADER>
      <DATA_SET>
        <COMMENT_DESCRIPTION>Test</COMMENT_DESCRIPTION>
        <VERSION>V2</VERSION>
        <PART>
          <NAME_LABEL>37400_049_2-S_HM_WW</NAME_LABEL>
          <KIND_OF_PART>2S Halfmoon W</KIND_OF_PART>
        </PART>
        <DATA>
          <VOLTS>-5.000</VOLTS>
          <CURRNT_NAMP>8.446e-04</CURRNT_NAMP>
          <TIME>2021-09-28 09:19:09</TIME>
          <TEMP_DEGC>20.500</TEMP_DEGC>
          <AIR_TEMP_DEGC>20.500</AIR_TEMP_DEGC>
          <RH_PRCNT>28.300</RH_PRCNT>
        </DATA>
        <DATA>
          <VOLTS>-4.900</VOLTS>
          <CURRNT_NAMP>1.002e-03</CURRNT_NAMP>
          <TIME>2021-09-28 09:19:13</TIME>
          <TEMP_DEGC>20.500</TEMP_DEGC>
          <AIR_TEMP_DEGC>20.500</AIR_TEMP_DEGC>
          <RH_PRCNT>28.300</RH_PRCNT>
        </DATA>
        <DATA>
          <VOLTS>-4.800</VOLTS>
          <CURRNT_NAMP>1.037e-03</CURRNT_NAMP>
          <TIME>2021-09-28 09:19:14</TIME>
          <TEMP_DEGC>20.500</TEMP_DEGC>
          <AIR_TEMP_DEGC>20.500</AIR_TEMP_DEGC>
          <RH_PRCNT>28.300</RH_PRCNT>
        </DATA>
        <DATA>
          <VOLTS>-4.700</VOLTS>
          <CURRNT_NAMP>1.053e-03</CURRNT_NAMP>
          <TIME>2021-09-28 09:19:16</TIME>
          <TEMP_DEGC>20.500</TEMP_DEGC>
          <AIR_TEMP_DEGC>20.500</AIR_TEMP_DEGC>
          <RH_PRCNT>28.300</RH_PRCNT>
        </DATA>
        <DATA>
          <VOLTS>-4.600</VOLTS>
          <CURRNT_NAMP>1.077e-03</CURRNT_NAMP>
          <TIME>2021-09-28 09:19:18</TIME>
          <TEMP_DEGC>20.500</TEMP_DEGC>
          <AIR_TEMP_DEGC>20.500</AIR_TEMP_DEGC>
          <RH_PRCNT>28.200</RH_PRCNT>
        </DATA>
        <DATA>
          <VOLTS>-4.500</VOLTS>
          <CURRNT_NAMP>1.089e-03</CURRNT_NAMP>
          <TIME>2021-09-28 09:19:19</TIME>
          <TEMP_DEGC>20.500</TEMP_DEGC>
          <AIR_TEMP_DEGC>20.500</AIR_TEMP_DEGC>
          <RH_PRCNT>28.200</RH_PRCNT>
        </DATA>
        <DATA>
          <VOLTS>-4.400</VOLTS>
          <CURRNT_NAMP>1.098e-03</CURRNT_NAMP>
          <TIME>2021-09-28 09:19:21</TIME>
          <TEMP_DEGC>20.500</TEMP_DEGC>
          <AIR_TEMP_DEGC>20.500</AIR_TEMP_DEGC>
          <RH_PRCNT>28.200</RH_PRCNT>
        </DATA>
        <DATA>
          <VOLTS>-4.300</VOLTS>
          <CURRNT_NAMP>1.110e-03</CURRNT_NAMP>
          <TIME>2021-09-28 09:19:23</TIME>
          <TEMP_DEGC>20.500</TEMP_DEGC>
          <AIR_TEMP_DEGC>20.500</AIR_TEMP_DEGC>
          <RH_PRCNT>28.200</RH_PRCNT>
        </DATA>
        <DATA>
          <VOLTS>-4.200</VOLTS>
          <CURRNT_NAMP>1.117e-03</CURRNT_NAMP>
          <TIME>2021-09-28 09:19:24</TIME>
          <TEMP_DEGC>20.500</TEMP_DEGC>
          <AIR_TEMP_DEGC>20.500</AIR_TEMP_DEGC>
          <RH_PRCNT>28.200</RH_PRCNT>
        </DATA>
        <DATA>
          <VOLTS>-4.100</VOLTS>
          <CURRNT_NAMP>1.135e-03</CURRNT_NAMP>
          <TIME>2021-09-28 09:19:26</TIME>
          <TEMP_DEGC>20.500</TEMP_DEGC>
          <AIR_TEMP_DEGC>20.500</AIR_TEMP_DEGC>
          <RH_PRCNT>28.200</RH_PRCNT>
        </DATA>
        <DATA>
          <VOLTS>-4.000</VOLTS>
          <CURRNT_NAMP>1.141e-03</CURRNT_NAMP>
          <TIME>2021-09-28 09:19:28</TIME>
          <TEMP_DEGC>20.500</TEMP_DEGC>
          <AIR_TEMP_DEGC>20.500</AIR_TEMP_DEGC>
          <RH_PRCNT>28.200</RH_PRCNT>
        </DATA>
        <DATA>
          <VOLTS>-3.900</VOLTS>
          <CURRNT_NAMP>1.154e-03</CURRNT_NAMP>
          <TIME>2021-09-28 09:19:29</TIME>
          <TEMP_DEGC>20.500</TEMP_DEGC>
          <AIR_TEMP_DEGC>20.500</AIR_TEMP_DEGC>
          <RH_PRCNT>28.200</RH_PRCNT>
        </DATA>
        <DATA>
          <VOLTS>-3.800</VOLTS>
          <CURRNT_NAMP>1.162e-03</CURRNT_NAMP>
          <TIME>2021-09-28 09:19:31</TIME>
          <TEMP_DEGC>20.500</TEMP_DEGC>
          <AIR_TEMP_DEGC>20.500</AIR_TEMP_DEGC>
          <RH_PRCNT>28.200</RH_PRCNT>
        </DATA>
        <DATA>
          <VOLTS>-3.700</VOLTS>
          <CURRNT_NAMP>1.173e-03</CURRNT_NAMP>
          <TIME>2021-09-28 09:19:33</TIME>
          <TEMP_DEGC>20.500</TEMP_DEGC>
          <AIR_TEMP_DEGC>20.500</AIR_TEMP_DEGC>
          <RH_PRCNT>28.100</RH_PRCNT>
        </DATA>
        <DATA>
          <VOLTS>-3.600</VOLTS>
          <CURRNT_NAMP>1.184e-03</CURRNT_NAMP>
          <TIME>2021-09-28 09:19:34</TIME>
          <TEMP_DEGC>20.500</TEMP_DEGC>
          <AIR_TEMP_DEGC>20.500</AIR_TEMP_DEGC>
          <RH_PRCNT>28.100</RH_PRCNT>
        </DATA>
        <DATA>
          <VOLTS>-3.500</VOLTS>
          <CURRNT_NAMP>1.193e-03</CURRNT_NAMP>
          <TIME>2021-09-28 09:19:36</TIME>
          <TEMP_DEGC>20.500</TEMP_DEGC>
          <AIR_TEMP_DEGC>20.500</AIR_TEMP_DEGC>
          <RH_PRCNT>28.100</RH_PRCNT>
        </DATA>
        <DATA>
          <VOLTS>-3.400</VOLTS>
          <CURRNT_NAMP>1.199e-03</CURRNT_NAMP>
          <TIME>2021-09-28 09:19:38</TIME>
          <TEMP_DEGC>20.500</TEMP_DEGC>
          <AIR_TEMP_DEGC>20.500</AIR_TEMP_DEGC>
          <RH_PRCNT>28.100</RH_PRCNT>
        </DATA>
        <DATA>
          <VOLTS>-3.300</VOLTS>
          <CURRNT_NAMP>1.219e-03</CURRNT_NAMP>
          <TIME>2021-09-28 09:19:39</TIME>
          <TEMP_DEGC>20.500</TEMP_DEGC>
          <AIR_TEMP_DEGC>20.500</AIR_TEMP_DEGC>
          <RH_PRCNT>28.100</RH_PRCNT>
        </DATA>
        <DATA>
          <VOLTS>-3.200</VOLTS>
          <CURRNT_NAMP>1.226e-03</CURRNT_NAMP>
          <TIME>2021-09-28 09:19:41</TIME>
          <TEMP_DEGC>20.500</TEMP_DEGC>
          <AIR_TEMP_DEGC>20.500</AIR_TEMP_DEGC>
          <RH_PRCNT>28.100</RH_PRCNT>
        </DATA>
        <DATA>
          <VOLTS>-3.100</VOLTS>
          <CURRNT_NAMP>1.247e-03</CURRNT_NAMP>
          <TIME>2021-09-28 09:19:43</TIME>
          <TEMP_DEGC>20.500</TEMP_DEGC>
          <AIR_TEMP_DEGC>20.500</AIR_TEMP_DEGC>
          <RH_PRCNT>28.100</RH_PRCNT>
        </DATA>
        <DATA>
          <VOLTS>-3.000</VOLTS>
          <CURRNT_NAMP>1.268e-03</CURRNT_NAMP>
          <TIME>2021-09-28 09:19:44</TIME>
          <TEMP_DEGC>20.500</TEMP_DEGC>
          <AIR_TEMP_DEGC>20.500</AIR_TEMP_DEGC>
          <RH_PRCNT>28.100</RH_PRCNT>
        </DATA>
        <DATA>
          <VOLTS>-2.900</VOLTS>
          <CURRNT_NAMP>1.298e-03</CURRNT_NAMP>
          <TIME>2021-09-28 09:19:46</TIME>
          <TEMP_DEGC>20.500</TEMP_DEGC>
          <AIR_TEMP_DEGC>20.500</AIR_TEMP_DEGC>
          <RH_PRCNT>28.100</RH_PRCNT>
        </DATA>
        <DATA>
          <VOLTS>-2.800</VOLTS>
          <CURRNT_NAMP>1.348e-03</CURRNT_NAMP>
          <TIME>2021-09-28 09:19:48</TIME>
          <TEMP_DEGC>20.500</TEMP_DEGC>
          <AIR_TEMP_DEGC>20.500</AIR_TEMP_DEGC>
          <RH_PRCNT>28.100</RH_PRCNT>
        </DATA>
        <DATA>
          <VOLTS>-2.700</VOLTS>
          <CURRNT_NAMP>1.443e-03</CURRNT_NAMP>
          <TIME>2021-09-28 09:19:49</TIME>
          <TEMP_DEGC>20.500</TEMP_DEGC>
          <AIR_TEMP_DEGC>20.500</AIR_TEMP_DEGC>
          <RH_PRCNT>28.100</RH_PRCNT>
        </DATA>
        <DATA>
          <VOLTS>-2.600</VOLTS>
          <CURRNT_NAMP>1.604e-03</CURRNT_NAMP>
          <TIME>2021-09-28 09:19:51</TIME>
          <TEMP_DEGC>20.500</TEMP_DEGC>
          <AIR_TEMP_DEGC>20.500</AIR_TEMP_DEGC>
          <RH_PRCNT>28.100</RH_PRCNT>
        </DATA>
        <DATA>
          <VOLTS>-2.500</VOLTS>
          <CURRNT_NAMP>1.829e-03</CURRNT_NAMP>
          <TIME>2021-09-28 09:19:53</TIME>
          <TEMP_DEGC>20.500</TEMP_DEGC>
          <AIR_TEMP_DEGC>20.500</AIR_TEMP_DEGC>
          <RH_PRCNT>28.100</RH_PRCNT>
        </DATA>
        <DATA>
          <VOLTS>-2.400</VOLTS>
          <CURRNT_NAMP>2.038e-03</CURRNT_NAMP>
          <TIME>2021-09-28 09:19:55</TIME>
          <TEMP_DEGC>20.500</TEMP_DEGC>
          <AIR_TEMP_DEGC>20.500</AIR_TEMP_DEGC>
          <RH_PRCNT>28.100</RH_PRCNT>
        </DATA>
        <DATA>
          <VOLTS>-2.300</VOLTS>
          <CURRNT_NAMP>2.171e-03</CURRNT_NAMP>
          <TIME>2021-09-28 09:19:56</TIME>
          <TEMP_DEGC>20.500</TEMP_DEGC>
          <AIR_TEMP_DEGC>20.500</AIR_TEMP_DEGC>
          <RH_PRCNT>28.100</RH_PRCNT>
        </DATA>
        <DATA>
          <VOLTS>-2.200</VOLTS>
          <CURRNT_NAMP>2.242e-03</CURRNT_NAMP>
          <TIME>2021-09-28 09:19:58</TIME>
          <TEMP_DEGC>20.500</TEMP_DEGC>
          <AIR_TEMP_DEGC>20.500</AIR_TEMP_DEGC>
          <RH_PRCNT>28.100</RH_PRCNT>
        </DATA>
        <DATA>
          <VOLTS>-2.100</VOLTS>
          <CURRNT_NAMP>2.275e-03</CURRNT_NAMP>
          <TIME>2021-09-28 09:20:00</TIME>
          <TEMP_DEGC>20.500</TEMP_DEGC>
          <AIR_TEMP_DEGC>20.500</AIR_TEMP_DEGC>
          <RH_PRCNT>28.000</RH_PRCNT>
        </DATA>
        <DATA>
          <VOLTS>-2.000</VOLTS>
          <CURRNT_NAMP>2.288e-03</CURRNT_NAMP>
          <TIME>2021-09-28 09:20:01</TIME>
          <TEMP_DEGC>20.500</TEMP_DEGC>
          <AIR_TEMP_DEGC>20.500</AIR_TEMP_DEGC>
          <RH_PRCNT>28.000</RH_PRCNT>
        </DATA>
        <DATA>
          <VOLTS>-1.900</VOLTS>
          <CURRNT_NAMP>2.288e-03</CURRNT_NAMP>
          <TIME>2021-09-28 09:20:03</TIME>
          <TEMP_DEGC>20.500</TEMP_DEGC>
          <AIR_TEMP_DEGC>20.500</AIR_TEMP_DEGC>
          <RH_PRCNT>28.000</RH_PRCNT>
        </DATA>
        <DATA>
          <VOLTS>-1.800</VOLTS>
          <CURRNT_NAMP>2.280e-03</CURRNT_NAMP>
          <TIME>2021-09-28 09:20:05</TIME>
          <TEMP_DEGC>20.600</TEMP_DEGC>
          <AIR_TEMP_DEGC>20.600</AIR_TEMP_DEGC>
          <RH_PRCNT>28.000</RH_PRCNT>
        </DATA>
        <DATA>
          <VOLTS>-1.700</VOLTS>
          <CURRNT_NAMP>2.275e-03</CURRNT_NAMP>
          <TIME>2021-09-28 09:20:06</TIME>
          <TEMP_DEGC>20.500</TEMP_DEGC>
          <AIR_TEMP_DEGC>20.500</AIR_TEMP_DEGC>
          <RH_PRCNT>28.000</RH_PRCNT>
        </DATA>
        <DATA>
          <VOLTS>-1.600</VOLTS>
          <CURRNT_NAMP>2.264e-03</CURRNT_NAMP>
          <TIME>2021-09-28 09:20:08</TIME>
          <TEMP_DEGC>20.500</TEMP_DEGC>
          <AIR_TEMP_DEGC>20.500</AIR_TEMP_DEGC>
          <RH_PRCNT>28.000</RH_PRCNT>
        </DATA>
        <DATA>
          <VOLTS>-1.500</VOLTS>
          <CURRNT_NAMP>2.253e-03</CURRNT_NAMP>
          <TIME>2021-09-28 09:20:10</TIME>
          <TEMP_DEGC>20.500</TEMP_DEGC>
          <AIR_TEMP_DEGC>20.500</AIR_TEMP_DEGC>
          <RH_PRCNT>28.000</RH_PRCNT>
        </DATA>
        <DATA>
          <VOLTS>-1.400</VOLTS>
          <CURRNT_NAMP>2.243e-03</CURRNT_NAMP>
          <TIME>2021-09-28 09:20:11</TIME>
          <TEMP_DEGC>20.500</TEMP_DEGC>
          <AIR_TEMP_DEGC>20.500</AIR_TEMP_DEGC>
          <RH_PRCNT>28.000</RH_PRCNT>
        </DATA>
        <DATA>
          <VOLTS>-1.300</VOLTS>
          <CURRNT_NAMP>2.243e-03</CURRNT_NAMP>
          <TIME>2021-09-28 09:20:13</TIME>
          <TEMP_DEGC>20.600</TEMP_DEGC>
          <AIR_TEMP_DEGC>20.600</AIR_TEMP_DEGC>
          <RH_PRCNT>28.000</RH_PRCNT>
        </DATA>
        <DATA>
          <VOLTS>-1.200</VOLTS>
          <CURRNT_NAMP>2.240e-03</CURRNT_NAMP>
          <TIME>2021-09-28 09:20:15</TIME>
          <TEMP_DEGC>20.500</TEMP_DEGC>
          <AIR_TEMP_DEGC>20.500</AIR_TEMP_DEGC>
          <RH_PRCNT>28.000</RH_PRCNT>
        </DATA>
        <DATA>
          <VOLTS>-1.100</VOLTS>
          <CURRNT_NAMP>2.236e-03</CURRNT_NAMP>
          <TIME>2021-09-28 09:20:16</TIME>
          <TEMP_DEGC>20.500</TEMP_DEGC>
          <AIR_TEMP_DEGC>20.500</AIR_TEMP_DEGC>
          <RH_PRCNT>27.900</RH_PRCNT>
        </DATA>
        <DATA>
          <VOLTS>-1.000</VOLTS>
          <CURRNT_NAMP>2.237e-03</CURRNT_NAMP>
          <TIME>2021-09-28 09:20:18</TIME>
          <TEMP_DEGC>20.500</TEMP_DEGC>
          <AIR_TEMP_DEGC>20.500</AIR_TEMP_DEGC>
          <RH_PRCNT>27.900</RH_PRCNT>
        </DATA>
        <DATA>
          <VOLTS>-0.900</VOLTS>
          <CURRNT_NAMP>2.242e-03</CURRNT_NAMP>
          <TIME>2021-09-28 09:20:20</TIME>
          <TEMP_DEGC>20.500</TEMP_DEGC>
          <AIR_TEMP_DEGC>20.500</AIR_TEMP_DEGC>
          <RH_PRCNT>27.900</RH_PRCNT>
        </DATA>
        <DATA>
          <VOLTS>-0.800</VOLTS>
          <CURRNT_NAMP>2.240e-03</CURRNT_NAMP>
          <TIME>2021-09-28 09:20:21</TIME>
          <TEMP_DEGC>20.600</TEMP_DEGC>
          <AIR_TEMP_DEGC>20.600</AIR_TEMP_DEGC>
          <RH_PRCNT>27.900</RH_PRCNT>
        </DATA>
        <DATA>
          <VOLTS>-0.700</VOLTS>
          <CURRNT_NAMP>2.247e-03</CURRNT_NAMP>
          <TIME>2021-09-28 09:20:23</TIME>
          <TEMP_DEGC>20.500</TEMP_DEGC>
          <AIR_TEMP_DEGC>20.500</AIR_TEMP_DEGC>
          <RH_PRCNT>27.900</RH_PRCNT>
        </DATA>
        <DATA>
          <VOLTS>-0.600</VOLTS>
          <CURRNT_NAMP>2.250e-03</CURRNT_NAMP>
          <TIME>2021-09-28 09:20:25</TIME>
          <TEMP_DEGC>20.500</TEMP_DEGC>
          <AIR_TEMP_DEGC>20.500</AIR_TEMP_DEGC>
          <RH_PRCNT>27.900</RH_PRCNT>
        </DATA>
        <DATA>
          <VOLTS>-0.500</VOLTS>
          <CURRNT_NAMP>2.250e-03</CURRNT_NAMP>
          <TIME>2021-09-28 09:20:26</TIME>
          <TEMP_DEGC>20.500</TEMP_DEGC>
          <AIR_TEMP_DEGC>20.500</AIR_TEMP_DEGC>
          <RH_PRCNT>27.900</RH_PRCNT>
        </DATA>
        <DATA>
          <VOLTS>-0.400</VOLTS>
          <CURRNT_NAMP>2.250e-03</CURRNT_NAMP>
          <TIME>2021-09-28 09:20:28</TIME>
          <TEMP_DEGC>20.500</TEMP_DEGC>
          <AIR_TEMP_DEGC>20.500</AIR_TEMP_DEGC>
          <RH_PRCNT>27.900</RH_PRCNT>
        </DATA>
        <DATA>
          <VOLTS>-0.300</VOLTS>
          <CURRNT_NAMP>2.252e-03</CURRNT_NAMP>
          <TIME>2021-09-28 09:20:30</TIME>
          <TEMP_DEGC>20.500</TEMP_DEGC>
          <AIR_TEMP_DEGC>20.500</AIR_TEMP_DEGC>
          <RH_PRCNT>27.800</RH_PRCNT>
        </DATA>
        <DATA>
          <VOLTS>-0.200</VOLTS>
          <CURRNT_NAMP>2.244e-03</CURRNT_NAMP>
          <TIME>2021-09-28 09:20:31</TIME>
          <TEMP_DEGC>20.500</TEMP_DEGC>
          <AIR_TEMP_DEGC>20.500</AIR_TEMP_DEGC>
          <RH_PRCNT>27.800</RH_PRCNT>
        </DATA>
        <DATA>
          <VOLTS>-0.100</VOLTS>
          <CURRNT_NAMP>2.248e-03</CURRNT_NAMP>
          <TIME>2021-09-28 09:20:33</TIME>
          <TEMP_DEGC>20.600</TEMP_DEGC>
          <AIR_TEMP_DEGC>20.600</AIR_TEMP_DEGC>
          <RH_PRCNT>27.800</RH_PRCNT>
        </DATA>
        <DATA>
          <VOLTS>0.000</VOLTS>
          <CURRNT_NAMP>2.288e-03</CURRNT_NAMP>
          <TIME>2021-09-28 09:20:35</TIME>
          <TEMP_DEGC>20.500</TEMP_DEGC>
          <AIR_TEMP_DEGC>20.500</AIR_TEMP_DEGC>
          <RH_PRCNT>27.800</RH_PRCNT>
        </DATA>
        <DATA>
          <VOLTS>0.100</VOLTS>
          <CURRNT_NAMP>2.276e-03</CURRNT_NAMP>
          <TIME>2021-09-28 09:20:36</TIME>
          <TEMP_DEGC>20.500</TEMP_DEGC>
          <AIR_TEMP_DEGC>20.500</AIR_TEMP_DEGC>
          <RH_PRCNT>27.800</RH_PRCNT>
        </DATA>
        <DATA>
          <VOLTS>0.200</VOLTS>
          <CURRNT_NAMP>2.263e-03</CURRNT_NAMP>
          <TIME>2021-09-28 09:20:38</TIME>
          <TEMP_DEGC>20.600</TEMP_DEGC>
          <AIR_TEMP_DEGC>20.600</AIR_TEMP_DEGC>
          <RH_PRCNT>27.800</RH_PRCNT>
        </DATA>
        <DATA>
          <VOLTS>0.300</VOLTS>
          <CURRNT_NAMP>2.266e-03</CURRNT_NAMP>
          <TIME>2021-09-28 09:20:40</TIME>
          <TEMP_DEGC>20.600</TEMP_DEGC>
          <AIR_TEMP_DEGC>20.600</AIR_TEMP_DEGC>
          <RH_PRCNT>27.800</RH_PRCNT>
        </DATA>
        <DATA>
          <VOLTS>0.400</VOLTS>
          <CURRNT_NAMP>2.264e-03</CURRNT_NAMP>
          <TIME>2021-09-28 09:20:41</TIME>
          <TEMP_DEGC>20.500</TEMP_DEGC>
          <AIR_TEMP_DEGC>20.500</AIR_TEMP_DEGC>
          <RH_PRCNT>27.800</RH_PRCNT>
        </DATA>
        <DATA>
          <VOLTS>0.500</VOLTS>
          <CURRNT_NAMP>2.277e-03</CURRNT_NAMP>
          <TIME>2021-09-28 09:20:43</TIME>
          <TEMP_DEGC>20.500</TEMP_DEGC>
          <AIR_TEMP_DEGC>20.500</AIR_TEMP_DEGC>
          <RH_PRCNT>27.800</RH_PRCNT>
        </DATA>
        <DATA>
          <VOLTS>0.600</VOLTS>
          <CURRNT_NAMP>2.272e-03</CURRNT_NAMP>
          <TIME>2021-09-28 09:20:45</TIME>
          <TEMP_DEGC>20.600</TEMP_DEGC>
          <AIR_TEMP_DEGC>20.600</AIR_TEMP_DEGC>
          <RH_PRCNT>27.800</RH_PRCNT>
        </DATA>
        <DATA>
          <VOLTS>0.700</VOLTS>
          <CURRNT_NAMP>2.273e-03</CURRNT_NAMP>
          <TIME>2021-09-28 09:20:46</TIME>
          <TEMP_DEGC>20.600</TEMP_DEGC>
          <AIR_TEMP_DEGC>20.600</AIR_TEMP_DEGC>
          <RH_PRCNT>27.800</RH_PRCNT>
        </DATA>
        <DATA>
          <VOLTS>0.800</VOLTS>
          <CURRNT_NAMP>2.278e-03</CURRNT_NAMP>
          <TIME>2021-09-28 09:20:48</TIME>
          <TEMP_DEGC>20.600</TEMP_DEGC>
          <AIR_TEMP_DEGC>20.600</AIR_TEMP_DEGC>
          <RH_PRCNT>27.800</RH_PRCNT>
        </DATA>
        <DATA>
          <VOLTS>0.900</VOLTS>
          <CURRNT_NAMP>2.282e-03</CURRNT_NAMP>
          <TIME>2021-09-28 09:20:50</TIME>
          <TEMP_DEGC>20.600</TEMP_DEGC>
          <AIR_TEMP_DEGC>20.600</AIR_TEMP_DEGC>
          <RH_PRCNT>27.800</RH_PRCNT>
        </DATA>
        <DATA>
          <VOLTS>1.000</VOLTS>
          <CURRNT_NAMP>2.288e-03</CURRNT_NAMP>
          <TIME>2021-09-28 09:20:51</TIME>
          <TEMP_DEGC>20.500</TEMP_DEGC>
          <AIR_TEMP_DEGC>20.500</AIR_TEMP_DEGC>
          <RH_PRCNT>27.800</RH_PRCNT>
        </DATA>
        <DATA>
          <VOLTS>1.100</VOLTS>
          <CURRNT_NAMP>2.295e-03</CURRNT_NAMP>
          <TIME>2021-09-28 09:20:53</TIME>
          <TEMP_DEGC>20.600</TEMP_DEGC>
          <AIR_TEMP_DEGC>20.600</AIR_TEMP_DEGC>
          <RH_PRCNT>27.700</RH_PRCNT>
        </DATA>
        <DATA>
          <VOLTS>1.200</VOLTS>
          <CURRNT_NAMP>2.310e-03</CURRNT_NAMP>
          <TIME>2021-09-28 09:20:55</TIME>
          <TEMP_DEGC>20.600</TEMP_DEGC>
          <AIR_TEMP_DEGC>20.600</AIR_TEMP_DEGC>
          <RH_PRCNT>27.700</RH_PRCNT>
        </DATA>
        <DATA>
          <VOLTS>1.300</VOLTS>
          <CURRNT_NAMP>2.326e-03</CURRNT_NAMP>
          <TIME>2021-09-28 09:20:56</TIME>
          <TEMP_DEGC>20.600</TEMP_DEGC>
          <AIR_TEMP_DEGC>20.600</AIR_TEMP_DEGC>
          <RH_PRCNT>27.700</RH_PRCNT>
        </DATA>
        <DATA>
          <VOLTS>1.400</VOLTS>
          <CURRNT_NAMP>2.358e-03</CURRNT_NAMP>
          <TIME>2021-09-28 09:20:58</TIME>
          <TEMP_DEGC>20.600</TEMP_DEGC>
          <AIR_TEMP_DEGC>20.600</AIR_TEMP_DEGC>
          <RH_PRCNT>27.700</RH_PRCNT>
        </DATA>
        <DATA>
          <VOLTS>1.500</VOLTS>
          <CURRNT_NAMP>2.396e-03</CURRNT_NAMP>
          <TIME>2021-09-28 09:21:00</TIME>
          <TEMP_DEGC>20.600</TEMP_DEGC>
          <AIR_TEMP_DEGC>20.600</AIR_TEMP_DEGC>
          <RH_PRCNT>27.700</RH_PRCNT>
        </DATA>
        <DATA>
          <VOLTS>1.600</VOLTS>
          <CURRNT_NAMP>2.461e-03</CURRNT_NAMP>
          <TIME>2021-09-28 09:21:01</TIME>
          <TEMP_DEGC>20.600</TEMP_DEGC>
          <AIR_TEMP_DEGC>20.600</AIR_TEMP_DEGC>
          <RH_PRCNT>27.700</RH_PRCNT>
        </DATA>
        <DATA>
          <VOLTS>1.700</VOLTS>
          <CURRNT_NAMP>2.573e-03</CURRNT_NAMP>
          <TIME>2021-09-28 09:21:03</TIME>
          <TEMP_DEGC>20.600</TEMP_DEGC>
          <AIR_TEMP_DEGC>20.600</AIR_TEMP_DEGC>
          <RH_PRCNT>27.700</RH_PRCNT>
        </DATA>
        <DATA>
          <VOLTS>1.800</VOLTS>
          <CURRNT_NAMP>2.760e-03</CURRNT_NAMP>
          <TIME>2021-09-28 09:21:05</TIME>
          <TEMP_DEGC>20.600</TEMP_DEGC>
          <AIR_TEMP_DEGC>20.600</AIR_TEMP_DEGC>
          <RH_PRCNT>27.700</RH_PRCNT>
        </DATA>
        <DATA>
          <VOLTS>1.900</VOLTS>
          <CURRNT_NAMP>3.070e-03</CURRNT_NAMP>
          <TIME>2021-09-28 09:21:06</TIME>
          <TEMP_DEGC>20.600</TEMP_DEGC>
          <AIR_TEMP_DEGC>20.600</AIR_TEMP_DEGC>
          <RH_PRCNT>27.700</RH_PRCNT>
        </DATA>
        <DATA>
          <VOLTS>2.000</VOLTS>
          <CURRNT_NAMP>3.592e-03</CURRNT_NAMP>
          <TIME>2021-09-28 09:21:08</TIME>
          <TEMP_DEGC>20.500</TEMP_DEGC>
          <AIR_TEMP_DEGC>20.500</AIR_TEMP_DEGC>
          <RH_PRCNT>27.700</RH_PRCNT>
        </DATA>
        <DATA>
          <VOLTS>2.100</VOLTS>
          <CURRNT_NAMP>4.499e-03</CURRNT_NAMP>
          <TIME>2021-09-28 09:21:10</TIME>
          <TEMP_DEGC>20.600</TEMP_DEGC>
          <AIR_TEMP_DEGC>20.600</AIR_TEMP_DEGC>
          <RH_PRCNT>27.700</RH_PRCNT>
        </DATA>
        <DATA>
          <VOLTS>2.200</VOLTS>
          <CURRNT_NAMP>6.071e-03</CURRNT_NAMP>
          <TIME>2021-09-28 09:21:11</TIME>
          <TEMP_DEGC>20.600</TEMP_DEGC>
          <AIR_TEMP_DEGC>20.600</AIR_TEMP_DEGC>
          <RH_PRCNT>27.700</RH_PRCNT>
        </DATA>
        <DATA>
          <VOLTS>2.300</VOLTS>
          <CURRNT_NAMP>8.866e-03</CURRNT_NAMP>
          <TIME>2021-09-28 09:21:13</TIME>
          <TEMP_DEGC>20.600</TEMP_DEGC>
          <AIR_TEMP_DEGC>20.600</AIR_TEMP_DEGC>
          <RH_PRCNT>27.700</RH_PRCNT>
        </DATA>
        <DATA>
          <VOLTS>2.400</VOLTS>
          <CURRNT_NAMP>1.401e-02</CURRNT_NAMP>
          <TIME>2021-09-28 09:21:15</TIME>
          <TEMP_DEGC>20.500</TEMP_DEGC>
          <AIR_TEMP_DEGC>20.500</AIR_TEMP_DEGC>
          <RH_PRCNT>27.700</RH_PRCNT>
        </DATA>
        <DATA>
          <VOLTS>2.500</VOLTS>
          <CURRNT_NAMP>2.471e-02</CURRNT_NAMP>
          <TIME>2021-09-28 09:21:16</TIME>
          <TEMP_DEGC>20.600</TEMP_DEGC>
          <AIR_TEMP_DEGC>20.600</AIR_TEMP_DEGC>
          <RH_PRCNT>27.600</RH_PRCNT>
        </DATA>
        <DATA>
          <VOLTS>2.600</VOLTS>
          <CURRNT_NAMP>4.464e-02</CURRNT_NAMP>
          <TIME>2021-09-28 09:21:18</TIME>
          <TEMP_DEGC>20.600</TEMP_DEGC>
          <AIR_TEMP_DEGC>20.600</AIR_TEMP_DEGC>
          <RH_PRCNT>27.600</RH_PRCNT>
        </DATA>
        <DATA>
          <VOLTS>2.700</VOLTS>
          <CURRNT_NAMP>8.990e-02</CURRNT_NAMP>
          <TIME>2021-09-28 09:21:20</TIME>
          <TEMP_DEGC>20.600</TEMP_DEGC>
          <AIR_TEMP_DEGC>20.600</AIR_TEMP_DEGC>
          <RH_PRCNT>27.600</RH_PRCNT>
        </DATA>
        <DATA>
          <VOLTS>2.800</VOLTS>
          <CURRNT_NAMP>1.893e-01</CURRNT_NAMP>
          <TIME>2021-09-28 09:21:22</TIME>
          <TEMP_DEGC>20.600</TEMP_DEGC>
          <AIR_TEMP_DEGC>20.600</AIR_TEMP_DEGC>
          <RH_PRCNT>27.600</RH_PRCNT>
        </DATA>
        <DATA>
          <VOLTS>2.900</VOLTS>
          <CURRNT_NAMP>5.434e-01</CURRNT_NAMP>
          <TIME>2021-09-28 09:21:23</TIME>
          <TEMP_DEGC>20.600</TEMP_DEGC>
          <AIR_TEMP_DEGC>20.600</AIR_TEMP_DEGC>
          <RH_PRCNT>27.600</RH_PRCNT>
        </DATA>
        <DATA>
          <VOLTS>3.000</VOLTS>
          <CURRNT_NAMP>1.356e+00</CURRNT_NAMP>
          <TIME>2021-09-28 09:21:25</TIME>
          <TEMP_DEGC>20.600</TEMP_DEGC>
          <AIR_TEMP_DEGC>20.600</AIR_TEMP_DEGC>
          <RH_PRCNT>27.600</RH_PRCNT>
        </DATA>
        <DATA>
          <VOLTS>3.100</VOLTS>
          <CURRNT_NAMP>3.308e+00</CURRNT_NAMP>
          <TIME>2021-09-28 09:21:27</TIME>
          <TEMP_DEGC>20.600</TEMP_DEGC>
          <AIR_TEMP_DEGC>20.600</AIR_TEMP_DEGC>
          <RH_PRCNT>27.600</RH_PRCNT>
        </DATA>
        <DATA>
          <VOLTS>3.200</VOLTS>
          <CURRNT_NAMP>7.841e+00</CURRNT_NAMP>
          <TIME>2021-09-28 09:21:28</TIME>
          <TEMP_DEGC>20.600</TEMP_DEGC>
          <AIR_TEMP_DEGC>20.600</AIR_TEMP_DEGC>
          <RH_PRCNT>27.600</RH_PRCNT>
        </DATA>
        <DATA>
          <VOLTS>3.300</VOLTS>
          <CURRNT_NAMP>1.739e+01</CURRNT_NAMP>
          <TIME>2021-09-28 09:21:30</TIME>
          <TEMP_DEGC>20.600</TEMP_DEGC>
          <AIR_TEMP_DEGC>20.600</AIR_TEMP_DEGC>
          <RH_PRCNT>27.600</RH_PRCNT>
        </DATA>
        <DATA>
          <VOLTS>3.400</VOLTS>
          <CURRNT_NAMP>3.623e+01</CURRNT_NAMP>
          <TIME>2021-09-28 09:21:32</TIME>
          <TEMP_DEGC>20.600</TEMP_DEGC>
          <AIR_TEMP_DEGC>20.600</AIR_TEMP_DEGC>
          <RH_PRCNT>27.600</RH_PRCNT>
        </DATA>
        <DATA>
          <VOLTS>3.500</VOLTS>
          <CURRNT_NAMP>7.064e+01</CURRNT_NAMP>
          <TIME>2021-09-28 09:21:33</TIME>
          <TEMP_DEGC>20.600</TEMP_DEGC>
          <AIR_TEMP_DEGC>20.600</AIR_TEMP_DEGC>
          <RH_PRCNT>27.600</RH_PRCNT>
        </DATA>
        <DATA>
          <VOLTS>3.600</VOLTS>
          <CURRNT_NAMP>1.294e+02</CURRNT_NAMP>
          <TIME>2021-09-28 09:21:35</TIME>
          <TEMP_DEGC>20.600</TEMP_DEGC>
          <AIR_TEMP_DEGC>20.600</AIR_TEMP_DEGC>
          <RH_PRCNT>27.600</RH_PRCNT>
        </DATA>
        <DATA>
          <VOLTS>3.700</VOLTS>
          <CURRNT_NAMP>2.217e+02</CURRNT_NAMP>
          <TIME>2021-09-28 09:21:37</TIME>
          <TEMP_DEGC>20.600</TEMP_DEGC>
          <AIR_TEMP_DEGC>20.600</AIR_TEMP_DEGC>
          <RH_PRCNT>27.600</RH_PRCNT>
        </DATA>
        <DATA>
          <VOLTS>3.800</VOLTS>
          <CURRNT_NAMP>3.589e+02</CURRNT_NAMP>
          <TIME>2021-09-28 09:21:38</TIME>
          <TEMP_DEGC>20.600</TEMP_DEGC>
          <AIR_TEMP_DEGC>20.600</AIR_TEMP_DEGC>
          <RH_PRCNT>27.600</RH_PRCNT>
        </DATA>
        <DATA>
          <VOLTS>3.900</VOLTS>
          <CURRNT_NAMP>5.481e+02</CURRNT_NAMP>
          <TIME>2021-09-28 09:21:40</TIME>
          <TEMP_DEGC>20.600</TEMP_DEGC>
          <AIR_TEMP_DEGC>20.600</AIR_TEMP_DEGC>
          <RH_PRCNT>27.600</RH_PRCNT>
        </DATA>
        <DATA>
          <VOLTS>4.000</VOLTS>
          <CURRNT_NAMP>7.894e+02</CURRNT_NAMP>
          <TIME>2021-09-28 09:21:42</TIME>
          <TEMP_DEGC>20.600</TEMP_DEGC>
          <AIR_TEMP_DEGC>20.600</AIR_TEMP_DEGC>
          <RH_PRCNT>27.500</RH_PRCNT>
        </DATA>
        <DATA>
          <VOLTS>4.100</VOLTS>
          <CURRNT_NAMP>1.078e+03</CURRNT_NAMP>
          <TIME>2021-09-28 09:21:43</TIME>
          <TEMP_DEGC>20.600</TEMP_DEGC>
          <AIR_TEMP_DEGC>20.600</AIR_TEMP_DEGC>
          <RH_PRCNT>27.500</RH_PRCNT>
        </DATA>
        <DATA>
          <VOLTS>4.200</VOLTS>
          <CURRNT_NAMP>1.401e+03</CURRNT_NAMP>
          <TIME>2021-09-28 09:21:45</TIME>
          <TEMP_DEGC>20.600</TEMP_DEGC>
          <AIR_TEMP_DEGC>20.600</AIR_TEMP_DEGC>
          <RH_PRCNT>27.500</RH_PRCNT>
        </DATA>
        <DATA>
          <VOLTS>4.300</VOLTS>
          <CURRNT_NAMP>1.739e+03</CURRNT_NAMP>
          <TIME>2021-09-28 09:21:47</TIME>
          <TEMP_DEGC>20.600</TEMP_DEGC>
          <AIR_TEMP_DEGC>20.600</AIR_TEMP_DEGC>
          <RH_PRCNT>27.500</RH_PRCNT>
        </DATA>
        <DATA>
          <VOLTS>4.400</VOLTS>
          <CURRNT_NAMP>2.080e+03</CURRNT_NAMP>
          <TIME>2021-09-28 09:21:49</TIME>
          <TEMP_DEGC>20.600</TEMP_DEGC>
          <AIR_TEMP_DEGC>20.600</AIR_TEMP_DEGC>
          <RH_PRCNT>27.500</RH_PRCNT>
        </DATA>
        <DATA>
          <VOLTS>4.500</VOLTS>
          <CURRNT_NAMP>2.407e+03</CURRNT_NAMP>
          <TIME>2021-09-28 09:21:50</TIME>
          <TEMP_DEGC>20.600</TEMP_DEGC>
          <AIR_TEMP_DEGC>20.600</AIR_TEMP_DEGC>
          <RH_PRCNT>27.500</RH_PRCNT>
        </DATA>
        <DATA>
          <VOLTS>4.600</VOLTS>
          <CURRNT_NAMP>2.721e+03</CURRNT_NAMP>
          <TIME>2021-09-28 09:21:52</TIME>
          <TEMP_DEGC>20.600</TEMP_DEGC>
          <AIR_TEMP_DEGC>20.600</AIR_TEMP_DEGC>
          <RH_PRCNT>27.500</RH_PRCNT>
        </DATA>
        <DATA>
          <VOLTS>4.700</VOLTS>
          <CURRNT_NAMP>3.016e+03</CURRNT_NAMP>
          <TIME>2021-09-28 09:21:54</TIME>
          <TEMP_DEGC>20.600</TEMP_DEGC>
          <AIR_TEMP_DEGC>20.600</AIR_TEMP_DEGC>
          <RH_PRCNT>27.500</RH_PRCNT>
        </DATA>
        <DATA>
          <VOLTS>4.800</VOLTS>
          <CURRNT_NAMP>3.292e+03</CURRNT_NAMP>
          <TIME>2021-09-28 09:21:55</TIME>
          <TEMP_DEGC>20.600</TEMP_DEGC>
          <AIR_TEMP_DEGC>20.600</AIR_TEMP_DEGC>
          <RH_PRCNT>27.500</RH_PRCNT>
        </DATA>
        <DATA>
          <VOLTS>4.900</VOLTS>
          <CURRNT_NAMP>3.549e+03</CURRNT_NAMP>
          <TIME>2021-09-28 09:21:57</TIME>
          <TEMP_DEGC>20.600</TEMP_DEGC>
          <AIR_TEMP_DEGC>20.600</AIR_TEMP_DEGC>
          <RH_PRCNT>27.500</RH_PRCNT>
        </DATA>
        <DATA>
          <VOLTS>5.000</VOLTS>
          <CURRNT_NAMP>3.790e+03</CURRNT_NAMP>
          <TIME>2021-09-28 09:21:59</TIME>
          <TEMP_DEGC>20.600</TEMP_DEGC>
          <AIR_TEMP_DEGC>20.600</AIR_TEMP_DEGC>
          <RH_PRCNT>27.400</RH_PRCNT>
        </DATA>
        <DATA>
          <VOLTS>5.100</VOLTS>
          <CURRNT_NAMP>4.018e+03</CURRNT_NAMP>
          <TIME>2021-09-28 09:22:00</TIME>
          <TEMP_DEGC>20.600</TEMP_DEGC>
          <AIR_TEMP_DEGC>20.600</AIR_TEMP_DEGC>
          <RH_PRCNT>27.400</RH_PRCNT>
        </DATA>
        <DATA>
          <VOLTS>5.200</VOLTS>
          <CURRNT_NAMP>4.227e+03</CURRNT_NAMP>
          <TIME>2021-09-28 09:22:02</TIME>
          <TEMP_DEGC>20.600</TEMP_DEGC>
          <AIR_TEMP_DEGC>20.600</AIR_TEMP_DEGC>
          <RH_PRCNT>27.400</RH_PRCNT>
        </DATA>
        <DATA>
          <VOLTS>5.300</VOLTS>
          <CURRNT_NAMP>4.429e+03</CURRNT_NAMP>
          <TIME>2021-09-28 09:22:04</TIME>
          <TEMP_DEGC>20.600</TEMP_DEGC>
          <AIR_TEMP_DEGC>20.600</AIR_TEMP_DEGC>
          <RH_PRCNT>27.400</RH_PRCNT>
        </DATA>
        <DATA>
          <VOLTS>5.400</VOLTS>
          <CURRNT_NAMP>4.618e+03</CURRNT_NAMP>
          <TIME>2021-09-28 09:22:05</TIME>
          <TEMP_DEGC>20.600</TEMP_DEGC>
          <AIR_TEMP_DEGC>20.600</AIR_TEMP_DEGC>
          <RH_PRCNT>27.400</RH_PRCNT>
        </DATA>
        <DATA>
          <VOLTS>5.500</VOLTS>
          <CURRNT_NAMP>4.797e+03</CURRNT_NAMP>
          <TIME>2021-09-28 09:22:07</TIME>
          <TEMP_DEGC>20.600</TEMP_DEGC>
          <AIR_TEMP_DEGC>20.600</AIR_TEMP_DEGC>
          <RH_PRCNT>27.400</RH_PRCNT>
        </DATA>
        <DATA>
          <VOLTS>5.600</VOLTS>
          <CURRNT_NAMP>4.969e+03</CURRNT_NAMP>
          <TIME>2021-09-28 09:22:09</TIME>
          <TEMP_DEGC>20.600</TEMP_DEGC>
          <AIR_TEMP_DEGC>20.600</AIR_TEMP_DEGC>
          <RH_PRCNT>27.400</RH_PRCNT>
        </DATA>
        <DATA>
          <VOLTS>5.700</VOLTS>
          <CURRNT_NAMP>5.136e+03</CURRNT_NAMP>
          <TIME>2021-09-28 09:22:10</TIME>
          <TEMP_DEGC>20.600</TEMP_DEGC>
          <AIR_TEMP_DEGC>20.600</AIR_TEMP_DEGC>
          <RH_PRCNT>27.400</RH_PRCNT>
        </DATA>
        <DATA>
          <VOLTS>5.800</VOLTS>
          <CURRNT_NAMP>5.291e+03</CURRNT_NAMP>
          <TIME>2021-09-28 09:22:12</TIME>
          <TEMP_DEGC>20.600</TEMP_DEGC>
          <AIR_TEMP_DEGC>20.600</AIR_TEMP_DEGC>
          <RH_PRCNT>27.400</RH_PRCNT>
        </DATA>
        <DATA>
          <VOLTS>5.900</VOLTS>
          <CURRNT_NAMP>5.442e+03</CURRNT_NAMP>
          <TIME>2021-09-28 09:22:14</TIME>
          <TEMP_DEGC>20.600</TEMP_DEGC>
          <AIR_TEMP_DEGC>20.600</AIR_TEMP_DEGC>
          <RH_PRCNT>27.400</RH_PRCNT>
        </DATA>
        <DATA>
          <VOLTS>6.000</VOLTS>
          <CURRNT_NAMP>5.589e+03</CURRNT_NAMP>
          <TIME>2021-09-28 09:22:15</TIME>
          <TEMP_DEGC>20.600</TEMP_DEGC>
          <AIR_TEMP_DEGC>20.600</AIR_TEMP_DEGC>
          <RH_PRCNT>27.400</RH_PRCNT>
        </DATA>
        <DATA>
          <VOLTS>6.100</VOLTS>
          <CURRNT_NAMP>5.730e+03</CURRNT_NAMP>
          <TIME>2021-09-28 09:22:17</TIME>
          <TEMP_DEGC>20.600</TEMP_DEGC>
          <AIR_TEMP_DEGC>20.600</AIR_TEMP_DEGC>
          <RH_PRCNT>27.400</RH_PRCNT>
        </DATA>
        <DATA>
          <VOLTS>6.200</VOLTS>
          <CURRNT_NAMP>5.867e+03</CURRNT_NAMP>
          <TIME>2021-09-28 09:22:19</TIME>
          <TEMP_DEGC>20.600</TEMP_DEGC>
          <AIR_TEMP_DEGC>20.600</AIR_TEMP_DEGC>
          <RH_PRCNT>27.400</RH_PRCNT>
        </DATA>
        <DATA>
          <VOLTS>6.300</VOLTS>
          <CURRNT_NAMP>6.001e+03</CURRNT_NAMP>
          <TIME>2021-09-28 09:22:20</TIME>
          <TEMP_DEGC>20.600</TEMP_DEGC>
          <AIR_TEMP_DEGC>20.600</AIR_TEMP_DEGC>
          <RH_PRCNT>27.500</RH_PRCNT>
        </DATA>
        <DATA>
          <VOLTS>6.400</VOLTS>
          <CURRNT_NAMP>6.131e+03</CURRNT_NAMP>
          <TIME>2021-09-28 09:22:22</TIME>
          <TEMP_DEGC>20.600</TEMP_DEGC>
          <AIR_TEMP_DEGC>20.600</AIR_TEMP_DEGC>
          <RH_PRCNT>27.500</RH_PRCNT>
        </DATA>
        <DATA>
          <VOLTS>6.500</VOLTS>
          <CURRNT_NAMP>6.256e+03</CURRNT_NAMP>
          <TIME>2021-09-28 09:22:24</TIME>
          <TEMP_DEGC>20.600</TEMP_DEGC>
          <AIR_TEMP_DEGC>20.600</AIR_TEMP_DEGC>
          <RH_PRCNT>27.500</RH_PRCNT>
        </DATA>
        <DATA>
          <VOLTS>6.600</VOLTS>
          <CURRNT_NAMP>6.376e+03</CURRNT_NAMP>
          <TIME>2021-09-28 09:22:25</TIME>
          <TEMP_DEGC>20.600</TEMP_DEGC>
          <AIR_TEMP_DEGC>20.600</AIR_TEMP_DEGC>
          <RH_PRCNT>27.500</RH_PRCNT>
        </DATA>
        <DATA>
          <VOLTS>6.700</VOLTS>
          <CURRNT_NAMP>6.497e+03</CURRNT_NAMP>
          <TIME>2021-09-28 09:22:27</TIME>
          <TEMP_DEGC>20.600</TEMP_DEGC>
          <AIR_TEMP_DEGC>20.600</AIR_TEMP_DEGC>
          <RH_PRCNT>27.500</RH_PRCNT>
        </DATA>
        <DATA>
          <VOLTS>6.800</VOLTS>
          <CURRNT_NAMP>6.614e+03</CURRNT_NAMP>
          <TIME>2021-09-28 09:22:29</TIME>
          <TEMP_DEGC>20.600</TEMP_DEGC>
          <AIR_TEMP_DEGC>20.600</AIR_TEMP_DEGC>
          <RH_PRCNT>27.500</RH_PRCNT>
        </DATA>
        <DATA>
          <VOLTS>6.900</VOLTS>
          <CURRNT_NAMP>6.732e+03</CURRNT_NAMP>
          <TIME>2021-09-28 09:22:30</TIME>
          <TEMP_DEGC>20.600</TEMP_DEGC>
          <AIR_TEMP_DEGC>20.600</AIR_TEMP_DEGC>
          <RH_PRCNT>27.500</RH_PRCNT>
        </DATA>
        <DATA>
          <VOLTS>7.000</VOLTS>
          <CURRNT_NAMP>6.842e+03</CURRNT_NAMP>
          <TIME>2021-09-28 09:22:32</TIME>
          <TEMP_DEGC>20.600</TEMP_DEGC>
          <AIR_TEMP_DEGC>20.600</AIR_TEMP_DEGC>
          <RH_PRCNT>27.400</RH_PRCNT>
        </DATA>
        <DATA>
          <VOLTS>7.100</VOLTS>
          <CURRNT_NAMP>6.953e+03</CURRNT_NAMP>
          <TIME>2021-09-28 09:22:34</TIME>
          <TEMP_DEGC>20.600</TEMP_DEGC>
          <AIR_TEMP_DEGC>20.600</AIR_TEMP_DEGC>
          <RH_PRCNT>27.400</RH_PRCNT>
        </DATA>
        <DATA>
          <VOLTS>7.200</VOLTS>
          <CURRNT_NAMP>7.062e+03</CURRNT_NAMP>
          <TIME>2021-09-28 09:22:35</TIME>
          <TEMP_DEGC>20.600</TEMP_DEGC>
          <AIR_TEMP_DEGC>20.600</AIR_TEMP_DEGC>
          <RH_PRCNT>27.400</RH_PRCNT>
        </DATA>
        <DATA>
          <VOLTS>7.300</VOLTS>
          <CURRNT_NAMP>7.170e+03</CURRNT_NAMP>
          <TIME>2021-09-28 09:22:37</TIME>
          <TEMP_DEGC>20.600</TEMP_DEGC>
          <AIR_TEMP_DEGC>20.600</AIR_TEMP_DEGC>
          <RH_PRCNT>27.400</RH_PRCNT>
        </DATA>
        <DATA>
          <VOLTS>7.400</VOLTS>
          <CURRNT_NAMP>7.274e+03</CURRNT_NAMP>
          <TIME>2021-09-28 09:22:39</TIME>
          <TEMP_DEGC>20.600</TEMP_DEGC>
          <AIR_TEMP_DEGC>20.600</AIR_TEMP_DEGC>
          <RH_PRCNT>27.400</RH_PRCNT>
        </DATA>
        <DATA>
          <VOLTS>7.500</VOLTS>
          <CURRNT_NAMP>7.376e+03</CURRNT_NAMP>
          <TIME>2021-09-28 09:22:40</TIME>
          <TEMP_DEGC>20.600</TEMP_DEGC>
          <AIR_TEMP_DEGC>20.600</AIR_TEMP_DEGC>
          <RH_PRCNT>27.400</RH_PRCNT>
        </DATA>
        <DATA>
          <VOLTS>7.600</VOLTS>
          <CURRNT_NAMP>7.479e+03</CURRNT_NAMP>
          <TIME>2021-09-28 09:22:42</TIME>
          <TEMP_DEGC>20.600</TEMP_DEGC>
          <AIR_TEMP_DEGC>20.600</AIR_TEMP_DEGC>
          <RH_PRCNT>27.400</RH_PRCNT>
        </DATA>
        <DATA>
          <VOLTS>7.700</VOLTS>
          <CURRNT_NAMP>7.578e+03</CURRNT_NAMP>
          <TIME>2021-09-28 09:22:44</TIME>
          <TEMP_DEGC>20.600</TEMP_DEGC>
          <AIR_TEMP_DEGC>20.600</AIR_TEMP_DEGC>
          <RH_PRCNT>27.400</RH_PRCNT>
        </DATA>
        <DATA>
          <VOLTS>7.800</VOLTS>
          <CURRNT_NAMP>7.677e+03</CURRNT_NAMP>
          <TIME>2021-09-28 09:22:45</TIME>
          <TEMP_DEGC>20.600</TEMP_DEGC>
          <AIR_TEMP_DEGC>20.600</AIR_TEMP_DEGC>
          <RH_PRCNT>27.400</RH_PRCNT>
        </DATA>
        <DATA>
          <VOLTS>7.900</VOLTS>
          <CURRNT_NAMP>7.775e+03</CURRNT_NAMP>
          <TIME>2021-09-28 09:22:47</TIME>
          <TEMP_DEGC>20.600</TEMP_DEGC>
          <AIR_TEMP_DEGC>20.600</AIR_TEMP_DEGC>
          <RH_PRCNT>27.400</RH_PRCNT>
        </DATA>
        <DATA>
          <VOLTS>8.000</VOLTS>
          <CURRNT_NAMP>7.870e+03</CURRNT_NAMP>
          <TIME>2021-09-28 09:22:49</TIME>
          <TEMP_DEGC>20.600</TEMP_DEGC>
          <AIR_TEMP_DEGC>20.600</AIR_TEMP_DEGC>
          <RH_PRCNT>27.400</RH_PRCNT>
        </DATA>
        <DATA>
          <VOLTS>8.100</VOLTS>
          <CURRNT_NAMP>7.967e+03</CURRNT_NAMP>
          <TIME>2021-09-28 09:22:50</TIME>
          <TEMP_DEGC>20.600</TEMP_DEGC>
          <AIR_TEMP_DEGC>20.600</AIR_TEMP_DEGC>
          <RH_PRCNT>27.400</RH_PRCNT>
        </DATA>
        <DATA>
          <VOLTS>8.200</VOLTS>
          <CURRNT_NAMP>8.064e+03</CURRNT_NAMP>
          <TIME>2021-09-28 09:22:52</TIME>
          <TEMP_DEGC>20.600</TEMP_DEGC>
          <AIR_TEMP_DEGC>20.600</AIR_TEMP_DEGC>
          <RH_PRCNT>27.400</RH_PRCNT>
        </DATA>
        <DATA>
          <VOLTS>8.300</VOLTS>
          <CURRNT_NAMP>8.157e+03</CURRNT_NAMP>
          <TIME>2021-09-28 09:22:54</TIME>
          <TEMP_DEGC>20.600</TEMP_DEGC>
          <AIR_TEMP_DEGC>20.600</AIR_TEMP_DEGC>
          <RH_PRCNT>27.400</RH_PRCNT>
        </DATA>
        <DATA>
          <VOLTS>8.400</VOLTS>
          <CURRNT_NAMP>8.248e+03</CURRNT_NAMP>
          <TIME>2021-09-28 09:22:55</TIME>
          <TEMP_DEGC>20.600</TEMP_DEGC>
          <AIR_TEMP_DEGC>20.600</AIR_TEMP_DEGC>
          <RH_PRCNT>27.400</RH_PRCNT>
        </DATA>
        <DATA>
          <VOLTS>8.500</VOLTS>
          <CURRNT_NAMP>8.337e+03</CURRNT_NAMP>
          <TIME>2021-09-28 09:22:57</TIME>
          <TEMP_DEGC>20.600</TEMP_DEGC>
          <AIR_TEMP_DEGC>20.600</AIR_TEMP_DEGC>
          <RH_PRCNT>27.400</RH_PRCNT>
        </DATA>
        <DATA>
          <VOLTS>8.600</VOLTS>
          <CURRNT_NAMP>8.428e+03</CURRNT_NAMP>
          <TIME>2021-09-28 09:22:59</TIME>
          <TEMP_DEGC>20.600</TEMP_DEGC>
          <AIR_TEMP_DEGC>20.600</AIR_TEMP_DEGC>
          <RH_PRCNT>27.400</RH_PRCNT>
        </DATA>
        <DATA>
          <VOLTS>8.700</VOLTS>
          <CURRNT_NAMP>8.518e+03</CURRNT_NAMP>
          <TIME>2021-09-28 09:23:01</TIME>
          <TEMP_DEGC>20.600</TEMP_DEGC>
          <AIR_TEMP_DEGC>20.600</AIR_TEMP_DEGC>
          <RH_PRCNT>27.400</RH_PRCNT>
        </DATA>
        <DATA>
          <VOLTS>8.800</VOLTS>
          <CURRNT_NAMP>8.607e+03</CURRNT_NAMP>
          <TIME>2021-09-28 09:23:02</TIME>
          <TEMP_DEGC>20.600</TEMP_DEGC>
          <AIR_TEMP_DEGC>20.600</AIR_TEMP_DEGC>
          <RH_PRCNT>27.400</RH_PRCNT>
        </DATA>
        <DATA>
          <VOLTS>8.900</VOLTS>
          <CURRNT_NAMP>8.692e+03</CURRNT_NAMP>
          <TIME>2021-09-28 09:23:04</TIME>
          <TEMP_DEGC>20.600</TEMP_DEGC>
          <AIR_TEMP_DEGC>20.600</AIR_TEMP_DEGC>
          <RH_PRCNT>27.400</RH_PRCNT>
        </DATA>
        <DATA>
          <VOLTS>9.000</VOLTS>
          <CURRNT_NAMP>8.783e+03</CURRNT_NAMP>
          <TIME>2021-09-28 09:23:06</TIME>
          <TEMP_DEGC>20.600</TEMP_DEGC>
          <AIR_TEMP_DEGC>20.600</AIR_TEMP_DEGC>
          <RH_PRCNT>27.400</RH_PRCNT>
        </DATA>
        <DATA>
          <VOLTS>9.100</VOLTS>
          <CURRNT_NAMP>8.867e+03</CURRNT_NAMP>
          <TIME>2021-09-28 09:23:07</TIME>
          <TEMP_DEGC>20.600</TEMP_DEGC>
          <AIR_TEMP_DEGC>20.600</AIR_TEMP_DEGC>
          <RH_PRCNT>27.400</RH_PRCNT>
        </DATA>
        <DATA>
          <VOLTS>9.200</VOLTS>
          <CURRNT_NAMP>8.955e+03</CURRNT_NAMP>
          <TIME>2021-09-28 09:23:09</TIME>
          <TEMP_DEGC>20.600</TEMP_DEGC>
          <AIR_TEMP_DEGC>20.600</AIR_TEMP_DEGC>
          <RH_PRCNT>27.400</RH_PRCNT>
        </DATA>
        <DATA>
          <VOLTS>9.300</VOLTS>
          <CURRNT_NAMP>9.038e+03</CURRNT_NAMP>
          <TIME>2021-09-28 09:23:11</TIME>
          <TEMP_DEGC>20.700</TEMP_DEGC>
          <AIR_TEMP_DEGC>20.700</AIR_TEMP_DEGC>
          <RH_PRCNT>27.400</RH_PRCNT>
        </DATA>
        <CHILD_DATA_SET>
          <HEADER>
            <TYPE>
              <EXTENSION_TABLE_NAME>HALFMOON_TC_PAR</EXTENSION_TABLE_NAME>
              <NAME>Tracker Halfmoon TC Parameters</NAME>
            </TYPE>
          </HEADER>
          <DATA_SET>
            <COMMENT_DESCRIPTION>Test</COMMENT_DESCRIPTION>
            <VERSION>TC_measurement-004</VERSION>
            <PART>
              <NAME_LABEL>37400_049_2-S_HM_WW</NAME_LABEL>
              <KIND_OF_PART>2S Halfmoon W</KIND_OF_PART>
            </PART>
            <DATA>
              <VTH_V>3.84625</VTH_V>
            </DATA>
          </DATA_SET>
        </CHILD_DATA_SET>
      </DATA_SET>
    </CHILD_DATA_SET>
  </DATA_SET>
</ROOT>
