<?xml version="1.0"?>
<ROOT>
  <HEADER>
    <TYPE>
      <EXTENSION_TABLE_NAME>HALFMOON_METADATA</EXTENSION_TABLE_NAME>
      <NAME>Tracker Halfmoon Metadata</NAME>
    </TYPE>
    <RUN mode="SEQUENCE_NUMBER" sequence="TRK_OT_RUN_SEQ">
      <RUN_TYPE>PQC</RUN_TYPE>
      <LOCATION>Demokritos</LOCATION>
      <INITIATED_BY_USER>A. Kyriakis</INITIATED_BY_USER>
      <RUN_BEGIN_TIMESTAMP>2021-09-27 10:36:38</RUN_BEGIN_TIMESTAMP>
      <COMMENT_DESCRIPTION>Test</COMMENT_DESCRIPTION>
    </RUN>
  </HEADER>
  <DATA_SET>
    <COMMENT_DESCRIPTION>Metadata with flute and structure</COMMENT_DESCRIPTION>
    <VERSION>IV_measurement</VERSION>
    <PART>
      <NAME_LABEL>37400_006_2-S_HM_WW</NAME_LABEL>
      <KIND_OF_PART>2S Halfmoon W</KIND_OF_PART>
    </PART>
    <DATA>
      <KIND_OF_HM_FLUTE_ID>PQC1</KIND_OF_HM_FLUTE_ID>
      <KIND_OF_HM_STRUCT_ID>VDP_STOP</KIND_OF_HM_STRUCT_ID>
      <KIND_OF_HM_SET_ID>Left</KIND_OF_HM_SET_ID>
      <KIND_OF_HM_CONFIG_ID>Rotated</KIND_OF_HM_CONFIG_ID>
      <EQUIPMENT>KEITHLEY 2410</EQUIPMENT>
      <WAITING_TIME_S>0.200</WAITING_TIME_S>
      <TEMP_SET_DEGC>20.900</TEMP_SET_DEGC>
      <AV_TEMP_DEGC>20.900</AV_TEMP_DEGC>
      <PROCEDURE_TYPE>VDP_STOP</PROCEDURE_TYPE>
      <FILE_NAME>Demokritos_VPX37400_006_2-S_HM_W_Left_PQC1_VDPStop_r.xml</FILE_NAME>
    </DATA>
    <CHILD_DATA_SET>
      <HEADER>
        <TYPE>
          <EXTENSION_TABLE_NAME>TEST_SENSOR_IV</EXTENSION_TABLE_NAME>
          <NAME>Tracker Halfmoon IV Test</NAME>
        </TYPE>
      </HEADER>
      <DATA_SET>
        <COMMENT_DESCRIPTION>Test</COMMENT_DESCRIPTION>
        <VERSION>IV_measurement</VERSION>
        <PART>
          <NAME_LABEL>37400_006_2-S_HM_WW</NAME_LABEL>
          <KIND_OF_PART>2S Halfmoon W</KIND_OF_PART>
        </PART>
        <DATA>
          <VOLTS>-4.130e-03</VOLTS>
          <CURRNT_NAMP>-1.000e+03</CURRNT_NAMP>
          <TIME>2021-09-27 10:36:38</TIME>
          <TEMP_DEGC>20.900</TEMP_DEGC>
          <AIR_TEMP_DEGC>20.900</AIR_TEMP_DEGC>
          <RH_PRCNT>25.600</RH_PRCNT>
        </DATA>
        <DATA>
          <VOLTS>-4.120e-03</VOLTS>
          <CURRNT_NAMP>-9.500e+02</CURRNT_NAMP>
          <TIME>2021-09-27 10:36:39</TIME>
          <TEMP_DEGC>20.900</TEMP_DEGC>
          <AIR_TEMP_DEGC>20.900</AIR_TEMP_DEGC>
          <RH_PRCNT>25.600</RH_PRCNT>
        </DATA>
        <DATA>
          <VOLTS>-4.040e-03</VOLTS>
          <CURRNT_NAMP>-9.000e+02</CURRNT_NAMP>
          <TIME>2021-09-27 10:36:40</TIME>
          <TEMP_DEGC>20.900</TEMP_DEGC>
          <AIR_TEMP_DEGC>20.900</AIR_TEMP_DEGC>
          <RH_PRCNT>25.600</RH_PRCNT>
        </DATA>
        <DATA>
          <VOLTS>-3.890e-03</VOLTS>
          <CURRNT_NAMP>-8.500e+02</CURRNT_NAMP>
          <TIME>2021-09-27 10:36:41</TIME>
          <TEMP_DEGC>20.900</TEMP_DEGC>
          <AIR_TEMP_DEGC>20.900</AIR_TEMP_DEGC>
          <RH_PRCNT>25.600</RH_PRCNT>
        </DATA>
        <DATA>
          <VOLTS>-3.680e-03</VOLTS>
          <CURRNT_NAMP>-8.000e+02</CURRNT_NAMP>
          <TIME>2021-09-27 10:36:42</TIME>
          <TEMP_DEGC>20.900</TEMP_DEGC>
          <AIR_TEMP_DEGC>20.900</AIR_TEMP_DEGC>
          <RH_PRCNT>25.600</RH_PRCNT>
        </DATA>
        <DATA>
          <VOLTS>-3.480e-03</VOLTS>
          <CURRNT_NAMP>-7.500e+02</CURRNT_NAMP>
          <TIME>2021-09-27 10:36:43</TIME>
          <TEMP_DEGC>20.900</TEMP_DEGC>
          <AIR_TEMP_DEGC>20.900</AIR_TEMP_DEGC>
          <RH_PRCNT>25.600</RH_PRCNT>
        </DATA>
        <DATA>
          <VOLTS>-3.260e-03</VOLTS>
          <CURRNT_NAMP>-7.000e+02</CURRNT_NAMP>
          <TIME>2021-09-27 10:36:44</TIME>
          <TEMP_DEGC>20.900</TEMP_DEGC>
          <AIR_TEMP_DEGC>20.900</AIR_TEMP_DEGC>
          <RH_PRCNT>25.600</RH_PRCNT>
        </DATA>
        <DATA>
          <VOLTS>-3.060e-03</VOLTS>
          <CURRNT_NAMP>-6.500e+02</CURRNT_NAMP>
          <TIME>2021-09-27 10:36:45</TIME>
          <TEMP_DEGC>20.900</TEMP_DEGC>
          <AIR_TEMP_DEGC>20.900</AIR_TEMP_DEGC>
          <RH_PRCNT>25.600</RH_PRCNT>
        </DATA>
        <DATA>
          <VOLTS>-2.860e-03</VOLTS>
          <CURRNT_NAMP>-6.000e+02</CURRNT_NAMP>
          <TIME>2021-09-27 10:36:46</TIME>
          <TEMP_DEGC>20.900</TEMP_DEGC>
          <AIR_TEMP_DEGC>20.900</AIR_TEMP_DEGC>
          <RH_PRCNT>25.600</RH_PRCNT>
        </DATA>
        <DATA>
          <VOLTS>-2.650e-03</VOLTS>
          <CURRNT_NAMP>-5.500e+02</CURRNT_NAMP>
          <TIME>2021-09-27 10:36:47</TIME>
          <TEMP_DEGC>20.900</TEMP_DEGC>
          <AIR_TEMP_DEGC>20.900</AIR_TEMP_DEGC>
          <RH_PRCNT>25.600</RH_PRCNT>
        </DATA>
        <DATA>
          <VOLTS>-2.440e-03</VOLTS>
          <CURRNT_NAMP>-5.000e+02</CURRNT_NAMP>
          <TIME>2021-09-27 10:36:48</TIME>
          <TEMP_DEGC>20.900</TEMP_DEGC>
          <AIR_TEMP_DEGC>20.900</AIR_TEMP_DEGC>
          <RH_PRCNT>25.600</RH_PRCNT>
        </DATA>
        <DATA>
          <VOLTS>-2.230e-03</VOLTS>
          <CURRNT_NAMP>-4.500e+02</CURRNT_NAMP>
          <TIME>2021-09-27 10:36:49</TIME>
          <TEMP_DEGC>20.900</TEMP_DEGC>
          <AIR_TEMP_DEGC>20.900</AIR_TEMP_DEGC>
          <RH_PRCNT>25.600</RH_PRCNT>
        </DATA>
        <DATA>
          <VOLTS>-2.020e-03</VOLTS>
          <CURRNT_NAMP>-4.000e+02</CURRNT_NAMP>
          <TIME>2021-09-27 10:36:50</TIME>
          <TEMP_DEGC>20.900</TEMP_DEGC>
          <AIR_TEMP_DEGC>20.900</AIR_TEMP_DEGC>
          <RH_PRCNT>25.600</RH_PRCNT>
        </DATA>
        <DATA>
          <VOLTS>-1.890e-03</VOLTS>
          <CURRNT_NAMP>-3.500e+02</CURRNT_NAMP>
          <TIME>2021-09-27 10:36:51</TIME>
          <TEMP_DEGC>20.900</TEMP_DEGC>
          <AIR_TEMP_DEGC>20.900</AIR_TEMP_DEGC>
          <RH_PRCNT>25.600</RH_PRCNT>
        </DATA>
        <DATA>
          <VOLTS>-1.680e-03</VOLTS>
          <CURRNT_NAMP>-3.000e+02</CURRNT_NAMP>
          <TIME>2021-09-27 10:36:52</TIME>
          <TEMP_DEGC>20.900</TEMP_DEGC>
          <AIR_TEMP_DEGC>20.900</AIR_TEMP_DEGC>
          <RH_PRCNT>25.500</RH_PRCNT>
        </DATA>
        <DATA>
          <VOLTS>-1.450e-03</VOLTS>
          <CURRNT_NAMP>-2.500e+02</CURRNT_NAMP>
          <TIME>2021-09-27 10:36:54</TIME>
          <TEMP_DEGC>20.900</TEMP_DEGC>
          <AIR_TEMP_DEGC>20.900</AIR_TEMP_DEGC>
          <RH_PRCNT>25.500</RH_PRCNT>
        </DATA>
        <DATA>
          <VOLTS>-1.210e-03</VOLTS>
          <CURRNT_NAMP>-2.000e+02</CURRNT_NAMP>
          <TIME>2021-09-27 10:36:55</TIME>
          <TEMP_DEGC>20.900</TEMP_DEGC>
          <AIR_TEMP_DEGC>20.900</AIR_TEMP_DEGC>
          <RH_PRCNT>25.500</RH_PRCNT>
        </DATA>
        <DATA>
          <VOLTS>-1.050e-03</VOLTS>
          <CURRNT_NAMP>-1.500e+02</CURRNT_NAMP>
          <TIME>2021-09-27 10:36:56</TIME>
          <TEMP_DEGC>20.900</TEMP_DEGC>
          <AIR_TEMP_DEGC>20.900</AIR_TEMP_DEGC>
          <RH_PRCNT>25.500</RH_PRCNT>
        </DATA>
        <DATA>
          <VOLTS>-8.200e-04</VOLTS>
          <CURRNT_NAMP>-1.000e+02</CURRNT_NAMP>
          <TIME>2021-09-27 10:36:57</TIME>
          <TEMP_DEGC>20.900</TEMP_DEGC>
          <AIR_TEMP_DEGC>20.900</AIR_TEMP_DEGC>
          <RH_PRCNT>25.500</RH_PRCNT>
        </DATA>
        <DATA>
          <VOLTS>-5.900e-04</VOLTS>
          <CURRNT_NAMP>-5.000e+01</CURRNT_NAMP>
          <TIME>2021-09-27 10:36:58</TIME>
          <TEMP_DEGC>20.900</TEMP_DEGC>
          <AIR_TEMP_DEGC>20.900</AIR_TEMP_DEGC>
          <RH_PRCNT>25.500</RH_PRCNT>
        </DATA>
        <DATA>
          <VOLTS>-3.700e-04</VOLTS>
          <CURRNT_NAMP>0.000e+00</CURRNT_NAMP>
          <TIME>2021-09-27 10:36:59</TIME>
          <TEMP_DEGC>20.900</TEMP_DEGC>
          <AIR_TEMP_DEGC>20.900</AIR_TEMP_DEGC>
          <RH_PRCNT>25.500</RH_PRCNT>
        </DATA>
        <DATA>
          <VOLTS>-1.500e-04</VOLTS>
          <CURRNT_NAMP>5.000e+01</CURRNT_NAMP>
          <TIME>2021-09-27 10:37:00</TIME>
          <TEMP_DEGC>20.900</TEMP_DEGC>
          <AIR_TEMP_DEGC>20.900</AIR_TEMP_DEGC>
          <RH_PRCNT>25.500</RH_PRCNT>
        </DATA>
        <DATA>
          <VOLTS>4.000e-05</VOLTS>
          <CURRNT_NAMP>1.000e+02</CURRNT_NAMP>
          <TIME>2021-09-27 10:37:01</TIME>
          <TEMP_DEGC>20.900</TEMP_DEGC>
          <AIR_TEMP_DEGC>20.900</AIR_TEMP_DEGC>
          <RH_PRCNT>25.500</RH_PRCNT>
        </DATA>
        <DATA>
          <VOLTS>2.400e-04</VOLTS>
          <CURRNT_NAMP>1.500e+02</CURRNT_NAMP>
          <TIME>2021-09-27 10:37:02</TIME>
          <TEMP_DEGC>20.900</TEMP_DEGC>
          <AIR_TEMP_DEGC>20.900</AIR_TEMP_DEGC>
          <RH_PRCNT>25.600</RH_PRCNT>
        </DATA>
        <DATA>
          <VOLTS>4.600e-04</VOLTS>
          <CURRNT_NAMP>2.000e+02</CURRNT_NAMP>
          <TIME>2021-09-27 10:37:03</TIME>
          <TEMP_DEGC>20.900</TEMP_DEGC>
          <AIR_TEMP_DEGC>20.900</AIR_TEMP_DEGC>
          <RH_PRCNT>25.500</RH_PRCNT>
        </DATA>
        <DATA>
          <VOLTS>6.600e-04</VOLTS>
          <CURRNT_NAMP>2.500e+02</CURRNT_NAMP>
          <TIME>2021-09-27 10:37:04</TIME>
          <TEMP_DEGC>20.900</TEMP_DEGC>
          <AIR_TEMP_DEGC>20.900</AIR_TEMP_DEGC>
          <RH_PRCNT>25.500</RH_PRCNT>
        </DATA>
        <DATA>
          <VOLTS>8.700e-04</VOLTS>
          <CURRNT_NAMP>3.000e+02</CURRNT_NAMP>
          <TIME>2021-09-27 10:37:05</TIME>
          <TEMP_DEGC>20.900</TEMP_DEGC>
          <AIR_TEMP_DEGC>20.900</AIR_TEMP_DEGC>
          <RH_PRCNT>25.500</RH_PRCNT>
        </DATA>
        <DATA>
          <VOLTS>1.060e-03</VOLTS>
          <CURRNT_NAMP>3.500e+02</CURRNT_NAMP>
          <TIME>2021-09-27 10:37:06</TIME>
          <TEMP_DEGC>20.900</TEMP_DEGC>
          <AIR_TEMP_DEGC>20.900</AIR_TEMP_DEGC>
          <RH_PRCNT>25.500</RH_PRCNT>
        </DATA>
        <DATA>
          <VOLTS>1.190e-03</VOLTS>
          <CURRNT_NAMP>4.000e+02</CURRNT_NAMP>
          <TIME>2021-09-27 10:37:07</TIME>
          <TEMP_DEGC>20.900</TEMP_DEGC>
          <AIR_TEMP_DEGC>20.900</AIR_TEMP_DEGC>
          <RH_PRCNT>25.500</RH_PRCNT>
        </DATA>
        <DATA>
          <VOLTS>1.410e-03</VOLTS>
          <CURRNT_NAMP>4.500e+02</CURRNT_NAMP>
          <TIME>2021-09-27 10:37:09</TIME>
          <TEMP_DEGC>20.900</TEMP_DEGC>
          <AIR_TEMP_DEGC>20.900</AIR_TEMP_DEGC>
          <RH_PRCNT>25.500</RH_PRCNT>
        </DATA>
        <DATA>
          <VOLTS>1.640e-03</VOLTS>
          <CURRNT_NAMP>5.000e+02</CURRNT_NAMP>
          <TIME>2021-09-27 10:37:10</TIME>
          <TEMP_DEGC>20.900</TEMP_DEGC>
          <AIR_TEMP_DEGC>20.900</AIR_TEMP_DEGC>
          <RH_PRCNT>25.500</RH_PRCNT>
        </DATA>
        <DATA>
          <VOLTS>1.880e-03</VOLTS>
          <CURRNT_NAMP>5.500e+02</CURRNT_NAMP>
          <TIME>2021-09-27 10:37:11</TIME>
          <TEMP_DEGC>20.900</TEMP_DEGC>
          <AIR_TEMP_DEGC>20.900</AIR_TEMP_DEGC>
          <RH_PRCNT>25.500</RH_PRCNT>
        </DATA>
        <DATA>
          <VOLTS>2.090e-03</VOLTS>
          <CURRNT_NAMP>6.000e+02</CURRNT_NAMP>
          <TIME>2021-09-27 10:37:12</TIME>
          <TEMP_DEGC>20.900</TEMP_DEGC>
          <AIR_TEMP_DEGC>20.900</AIR_TEMP_DEGC>
          <RH_PRCNT>25.500</RH_PRCNT>
        </DATA>
        <DATA>
          <VOLTS>2.310e-03</VOLTS>
          <CURRNT_NAMP>6.500e+02</CURRNT_NAMP>
          <TIME>2021-09-27 10:37:13</TIME>
          <TEMP_DEGC>20.900</TEMP_DEGC>
          <AIR_TEMP_DEGC>20.900</AIR_TEMP_DEGC>
          <RH_PRCNT>25.500</RH_PRCNT>
        </DATA>
        <DATA>
          <VOLTS>2.490e-03</VOLTS>
          <CURRNT_NAMP>7.000e+02</CURRNT_NAMP>
          <TIME>2021-09-27 10:37:14</TIME>
          <TEMP_DEGC>20.900</TEMP_DEGC>
          <AIR_TEMP_DEGC>20.900</AIR_TEMP_DEGC>
          <RH_PRCNT>25.500</RH_PRCNT>
        </DATA>
        <DATA>
          <VOLTS>2.710e-03</VOLTS>
          <CURRNT_NAMP>7.500e+02</CURRNT_NAMP>
          <TIME>2021-09-27 10:37:15</TIME>
          <TEMP_DEGC>20.900</TEMP_DEGC>
          <AIR_TEMP_DEGC>20.900</AIR_TEMP_DEGC>
          <RH_PRCNT>25.500</RH_PRCNT>
        </DATA>
        <DATA>
          <VOLTS>2.920e-03</VOLTS>
          <CURRNT_NAMP>8.000e+02</CURRNT_NAMP>
          <TIME>2021-09-27 10:37:16</TIME>
          <TEMP_DEGC>20.900</TEMP_DEGC>
          <AIR_TEMP_DEGC>20.900</AIR_TEMP_DEGC>
          <RH_PRCNT>25.500</RH_PRCNT>
        </DATA>
        <DATA>
          <VOLTS>3.130e-03</VOLTS>
          <CURRNT_NAMP>8.500e+02</CURRNT_NAMP>
          <TIME>2021-09-27 10:37:17</TIME>
          <TEMP_DEGC>20.900</TEMP_DEGC>
          <AIR_TEMP_DEGC>20.900</AIR_TEMP_DEGC>
          <RH_PRCNT>25.500</RH_PRCNT>
        </DATA>
        <DATA>
          <VOLTS>3.330e-03</VOLTS>
          <CURRNT_NAMP>9.000e+02</CURRNT_NAMP>
          <TIME>2021-09-27 10:37:18</TIME>
          <TEMP_DEGC>20.900</TEMP_DEGC>
          <AIR_TEMP_DEGC>20.900</AIR_TEMP_DEGC>
          <RH_PRCNT>25.500</RH_PRCNT>
        </DATA>
        <DATA>
          <VOLTS>3.460e-03</VOLTS>
          <CURRNT_NAMP>9.500e+02</CURRNT_NAMP>
          <TIME>2021-09-27 10:37:19</TIME>
          <TEMP_DEGC>20.900</TEMP_DEGC>
          <AIR_TEMP_DEGC>20.900</AIR_TEMP_DEGC>
          <RH_PRCNT>25.500</RH_PRCNT>
        </DATA>
        <DATA>
          <VOLTS>3.670e-03</VOLTS>
          <CURRNT_NAMP>1.000e+03</CURRNT_NAMP>
          <TIME>2021-09-27 10:37:20</TIME>
          <TEMP_DEGC>20.900</TEMP_DEGC>
          <AIR_TEMP_DEGC>20.900</AIR_TEMP_DEGC>
          <RH_PRCNT>25.500</RH_PRCNT>
        </DATA>
        <CHILD_DATA_SET>
          <HEADER>
            <TYPE>
              <EXTENSION_TABLE_NAME>HALFMOON_IV_PAR</EXTENSION_TABLE_NAME>
              <NAME>Tracker Halfmoon IV Parameters</NAME>
            </TYPE>
          </HEADER>
          <DATA_SET>
            <COMMENT_DESCRIPTION>Test</COMMENT_DESCRIPTION>
            <VERSION>IV_measurement</VERSION>
            <PART>
              <NAME_LABEL>37400_006_2-S_HM_WW</NAME_LABEL>
              <KIND_OF_PART>2S Halfmoon W</KIND_OF_PART>
            </PART>
            <DATA>
              <RSH_OHMSQR>18686.973</RSH_OHMSQR>
              <R_OHM>4123.012</R_OHM>
            </DATA>
          </DATA_SET>
        </CHILD_DATA_SET>
      </DATA_SET>
    </CHILD_DATA_SET>
  </DATA_SET>
</ROOT>
