<?xml version="1.0"?>
<ROOT>
  <HEADER>
    <TYPE>
      <EXTENSION_TABLE_NAME>HALFMOON_METADATA</EXTENSION_TABLE_NAME>
      <NAME>Tracker Halfmoon Metadata</NAME>
    </TYPE>
    <RUN mode="SEQUENCE_NUMBER" sequence="TRK_OT_RUN_SEQ">
      <RUN_TYPE>PQC</RUN_TYPE>
      <LOCATION>Demokritos</LOCATION>
      <INITIATED_BY_USER>P. Assiouras</INITIATED_BY_USER>
      <RUN_BEGIN_TIMESTAMP>2021-09-27 17:33:50</RUN_BEGIN_TIMESTAMP>
      <COMMENT_DESCRIPTION>Test</COMMENT_DESCRIPTION>
    </RUN>
  </HEADER>
  <DATA_SET>
    <COMMENT_DESCRIPTION>Metadata with flute and structure</COMMENT_DESCRIPTION>
    <VERSION>v2</VERSION>
    <PART>
      <NAME_LABEL>37400_049_2-S_HM_EE</NAME_LABEL>
      <KIND_OF_PART>2S Halfmoon E</KIND_OF_PART>
    </PART>
    <DATA>
      <KIND_OF_HM_FLUTE_ID>PQC1</KIND_OF_HM_FLUTE_ID>
      <KIND_OF_HM_STRUCT_ID>MOS_QUARTER</KIND_OF_HM_STRUCT_ID>
      <KIND_OF_HM_SET_ID>Left</KIND_OF_HM_SET_ID>
      <KIND_OF_HM_CONFIG_ID>Not Used</KIND_OF_HM_CONFIG_ID>
      <EQUIPMENT>HP 4192A</EQUIPMENT>
      <WAITING_TIME_S>0.100</WAITING_TIME_S>
      <AC_FREQ_HZ>1.000e+04</AC_FREQ_HZ>
      <AC_AMPL_V>0.250</AC_AMPL_V>
      <TEMP_SET_DEGC>22.600</TEMP_SET_DEGC>
      <AV_TEMP_DEGC>22.600</AV_TEMP_DEGC>
      <PROCEDURE_TYPE>MOS1</PROCEDURE_TYPE>
      <FILE_NAME>Demokritos_VPX37400_049_2-S_HM_E_Left_PQC1_MOSQuarter_CV.xml</FILE_NAME>
    </DATA>
    <CHILD_DATA_SET>
      <HEADER>
        <TYPE>
          <EXTENSION_TABLE_NAME>TEST_SENSOR_CV</EXTENSION_TABLE_NAME>
          <NAME>Tracker Halfmoon CV Test</NAME>
        </TYPE>
      </HEADER>
      <DATA_SET>
        <COMMENT_DESCRIPTION>Test</COMMENT_DESCRIPTION>
        <VERSION>V2</VERSION>
        <PART>
          <NAME_LABEL>37400_049_2-S_HM_EE</NAME_LABEL>
          <KIND_OF_PART>2S Halfmoon E</KIND_OF_PART>
        </PART>
        <DATA>
          <VOLTS>5.000</VOLTS>
          <CAPCTNC_PFRD>39.160</CAPCTNC_PFRD>
          <RESSTNC_MOHM>3.906</RESSTNC_MOHM>
          <TIME>2021-09-27 05:33:50</TIME>
          <TEMP_DEGC>22.600</TEMP_DEGC>
          <AIR_TEMP_DEGC>22.600</AIR_TEMP_DEGC>
          <RH_PRCNT>25.400</RH_PRCNT>
        </DATA>
        <DATA>
          <VOLTS>4.900</VOLTS>
          <CAPCTNC_PFRD>39.440</CAPCTNC_PFRD>
          <RESSTNC_MOHM>3.937</RESSTNC_MOHM>
          <TIME>2021-09-27 05:33:51</TIME>
          <TEMP_DEGC>22.600</TEMP_DEGC>
          <AIR_TEMP_DEGC>22.600</AIR_TEMP_DEGC>
          <RH_PRCNT>25.400</RH_PRCNT>
        </DATA>
        <DATA>
          <VOLTS>4.800</VOLTS>
          <CAPCTNC_PFRD>39.540</CAPCTNC_PFRD>
          <RESSTNC_MOHM>3.891</RESSTNC_MOHM>
          <TIME>2021-09-27 05:33:52</TIME>
          <TEMP_DEGC>22.600</TEMP_DEGC>
          <AIR_TEMP_DEGC>22.600</AIR_TEMP_DEGC>
          <RH_PRCNT>25.400</RH_PRCNT>
        </DATA>
        <DATA>
          <VOLTS>4.700</VOLTS>
          <CAPCTNC_PFRD>39.150</CAPCTNC_PFRD>
          <RESSTNC_MOHM>3.846</RESSTNC_MOHM>
          <TIME>2021-09-27 05:33:53</TIME>
          <TEMP_DEGC>22.600</TEMP_DEGC>
          <AIR_TEMP_DEGC>22.600</AIR_TEMP_DEGC>
          <RH_PRCNT>25.400</RH_PRCNT>
        </DATA>
        <DATA>
          <VOLTS>4.600</VOLTS>
          <CAPCTNC_PFRD>39.390</CAPCTNC_PFRD>
          <RESSTNC_MOHM>3.802</RESSTNC_MOHM>
          <TIME>2021-09-27 05:33:55</TIME>
          <TEMP_DEGC>22.600</TEMP_DEGC>
          <AIR_TEMP_DEGC>22.600</AIR_TEMP_DEGC>
          <RH_PRCNT>25.400</RH_PRCNT>
        </DATA>
        <DATA>
          <VOLTS>4.500</VOLTS>
          <CAPCTNC_PFRD>39.760</CAPCTNC_PFRD>
          <RESSTNC_MOHM>3.731</RESSTNC_MOHM>
          <TIME>2021-09-27 05:33:56</TIME>
          <TEMP_DEGC>22.600</TEMP_DEGC>
          <AIR_TEMP_DEGC>22.600</AIR_TEMP_DEGC>
          <RH_PRCNT>25.400</RH_PRCNT>
        </DATA>
        <DATA>
          <VOLTS>4.400</VOLTS>
          <CAPCTNC_PFRD>39.540</CAPCTNC_PFRD>
          <RESSTNC_MOHM>3.597</RESSTNC_MOHM>
          <TIME>2021-09-27 05:33:57</TIME>
          <TEMP_DEGC>22.600</TEMP_DEGC>
          <AIR_TEMP_DEGC>22.600</AIR_TEMP_DEGC>
          <RH_PRCNT>25.400</RH_PRCNT>
        </DATA>
        <DATA>
          <VOLTS>4.300</VOLTS>
          <CAPCTNC_PFRD>39.760</CAPCTNC_PFRD>
          <RESSTNC_MOHM>3.802</RESSTNC_MOHM>
          <TIME>2021-09-27 05:33:58</TIME>
          <TEMP_DEGC>22.600</TEMP_DEGC>
          <AIR_TEMP_DEGC>22.600</AIR_TEMP_DEGC>
          <RH_PRCNT>25.400</RH_PRCNT>
        </DATA>
        <DATA>
          <VOLTS>4.200</VOLTS>
          <CAPCTNC_PFRD>39.720</CAPCTNC_PFRD>
          <RESSTNC_MOHM>3.546</RESSTNC_MOHM>
          <TIME>2021-09-27 05:33:59</TIME>
          <TEMP_DEGC>22.600</TEMP_DEGC>
          <AIR_TEMP_DEGC>22.600</AIR_TEMP_DEGC>
          <RH_PRCNT>25.400</RH_PRCNT>
        </DATA>
        <DATA>
          <VOLTS>4.100</VOLTS>
          <CAPCTNC_PFRD>39.610</CAPCTNC_PFRD>
          <RESSTNC_MOHM>3.534</RESSTNC_MOHM>
          <TIME>2021-09-27 05:34:00</TIME>
          <TEMP_DEGC>22.600</TEMP_DEGC>
          <AIR_TEMP_DEGC>22.600</AIR_TEMP_DEGC>
          <RH_PRCNT>25.400</RH_PRCNT>
        </DATA>
        <DATA>
          <VOLTS>4.000</VOLTS>
          <CAPCTNC_PFRD>39.220</CAPCTNC_PFRD>
          <RESSTNC_MOHM>3.584</RESSTNC_MOHM>
          <TIME>2021-09-27 05:34:01</TIME>
          <TEMP_DEGC>22.600</TEMP_DEGC>
          <AIR_TEMP_DEGC>22.600</AIR_TEMP_DEGC>
          <RH_PRCNT>25.400</RH_PRCNT>
        </DATA>
        <DATA>
          <VOLTS>3.900</VOLTS>
          <CAPCTNC_PFRD>39.310</CAPCTNC_PFRD>
          <RESSTNC_MOHM>3.559</RESSTNC_MOHM>
          <TIME>2021-09-27 05:34:02</TIME>
          <TEMP_DEGC>22.600</TEMP_DEGC>
          <AIR_TEMP_DEGC>22.600</AIR_TEMP_DEGC>
          <RH_PRCNT>25.400</RH_PRCNT>
        </DATA>
        <DATA>
          <VOLTS>3.800</VOLTS>
          <CAPCTNC_PFRD>39.440</CAPCTNC_PFRD>
          <RESSTNC_MOHM>3.690</RESSTNC_MOHM>
          <TIME>2021-09-27 05:34:03</TIME>
          <TEMP_DEGC>22.600</TEMP_DEGC>
          <AIR_TEMP_DEGC>22.600</AIR_TEMP_DEGC>
          <RH_PRCNT>25.400</RH_PRCNT>
        </DATA>
        <DATA>
          <VOLTS>3.700</VOLTS>
          <CAPCTNC_PFRD>39.470</CAPCTNC_PFRD>
          <RESSTNC_MOHM>3.546</RESSTNC_MOHM>
          <TIME>2021-09-27 05:34:04</TIME>
          <TEMP_DEGC>22.600</TEMP_DEGC>
          <AIR_TEMP_DEGC>22.600</AIR_TEMP_DEGC>
          <RH_PRCNT>25.400</RH_PRCNT>
        </DATA>
        <DATA>
          <VOLTS>3.600</VOLTS>
          <CAPCTNC_PFRD>39.400</CAPCTNC_PFRD>
          <RESSTNC_MOHM>3.521</RESSTNC_MOHM>
          <TIME>2021-09-27 05:34:05</TIME>
          <TEMP_DEGC>22.600</TEMP_DEGC>
          <AIR_TEMP_DEGC>22.600</AIR_TEMP_DEGC>
          <RH_PRCNT>25.400</RH_PRCNT>
        </DATA>
        <DATA>
          <VOLTS>3.500</VOLTS>
          <CAPCTNC_PFRD>39.200</CAPCTNC_PFRD>
          <RESSTNC_MOHM>3.333</RESSTNC_MOHM>
          <TIME>2021-09-27 05:34:06</TIME>
          <TEMP_DEGC>22.600</TEMP_DEGC>
          <AIR_TEMP_DEGC>22.600</AIR_TEMP_DEGC>
          <RH_PRCNT>25.400</RH_PRCNT>
        </DATA>
        <DATA>
          <VOLTS>3.400</VOLTS>
          <CAPCTNC_PFRD>39.050</CAPCTNC_PFRD>
          <RESSTNC_MOHM>3.745</RESSTNC_MOHM>
          <TIME>2021-09-27 05:34:07</TIME>
          <TEMP_DEGC>22.600</TEMP_DEGC>
          <AIR_TEMP_DEGC>22.600</AIR_TEMP_DEGC>
          <RH_PRCNT>25.400</RH_PRCNT>
        </DATA>
        <DATA>
          <VOLTS>3.300</VOLTS>
          <CAPCTNC_PFRD>39.200</CAPCTNC_PFRD>
          <RESSTNC_MOHM>3.390</RESSTNC_MOHM>
          <TIME>2021-09-27 05:34:08</TIME>
          <TEMP_DEGC>22.600</TEMP_DEGC>
          <AIR_TEMP_DEGC>22.600</AIR_TEMP_DEGC>
          <RH_PRCNT>25.400</RH_PRCNT>
        </DATA>
        <DATA>
          <VOLTS>3.200</VOLTS>
          <CAPCTNC_PFRD>39.060</CAPCTNC_PFRD>
          <RESSTNC_MOHM>3.521</RESSTNC_MOHM>
          <TIME>2021-09-27 05:34:10</TIME>
          <TEMP_DEGC>22.600</TEMP_DEGC>
          <AIR_TEMP_DEGC>22.600</AIR_TEMP_DEGC>
          <RH_PRCNT>25.400</RH_PRCNT>
        </DATA>
        <DATA>
          <VOLTS>3.100</VOLTS>
          <CAPCTNC_PFRD>39.110</CAPCTNC_PFRD>
          <RESSTNC_MOHM>3.731</RESSTNC_MOHM>
          <TIME>2021-09-27 05:34:11</TIME>
          <TEMP_DEGC>22.600</TEMP_DEGC>
          <AIR_TEMP_DEGC>22.600</AIR_TEMP_DEGC>
          <RH_PRCNT>25.400</RH_PRCNT>
        </DATA>
        <DATA>
          <VOLTS>3.000</VOLTS>
          <CAPCTNC_PFRD>39.130</CAPCTNC_PFRD>
          <RESSTNC_MOHM>3.546</RESSTNC_MOHM>
          <TIME>2021-09-27 05:34:12</TIME>
          <TEMP_DEGC>22.600</TEMP_DEGC>
          <AIR_TEMP_DEGC>22.600</AIR_TEMP_DEGC>
          <RH_PRCNT>25.400</RH_PRCNT>
        </DATA>
        <DATA>
          <VOLTS>2.900</VOLTS>
          <CAPCTNC_PFRD>39.040</CAPCTNC_PFRD>
          <RESSTNC_MOHM>3.731</RESSTNC_MOHM>
          <TIME>2021-09-27 05:34:13</TIME>
          <TEMP_DEGC>22.600</TEMP_DEGC>
          <AIR_TEMP_DEGC>22.600</AIR_TEMP_DEGC>
          <RH_PRCNT>25.400</RH_PRCNT>
        </DATA>
        <DATA>
          <VOLTS>2.800</VOLTS>
          <CAPCTNC_PFRD>39.120</CAPCTNC_PFRD>
          <RESSTNC_MOHM>3.817</RESSTNC_MOHM>
          <TIME>2021-09-27 05:34:14</TIME>
          <TEMP_DEGC>22.600</TEMP_DEGC>
          <AIR_TEMP_DEGC>22.600</AIR_TEMP_DEGC>
          <RH_PRCNT>25.400</RH_PRCNT>
        </DATA>
        <DATA>
          <VOLTS>2.700</VOLTS>
          <CAPCTNC_PFRD>39.120</CAPCTNC_PFRD>
          <RESSTNC_MOHM>3.390</RESSTNC_MOHM>
          <TIME>2021-09-27 05:34:15</TIME>
          <TEMP_DEGC>22.600</TEMP_DEGC>
          <AIR_TEMP_DEGC>22.600</AIR_TEMP_DEGC>
          <RH_PRCNT>25.400</RH_PRCNT>
        </DATA>
        <DATA>
          <VOLTS>2.600</VOLTS>
          <CAPCTNC_PFRD>38.710</CAPCTNC_PFRD>
          <RESSTNC_MOHM>3.846</RESSTNC_MOHM>
          <TIME>2021-09-27 05:34:16</TIME>
          <TEMP_DEGC>22.600</TEMP_DEGC>
          <AIR_TEMP_DEGC>22.600</AIR_TEMP_DEGC>
          <RH_PRCNT>25.400</RH_PRCNT>
        </DATA>
        <DATA>
          <VOLTS>2.500</VOLTS>
          <CAPCTNC_PFRD>39.000</CAPCTNC_PFRD>
          <RESSTNC_MOHM>3.623</RESSTNC_MOHM>
          <TIME>2021-09-27 05:34:17</TIME>
          <TEMP_DEGC>22.600</TEMP_DEGC>
          <AIR_TEMP_DEGC>22.600</AIR_TEMP_DEGC>
          <RH_PRCNT>25.400</RH_PRCNT>
        </DATA>
        <DATA>
          <VOLTS>2.400</VOLTS>
          <CAPCTNC_PFRD>38.840</CAPCTNC_PFRD>
          <RESSTNC_MOHM>3.546</RESSTNC_MOHM>
          <TIME>2021-09-27 05:34:18</TIME>
          <TEMP_DEGC>22.600</TEMP_DEGC>
          <AIR_TEMP_DEGC>22.600</AIR_TEMP_DEGC>
          <RH_PRCNT>25.400</RH_PRCNT>
        </DATA>
        <DATA>
          <VOLTS>2.300</VOLTS>
          <CAPCTNC_PFRD>39.070</CAPCTNC_PFRD>
          <RESSTNC_MOHM>3.663</RESSTNC_MOHM>
          <TIME>2021-09-27 05:34:19</TIME>
          <TEMP_DEGC>22.600</TEMP_DEGC>
          <AIR_TEMP_DEGC>22.600</AIR_TEMP_DEGC>
          <RH_PRCNT>25.400</RH_PRCNT>
        </DATA>
        <DATA>
          <VOLTS>2.200</VOLTS>
          <CAPCTNC_PFRD>39.120</CAPCTNC_PFRD>
          <RESSTNC_MOHM>3.521</RESSTNC_MOHM>
          <TIME>2021-09-27 05:34:20</TIME>
          <TEMP_DEGC>22.600</TEMP_DEGC>
          <AIR_TEMP_DEGC>22.600</AIR_TEMP_DEGC>
          <RH_PRCNT>25.300</RH_PRCNT>
        </DATA>
        <DATA>
          <VOLTS>2.100</VOLTS>
          <CAPCTNC_PFRD>39.050</CAPCTNC_PFRD>
          <RESSTNC_MOHM>3.663</RESSTNC_MOHM>
          <TIME>2021-09-27 05:34:21</TIME>
          <TEMP_DEGC>22.600</TEMP_DEGC>
          <AIR_TEMP_DEGC>22.600</AIR_TEMP_DEGC>
          <RH_PRCNT>25.400</RH_PRCNT>
        </DATA>
        <DATA>
          <VOLTS>2.000</VOLTS>
          <CAPCTNC_PFRD>39.040</CAPCTNC_PFRD>
          <RESSTNC_MOHM>3.802</RESSTNC_MOHM>
          <TIME>2021-09-27 05:34:22</TIME>
          <TEMP_DEGC>22.600</TEMP_DEGC>
          <AIR_TEMP_DEGC>22.600</AIR_TEMP_DEGC>
          <RH_PRCNT>25.300</RH_PRCNT>
        </DATA>
        <DATA>
          <VOLTS>1.900</VOLTS>
          <CAPCTNC_PFRD>38.910</CAPCTNC_PFRD>
          <RESSTNC_MOHM>3.676</RESSTNC_MOHM>
          <TIME>2021-09-27 05:34:23</TIME>
          <TEMP_DEGC>22.600</TEMP_DEGC>
          <AIR_TEMP_DEGC>22.600</AIR_TEMP_DEGC>
          <RH_PRCNT>25.300</RH_PRCNT>
        </DATA>
        <DATA>
          <VOLTS>1.800</VOLTS>
          <CAPCTNC_PFRD>38.890</CAPCTNC_PFRD>
          <RESSTNC_MOHM>3.571</RESSTNC_MOHM>
          <TIME>2021-09-27 05:34:24</TIME>
          <TEMP_DEGC>22.600</TEMP_DEGC>
          <AIR_TEMP_DEGC>22.600</AIR_TEMP_DEGC>
          <RH_PRCNT>25.300</RH_PRCNT>
        </DATA>
        <DATA>
          <VOLTS>1.700</VOLTS>
          <CAPCTNC_PFRD>39.080</CAPCTNC_PFRD>
          <RESSTNC_MOHM>3.831</RESSTNC_MOHM>
          <TIME>2021-09-27 05:34:26</TIME>
          <TEMP_DEGC>22.600</TEMP_DEGC>
          <AIR_TEMP_DEGC>22.600</AIR_TEMP_DEGC>
          <RH_PRCNT>25.300</RH_PRCNT>
        </DATA>
        <DATA>
          <VOLTS>1.600</VOLTS>
          <CAPCTNC_PFRD>38.860</CAPCTNC_PFRD>
          <RESSTNC_MOHM>3.663</RESSTNC_MOHM>
          <TIME>2021-09-27 05:34:27</TIME>
          <TEMP_DEGC>22.600</TEMP_DEGC>
          <AIR_TEMP_DEGC>22.600</AIR_TEMP_DEGC>
          <RH_PRCNT>25.300</RH_PRCNT>
        </DATA>
        <DATA>
          <VOLTS>1.500</VOLTS>
          <CAPCTNC_PFRD>38.820</CAPCTNC_PFRD>
          <RESSTNC_MOHM>3.521</RESSTNC_MOHM>
          <TIME>2021-09-27 05:34:28</TIME>
          <TEMP_DEGC>22.600</TEMP_DEGC>
          <AIR_TEMP_DEGC>22.600</AIR_TEMP_DEGC>
          <RH_PRCNT>25.300</RH_PRCNT>
        </DATA>
        <DATA>
          <VOLTS>1.400</VOLTS>
          <CAPCTNC_PFRD>38.490</CAPCTNC_PFRD>
          <RESSTNC_MOHM>3.546</RESSTNC_MOHM>
          <TIME>2021-09-27 05:34:29</TIME>
          <TEMP_DEGC>22.600</TEMP_DEGC>
          <AIR_TEMP_DEGC>22.600</AIR_TEMP_DEGC>
          <RH_PRCNT>25.300</RH_PRCNT>
        </DATA>
        <DATA>
          <VOLTS>1.300</VOLTS>
          <CAPCTNC_PFRD>38.540</CAPCTNC_PFRD>
          <RESSTNC_MOHM>3.472</RESSTNC_MOHM>
          <TIME>2021-09-27 05:34:30</TIME>
          <TEMP_DEGC>22.600</TEMP_DEGC>
          <AIR_TEMP_DEGC>22.600</AIR_TEMP_DEGC>
          <RH_PRCNT>25.300</RH_PRCNT>
        </DATA>
        <DATA>
          <VOLTS>1.200</VOLTS>
          <CAPCTNC_PFRD>38.720</CAPCTNC_PFRD>
          <RESSTNC_MOHM>3.460</RESSTNC_MOHM>
          <TIME>2021-09-27 05:34:31</TIME>
          <TEMP_DEGC>22.600</TEMP_DEGC>
          <AIR_TEMP_DEGC>22.600</AIR_TEMP_DEGC>
          <RH_PRCNT>25.300</RH_PRCNT>
        </DATA>
        <DATA>
          <VOLTS>1.100</VOLTS>
          <CAPCTNC_PFRD>38.410</CAPCTNC_PFRD>
          <RESSTNC_MOHM>3.663</RESSTNC_MOHM>
          <TIME>2021-09-27 05:34:32</TIME>
          <TEMP_DEGC>22.600</TEMP_DEGC>
          <AIR_TEMP_DEGC>22.600</AIR_TEMP_DEGC>
          <RH_PRCNT>25.300</RH_PRCNT>
        </DATA>
        <DATA>
          <VOLTS>1.000</VOLTS>
          <CAPCTNC_PFRD>38.470</CAPCTNC_PFRD>
          <RESSTNC_MOHM>3.472</RESSTNC_MOHM>
          <TIME>2021-09-27 05:34:33</TIME>
          <TEMP_DEGC>22.600</TEMP_DEGC>
          <AIR_TEMP_DEGC>22.600</AIR_TEMP_DEGC>
          <RH_PRCNT>25.300</RH_PRCNT>
        </DATA>
        <DATA>
          <VOLTS>0.900</VOLTS>
          <CAPCTNC_PFRD>38.660</CAPCTNC_PFRD>
          <RESSTNC_MOHM>3.876</RESSTNC_MOHM>
          <TIME>2021-09-27 05:34:34</TIME>
          <TEMP_DEGC>22.600</TEMP_DEGC>
          <AIR_TEMP_DEGC>22.600</AIR_TEMP_DEGC>
          <RH_PRCNT>25.300</RH_PRCNT>
        </DATA>
        <DATA>
          <VOLTS>0.800</VOLTS>
          <CAPCTNC_PFRD>38.620</CAPCTNC_PFRD>
          <RESSTNC_MOHM>3.937</RESSTNC_MOHM>
          <TIME>2021-09-27 05:34:35</TIME>
          <TEMP_DEGC>22.600</TEMP_DEGC>
          <AIR_TEMP_DEGC>22.600</AIR_TEMP_DEGC>
          <RH_PRCNT>25.300</RH_PRCNT>
        </DATA>
        <DATA>
          <VOLTS>0.700</VOLTS>
          <CAPCTNC_PFRD>38.380</CAPCTNC_PFRD>
          <RESSTNC_MOHM>3.876</RESSTNC_MOHM>
          <TIME>2021-09-27 05:34:36</TIME>
          <TEMP_DEGC>22.600</TEMP_DEGC>
          <AIR_TEMP_DEGC>22.600</AIR_TEMP_DEGC>
          <RH_PRCNT>25.300</RH_PRCNT>
        </DATA>
        <DATA>
          <VOLTS>0.600</VOLTS>
          <CAPCTNC_PFRD>38.180</CAPCTNC_PFRD>
          <RESSTNC_MOHM>3.521</RESSTNC_MOHM>
          <TIME>2021-09-27 05:34:37</TIME>
          <TEMP_DEGC>22.600</TEMP_DEGC>
          <AIR_TEMP_DEGC>22.600</AIR_TEMP_DEGC>
          <RH_PRCNT>25.300</RH_PRCNT>
        </DATA>
        <DATA>
          <VOLTS>0.500</VOLTS>
          <CAPCTNC_PFRD>38.340</CAPCTNC_PFRD>
          <RESSTNC_MOHM>3.759</RESSTNC_MOHM>
          <TIME>2021-09-27 05:34:38</TIME>
          <TEMP_DEGC>22.600</TEMP_DEGC>
          <AIR_TEMP_DEGC>22.600</AIR_TEMP_DEGC>
          <RH_PRCNT>25.300</RH_PRCNT>
        </DATA>
        <DATA>
          <VOLTS>0.400</VOLTS>
          <CAPCTNC_PFRD>38.550</CAPCTNC_PFRD>
          <RESSTNC_MOHM>3.584</RESSTNC_MOHM>
          <TIME>2021-09-27 05:34:39</TIME>
          <TEMP_DEGC>22.600</TEMP_DEGC>
          <AIR_TEMP_DEGC>22.600</AIR_TEMP_DEGC>
          <RH_PRCNT>25.300</RH_PRCNT>
        </DATA>
        <DATA>
          <VOLTS>0.300</VOLTS>
          <CAPCTNC_PFRD>37.960</CAPCTNC_PFRD>
          <RESSTNC_MOHM>3.584</RESSTNC_MOHM>
          <TIME>2021-09-27 05:34:41</TIME>
          <TEMP_DEGC>22.600</TEMP_DEGC>
          <AIR_TEMP_DEGC>22.600</AIR_TEMP_DEGC>
          <RH_PRCNT>25.300</RH_PRCNT>
        </DATA>
        <DATA>
          <VOLTS>0.200</VOLTS>
          <CAPCTNC_PFRD>38.000</CAPCTNC_PFRD>
          <RESSTNC_MOHM>3.597</RESSTNC_MOHM>
          <TIME>2021-09-27 05:34:42</TIME>
          <TEMP_DEGC>22.600</TEMP_DEGC>
          <AIR_TEMP_DEGC>22.600</AIR_TEMP_DEGC>
          <RH_PRCNT>25.300</RH_PRCNT>
        </DATA>
        <DATA>
          <VOLTS>0.100</VOLTS>
          <CAPCTNC_PFRD>38.260</CAPCTNC_PFRD>
          <RESSTNC_MOHM>3.663</RESSTNC_MOHM>
          <TIME>2021-09-27 05:34:43</TIME>
          <TEMP_DEGC>22.600</TEMP_DEGC>
          <AIR_TEMP_DEGC>22.600</AIR_TEMP_DEGC>
          <RH_PRCNT>25.300</RH_PRCNT>
        </DATA>
        <DATA>
          <VOLTS>-0.000</VOLTS>
          <CAPCTNC_PFRD>38.180</CAPCTNC_PFRD>
          <RESSTNC_MOHM>4.082</RESSTNC_MOHM>
          <TIME>2021-09-27 05:34:44</TIME>
          <TEMP_DEGC>22.600</TEMP_DEGC>
          <AIR_TEMP_DEGC>22.600</AIR_TEMP_DEGC>
          <RH_PRCNT>25.200</RH_PRCNT>
        </DATA>
        <DATA>
          <VOLTS>-0.100</VOLTS>
          <CAPCTNC_PFRD>37.840</CAPCTNC_PFRD>
          <RESSTNC_MOHM>3.650</RESSTNC_MOHM>
          <TIME>2021-09-27 05:34:45</TIME>
          <TEMP_DEGC>22.600</TEMP_DEGC>
          <AIR_TEMP_DEGC>22.600</AIR_TEMP_DEGC>
          <RH_PRCNT>25.200</RH_PRCNT>
        </DATA>
        <DATA>
          <VOLTS>-0.200</VOLTS>
          <CAPCTNC_PFRD>38.130</CAPCTNC_PFRD>
          <RESSTNC_MOHM>3.413</RESSTNC_MOHM>
          <TIME>2021-09-27 05:34:46</TIME>
          <TEMP_DEGC>22.600</TEMP_DEGC>
          <AIR_TEMP_DEGC>22.600</AIR_TEMP_DEGC>
          <RH_PRCNT>25.200</RH_PRCNT>
        </DATA>
        <DATA>
          <VOLTS>-0.300</VOLTS>
          <CAPCTNC_PFRD>37.820</CAPCTNC_PFRD>
          <RESSTNC_MOHM>3.788</RESSTNC_MOHM>
          <TIME>2021-09-27 05:34:47</TIME>
          <TEMP_DEGC>22.600</TEMP_DEGC>
          <AIR_TEMP_DEGC>22.600</AIR_TEMP_DEGC>
          <RH_PRCNT>25.200</RH_PRCNT>
        </DATA>
        <DATA>
          <VOLTS>-0.400</VOLTS>
          <CAPCTNC_PFRD>37.850</CAPCTNC_PFRD>
          <RESSTNC_MOHM>3.953</RESSTNC_MOHM>
          <TIME>2021-09-27 05:34:48</TIME>
          <TEMP_DEGC>22.600</TEMP_DEGC>
          <AIR_TEMP_DEGC>22.600</AIR_TEMP_DEGC>
          <RH_PRCNT>25.200</RH_PRCNT>
        </DATA>
        <DATA>
          <VOLTS>-0.500</VOLTS>
          <CAPCTNC_PFRD>37.490</CAPCTNC_PFRD>
          <RESSTNC_MOHM>3.802</RESSTNC_MOHM>
          <TIME>2021-09-27 05:34:49</TIME>
          <TEMP_DEGC>22.600</TEMP_DEGC>
          <AIR_TEMP_DEGC>22.600</AIR_TEMP_DEGC>
          <RH_PRCNT>25.200</RH_PRCNT>
        </DATA>
        <DATA>
          <VOLTS>-0.600</VOLTS>
          <CAPCTNC_PFRD>37.570</CAPCTNC_PFRD>
          <RESSTNC_MOHM>3.448</RESSTNC_MOHM>
          <TIME>2021-09-27 05:34:50</TIME>
          <TEMP_DEGC>22.600</TEMP_DEGC>
          <AIR_TEMP_DEGC>22.600</AIR_TEMP_DEGC>
          <RH_PRCNT>25.200</RH_PRCNT>
        </DATA>
        <DATA>
          <VOLTS>-0.700</VOLTS>
          <CAPCTNC_PFRD>37.840</CAPCTNC_PFRD>
          <RESSTNC_MOHM>3.584</RESSTNC_MOHM>
          <TIME>2021-09-27 05:34:51</TIME>
          <TEMP_DEGC>22.600</TEMP_DEGC>
          <AIR_TEMP_DEGC>22.600</AIR_TEMP_DEGC>
          <RH_PRCNT>25.200</RH_PRCNT>
        </DATA>
        <DATA>
          <VOLTS>-0.800</VOLTS>
          <CAPCTNC_PFRD>37.320</CAPCTNC_PFRD>
          <RESSTNC_MOHM>3.344</RESSTNC_MOHM>
          <TIME>2021-09-27 05:34:52</TIME>
          <TEMP_DEGC>22.600</TEMP_DEGC>
          <AIR_TEMP_DEGC>22.600</AIR_TEMP_DEGC>
          <RH_PRCNT>25.200</RH_PRCNT>
        </DATA>
        <DATA>
          <VOLTS>-0.900</VOLTS>
          <CAPCTNC_PFRD>37.250</CAPCTNC_PFRD>
          <RESSTNC_MOHM>3.690</RESSTNC_MOHM>
          <TIME>2021-09-27 05:34:53</TIME>
          <TEMP_DEGC>22.600</TEMP_DEGC>
          <AIR_TEMP_DEGC>22.600</AIR_TEMP_DEGC>
          <RH_PRCNT>25.200</RH_PRCNT>
        </DATA>
        <DATA>
          <VOLTS>-1.000</VOLTS>
          <CAPCTNC_PFRD>37.180</CAPCTNC_PFRD>
          <RESSTNC_MOHM>3.984</RESSTNC_MOHM>
          <TIME>2021-09-27 05:34:54</TIME>
          <TEMP_DEGC>22.600</TEMP_DEGC>
          <AIR_TEMP_DEGC>22.600</AIR_TEMP_DEGC>
          <RH_PRCNT>25.200</RH_PRCNT>
        </DATA>
        <DATA>
          <VOLTS>-1.100</VOLTS>
          <CAPCTNC_PFRD>36.850</CAPCTNC_PFRD>
          <RESSTNC_MOHM>3.831</RESSTNC_MOHM>
          <TIME>2021-09-27 05:34:56</TIME>
          <TEMP_DEGC>22.600</TEMP_DEGC>
          <AIR_TEMP_DEGC>22.600</AIR_TEMP_DEGC>
          <RH_PRCNT>25.200</RH_PRCNT>
        </DATA>
        <DATA>
          <VOLTS>-1.200</VOLTS>
          <CAPCTNC_PFRD>36.650</CAPCTNC_PFRD>
          <RESSTNC_MOHM>3.937</RESSTNC_MOHM>
          <TIME>2021-09-27 05:34:57</TIME>
          <TEMP_DEGC>22.600</TEMP_DEGC>
          <AIR_TEMP_DEGC>22.600</AIR_TEMP_DEGC>
          <RH_PRCNT>25.200</RH_PRCNT>
        </DATA>
        <DATA>
          <VOLTS>-1.300</VOLTS>
          <CAPCTNC_PFRD>36.160</CAPCTNC_PFRD>
          <RESSTNC_MOHM>3.937</RESSTNC_MOHM>
          <TIME>2021-09-27 05:34:58</TIME>
          <TEMP_DEGC>22.600</TEMP_DEGC>
          <AIR_TEMP_DEGC>22.600</AIR_TEMP_DEGC>
          <RH_PRCNT>25.200</RH_PRCNT>
        </DATA>
        <DATA>
          <VOLTS>-1.400</VOLTS>
          <CAPCTNC_PFRD>35.790</CAPCTNC_PFRD>
          <RESSTNC_MOHM>3.745</RESSTNC_MOHM>
          <TIME>2021-09-27 05:34:59</TIME>
          <TEMP_DEGC>22.600</TEMP_DEGC>
          <AIR_TEMP_DEGC>22.600</AIR_TEMP_DEGC>
          <RH_PRCNT>25.200</RH_PRCNT>
        </DATA>
        <DATA>
          <VOLTS>-1.500</VOLTS>
          <CAPCTNC_PFRD>35.610</CAPCTNC_PFRD>
          <RESSTNC_MOHM>3.984</RESSTNC_MOHM>
          <TIME>2021-09-27 05:35:00</TIME>
          <TEMP_DEGC>22.600</TEMP_DEGC>
          <AIR_TEMP_DEGC>22.600</AIR_TEMP_DEGC>
          <RH_PRCNT>25.200</RH_PRCNT>
        </DATA>
        <DATA>
          <VOLTS>-1.600</VOLTS>
          <CAPCTNC_PFRD>34.900</CAPCTNC_PFRD>
          <RESSTNC_MOHM>4.098</RESSTNC_MOHM>
          <TIME>2021-09-27 05:35:01</TIME>
          <TEMP_DEGC>22.600</TEMP_DEGC>
          <AIR_TEMP_DEGC>22.600</AIR_TEMP_DEGC>
          <RH_PRCNT>25.200</RH_PRCNT>
        </DATA>
        <DATA>
          <VOLTS>-1.700</VOLTS>
          <CAPCTNC_PFRD>33.800</CAPCTNC_PFRD>
          <RESSTNC_MOHM>4.049</RESSTNC_MOHM>
          <TIME>2021-09-27 05:35:02</TIME>
          <TEMP_DEGC>22.600</TEMP_DEGC>
          <AIR_TEMP_DEGC>22.600</AIR_TEMP_DEGC>
          <RH_PRCNT>25.200</RH_PRCNT>
        </DATA>
        <DATA>
          <VOLTS>-1.800</VOLTS>
          <CAPCTNC_PFRD>32.430</CAPCTNC_PFRD>
          <RESSTNC_MOHM>3.953</RESSTNC_MOHM>
          <TIME>2021-09-27 05:35:03</TIME>
          <TEMP_DEGC>22.600</TEMP_DEGC>
          <AIR_TEMP_DEGC>22.600</AIR_TEMP_DEGC>
          <RH_PRCNT>25.200</RH_PRCNT>
        </DATA>
        <DATA>
          <VOLTS>-1.900</VOLTS>
          <CAPCTNC_PFRD>29.330</CAPCTNC_PFRD>
          <RESSTNC_MOHM>4.854</RESSTNC_MOHM>
          <TIME>2021-09-27 05:35:04</TIME>
          <TEMP_DEGC>22.600</TEMP_DEGC>
          <AIR_TEMP_DEGC>22.600</AIR_TEMP_DEGC>
          <RH_PRCNT>25.200</RH_PRCNT>
        </DATA>
        <DATA>
          <VOLTS>-2.000</VOLTS>
          <CAPCTNC_PFRD>25.380</CAPCTNC_PFRD>
          <RESSTNC_MOHM>11.111</RESSTNC_MOHM>
          <TIME>2021-09-27 05:35:05</TIME>
          <TEMP_DEGC>22.600</TEMP_DEGC>
          <AIR_TEMP_DEGC>22.600</AIR_TEMP_DEGC>
          <RH_PRCNT>25.200</RH_PRCNT>
        </DATA>
        <DATA>
          <VOLTS>-2.100</VOLTS>
          <CAPCTNC_PFRD>25.710</CAPCTNC_PFRD>
          <RESSTNC_MOHM>34.483</RESSTNC_MOHM>
          <TIME>2021-09-27 05:35:06</TIME>
          <TEMP_DEGC>22.600</TEMP_DEGC>
          <AIR_TEMP_DEGC>22.600</AIR_TEMP_DEGC>
          <RH_PRCNT>25.200</RH_PRCNT>
        </DATA>
        <DATA>
          <VOLTS>-2.200</VOLTS>
          <CAPCTNC_PFRD>27.790</CAPCTNC_PFRD>
          <RESSTNC_MOHM>34.483</RESSTNC_MOHM>
          <TIME>2021-09-27 05:35:07</TIME>
          <TEMP_DEGC>22.600</TEMP_DEGC>
          <AIR_TEMP_DEGC>22.600</AIR_TEMP_DEGC>
          <RH_PRCNT>25.200</RH_PRCNT>
        </DATA>
        <DATA>
          <VOLTS>-2.300</VOLTS>
          <CAPCTNC_PFRD>30.970</CAPCTNC_PFRD>
          <RESSTNC_MOHM>34.483</RESSTNC_MOHM>
          <TIME>2021-09-27 05:35:08</TIME>
          <TEMP_DEGC>22.600</TEMP_DEGC>
          <AIR_TEMP_DEGC>22.600</AIR_TEMP_DEGC>
          <RH_PRCNT>25.200</RH_PRCNT>
        </DATA>
        <DATA>
          <VOLTS>-2.400</VOLTS>
          <CAPCTNC_PFRD>35.910</CAPCTNC_PFRD>
          <RESSTNC_MOHM>15.385</RESSTNC_MOHM>
          <TIME>2021-09-27 05:35:09</TIME>
          <TEMP_DEGC>22.600</TEMP_DEGC>
          <AIR_TEMP_DEGC>22.600</AIR_TEMP_DEGC>
          <RH_PRCNT>25.100</RH_PRCNT>
        </DATA>
        <DATA>
          <VOLTS>-2.500</VOLTS>
          <CAPCTNC_PFRD>42.310</CAPCTNC_PFRD>
          <RESSTNC_MOHM>14.286</RESSTNC_MOHM>
          <TIME>2021-09-27 05:35:10</TIME>
          <TEMP_DEGC>22.600</TEMP_DEGC>
          <AIR_TEMP_DEGC>22.600</AIR_TEMP_DEGC>
          <RH_PRCNT>25.200</RH_PRCNT>
        </DATA>
        <DATA>
          <VOLTS>-2.600</VOLTS>
          <CAPCTNC_PFRD>49.870</CAPCTNC_PFRD>
          <RESSTNC_MOHM>18.519</RESSTNC_MOHM>
          <TIME>2021-09-27 05:35:12</TIME>
          <TEMP_DEGC>22.600</TEMP_DEGC>
          <AIR_TEMP_DEGC>22.600</AIR_TEMP_DEGC>
          <RH_PRCNT>25.100</RH_PRCNT>
        </DATA>
        <DATA>
          <VOLTS>-2.700</VOLTS>
          <CAPCTNC_PFRD>58.680</CAPCTNC_PFRD>
          <RESSTNC_MOHM>17.544</RESSTNC_MOHM>
          <TIME>2021-09-27 05:35:13</TIME>
          <TEMP_DEGC>22.600</TEMP_DEGC>
          <AIR_TEMP_DEGC>22.600</AIR_TEMP_DEGC>
          <RH_PRCNT>25.100</RH_PRCNT>
        </DATA>
        <DATA>
          <VOLTS>-2.800</VOLTS>
          <CAPCTNC_PFRD>64.530</CAPCTNC_PFRD>
          <RESSTNC_MOHM>16.667</RESSTNC_MOHM>
          <TIME>2021-09-27 05:35:14</TIME>
          <TEMP_DEGC>22.600</TEMP_DEGC>
          <AIR_TEMP_DEGC>22.600</AIR_TEMP_DEGC>
          <RH_PRCNT>25.100</RH_PRCNT>
        </DATA>
        <DATA>
          <VOLTS>-2.900</VOLTS>
          <CAPCTNC_PFRD>69.210</CAPCTNC_PFRD>
          <RESSTNC_MOHM>14.925</RESSTNC_MOHM>
          <TIME>2021-09-27 05:35:15</TIME>
          <TEMP_DEGC>22.600</TEMP_DEGC>
          <AIR_TEMP_DEGC>22.600</AIR_TEMP_DEGC>
          <RH_PRCNT>25.100</RH_PRCNT>
        </DATA>
        <DATA>
          <VOLTS>-3.000</VOLTS>
          <CAPCTNC_PFRD>73.130</CAPCTNC_PFRD>
          <RESSTNC_MOHM>12.346</RESSTNC_MOHM>
          <TIME>2021-09-27 05:35:16</TIME>
          <TEMP_DEGC>22.600</TEMP_DEGC>
          <AIR_TEMP_DEGC>22.600</AIR_TEMP_DEGC>
          <RH_PRCNT>25.100</RH_PRCNT>
        </DATA>
        <DATA>
          <VOLTS>-3.100</VOLTS>
          <CAPCTNC_PFRD>76.000</CAPCTNC_PFRD>
          <RESSTNC_MOHM>9.091</RESSTNC_MOHM>
          <TIME>2021-09-27 05:35:17</TIME>
          <TEMP_DEGC>22.600</TEMP_DEGC>
          <AIR_TEMP_DEGC>22.600</AIR_TEMP_DEGC>
          <RH_PRCNT>25.100</RH_PRCNT>
        </DATA>
        <DATA>
          <VOLTS>-3.200</VOLTS>
          <CAPCTNC_PFRD>78.320</CAPCTNC_PFRD>
          <RESSTNC_MOHM>8.547</RESSTNC_MOHM>
          <TIME>2021-09-27 05:35:18</TIME>
          <TEMP_DEGC>22.600</TEMP_DEGC>
          <AIR_TEMP_DEGC>22.600</AIR_TEMP_DEGC>
          <RH_PRCNT>25.100</RH_PRCNT>
        </DATA>
        <DATA>
          <VOLTS>-3.300</VOLTS>
          <CAPCTNC_PFRD>80.180</CAPCTNC_PFRD>
          <RESSTNC_MOHM>15.385</RESSTNC_MOHM>
          <TIME>2021-09-27 05:35:19</TIME>
          <TEMP_DEGC>22.600</TEMP_DEGC>
          <AIR_TEMP_DEGC>22.600</AIR_TEMP_DEGC>
          <RH_PRCNT>25.100</RH_PRCNT>
        </DATA>
        <DATA>
          <VOLTS>-3.400</VOLTS>
          <CAPCTNC_PFRD>81.700</CAPCTNC_PFRD>
          <RESSTNC_MOHM>8.403</RESSTNC_MOHM>
          <TIME>2021-09-27 05:35:20</TIME>
          <TEMP_DEGC>22.600</TEMP_DEGC>
          <AIR_TEMP_DEGC>22.600</AIR_TEMP_DEGC>
          <RH_PRCNT>25.100</RH_PRCNT>
        </DATA>
        <DATA>
          <VOLTS>-3.500</VOLTS>
          <CAPCTNC_PFRD>82.330</CAPCTNC_PFRD>
          <RESSTNC_MOHM>8.696</RESSTNC_MOHM>
          <TIME>2021-09-27 05:35:21</TIME>
          <TEMP_DEGC>22.600</TEMP_DEGC>
          <AIR_TEMP_DEGC>22.600</AIR_TEMP_DEGC>
          <RH_PRCNT>25.100</RH_PRCNT>
        </DATA>
        <DATA>
          <VOLTS>-3.600</VOLTS>
          <CAPCTNC_PFRD>83.120</CAPCTNC_PFRD>
          <RESSTNC_MOHM>9.524</RESSTNC_MOHM>
          <TIME>2021-09-27 05:35:22</TIME>
          <TEMP_DEGC>22.600</TEMP_DEGC>
          <AIR_TEMP_DEGC>22.600</AIR_TEMP_DEGC>
          <RH_PRCNT>25.100</RH_PRCNT>
        </DATA>
        <DATA>
          <VOLTS>-3.700</VOLTS>
          <CAPCTNC_PFRD>83.550</CAPCTNC_PFRD>
          <RESSTNC_MOHM>8.264</RESSTNC_MOHM>
          <TIME>2021-09-27 05:35:23</TIME>
          <TEMP_DEGC>22.600</TEMP_DEGC>
          <AIR_TEMP_DEGC>22.600</AIR_TEMP_DEGC>
          <RH_PRCNT>25.100</RH_PRCNT>
        </DATA>
        <DATA>
          <VOLTS>-3.800</VOLTS>
          <CAPCTNC_PFRD>84.040</CAPCTNC_PFRD>
          <RESSTNC_MOHM>8.000</RESSTNC_MOHM>
          <TIME>2021-09-27 05:35:24</TIME>
          <TEMP_DEGC>22.600</TEMP_DEGC>
          <AIR_TEMP_DEGC>22.600</AIR_TEMP_DEGC>
          <RH_PRCNT>25.100</RH_PRCNT>
        </DATA>
        <DATA>
          <VOLTS>-3.900</VOLTS>
          <CAPCTNC_PFRD>84.040</CAPCTNC_PFRD>
          <RESSTNC_MOHM>8.475</RESSTNC_MOHM>
          <TIME>2021-09-27 05:35:25</TIME>
          <TEMP_DEGC>22.600</TEMP_DEGC>
          <AIR_TEMP_DEGC>22.600</AIR_TEMP_DEGC>
          <RH_PRCNT>25.100</RH_PRCNT>
        </DATA>
        <DATA>
          <VOLTS>-4.000</VOLTS>
          <CAPCTNC_PFRD>84.670</CAPCTNC_PFRD>
          <RESSTNC_MOHM>7.576</RESSTNC_MOHM>
          <TIME>2021-09-27 05:35:27</TIME>
          <TEMP_DEGC>22.600</TEMP_DEGC>
          <AIR_TEMP_DEGC>22.600</AIR_TEMP_DEGC>
          <RH_PRCNT>25.100</RH_PRCNT>
        </DATA>
        <DATA>
          <VOLTS>-4.100</VOLTS>
          <CAPCTNC_PFRD>84.730</CAPCTNC_PFRD>
          <RESSTNC_MOHM>7.299</RESSTNC_MOHM>
          <TIME>2021-09-27 05:35:28</TIME>
          <TEMP_DEGC>22.600</TEMP_DEGC>
          <AIR_TEMP_DEGC>22.600</AIR_TEMP_DEGC>
          <RH_PRCNT>25.100</RH_PRCNT>
        </DATA>
        <DATA>
          <VOLTS>-4.200</VOLTS>
          <CAPCTNC_PFRD>85.420</CAPCTNC_PFRD>
          <RESSTNC_MOHM>8.264</RESSTNC_MOHM>
          <TIME>2021-09-27 05:35:29</TIME>
          <TEMP_DEGC>22.600</TEMP_DEGC>
          <AIR_TEMP_DEGC>22.600</AIR_TEMP_DEGC>
          <RH_PRCNT>25.100</RH_PRCNT>
        </DATA>
        <DATA>
          <VOLTS>-4.300</VOLTS>
          <CAPCTNC_PFRD>84.830</CAPCTNC_PFRD>
          <RESSTNC_MOHM>7.752</RESSTNC_MOHM>
          <TIME>2021-09-27 05:35:30</TIME>
          <TEMP_DEGC>22.600</TEMP_DEGC>
          <AIR_TEMP_DEGC>22.600</AIR_TEMP_DEGC>
          <RH_PRCNT>25.100</RH_PRCNT>
        </DATA>
        <DATA>
          <VOLTS>-4.400</VOLTS>
          <CAPCTNC_PFRD>85.260</CAPCTNC_PFRD>
          <RESSTNC_MOHM>7.576</RESSTNC_MOHM>
          <TIME>2021-09-27 05:35:31</TIME>
          <TEMP_DEGC>22.600</TEMP_DEGC>
          <AIR_TEMP_DEGC>22.600</AIR_TEMP_DEGC>
          <RH_PRCNT>25.100</RH_PRCNT>
        </DATA>
        <DATA>
          <VOLTS>-4.500</VOLTS>
          <CAPCTNC_PFRD>85.590</CAPCTNC_PFRD>
          <RESSTNC_MOHM>7.634</RESSTNC_MOHM>
          <TIME>2021-09-27 05:35:32</TIME>
          <TEMP_DEGC>22.600</TEMP_DEGC>
          <AIR_TEMP_DEGC>22.600</AIR_TEMP_DEGC>
          <RH_PRCNT>25.100</RH_PRCNT>
        </DATA>
        <DATA>
          <VOLTS>-4.600</VOLTS>
          <CAPCTNC_PFRD>85.740</CAPCTNC_PFRD>
          <RESSTNC_MOHM>7.353</RESSTNC_MOHM>
          <TIME>2021-09-27 05:35:33</TIME>
          <TEMP_DEGC>22.600</TEMP_DEGC>
          <AIR_TEMP_DEGC>22.600</AIR_TEMP_DEGC>
          <RH_PRCNT>25.100</RH_PRCNT>
        </DATA>
        <DATA>
          <VOLTS>-4.700</VOLTS>
          <CAPCTNC_PFRD>85.740</CAPCTNC_PFRD>
          <RESSTNC_MOHM>8.403</RESSTNC_MOHM>
          <TIME>2021-09-27 05:35:34</TIME>
          <TEMP_DEGC>22.600</TEMP_DEGC>
          <AIR_TEMP_DEGC>22.600</AIR_TEMP_DEGC>
          <RH_PRCNT>25.100</RH_PRCNT>
        </DATA>
        <DATA>
          <VOLTS>-4.800</VOLTS>
          <CAPCTNC_PFRD>85.940</CAPCTNC_PFRD>
          <RESSTNC_MOHM>7.937</RESSTNC_MOHM>
          <TIME>2021-09-27 05:35:35</TIME>
          <TEMP_DEGC>22.600</TEMP_DEGC>
          <AIR_TEMP_DEGC>22.600</AIR_TEMP_DEGC>
          <RH_PRCNT>25.100</RH_PRCNT>
        </DATA>
        <DATA>
          <VOLTS>-4.900</VOLTS>
          <CAPCTNC_PFRD>86.050</CAPCTNC_PFRD>
          <RESSTNC_MOHM>9.346</RESSTNC_MOHM>
          <TIME>2021-09-27 05:35:36</TIME>
          <TEMP_DEGC>22.600</TEMP_DEGC>
          <AIR_TEMP_DEGC>22.600</AIR_TEMP_DEGC>
          <RH_PRCNT>25.000</RH_PRCNT>
        </DATA>
        <DATA>
          <VOLTS>-5.000</VOLTS>
          <CAPCTNC_PFRD>85.810</CAPCTNC_PFRD>
          <RESSTNC_MOHM>8.772</RESSTNC_MOHM>
          <TIME>2021-09-27 05:35:37</TIME>
          <TEMP_DEGC>22.600</TEMP_DEGC>
          <AIR_TEMP_DEGC>22.600</AIR_TEMP_DEGC>
          <RH_PRCNT>25.000</RH_PRCNT>
        </DATA>
        <DATA>
          <VOLTS>-5.100</VOLTS>
          <CAPCTNC_PFRD>85.860</CAPCTNC_PFRD>
          <RESSTNC_MOHM>7.874</RESSTNC_MOHM>
          <TIME>2021-09-27 05:35:38</TIME>
          <TEMP_DEGC>22.600</TEMP_DEGC>
          <AIR_TEMP_DEGC>22.600</AIR_TEMP_DEGC>
          <RH_PRCNT>25.000</RH_PRCNT>
        </DATA>
        <DATA>
          <VOLTS>-5.200</VOLTS>
          <CAPCTNC_PFRD>86.260</CAPCTNC_PFRD>
          <RESSTNC_MOHM>9.901</RESSTNC_MOHM>
          <TIME>2021-09-27 05:35:39</TIME>
          <TEMP_DEGC>22.600</TEMP_DEGC>
          <AIR_TEMP_DEGC>22.600</AIR_TEMP_DEGC>
          <RH_PRCNT>25.000</RH_PRCNT>
        </DATA>
        <DATA>
          <VOLTS>-5.300</VOLTS>
          <CAPCTNC_PFRD>85.940</CAPCTNC_PFRD>
          <RESSTNC_MOHM>7.353</RESSTNC_MOHM>
          <TIME>2021-09-27 05:35:40</TIME>
          <TEMP_DEGC>22.600</TEMP_DEGC>
          <AIR_TEMP_DEGC>22.600</AIR_TEMP_DEGC>
          <RH_PRCNT>25.000</RH_PRCNT>
        </DATA>
        <DATA>
          <VOLTS>-5.400</VOLTS>
          <CAPCTNC_PFRD>86.230</CAPCTNC_PFRD>
          <RESSTNC_MOHM>6.494</RESSTNC_MOHM>
          <TIME>2021-09-27 05:35:42</TIME>
          <TEMP_DEGC>22.600</TEMP_DEGC>
          <AIR_TEMP_DEGC>22.600</AIR_TEMP_DEGC>
          <RH_PRCNT>25.000</RH_PRCNT>
        </DATA>
        <DATA>
          <VOLTS>-5.500</VOLTS>
          <CAPCTNC_PFRD>86.270</CAPCTNC_PFRD>
          <RESSTNC_MOHM>7.353</RESSTNC_MOHM>
          <TIME>2021-09-27 05:35:43</TIME>
          <TEMP_DEGC>22.600</TEMP_DEGC>
          <AIR_TEMP_DEGC>22.600</AIR_TEMP_DEGC>
          <RH_PRCNT>25.000</RH_PRCNT>
        </DATA>
        <DATA>
          <VOLTS>-5.600</VOLTS>
          <CAPCTNC_PFRD>86.580</CAPCTNC_PFRD>
          <RESSTNC_MOHM>7.042</RESSTNC_MOHM>
          <TIME>2021-09-27 05:35:44</TIME>
          <TEMP_DEGC>22.600</TEMP_DEGC>
          <AIR_TEMP_DEGC>22.600</AIR_TEMP_DEGC>
          <RH_PRCNT>25.000</RH_PRCNT>
        </DATA>
        <DATA>
          <VOLTS>-5.700</VOLTS>
          <CAPCTNC_PFRD>86.350</CAPCTNC_PFRD>
          <RESSTNC_MOHM>7.143</RESSTNC_MOHM>
          <TIME>2021-09-27 05:35:45</TIME>
          <TEMP_DEGC>22.600</TEMP_DEGC>
          <AIR_TEMP_DEGC>22.600</AIR_TEMP_DEGC>
          <RH_PRCNT>25.000</RH_PRCNT>
        </DATA>
        <DATA>
          <VOLTS>-5.800</VOLTS>
          <CAPCTNC_PFRD>86.680</CAPCTNC_PFRD>
          <RESSTNC_MOHM>8.929</RESSTNC_MOHM>
          <TIME>2021-09-27 05:35:46</TIME>
          <TEMP_DEGC>22.600</TEMP_DEGC>
          <AIR_TEMP_DEGC>22.600</AIR_TEMP_DEGC>
          <RH_PRCNT>25.000</RH_PRCNT>
        </DATA>
        <DATA>
          <VOLTS>-5.900</VOLTS>
          <CAPCTNC_PFRD>86.820</CAPCTNC_PFRD>
          <RESSTNC_MOHM>7.576</RESSTNC_MOHM>
          <TIME>2021-09-27 05:35:47</TIME>
          <TEMP_DEGC>22.600</TEMP_DEGC>
          <AIR_TEMP_DEGC>22.600</AIR_TEMP_DEGC>
          <RH_PRCNT>25.000</RH_PRCNT>
        </DATA>
        <DATA>
          <VOLTS>-6.000</VOLTS>
          <CAPCTNC_PFRD>86.890</CAPCTNC_PFRD>
          <RESSTNC_MOHM>8.929</RESSTNC_MOHM>
          <TIME>2021-09-27 05:35:48</TIME>
          <TEMP_DEGC>22.600</TEMP_DEGC>
          <AIR_TEMP_DEGC>22.600</AIR_TEMP_DEGC>
          <RH_PRCNT>25.000</RH_PRCNT>
        </DATA>
        <DATA>
          <VOLTS>-6.100</VOLTS>
          <CAPCTNC_PFRD>86.810</CAPCTNC_PFRD>
          <RESSTNC_MOHM>8.000</RESSTNC_MOHM>
          <TIME>2021-09-27 05:35:49</TIME>
          <TEMP_DEGC>22.600</TEMP_DEGC>
          <AIR_TEMP_DEGC>22.600</AIR_TEMP_DEGC>
          <RH_PRCNT>25.000</RH_PRCNT>
        </DATA>
        <DATA>
          <VOLTS>-6.200</VOLTS>
          <CAPCTNC_PFRD>86.930</CAPCTNC_PFRD>
          <RESSTNC_MOHM>7.143</RESSTNC_MOHM>
          <TIME>2021-09-27 05:35:50</TIME>
          <TEMP_DEGC>22.600</TEMP_DEGC>
          <AIR_TEMP_DEGC>22.600</AIR_TEMP_DEGC>
          <RH_PRCNT>25.000</RH_PRCNT>
        </DATA>
        <DATA>
          <VOLTS>-6.300</VOLTS>
          <CAPCTNC_PFRD>87.060</CAPCTNC_PFRD>
          <RESSTNC_MOHM>9.091</RESSTNC_MOHM>
          <TIME>2021-09-27 05:35:51</TIME>
          <TEMP_DEGC>22.600</TEMP_DEGC>
          <AIR_TEMP_DEGC>22.600</AIR_TEMP_DEGC>
          <RH_PRCNT>25.000</RH_PRCNT>
        </DATA>
        <DATA>
          <VOLTS>-6.400</VOLTS>
          <CAPCTNC_PFRD>87.010</CAPCTNC_PFRD>
          <RESSTNC_MOHM>9.615</RESSTNC_MOHM>
          <TIME>2021-09-27 05:35:52</TIME>
          <TEMP_DEGC>22.600</TEMP_DEGC>
          <AIR_TEMP_DEGC>22.600</AIR_TEMP_DEGC>
          <RH_PRCNT>25.000</RH_PRCNT>
        </DATA>
        <DATA>
          <VOLTS>-6.500</VOLTS>
          <CAPCTNC_PFRD>86.740</CAPCTNC_PFRD>
          <RESSTNC_MOHM>6.944</RESSTNC_MOHM>
          <TIME>2021-09-27 05:35:53</TIME>
          <TEMP_DEGC>22.600</TEMP_DEGC>
          <AIR_TEMP_DEGC>22.600</AIR_TEMP_DEGC>
          <RH_PRCNT>25.000</RH_PRCNT>
        </DATA>
        <DATA>
          <VOLTS>-6.600</VOLTS>
          <CAPCTNC_PFRD>86.670</CAPCTNC_PFRD>
          <RESSTNC_MOHM>10.000</RESSTNC_MOHM>
          <TIME>2021-09-27 05:35:54</TIME>
          <TEMP_DEGC>22.600</TEMP_DEGC>
          <AIR_TEMP_DEGC>22.600</AIR_TEMP_DEGC>
          <RH_PRCNT>25.000</RH_PRCNT>
        </DATA>
        <DATA>
          <VOLTS>-6.700</VOLTS>
          <CAPCTNC_PFRD>86.740</CAPCTNC_PFRD>
          <RESSTNC_MOHM>7.874</RESSTNC_MOHM>
          <TIME>2021-09-27 05:35:55</TIME>
          <TEMP_DEGC>22.600</TEMP_DEGC>
          <AIR_TEMP_DEGC>22.600</AIR_TEMP_DEGC>
          <RH_PRCNT>25.000</RH_PRCNT>
        </DATA>
        <DATA>
          <VOLTS>-6.800</VOLTS>
          <CAPCTNC_PFRD>87.120</CAPCTNC_PFRD>
          <RESSTNC_MOHM>7.874</RESSTNC_MOHM>
          <TIME>2021-09-27 05:35:57</TIME>
          <TEMP_DEGC>22.600</TEMP_DEGC>
          <AIR_TEMP_DEGC>22.600</AIR_TEMP_DEGC>
          <RH_PRCNT>25.000</RH_PRCNT>
        </DATA>
        <DATA>
          <VOLTS>-6.900</VOLTS>
          <CAPCTNC_PFRD>87.090</CAPCTNC_PFRD>
          <RESSTNC_MOHM>8.264</RESSTNC_MOHM>
          <TIME>2021-09-27 05:35:58</TIME>
          <TEMP_DEGC>22.600</TEMP_DEGC>
          <AIR_TEMP_DEGC>22.600</AIR_TEMP_DEGC>
          <RH_PRCNT>25.000</RH_PRCNT>
        </DATA>
        <DATA>
          <VOLTS>-7.000</VOLTS>
          <CAPCTNC_PFRD>87.170</CAPCTNC_PFRD>
          <RESSTNC_MOHM>7.246</RESSTNC_MOHM>
          <TIME>2021-09-27 05:35:59</TIME>
          <TEMP_DEGC>22.600</TEMP_DEGC>
          <AIR_TEMP_DEGC>22.600</AIR_TEMP_DEGC>
          <RH_PRCNT>25.000</RH_PRCNT>
        </DATA>
        <DATA>
          <VOLTS>-7.100</VOLTS>
          <CAPCTNC_PFRD>87.350</CAPCTNC_PFRD>
          <RESSTNC_MOHM>8.696</RESSTNC_MOHM>
          <TIME>2021-09-27 05:36:00</TIME>
          <TEMP_DEGC>22.600</TEMP_DEGC>
          <AIR_TEMP_DEGC>22.600</AIR_TEMP_DEGC>
          <RH_PRCNT>25.000</RH_PRCNT>
        </DATA>
        <DATA>
          <VOLTS>-7.200</VOLTS>
          <CAPCTNC_PFRD>87.180</CAPCTNC_PFRD>
          <RESSTNC_MOHM>8.065</RESSTNC_MOHM>
          <TIME>2021-09-27 05:36:01</TIME>
          <TEMP_DEGC>22.600</TEMP_DEGC>
          <AIR_TEMP_DEGC>22.600</AIR_TEMP_DEGC>
          <RH_PRCNT>24.900</RH_PRCNT>
        </DATA>
        <DATA>
          <VOLTS>-7.300</VOLTS>
          <CAPCTNC_PFRD>87.190</CAPCTNC_PFRD>
          <RESSTNC_MOHM>8.547</RESSTNC_MOHM>
          <TIME>2021-09-27 05:36:02</TIME>
          <TEMP_DEGC>22.600</TEMP_DEGC>
          <AIR_TEMP_DEGC>22.600</AIR_TEMP_DEGC>
          <RH_PRCNT>24.900</RH_PRCNT>
        </DATA>
        <DATA>
          <VOLTS>-7.400</VOLTS>
          <CAPCTNC_PFRD>87.060</CAPCTNC_PFRD>
          <RESSTNC_MOHM>8.475</RESSTNC_MOHM>
          <TIME>2021-09-27 05:36:03</TIME>
          <TEMP_DEGC>22.600</TEMP_DEGC>
          <AIR_TEMP_DEGC>22.600</AIR_TEMP_DEGC>
          <RH_PRCNT>24.900</RH_PRCNT>
        </DATA>
        <DATA>
          <VOLTS>-7.500</VOLTS>
          <CAPCTNC_PFRD>87.110</CAPCTNC_PFRD>
          <RESSTNC_MOHM>7.042</RESSTNC_MOHM>
          <TIME>2021-09-27 05:36:04</TIME>
          <TEMP_DEGC>22.600</TEMP_DEGC>
          <AIR_TEMP_DEGC>22.600</AIR_TEMP_DEGC>
          <RH_PRCNT>24.900</RH_PRCNT>
        </DATA>
        <DATA>
          <VOLTS>-7.600</VOLTS>
          <CAPCTNC_PFRD>87.270</CAPCTNC_PFRD>
          <RESSTNC_MOHM>8.130</RESSTNC_MOHM>
          <TIME>2021-09-27 05:36:05</TIME>
          <TEMP_DEGC>22.600</TEMP_DEGC>
          <AIR_TEMP_DEGC>22.600</AIR_TEMP_DEGC>
          <RH_PRCNT>24.900</RH_PRCNT>
        </DATA>
        <DATA>
          <VOLTS>-7.700</VOLTS>
          <CAPCTNC_PFRD>87.280</CAPCTNC_PFRD>
          <RESSTNC_MOHM>8.475</RESSTNC_MOHM>
          <TIME>2021-09-27 05:36:06</TIME>
          <TEMP_DEGC>22.600</TEMP_DEGC>
          <AIR_TEMP_DEGC>22.600</AIR_TEMP_DEGC>
          <RH_PRCNT>24.900</RH_PRCNT>
        </DATA>
        <DATA>
          <VOLTS>-7.800</VOLTS>
          <CAPCTNC_PFRD>87.060</CAPCTNC_PFRD>
          <RESSTNC_MOHM>7.692</RESSTNC_MOHM>
          <TIME>2021-09-27 05:36:07</TIME>
          <TEMP_DEGC>22.700</TEMP_DEGC>
          <AIR_TEMP_DEGC>22.700</AIR_TEMP_DEGC>
          <RH_PRCNT>24.900</RH_PRCNT>
        </DATA>
        <DATA>
          <VOLTS>-7.900</VOLTS>
          <CAPCTNC_PFRD>86.960</CAPCTNC_PFRD>
          <RESSTNC_MOHM>7.519</RESSTNC_MOHM>
          <TIME>2021-09-27 05:36:08</TIME>
          <TEMP_DEGC>22.600</TEMP_DEGC>
          <AIR_TEMP_DEGC>22.600</AIR_TEMP_DEGC>
          <RH_PRCNT>24.900</RH_PRCNT>
        </DATA>
        <DATA>
          <VOLTS>-8.000</VOLTS>
          <CAPCTNC_PFRD>87.200</CAPCTNC_PFRD>
          <RESSTNC_MOHM>7.407</RESSTNC_MOHM>
          <TIME>2021-09-27 05:36:09</TIME>
          <TEMP_DEGC>22.600</TEMP_DEGC>
          <AIR_TEMP_DEGC>22.600</AIR_TEMP_DEGC>
          <RH_PRCNT>24.900</RH_PRCNT>
        </DATA>
        <DATA>
          <VOLTS>-8.100</VOLTS>
          <CAPCTNC_PFRD>87.150</CAPCTNC_PFRD>
          <RESSTNC_MOHM>6.993</RESSTNC_MOHM>
          <TIME>2021-09-27 05:36:10</TIME>
          <TEMP_DEGC>22.600</TEMP_DEGC>
          <AIR_TEMP_DEGC>22.600</AIR_TEMP_DEGC>
          <RH_PRCNT>24.900</RH_PRCNT>
        </DATA>
        <DATA>
          <VOLTS>-8.200</VOLTS>
          <CAPCTNC_PFRD>87.410</CAPCTNC_PFRD>
          <RESSTNC_MOHM>8.000</RESSTNC_MOHM>
          <TIME>2021-09-27 05:36:12</TIME>
          <TEMP_DEGC>22.600</TEMP_DEGC>
          <AIR_TEMP_DEGC>22.600</AIR_TEMP_DEGC>
          <RH_PRCNT>24.900</RH_PRCNT>
        </DATA>
        <DATA>
          <VOLTS>-8.300</VOLTS>
          <CAPCTNC_PFRD>87.320</CAPCTNC_PFRD>
          <RESSTNC_MOHM>7.812</RESSTNC_MOHM>
          <TIME>2021-09-27 05:36:13</TIME>
          <TEMP_DEGC>22.600</TEMP_DEGC>
          <AIR_TEMP_DEGC>22.600</AIR_TEMP_DEGC>
          <RH_PRCNT>24.900</RH_PRCNT>
        </DATA>
        <DATA>
          <VOLTS>-8.400</VOLTS>
          <CAPCTNC_PFRD>87.690</CAPCTNC_PFRD>
          <RESSTNC_MOHM>6.711</RESSTNC_MOHM>
          <TIME>2021-09-27 05:36:14</TIME>
          <TEMP_DEGC>22.600</TEMP_DEGC>
          <AIR_TEMP_DEGC>22.600</AIR_TEMP_DEGC>
          <RH_PRCNT>24.900</RH_PRCNT>
        </DATA>
        <DATA>
          <VOLTS>-8.500</VOLTS>
          <CAPCTNC_PFRD>87.220</CAPCTNC_PFRD>
          <RESSTNC_MOHM>7.752</RESSTNC_MOHM>
          <TIME>2021-09-27 05:36:15</TIME>
          <TEMP_DEGC>22.600</TEMP_DEGC>
          <AIR_TEMP_DEGC>22.600</AIR_TEMP_DEGC>
          <RH_PRCNT>24.900</RH_PRCNT>
        </DATA>
        <DATA>
          <VOLTS>-8.600</VOLTS>
          <CAPCTNC_PFRD>87.270</CAPCTNC_PFRD>
          <RESSTNC_MOHM>6.098</RESSTNC_MOHM>
          <TIME>2021-09-27 05:36:16</TIME>
          <TEMP_DEGC>22.600</TEMP_DEGC>
          <AIR_TEMP_DEGC>22.600</AIR_TEMP_DEGC>
          <RH_PRCNT>24.900</RH_PRCNT>
        </DATA>
        <DATA>
          <VOLTS>-8.700</VOLTS>
          <CAPCTNC_PFRD>87.160</CAPCTNC_PFRD>
          <RESSTNC_MOHM>8.772</RESSTNC_MOHM>
          <TIME>2021-09-27 05:36:17</TIME>
          <TEMP_DEGC>22.600</TEMP_DEGC>
          <AIR_TEMP_DEGC>22.600</AIR_TEMP_DEGC>
          <RH_PRCNT>24.900</RH_PRCNT>
        </DATA>
        <DATA>
          <VOLTS>-8.800</VOLTS>
          <CAPCTNC_PFRD>87.710</CAPCTNC_PFRD>
          <RESSTNC_MOHM>7.042</RESSTNC_MOHM>
          <TIME>2021-09-27 05:36:18</TIME>
          <TEMP_DEGC>22.600</TEMP_DEGC>
          <AIR_TEMP_DEGC>22.600</AIR_TEMP_DEGC>
          <RH_PRCNT>24.900</RH_PRCNT>
        </DATA>
        <DATA>
          <VOLTS>-8.900</VOLTS>
          <CAPCTNC_PFRD>87.200</CAPCTNC_PFRD>
          <RESSTNC_MOHM>8.197</RESSTNC_MOHM>
          <TIME>2021-09-27 05:36:19</TIME>
          <TEMP_DEGC>22.600</TEMP_DEGC>
          <AIR_TEMP_DEGC>22.600</AIR_TEMP_DEGC>
          <RH_PRCNT>24.900</RH_PRCNT>
        </DATA>
        <DATA>
          <VOLTS>-9.000</VOLTS>
          <CAPCTNC_PFRD>87.390</CAPCTNC_PFRD>
          <RESSTNC_MOHM>8.547</RESSTNC_MOHM>
          <TIME>2021-09-27 05:36:20</TIME>
          <TEMP_DEGC>22.600</TEMP_DEGC>
          <AIR_TEMP_DEGC>22.600</AIR_TEMP_DEGC>
          <RH_PRCNT>24.900</RH_PRCNT>
        </DATA>
        <DATA>
          <VOLTS>-9.100</VOLTS>
          <CAPCTNC_PFRD>87.120</CAPCTNC_PFRD>
          <RESSTNC_MOHM>8.130</RESSTNC_MOHM>
          <TIME>2021-09-27 05:36:21</TIME>
          <TEMP_DEGC>22.600</TEMP_DEGC>
          <AIR_TEMP_DEGC>22.600</AIR_TEMP_DEGC>
          <RH_PRCNT>24.900</RH_PRCNT>
        </DATA>
        <DATA>
          <VOLTS>-9.200</VOLTS>
          <CAPCTNC_PFRD>87.380</CAPCTNC_PFRD>
          <RESSTNC_MOHM>7.463</RESSTNC_MOHM>
          <TIME>2021-09-27 05:36:22</TIME>
          <TEMP_DEGC>22.600</TEMP_DEGC>
          <AIR_TEMP_DEGC>22.600</AIR_TEMP_DEGC>
          <RH_PRCNT>24.900</RH_PRCNT>
        </DATA>
        <DATA>
          <VOLTS>-9.300</VOLTS>
          <CAPCTNC_PFRD>87.220</CAPCTNC_PFRD>
          <RESSTNC_MOHM>9.009</RESSTNC_MOHM>
          <TIME>2021-09-27 05:36:23</TIME>
          <TEMP_DEGC>22.600</TEMP_DEGC>
          <AIR_TEMP_DEGC>22.600</AIR_TEMP_DEGC>
          <RH_PRCNT>24.900</RH_PRCNT>
        </DATA>
        <DATA>
          <VOLTS>-9.400</VOLTS>
          <CAPCTNC_PFRD>87.830</CAPCTNC_PFRD>
          <RESSTNC_MOHM>9.346</RESSTNC_MOHM>
          <TIME>2021-09-27 05:36:24</TIME>
          <TEMP_DEGC>22.600</TEMP_DEGC>
          <AIR_TEMP_DEGC>22.600</AIR_TEMP_DEGC>
          <RH_PRCNT>24.900</RH_PRCNT>
        </DATA>
        <DATA>
          <VOLTS>-9.500</VOLTS>
          <CAPCTNC_PFRD>87.080</CAPCTNC_PFRD>
          <RESSTNC_MOHM>7.874</RESSTNC_MOHM>
          <TIME>2021-09-27 05:36:25</TIME>
          <TEMP_DEGC>22.600</TEMP_DEGC>
          <AIR_TEMP_DEGC>22.600</AIR_TEMP_DEGC>
          <RH_PRCNT>24.900</RH_PRCNT>
        </DATA>
        <DATA>
          <VOLTS>-9.600</VOLTS>
          <CAPCTNC_PFRD>87.600</CAPCTNC_PFRD>
          <RESSTNC_MOHM>9.434</RESSTNC_MOHM>
          <TIME>2021-09-27 05:36:26</TIME>
          <TEMP_DEGC>22.600</TEMP_DEGC>
          <AIR_TEMP_DEGC>22.600</AIR_TEMP_DEGC>
          <RH_PRCNT>24.900</RH_PRCNT>
        </DATA>
        <DATA>
          <VOLTS>-9.700</VOLTS>
          <CAPCTNC_PFRD>87.370</CAPCTNC_PFRD>
          <RESSTNC_MOHM>9.524</RESSTNC_MOHM>
          <TIME>2021-09-27 05:36:28</TIME>
          <TEMP_DEGC>22.600</TEMP_DEGC>
          <AIR_TEMP_DEGC>22.600</AIR_TEMP_DEGC>
          <RH_PRCNT>24.900</RH_PRCNT>
        </DATA>
        <DATA>
          <VOLTS>-9.800</VOLTS>
          <CAPCTNC_PFRD>87.620</CAPCTNC_PFRD>
          <RESSTNC_MOHM>7.576</RESSTNC_MOHM>
          <TIME>2021-09-27 05:36:29</TIME>
          <TEMP_DEGC>22.600</TEMP_DEGC>
          <AIR_TEMP_DEGC>22.600</AIR_TEMP_DEGC>
          <RH_PRCNT>24.900</RH_PRCNT>
        </DATA>
        <DATA>
          <VOLTS>-9.900</VOLTS>
          <CAPCTNC_PFRD>87.470</CAPCTNC_PFRD>
          <RESSTNC_MOHM>6.803</RESSTNC_MOHM>
          <TIME>2021-09-27 05:36:30</TIME>
          <TEMP_DEGC>22.600</TEMP_DEGC>
          <AIR_TEMP_DEGC>22.600</AIR_TEMP_DEGC>
          <RH_PRCNT>24.800</RH_PRCNT>
        </DATA>
        <DATA>
          <VOLTS>-10.000</VOLTS>
          <CAPCTNC_PFRD>87.680</CAPCTNC_PFRD>
          <RESSTNC_MOHM>9.091</RESSTNC_MOHM>
          <TIME>2021-09-27 05:36:31</TIME>
          <TEMP_DEGC>22.600</TEMP_DEGC>
          <AIR_TEMP_DEGC>22.600</AIR_TEMP_DEGC>
          <RH_PRCNT>24.800</RH_PRCNT>
        </DATA>
        <CHILD_DATA_SET>
          <HEADER>
            <TYPE>
              <EXTENSION_TABLE_NAME>HALFMOON_CV_PAR</EXTENSION_TABLE_NAME>
              <NAME>Tracker Halfmoon CV Parameters</NAME>
            </TYPE>
          </HEADER>
          <DATA_SET>
            <COMMENT_DESCRIPTION>Test</COMMENT_DESCRIPTION>
            <VERSION>CV_measurement-004</VERSION>
            <PART>
              <NAME_LABEL>37400_049_2-S_HM_EE</NAME_LABEL>
              <KIND_OF_PART>2S Halfmoon E</KIND_OF_PART>
            </PART>
            <DATA>
              <VFB_V>-3.275</VFB_V>
              <CACC_PFRD>87.214</CACC_PFRD>
              <TOX_NM>658.879</TOX_NM>
              <NOX>6.531e+10</NOX>
            </DATA>
          </DATA_SET>
        </CHILD_DATA_SET>
      </DATA_SET>
    </CHILD_DATA_SET>
  </DATA_SET>
</ROOT>
