<?xml version="1.0"?>
<ROOT>
  <HEADER>
    <TYPE>
      <EXTENSION_TABLE_NAME>HALFMOON_METADATA</EXTENSION_TABLE_NAME>
      <NAME>Tracker Halfmoon Metadata</NAME>
    </TYPE>
    <RUN mode="SEQUENCE_NUMBER" sequence="TRK_OT_RUN_SEQ">
      <RUN_TYPE>PQC</RUN_TYPE>
      <LOCATION>Demokritos</LOCATION>
      <INITIATED_BY_USER>A. Kyriakis</INITIATED_BY_USER>
      <RUN_BEGIN_TIMESTAMP>2021-09-28 14:00:23</RUN_BEGIN_TIMESTAMP>
      <COMMENT_DESCRIPTION>Test</COMMENT_DESCRIPTION>
    </RUN>
  </HEADER>
  <DATA_SET>
    <COMMENT_DESCRIPTION>Metadata with flute and structure</COMMENT_DESCRIPTION>
    <VERSION>IV_measurement</VERSION>
    <PART>
      <NAME_LABEL>37400_015_2-S_HM_EE</NAME_LABEL>
      <KIND_OF_PART>2S Halfmoon E</KIND_OF_PART>
    </PART>
    <DATA>
      <KIND_OF_HM_FLUTE_ID>PQC1</KIND_OF_HM_FLUTE_ID>
      <KIND_OF_HM_STRUCT_ID>VDP_STOP</KIND_OF_HM_STRUCT_ID>
      <KIND_OF_HM_SET_ID>Left</KIND_OF_HM_SET_ID>
      <KIND_OF_HM_CONFIG_ID>Standard</KIND_OF_HM_CONFIG_ID>
      <EQUIPMENT>KEITHLEY 2410</EQUIPMENT>
      <WAITING_TIME_S>0.200</WAITING_TIME_S>
      <TEMP_SET_DEGC>22.600</TEMP_SET_DEGC>
      <AV_TEMP_DEGC>22.600</AV_TEMP_DEGC>
      <PROCEDURE_TYPE>VDP_STOP</PROCEDURE_TYPE>
      <FILE_NAME>Demokritos_VPX37400_015_2-S_HM_E_Left_PQC1_VDPStop_s.xml</FILE_NAME>
    </DATA>
    <CHILD_DATA_SET>
      <HEADER>
        <TYPE>
          <EXTENSION_TABLE_NAME>TEST_SENSOR_IV</EXTENSION_TABLE_NAME>
          <NAME>Tracker Halfmoon IV Test</NAME>
        </TYPE>
      </HEADER>
      <DATA_SET>
        <COMMENT_DESCRIPTION>Test</COMMENT_DESCRIPTION>
        <VERSION>IV_measurement</VERSION>
        <PART>
          <NAME_LABEL>37400_015_2-S_HM_EE</NAME_LABEL>
          <KIND_OF_PART>2S Halfmoon E</KIND_OF_PART>
        </PART>
        <DATA>
          <VOLTS>-4.020e-03</VOLTS>
          <CURRNT_NAMP>-1.000e+03</CURRNT_NAMP>
          <TIME>2021-09-28 02:00:23</TIME>
          <TEMP_DEGC>22.600</TEMP_DEGC>
          <AIR_TEMP_DEGC>22.600</AIR_TEMP_DEGC>
          <RH_PRCNT>28.500</RH_PRCNT>
        </DATA>
        <DATA>
          <VOLTS>-4.010e-03</VOLTS>
          <CURRNT_NAMP>-9.500e+02</CURRNT_NAMP>
          <TIME>2021-09-28 02:00:24</TIME>
          <TEMP_DEGC>22.600</TEMP_DEGC>
          <AIR_TEMP_DEGC>22.600</AIR_TEMP_DEGC>
          <RH_PRCNT>28.500</RH_PRCNT>
        </DATA>
        <DATA>
          <VOLTS>-3.960e-03</VOLTS>
          <CURRNT_NAMP>-9.000e+02</CURRNT_NAMP>
          <TIME>2021-09-28 02:00:25</TIME>
          <TEMP_DEGC>22.600</TEMP_DEGC>
          <AIR_TEMP_DEGC>22.600</AIR_TEMP_DEGC>
          <RH_PRCNT>28.500</RH_PRCNT>
        </DATA>
        <DATA>
          <VOLTS>-3.880e-03</VOLTS>
          <CURRNT_NAMP>-8.500e+02</CURRNT_NAMP>
          <TIME>2021-09-28 02:00:26</TIME>
          <TEMP_DEGC>22.600</TEMP_DEGC>
          <AIR_TEMP_DEGC>22.600</AIR_TEMP_DEGC>
          <RH_PRCNT>28.500</RH_PRCNT>
        </DATA>
        <DATA>
          <VOLTS>-3.680e-03</VOLTS>
          <CURRNT_NAMP>-8.000e+02</CURRNT_NAMP>
          <TIME>2021-09-28 02:00:27</TIME>
          <TEMP_DEGC>22.600</TEMP_DEGC>
          <AIR_TEMP_DEGC>22.600</AIR_TEMP_DEGC>
          <RH_PRCNT>28.500</RH_PRCNT>
        </DATA>
        <DATA>
          <VOLTS>-3.430e-03</VOLTS>
          <CURRNT_NAMP>-7.500e+02</CURRNT_NAMP>
          <TIME>2021-09-28 02:00:28</TIME>
          <TEMP_DEGC>22.600</TEMP_DEGC>
          <AIR_TEMP_DEGC>22.600</AIR_TEMP_DEGC>
          <RH_PRCNT>28.500</RH_PRCNT>
        </DATA>
        <DATA>
          <VOLTS>-3.190e-03</VOLTS>
          <CURRNT_NAMP>-7.000e+02</CURRNT_NAMP>
          <TIME>2021-09-28 02:00:29</TIME>
          <TEMP_DEGC>22.600</TEMP_DEGC>
          <AIR_TEMP_DEGC>22.600</AIR_TEMP_DEGC>
          <RH_PRCNT>28.400</RH_PRCNT>
        </DATA>
        <DATA>
          <VOLTS>-2.970e-03</VOLTS>
          <CURRNT_NAMP>-6.500e+02</CURRNT_NAMP>
          <TIME>2021-09-28 02:00:30</TIME>
          <TEMP_DEGC>22.600</TEMP_DEGC>
          <AIR_TEMP_DEGC>22.600</AIR_TEMP_DEGC>
          <RH_PRCNT>28.400</RH_PRCNT>
        </DATA>
        <DATA>
          <VOLTS>-2.770e-03</VOLTS>
          <CURRNT_NAMP>-6.000e+02</CURRNT_NAMP>
          <TIME>2021-09-28 02:00:31</TIME>
          <TEMP_DEGC>22.600</TEMP_DEGC>
          <AIR_TEMP_DEGC>22.600</AIR_TEMP_DEGC>
          <RH_PRCNT>28.400</RH_PRCNT>
        </DATA>
        <DATA>
          <VOLTS>-2.570e-03</VOLTS>
          <CURRNT_NAMP>-5.500e+02</CURRNT_NAMP>
          <TIME>2021-09-28 02:00:32</TIME>
          <TEMP_DEGC>22.600</TEMP_DEGC>
          <AIR_TEMP_DEGC>22.600</AIR_TEMP_DEGC>
          <RH_PRCNT>28.400</RH_PRCNT>
        </DATA>
        <DATA>
          <VOLTS>-2.360e-03</VOLTS>
          <CURRNT_NAMP>-5.000e+02</CURRNT_NAMP>
          <TIME>2021-09-28 02:00:33</TIME>
          <TEMP_DEGC>22.600</TEMP_DEGC>
          <AIR_TEMP_DEGC>22.600</AIR_TEMP_DEGC>
          <RH_PRCNT>28.400</RH_PRCNT>
        </DATA>
        <DATA>
          <VOLTS>-2.160e-03</VOLTS>
          <CURRNT_NAMP>-4.500e+02</CURRNT_NAMP>
          <TIME>2021-09-28 02:00:34</TIME>
          <TEMP_DEGC>22.600</TEMP_DEGC>
          <AIR_TEMP_DEGC>22.600</AIR_TEMP_DEGC>
          <RH_PRCNT>28.400</RH_PRCNT>
        </DATA>
        <DATA>
          <VOLTS>-1.960e-03</VOLTS>
          <CURRNT_NAMP>-4.000e+02</CURRNT_NAMP>
          <TIME>2021-09-28 02:00:35</TIME>
          <TEMP_DEGC>22.600</TEMP_DEGC>
          <AIR_TEMP_DEGC>22.600</AIR_TEMP_DEGC>
          <RH_PRCNT>28.400</RH_PRCNT>
        </DATA>
        <DATA>
          <VOLTS>-1.760e-03</VOLTS>
          <CURRNT_NAMP>-3.500e+02</CURRNT_NAMP>
          <TIME>2021-09-28 02:00:36</TIME>
          <TEMP_DEGC>22.600</TEMP_DEGC>
          <AIR_TEMP_DEGC>22.600</AIR_TEMP_DEGC>
          <RH_PRCNT>28.400</RH_PRCNT>
        </DATA>
        <DATA>
          <VOLTS>-1.550e-03</VOLTS>
          <CURRNT_NAMP>-3.000e+02</CURRNT_NAMP>
          <TIME>2021-09-28 02:00:37</TIME>
          <TEMP_DEGC>22.600</TEMP_DEGC>
          <AIR_TEMP_DEGC>22.600</AIR_TEMP_DEGC>
          <RH_PRCNT>28.400</RH_PRCNT>
        </DATA>
        <DATA>
          <VOLTS>-1.350e-03</VOLTS>
          <CURRNT_NAMP>-2.500e+02</CURRNT_NAMP>
          <TIME>2021-09-28 02:00:39</TIME>
          <TEMP_DEGC>22.600</TEMP_DEGC>
          <AIR_TEMP_DEGC>22.600</AIR_TEMP_DEGC>
          <RH_PRCNT>28.400</RH_PRCNT>
        </DATA>
        <DATA>
          <VOLTS>-1.150e-03</VOLTS>
          <CURRNT_NAMP>-2.000e+02</CURRNT_NAMP>
          <TIME>2021-09-28 02:00:40</TIME>
          <TEMP_DEGC>22.600</TEMP_DEGC>
          <AIR_TEMP_DEGC>22.600</AIR_TEMP_DEGC>
          <RH_PRCNT>28.400</RH_PRCNT>
        </DATA>
        <DATA>
          <VOLTS>-9.500e-04</VOLTS>
          <CURRNT_NAMP>-1.500e+02</CURRNT_NAMP>
          <TIME>2021-09-28 02:00:41</TIME>
          <TEMP_DEGC>22.600</TEMP_DEGC>
          <AIR_TEMP_DEGC>22.600</AIR_TEMP_DEGC>
          <RH_PRCNT>28.400</RH_PRCNT>
        </DATA>
        <DATA>
          <VOLTS>-7.400e-04</VOLTS>
          <CURRNT_NAMP>-1.000e+02</CURRNT_NAMP>
          <TIME>2021-09-28 02:00:42</TIME>
          <TEMP_DEGC>22.600</TEMP_DEGC>
          <AIR_TEMP_DEGC>22.600</AIR_TEMP_DEGC>
          <RH_PRCNT>28.300</RH_PRCNT>
        </DATA>
        <DATA>
          <VOLTS>-5.400e-04</VOLTS>
          <CURRNT_NAMP>-5.000e+01</CURRNT_NAMP>
          <TIME>2021-09-28 02:00:43</TIME>
          <TEMP_DEGC>22.600</TEMP_DEGC>
          <AIR_TEMP_DEGC>22.600</AIR_TEMP_DEGC>
          <RH_PRCNT>28.300</RH_PRCNT>
        </DATA>
        <DATA>
          <VOLTS>-3.400e-04</VOLTS>
          <CURRNT_NAMP>0.000e+00</CURRNT_NAMP>
          <TIME>2021-09-28 02:00:44</TIME>
          <TEMP_DEGC>22.600</TEMP_DEGC>
          <AIR_TEMP_DEGC>22.600</AIR_TEMP_DEGC>
          <RH_PRCNT>28.300</RH_PRCNT>
        </DATA>
        <DATA>
          <VOLTS>-2.200e-04</VOLTS>
          <CURRNT_NAMP>5.000e+01</CURRNT_NAMP>
          <TIME>2021-09-28 02:00:45</TIME>
          <TEMP_DEGC>22.600</TEMP_DEGC>
          <AIR_TEMP_DEGC>22.600</AIR_TEMP_DEGC>
          <RH_PRCNT>28.300</RH_PRCNT>
        </DATA>
        <DATA>
          <VOLTS>-0.000e+00</VOLTS>
          <CURRNT_NAMP>1.000e+02</CURRNT_NAMP>
          <TIME>2021-09-28 02:00:46</TIME>
          <TEMP_DEGC>22.600</TEMP_DEGC>
          <AIR_TEMP_DEGC>22.600</AIR_TEMP_DEGC>
          <RH_PRCNT>28.300</RH_PRCNT>
        </DATA>
        <DATA>
          <VOLTS>2.200e-04</VOLTS>
          <CURRNT_NAMP>1.500e+02</CURRNT_NAMP>
          <TIME>2021-09-28 02:00:47</TIME>
          <TEMP_DEGC>22.600</TEMP_DEGC>
          <AIR_TEMP_DEGC>22.600</AIR_TEMP_DEGC>
          <RH_PRCNT>28.300</RH_PRCNT>
        </DATA>
        <DATA>
          <VOLTS>4.400e-04</VOLTS>
          <CURRNT_NAMP>2.000e+02</CURRNT_NAMP>
          <TIME>2021-09-28 02:00:48</TIME>
          <TEMP_DEGC>22.600</TEMP_DEGC>
          <AIR_TEMP_DEGC>22.600</AIR_TEMP_DEGC>
          <RH_PRCNT>28.300</RH_PRCNT>
        </DATA>
        <DATA>
          <VOLTS>6.600e-04</VOLTS>
          <CURRNT_NAMP>2.500e+02</CURRNT_NAMP>
          <TIME>2021-09-28 02:00:49</TIME>
          <TEMP_DEGC>22.600</TEMP_DEGC>
          <AIR_TEMP_DEGC>22.600</AIR_TEMP_DEGC>
          <RH_PRCNT>28.300</RH_PRCNT>
        </DATA>
        <DATA>
          <VOLTS>8.600e-04</VOLTS>
          <CURRNT_NAMP>3.000e+02</CURRNT_NAMP>
          <TIME>2021-09-28 02:00:50</TIME>
          <TEMP_DEGC>22.600</TEMP_DEGC>
          <AIR_TEMP_DEGC>22.600</AIR_TEMP_DEGC>
          <RH_PRCNT>28.300</RH_PRCNT>
        </DATA>
        <DATA>
          <VOLTS>1.070e-03</VOLTS>
          <CURRNT_NAMP>3.500e+02</CURRNT_NAMP>
          <TIME>2021-09-28 02:00:51</TIME>
          <TEMP_DEGC>22.600</TEMP_DEGC>
          <AIR_TEMP_DEGC>22.600</AIR_TEMP_DEGC>
          <RH_PRCNT>28.300</RH_PRCNT>
        </DATA>
        <DATA>
          <VOLTS>1.270e-03</VOLTS>
          <CURRNT_NAMP>4.000e+02</CURRNT_NAMP>
          <TIME>2021-09-28 02:00:52</TIME>
          <TEMP_DEGC>22.600</TEMP_DEGC>
          <AIR_TEMP_DEGC>22.600</AIR_TEMP_DEGC>
          <RH_PRCNT>28.300</RH_PRCNT>
        </DATA>
        <DATA>
          <VOLTS>1.470e-03</VOLTS>
          <CURRNT_NAMP>4.500e+02</CURRNT_NAMP>
          <TIME>2021-09-28 02:00:54</TIME>
          <TEMP_DEGC>22.600</TEMP_DEGC>
          <AIR_TEMP_DEGC>22.600</AIR_TEMP_DEGC>
          <RH_PRCNT>28.300</RH_PRCNT>
        </DATA>
        <DATA>
          <VOLTS>1.670e-03</VOLTS>
          <CURRNT_NAMP>5.000e+02</CURRNT_NAMP>
          <TIME>2021-09-28 02:00:55</TIME>
          <TEMP_DEGC>22.600</TEMP_DEGC>
          <AIR_TEMP_DEGC>22.600</AIR_TEMP_DEGC>
          <RH_PRCNT>28.300</RH_PRCNT>
        </DATA>
        <DATA>
          <VOLTS>1.870e-03</VOLTS>
          <CURRNT_NAMP>5.500e+02</CURRNT_NAMP>
          <TIME>2021-09-28 02:00:56</TIME>
          <TEMP_DEGC>22.600</TEMP_DEGC>
          <AIR_TEMP_DEGC>22.600</AIR_TEMP_DEGC>
          <RH_PRCNT>28.300</RH_PRCNT>
        </DATA>
        <DATA>
          <VOLTS>2.070e-03</VOLTS>
          <CURRNT_NAMP>6.000e+02</CURRNT_NAMP>
          <TIME>2021-09-28 02:00:57</TIME>
          <TEMP_DEGC>22.600</TEMP_DEGC>
          <AIR_TEMP_DEGC>22.600</AIR_TEMP_DEGC>
          <RH_PRCNT>28.300</RH_PRCNT>
        </DATA>
        <DATA>
          <VOLTS>2.280e-03</VOLTS>
          <CURRNT_NAMP>6.500e+02</CURRNT_NAMP>
          <TIME>2021-09-28 02:00:58</TIME>
          <TEMP_DEGC>22.600</TEMP_DEGC>
          <AIR_TEMP_DEGC>22.600</AIR_TEMP_DEGC>
          <RH_PRCNT>28.300</RH_PRCNT>
        </DATA>
        <DATA>
          <VOLTS>2.480e-03</VOLTS>
          <CURRNT_NAMP>7.000e+02</CURRNT_NAMP>
          <TIME>2021-09-28 02:00:59</TIME>
          <TEMP_DEGC>22.600</TEMP_DEGC>
          <AIR_TEMP_DEGC>22.600</AIR_TEMP_DEGC>
          <RH_PRCNT>28.200</RH_PRCNT>
        </DATA>
        <DATA>
          <VOLTS>2.680e-03</VOLTS>
          <CURRNT_NAMP>7.500e+02</CURRNT_NAMP>
          <TIME>2021-09-28 02:01:00</TIME>
          <TEMP_DEGC>22.600</TEMP_DEGC>
          <AIR_TEMP_DEGC>22.600</AIR_TEMP_DEGC>
          <RH_PRCNT>28.200</RH_PRCNT>
        </DATA>
        <DATA>
          <VOLTS>2.880e-03</VOLTS>
          <CURRNT_NAMP>8.000e+02</CURRNT_NAMP>
          <TIME>2021-09-28 02:01:01</TIME>
          <TEMP_DEGC>22.600</TEMP_DEGC>
          <AIR_TEMP_DEGC>22.600</AIR_TEMP_DEGC>
          <RH_PRCNT>28.200</RH_PRCNT>
        </DATA>
        <DATA>
          <VOLTS>3.080e-03</VOLTS>
          <CURRNT_NAMP>8.500e+02</CURRNT_NAMP>
          <TIME>2021-09-28 02:01:02</TIME>
          <TEMP_DEGC>22.600</TEMP_DEGC>
          <AIR_TEMP_DEGC>22.600</AIR_TEMP_DEGC>
          <RH_PRCNT>28.200</RH_PRCNT>
        </DATA>
        <DATA>
          <VOLTS>3.210e-03</VOLTS>
          <CURRNT_NAMP>9.000e+02</CURRNT_NAMP>
          <TIME>2021-09-28 02:01:03</TIME>
          <TEMP_DEGC>22.600</TEMP_DEGC>
          <AIR_TEMP_DEGC>22.600</AIR_TEMP_DEGC>
          <RH_PRCNT>28.200</RH_PRCNT>
        </DATA>
        <DATA>
          <VOLTS>3.430e-03</VOLTS>
          <CURRNT_NAMP>9.500e+02</CURRNT_NAMP>
          <TIME>2021-09-28 02:01:04</TIME>
          <TEMP_DEGC>22.600</TEMP_DEGC>
          <AIR_TEMP_DEGC>22.600</AIR_TEMP_DEGC>
          <RH_PRCNT>28.200</RH_PRCNT>
        </DATA>
        <DATA>
          <VOLTS>3.570e-03</VOLTS>
          <CURRNT_NAMP>1.000e+03</CURRNT_NAMP>
          <TIME>2021-09-28 02:01:05</TIME>
          <TEMP_DEGC>22.600</TEMP_DEGC>
          <AIR_TEMP_DEGC>22.600</AIR_TEMP_DEGC>
          <RH_PRCNT>28.200</RH_PRCNT>
        </DATA>
        <CHILD_DATA_SET>
          <HEADER>
            <TYPE>
              <EXTENSION_TABLE_NAME>HALFMOON_IV_PAR</EXTENSION_TABLE_NAME>
              <NAME>Tracker Halfmoon IV Parameters</NAME>
            </TYPE>
          </HEADER>
          <DATA_SET>
            <COMMENT_DESCRIPTION>Test</COMMENT_DESCRIPTION>
            <VERSION>IV_measurement</VERSION>
            <PART>
              <NAME_LABEL>37400_015_2-S_HM_EE</NAME_LABEL>
              <KIND_OF_PART>2S Halfmoon E</KIND_OF_PART>
            </PART>
            <DATA>
              <RSH_OHMSQR>18356.701</RSH_OHMSQR>
              <R_OHM>4050.142</R_OHM>
            </DATA>
          </DATA_SET>
        </CHILD_DATA_SET>
      </DATA_SET>
    </CHILD_DATA_SET>
  </DATA_SET>
</ROOT>
