<?xml version="1.0"?>
<ROOT>
  <HEADER>
    <TYPE>
      <EXTENSION_TABLE_NAME>HALFMOON_METADATA</EXTENSION_TABLE_NAME>
      <NAME>Tracker Halfmoon Metadata</NAME>
    </TYPE>
    <RUN mode="SEQUENCE_NUMBER" sequence="TRK_OT_RUN_SEQ">
      <RUN_TYPE>PQC</RUN_TYPE>
      <LOCATION>Demokritos</LOCATION>
      <INITIATED_BY_USER>A. Kyriakis</INITIATED_BY_USER>
      <RUN_BEGIN_TIMESTAMP>2021-09-29 09:26:25</RUN_BEGIN_TIMESTAMP>
      <COMMENT_DESCRIPTION>Test</COMMENT_DESCRIPTION>
    </RUN>
  </HEADER>
  <DATA_SET>
    <COMMENT_DESCRIPTION>Metadata with flute and structure</COMMENT_DESCRIPTION>
    <VERSION>v2</VERSION>
    <PART>
      <NAME_LABEL>37400_037_2-S_HM_EE</NAME_LABEL>
      <KIND_OF_PART>2S Halfmoon E</KIND_OF_PART>
    </PART>
    <DATA>
      <KIND_OF_HM_FLUTE_ID>PQC1</KIND_OF_HM_FLUTE_ID>
      <KIND_OF_HM_STRUCT_ID>MOS_QUARTER</KIND_OF_HM_STRUCT_ID>
      <KIND_OF_HM_SET_ID>Left</KIND_OF_HM_SET_ID>
      <KIND_OF_HM_CONFIG_ID>Not Used</KIND_OF_HM_CONFIG_ID>
      <EQUIPMENT>HP 4192A</EQUIPMENT>
      <WAITING_TIME_S>0.100</WAITING_TIME_S>
      <AC_FREQ_HZ>1.000e+04</AC_FREQ_HZ>
      <AC_AMPL_V>0.250</AC_AMPL_V>
      <TEMP_SET_DEGC>21.200</TEMP_SET_DEGC>
      <AV_TEMP_DEGC>21.200</AV_TEMP_DEGC>
      <PROCEDURE_TYPE>MOS1</PROCEDURE_TYPE>
      <FILE_NAME>Demokritos_VPX37400_037_2-S_HM_E_Left_PQC1_MOSQuarter_CV.xml</FILE_NAME>
    </DATA>
    <CHILD_DATA_SET>
      <HEADER>
        <TYPE>
          <EXTENSION_TABLE_NAME>TEST_SENSOR_CV</EXTENSION_TABLE_NAME>
          <NAME>Tracker Halfmoon CV Test</NAME>
        </TYPE>
      </HEADER>
      <DATA_SET>
        <COMMENT_DESCRIPTION>Test</COMMENT_DESCRIPTION>
        <VERSION>V2</VERSION>
        <PART>
          <NAME_LABEL>37400_037_2-S_HM_EE</NAME_LABEL>
          <KIND_OF_PART>2S Halfmoon E</KIND_OF_PART>
        </PART>
        <DATA>
          <VOLTS>5.000</VOLTS>
          <CAPCTNC_PFRD>39.580</CAPCTNC_PFRD>
          <RESSTNC_MOHM>4.854</RESSTNC_MOHM>
          <TIME>2021-09-29 09:26:25</TIME>
          <TEMP_DEGC>21.200</TEMP_DEGC>
          <AIR_TEMP_DEGC>21.200</AIR_TEMP_DEGC>
          <RH_PRCNT>25.900</RH_PRCNT>
        </DATA>
        <DATA>
          <VOLTS>4.900</VOLTS>
          <CAPCTNC_PFRD>39.190</CAPCTNC_PFRD>
          <RESSTNC_MOHM>4.348</RESSTNC_MOHM>
          <TIME>2021-09-29 09:26:26</TIME>
          <TEMP_DEGC>21.300</TEMP_DEGC>
          <AIR_TEMP_DEGC>21.300</AIR_TEMP_DEGC>
          <RH_PRCNT>25.900</RH_PRCNT>
        </DATA>
        <DATA>
          <VOLTS>4.800</VOLTS>
          <CAPCTNC_PFRD>39.080</CAPCTNC_PFRD>
          <RESSTNC_MOHM>4.505</RESSTNC_MOHM>
          <TIME>2021-09-29 09:26:27</TIME>
          <TEMP_DEGC>21.300</TEMP_DEGC>
          <AIR_TEMP_DEGC>21.300</AIR_TEMP_DEGC>
          <RH_PRCNT>25.900</RH_PRCNT>
        </DATA>
        <DATA>
          <VOLTS>4.700</VOLTS>
          <CAPCTNC_PFRD>39.150</CAPCTNC_PFRD>
          <RESSTNC_MOHM>4.098</RESSTNC_MOHM>
          <TIME>2021-09-29 09:26:28</TIME>
          <TEMP_DEGC>21.300</TEMP_DEGC>
          <AIR_TEMP_DEGC>21.300</AIR_TEMP_DEGC>
          <RH_PRCNT>25.900</RH_PRCNT>
        </DATA>
        <DATA>
          <VOLTS>4.600</VOLTS>
          <CAPCTNC_PFRD>39.120</CAPCTNC_PFRD>
          <RESSTNC_MOHM>4.132</RESSTNC_MOHM>
          <TIME>2021-09-29 09:26:30</TIME>
          <TEMP_DEGC>21.200</TEMP_DEGC>
          <AIR_TEMP_DEGC>21.200</AIR_TEMP_DEGC>
          <RH_PRCNT>25.900</RH_PRCNT>
        </DATA>
        <DATA>
          <VOLTS>4.500</VOLTS>
          <CAPCTNC_PFRD>39.390</CAPCTNC_PFRD>
          <RESSTNC_MOHM>3.745</RESSTNC_MOHM>
          <TIME>2021-09-29 09:26:31</TIME>
          <TEMP_DEGC>21.200</TEMP_DEGC>
          <AIR_TEMP_DEGC>21.200</AIR_TEMP_DEGC>
          <RH_PRCNT>25.900</RH_PRCNT>
        </DATA>
        <DATA>
          <VOLTS>4.400</VOLTS>
          <CAPCTNC_PFRD>39.180</CAPCTNC_PFRD>
          <RESSTNC_MOHM>4.184</RESSTNC_MOHM>
          <TIME>2021-09-29 09:26:32</TIME>
          <TEMP_DEGC>21.200</TEMP_DEGC>
          <AIR_TEMP_DEGC>21.200</AIR_TEMP_DEGC>
          <RH_PRCNT>25.900</RH_PRCNT>
        </DATA>
        <DATA>
          <VOLTS>4.300</VOLTS>
          <CAPCTNC_PFRD>38.790</CAPCTNC_PFRD>
          <RESSTNC_MOHM>3.937</RESSTNC_MOHM>
          <TIME>2021-09-29 09:26:33</TIME>
          <TEMP_DEGC>21.300</TEMP_DEGC>
          <AIR_TEMP_DEGC>21.300</AIR_TEMP_DEGC>
          <RH_PRCNT>25.900</RH_PRCNT>
        </DATA>
        <DATA>
          <VOLTS>4.200</VOLTS>
          <CAPCTNC_PFRD>39.200</CAPCTNC_PFRD>
          <RESSTNC_MOHM>3.802</RESSTNC_MOHM>
          <TIME>2021-09-29 09:26:34</TIME>
          <TEMP_DEGC>21.200</TEMP_DEGC>
          <AIR_TEMP_DEGC>21.200</AIR_TEMP_DEGC>
          <RH_PRCNT>25.900</RH_PRCNT>
        </DATA>
        <DATA>
          <VOLTS>4.100</VOLTS>
          <CAPCTNC_PFRD>39.410</CAPCTNC_PFRD>
          <RESSTNC_MOHM>4.219</RESSTNC_MOHM>
          <TIME>2021-09-29 09:26:35</TIME>
          <TEMP_DEGC>21.200</TEMP_DEGC>
          <AIR_TEMP_DEGC>21.200</AIR_TEMP_DEGC>
          <RH_PRCNT>25.900</RH_PRCNT>
        </DATA>
        <DATA>
          <VOLTS>4.000</VOLTS>
          <CAPCTNC_PFRD>39.590</CAPCTNC_PFRD>
          <RESSTNC_MOHM>4.219</RESSTNC_MOHM>
          <TIME>2021-09-29 09:26:36</TIME>
          <TEMP_DEGC>21.200</TEMP_DEGC>
          <AIR_TEMP_DEGC>21.200</AIR_TEMP_DEGC>
          <RH_PRCNT>25.900</RH_PRCNT>
        </DATA>
        <DATA>
          <VOLTS>3.900</VOLTS>
          <CAPCTNC_PFRD>39.030</CAPCTNC_PFRD>
          <RESSTNC_MOHM>3.968</RESSTNC_MOHM>
          <TIME>2021-09-29 09:26:37</TIME>
          <TEMP_DEGC>21.200</TEMP_DEGC>
          <AIR_TEMP_DEGC>21.200</AIR_TEMP_DEGC>
          <RH_PRCNT>25.900</RH_PRCNT>
        </DATA>
        <DATA>
          <VOLTS>3.800</VOLTS>
          <CAPCTNC_PFRD>39.520</CAPCTNC_PFRD>
          <RESSTNC_MOHM>4.115</RESSTNC_MOHM>
          <TIME>2021-09-29 09:26:38</TIME>
          <TEMP_DEGC>21.200</TEMP_DEGC>
          <AIR_TEMP_DEGC>21.200</AIR_TEMP_DEGC>
          <RH_PRCNT>25.900</RH_PRCNT>
        </DATA>
        <DATA>
          <VOLTS>3.700</VOLTS>
          <CAPCTNC_PFRD>39.260</CAPCTNC_PFRD>
          <RESSTNC_MOHM>3.968</RESSTNC_MOHM>
          <TIME>2021-09-29 09:26:39</TIME>
          <TEMP_DEGC>21.300</TEMP_DEGC>
          <AIR_TEMP_DEGC>21.300</AIR_TEMP_DEGC>
          <RH_PRCNT>25.900</RH_PRCNT>
        </DATA>
        <DATA>
          <VOLTS>3.600</VOLTS>
          <CAPCTNC_PFRD>39.020</CAPCTNC_PFRD>
          <RESSTNC_MOHM>4.098</RESSTNC_MOHM>
          <TIME>2021-09-29 09:26:40</TIME>
          <TEMP_DEGC>21.300</TEMP_DEGC>
          <AIR_TEMP_DEGC>21.300</AIR_TEMP_DEGC>
          <RH_PRCNT>25.900</RH_PRCNT>
        </DATA>
        <DATA>
          <VOLTS>3.500</VOLTS>
          <CAPCTNC_PFRD>39.210</CAPCTNC_PFRD>
          <RESSTNC_MOHM>3.861</RESSTNC_MOHM>
          <TIME>2021-09-29 09:26:41</TIME>
          <TEMP_DEGC>21.300</TEMP_DEGC>
          <AIR_TEMP_DEGC>21.300</AIR_TEMP_DEGC>
          <RH_PRCNT>25.900</RH_PRCNT>
        </DATA>
        <DATA>
          <VOLTS>3.400</VOLTS>
          <CAPCTNC_PFRD>39.280</CAPCTNC_PFRD>
          <RESSTNC_MOHM>4.000</RESSTNC_MOHM>
          <TIME>2021-09-29 09:26:42</TIME>
          <TEMP_DEGC>21.200</TEMP_DEGC>
          <AIR_TEMP_DEGC>21.200</AIR_TEMP_DEGC>
          <RH_PRCNT>25.900</RH_PRCNT>
        </DATA>
        <DATA>
          <VOLTS>3.300</VOLTS>
          <CAPCTNC_PFRD>39.260</CAPCTNC_PFRD>
          <RESSTNC_MOHM>4.237</RESSTNC_MOHM>
          <TIME>2021-09-29 09:26:43</TIME>
          <TEMP_DEGC>21.300</TEMP_DEGC>
          <AIR_TEMP_DEGC>21.300</AIR_TEMP_DEGC>
          <RH_PRCNT>25.900</RH_PRCNT>
        </DATA>
        <DATA>
          <VOLTS>3.200</VOLTS>
          <CAPCTNC_PFRD>39.240</CAPCTNC_PFRD>
          <RESSTNC_MOHM>4.444</RESSTNC_MOHM>
          <TIME>2021-09-29 09:26:45</TIME>
          <TEMP_DEGC>21.200</TEMP_DEGC>
          <AIR_TEMP_DEGC>21.200</AIR_TEMP_DEGC>
          <RH_PRCNT>25.900</RH_PRCNT>
        </DATA>
        <DATA>
          <VOLTS>3.100</VOLTS>
          <CAPCTNC_PFRD>39.000</CAPCTNC_PFRD>
          <RESSTNC_MOHM>3.861</RESSTNC_MOHM>
          <TIME>2021-09-29 09:26:46</TIME>
          <TEMP_DEGC>21.200</TEMP_DEGC>
          <AIR_TEMP_DEGC>21.200</AIR_TEMP_DEGC>
          <RH_PRCNT>25.900</RH_PRCNT>
        </DATA>
        <DATA>
          <VOLTS>3.000</VOLTS>
          <CAPCTNC_PFRD>38.880</CAPCTNC_PFRD>
          <RESSTNC_MOHM>3.802</RESSTNC_MOHM>
          <TIME>2021-09-29 09:26:47</TIME>
          <TEMP_DEGC>21.200</TEMP_DEGC>
          <AIR_TEMP_DEGC>21.200</AIR_TEMP_DEGC>
          <RH_PRCNT>25.900</RH_PRCNT>
        </DATA>
        <DATA>
          <VOLTS>2.900</VOLTS>
          <CAPCTNC_PFRD>38.770</CAPCTNC_PFRD>
          <RESSTNC_MOHM>4.184</RESSTNC_MOHM>
          <TIME>2021-09-29 09:26:48</TIME>
          <TEMP_DEGC>21.200</TEMP_DEGC>
          <AIR_TEMP_DEGC>21.200</AIR_TEMP_DEGC>
          <RH_PRCNT>25.900</RH_PRCNT>
        </DATA>
        <DATA>
          <VOLTS>2.800</VOLTS>
          <CAPCTNC_PFRD>38.820</CAPCTNC_PFRD>
          <RESSTNC_MOHM>3.968</RESSTNC_MOHM>
          <TIME>2021-09-29 09:26:49</TIME>
          <TEMP_DEGC>21.200</TEMP_DEGC>
          <AIR_TEMP_DEGC>21.200</AIR_TEMP_DEGC>
          <RH_PRCNT>25.900</RH_PRCNT>
        </DATA>
        <DATA>
          <VOLTS>2.700</VOLTS>
          <CAPCTNC_PFRD>39.230</CAPCTNC_PFRD>
          <RESSTNC_MOHM>4.184</RESSTNC_MOHM>
          <TIME>2021-09-29 09:26:50</TIME>
          <TEMP_DEGC>21.200</TEMP_DEGC>
          <AIR_TEMP_DEGC>21.200</AIR_TEMP_DEGC>
          <RH_PRCNT>25.900</RH_PRCNT>
        </DATA>
        <DATA>
          <VOLTS>2.600</VOLTS>
          <CAPCTNC_PFRD>38.910</CAPCTNC_PFRD>
          <RESSTNC_MOHM>3.984</RESSTNC_MOHM>
          <TIME>2021-09-29 09:26:51</TIME>
          <TEMP_DEGC>21.300</TEMP_DEGC>
          <AIR_TEMP_DEGC>21.300</AIR_TEMP_DEGC>
          <RH_PRCNT>25.900</RH_PRCNT>
        </DATA>
        <DATA>
          <VOLTS>2.500</VOLTS>
          <CAPCTNC_PFRD>38.690</CAPCTNC_PFRD>
          <RESSTNC_MOHM>4.167</RESSTNC_MOHM>
          <TIME>2021-09-29 09:26:52</TIME>
          <TEMP_DEGC>21.300</TEMP_DEGC>
          <AIR_TEMP_DEGC>21.300</AIR_TEMP_DEGC>
          <RH_PRCNT>25.900</RH_PRCNT>
        </DATA>
        <DATA>
          <VOLTS>2.400</VOLTS>
          <CAPCTNC_PFRD>38.680</CAPCTNC_PFRD>
          <RESSTNC_MOHM>4.202</RESSTNC_MOHM>
          <TIME>2021-09-29 09:26:53</TIME>
          <TEMP_DEGC>21.300</TEMP_DEGC>
          <AIR_TEMP_DEGC>21.300</AIR_TEMP_DEGC>
          <RH_PRCNT>25.900</RH_PRCNT>
        </DATA>
        <DATA>
          <VOLTS>2.300</VOLTS>
          <CAPCTNC_PFRD>38.830</CAPCTNC_PFRD>
          <RESSTNC_MOHM>4.115</RESSTNC_MOHM>
          <TIME>2021-09-29 09:26:54</TIME>
          <TEMP_DEGC>21.200</TEMP_DEGC>
          <AIR_TEMP_DEGC>21.200</AIR_TEMP_DEGC>
          <RH_PRCNT>25.900</RH_PRCNT>
        </DATA>
        <DATA>
          <VOLTS>2.200</VOLTS>
          <CAPCTNC_PFRD>38.720</CAPCTNC_PFRD>
          <RESSTNC_MOHM>4.115</RESSTNC_MOHM>
          <TIME>2021-09-29 09:26:55</TIME>
          <TEMP_DEGC>21.200</TEMP_DEGC>
          <AIR_TEMP_DEGC>21.200</AIR_TEMP_DEGC>
          <RH_PRCNT>25.900</RH_PRCNT>
        </DATA>
        <DATA>
          <VOLTS>2.100</VOLTS>
          <CAPCTNC_PFRD>38.820</CAPCTNC_PFRD>
          <RESSTNC_MOHM>3.984</RESSTNC_MOHM>
          <TIME>2021-09-29 09:26:56</TIME>
          <TEMP_DEGC>21.300</TEMP_DEGC>
          <AIR_TEMP_DEGC>21.300</AIR_TEMP_DEGC>
          <RH_PRCNT>25.900</RH_PRCNT>
        </DATA>
        <DATA>
          <VOLTS>2.000</VOLTS>
          <CAPCTNC_PFRD>38.950</CAPCTNC_PFRD>
          <RESSTNC_MOHM>3.984</RESSTNC_MOHM>
          <TIME>2021-09-29 09:26:57</TIME>
          <TEMP_DEGC>21.200</TEMP_DEGC>
          <AIR_TEMP_DEGC>21.200</AIR_TEMP_DEGC>
          <RH_PRCNT>25.900</RH_PRCNT>
        </DATA>
        <DATA>
          <VOLTS>1.900</VOLTS>
          <CAPCTNC_PFRD>38.830</CAPCTNC_PFRD>
          <RESSTNC_MOHM>4.274</RESSTNC_MOHM>
          <TIME>2021-09-29 09:26:58</TIME>
          <TEMP_DEGC>21.200</TEMP_DEGC>
          <AIR_TEMP_DEGC>21.200</AIR_TEMP_DEGC>
          <RH_PRCNT>25.900</RH_PRCNT>
        </DATA>
        <DATA>
          <VOLTS>1.800</VOLTS>
          <CAPCTNC_PFRD>38.670</CAPCTNC_PFRD>
          <RESSTNC_MOHM>4.132</RESSTNC_MOHM>
          <TIME>2021-09-29 09:27:00</TIME>
          <TEMP_DEGC>21.200</TEMP_DEGC>
          <AIR_TEMP_DEGC>21.200</AIR_TEMP_DEGC>
          <RH_PRCNT>25.900</RH_PRCNT>
        </DATA>
        <DATA>
          <VOLTS>1.700</VOLTS>
          <CAPCTNC_PFRD>39.000</CAPCTNC_PFRD>
          <RESSTNC_MOHM>4.926</RESSTNC_MOHM>
          <TIME>2021-09-29 09:27:01</TIME>
          <TEMP_DEGC>21.200</TEMP_DEGC>
          <AIR_TEMP_DEGC>21.200</AIR_TEMP_DEGC>
          <RH_PRCNT>25.900</RH_PRCNT>
        </DATA>
        <DATA>
          <VOLTS>1.600</VOLTS>
          <CAPCTNC_PFRD>38.810</CAPCTNC_PFRD>
          <RESSTNC_MOHM>4.292</RESSTNC_MOHM>
          <TIME>2021-09-29 09:27:02</TIME>
          <TEMP_DEGC>21.200</TEMP_DEGC>
          <AIR_TEMP_DEGC>21.200</AIR_TEMP_DEGC>
          <RH_PRCNT>25.900</RH_PRCNT>
        </DATA>
        <DATA>
          <VOLTS>1.500</VOLTS>
          <CAPCTNC_PFRD>38.660</CAPCTNC_PFRD>
          <RESSTNC_MOHM>3.759</RESSTNC_MOHM>
          <TIME>2021-09-29 09:27:03</TIME>
          <TEMP_DEGC>21.300</TEMP_DEGC>
          <AIR_TEMP_DEGC>21.300</AIR_TEMP_DEGC>
          <RH_PRCNT>25.900</RH_PRCNT>
        </DATA>
        <DATA>
          <VOLTS>1.400</VOLTS>
          <CAPCTNC_PFRD>38.530</CAPCTNC_PFRD>
          <RESSTNC_MOHM>4.329</RESSTNC_MOHM>
          <TIME>2021-09-29 09:27:04</TIME>
          <TEMP_DEGC>21.300</TEMP_DEGC>
          <AIR_TEMP_DEGC>21.300</AIR_TEMP_DEGC>
          <RH_PRCNT>25.800</RH_PRCNT>
        </DATA>
        <DATA>
          <VOLTS>1.300</VOLTS>
          <CAPCTNC_PFRD>38.970</CAPCTNC_PFRD>
          <RESSTNC_MOHM>4.274</RESSTNC_MOHM>
          <TIME>2021-09-29 09:27:05</TIME>
          <TEMP_DEGC>21.300</TEMP_DEGC>
          <AIR_TEMP_DEGC>21.300</AIR_TEMP_DEGC>
          <RH_PRCNT>25.800</RH_PRCNT>
        </DATA>
        <DATA>
          <VOLTS>1.200</VOLTS>
          <CAPCTNC_PFRD>38.420</CAPCTNC_PFRD>
          <RESSTNC_MOHM>4.032</RESSTNC_MOHM>
          <TIME>2021-09-29 09:27:06</TIME>
          <TEMP_DEGC>21.200</TEMP_DEGC>
          <AIR_TEMP_DEGC>21.200</AIR_TEMP_DEGC>
          <RH_PRCNT>25.900</RH_PRCNT>
        </DATA>
        <DATA>
          <VOLTS>1.100</VOLTS>
          <CAPCTNC_PFRD>38.450</CAPCTNC_PFRD>
          <RESSTNC_MOHM>3.968</RESSTNC_MOHM>
          <TIME>2021-09-29 09:27:07</TIME>
          <TEMP_DEGC>21.300</TEMP_DEGC>
          <AIR_TEMP_DEGC>21.300</AIR_TEMP_DEGC>
          <RH_PRCNT>25.800</RH_PRCNT>
        </DATA>
        <DATA>
          <VOLTS>1.000</VOLTS>
          <CAPCTNC_PFRD>38.370</CAPCTNC_PFRD>
          <RESSTNC_MOHM>4.000</RESSTNC_MOHM>
          <TIME>2021-09-29 09:27:08</TIME>
          <TEMP_DEGC>21.300</TEMP_DEGC>
          <AIR_TEMP_DEGC>21.300</AIR_TEMP_DEGC>
          <RH_PRCNT>25.800</RH_PRCNT>
        </DATA>
        <DATA>
          <VOLTS>0.900</VOLTS>
          <CAPCTNC_PFRD>38.330</CAPCTNC_PFRD>
          <RESSTNC_MOHM>4.348</RESSTNC_MOHM>
          <TIME>2021-09-29 09:27:09</TIME>
          <TEMP_DEGC>21.300</TEMP_DEGC>
          <AIR_TEMP_DEGC>21.300</AIR_TEMP_DEGC>
          <RH_PRCNT>25.800</RH_PRCNT>
        </DATA>
        <DATA>
          <VOLTS>0.800</VOLTS>
          <CAPCTNC_PFRD>38.280</CAPCTNC_PFRD>
          <RESSTNC_MOHM>3.937</RESSTNC_MOHM>
          <TIME>2021-09-29 09:27:10</TIME>
          <TEMP_DEGC>21.200</TEMP_DEGC>
          <AIR_TEMP_DEGC>21.200</AIR_TEMP_DEGC>
          <RH_PRCNT>25.800</RH_PRCNT>
        </DATA>
        <DATA>
          <VOLTS>0.700</VOLTS>
          <CAPCTNC_PFRD>37.930</CAPCTNC_PFRD>
          <RESSTNC_MOHM>4.149</RESSTNC_MOHM>
          <TIME>2021-09-29 09:27:11</TIME>
          <TEMP_DEGC>21.200</TEMP_DEGC>
          <AIR_TEMP_DEGC>21.200</AIR_TEMP_DEGC>
          <RH_PRCNT>25.800</RH_PRCNT>
        </DATA>
        <DATA>
          <VOLTS>0.600</VOLTS>
          <CAPCTNC_PFRD>38.410</CAPCTNC_PFRD>
          <RESSTNC_MOHM>3.891</RESSTNC_MOHM>
          <TIME>2021-09-29 09:27:12</TIME>
          <TEMP_DEGC>21.300</TEMP_DEGC>
          <AIR_TEMP_DEGC>21.300</AIR_TEMP_DEGC>
          <RH_PRCNT>25.800</RH_PRCNT>
        </DATA>
        <DATA>
          <VOLTS>0.500</VOLTS>
          <CAPCTNC_PFRD>38.030</CAPCTNC_PFRD>
          <RESSTNC_MOHM>4.049</RESSTNC_MOHM>
          <TIME>2021-09-29 09:27:13</TIME>
          <TEMP_DEGC>21.200</TEMP_DEGC>
          <AIR_TEMP_DEGC>21.200</AIR_TEMP_DEGC>
          <RH_PRCNT>25.800</RH_PRCNT>
        </DATA>
        <DATA>
          <VOLTS>0.400</VOLTS>
          <CAPCTNC_PFRD>37.830</CAPCTNC_PFRD>
          <RESSTNC_MOHM>3.891</RESSTNC_MOHM>
          <TIME>2021-09-29 09:27:14</TIME>
          <TEMP_DEGC>21.200</TEMP_DEGC>
          <AIR_TEMP_DEGC>21.200</AIR_TEMP_DEGC>
          <RH_PRCNT>25.800</RH_PRCNT>
        </DATA>
        <DATA>
          <VOLTS>0.300</VOLTS>
          <CAPCTNC_PFRD>38.230</CAPCTNC_PFRD>
          <RESSTNC_MOHM>4.049</RESSTNC_MOHM>
          <TIME>2021-09-29 09:27:16</TIME>
          <TEMP_DEGC>21.300</TEMP_DEGC>
          <AIR_TEMP_DEGC>21.300</AIR_TEMP_DEGC>
          <RH_PRCNT>25.800</RH_PRCNT>
        </DATA>
        <DATA>
          <VOLTS>0.200</VOLTS>
          <CAPCTNC_PFRD>37.990</CAPCTNC_PFRD>
          <RESSTNC_MOHM>4.202</RESSTNC_MOHM>
          <TIME>2021-09-29 09:27:17</TIME>
          <TEMP_DEGC>21.300</TEMP_DEGC>
          <AIR_TEMP_DEGC>21.300</AIR_TEMP_DEGC>
          <RH_PRCNT>25.800</RH_PRCNT>
        </DATA>
        <DATA>
          <VOLTS>0.100</VOLTS>
          <CAPCTNC_PFRD>37.690</CAPCTNC_PFRD>
          <RESSTNC_MOHM>3.717</RESSTNC_MOHM>
          <TIME>2021-09-29 09:27:18</TIME>
          <TEMP_DEGC>21.300</TEMP_DEGC>
          <AIR_TEMP_DEGC>21.300</AIR_TEMP_DEGC>
          <RH_PRCNT>25.800</RH_PRCNT>
        </DATA>
        <DATA>
          <VOLTS>-0.000</VOLTS>
          <CAPCTNC_PFRD>37.810</CAPCTNC_PFRD>
          <RESSTNC_MOHM>4.065</RESSTNC_MOHM>
          <TIME>2021-09-29 09:27:19</TIME>
          <TEMP_DEGC>21.300</TEMP_DEGC>
          <AIR_TEMP_DEGC>21.300</AIR_TEMP_DEGC>
          <RH_PRCNT>25.800</RH_PRCNT>
        </DATA>
        <DATA>
          <VOLTS>-0.100</VOLTS>
          <CAPCTNC_PFRD>37.250</CAPCTNC_PFRD>
          <RESSTNC_MOHM>4.082</RESSTNC_MOHM>
          <TIME>2021-09-29 09:27:20</TIME>
          <TEMP_DEGC>21.300</TEMP_DEGC>
          <AIR_TEMP_DEGC>21.300</AIR_TEMP_DEGC>
          <RH_PRCNT>25.800</RH_PRCNT>
        </DATA>
        <DATA>
          <VOLTS>-0.200</VOLTS>
          <CAPCTNC_PFRD>37.730</CAPCTNC_PFRD>
          <RESSTNC_MOHM>4.274</RESSTNC_MOHM>
          <TIME>2021-09-29 09:27:21</TIME>
          <TEMP_DEGC>21.300</TEMP_DEGC>
          <AIR_TEMP_DEGC>21.300</AIR_TEMP_DEGC>
          <RH_PRCNT>25.800</RH_PRCNT>
        </DATA>
        <DATA>
          <VOLTS>-0.300</VOLTS>
          <CAPCTNC_PFRD>37.630</CAPCTNC_PFRD>
          <RESSTNC_MOHM>4.329</RESSTNC_MOHM>
          <TIME>2021-09-29 09:27:22</TIME>
          <TEMP_DEGC>21.200</TEMP_DEGC>
          <AIR_TEMP_DEGC>21.200</AIR_TEMP_DEGC>
          <RH_PRCNT>25.800</RH_PRCNT>
        </DATA>
        <DATA>
          <VOLTS>-0.400</VOLTS>
          <CAPCTNC_PFRD>37.720</CAPCTNC_PFRD>
          <RESSTNC_MOHM>4.464</RESSTNC_MOHM>
          <TIME>2021-09-29 09:27:23</TIME>
          <TEMP_DEGC>21.300</TEMP_DEGC>
          <AIR_TEMP_DEGC>21.300</AIR_TEMP_DEGC>
          <RH_PRCNT>25.800</RH_PRCNT>
        </DATA>
        <DATA>
          <VOLTS>-0.500</VOLTS>
          <CAPCTNC_PFRD>37.170</CAPCTNC_PFRD>
          <RESSTNC_MOHM>4.444</RESSTNC_MOHM>
          <TIME>2021-09-29 09:27:24</TIME>
          <TEMP_DEGC>21.200</TEMP_DEGC>
          <AIR_TEMP_DEGC>21.200</AIR_TEMP_DEGC>
          <RH_PRCNT>25.800</RH_PRCNT>
        </DATA>
        <DATA>
          <VOLTS>-0.600</VOLTS>
          <CAPCTNC_PFRD>37.090</CAPCTNC_PFRD>
          <RESSTNC_MOHM>4.292</RESSTNC_MOHM>
          <TIME>2021-09-29 09:27:25</TIME>
          <TEMP_DEGC>21.300</TEMP_DEGC>
          <AIR_TEMP_DEGC>21.300</AIR_TEMP_DEGC>
          <RH_PRCNT>25.800</RH_PRCNT>
        </DATA>
        <DATA>
          <VOLTS>-0.700</VOLTS>
          <CAPCTNC_PFRD>36.910</CAPCTNC_PFRD>
          <RESSTNC_MOHM>4.219</RESSTNC_MOHM>
          <TIME>2021-09-29 09:27:26</TIME>
          <TEMP_DEGC>21.200</TEMP_DEGC>
          <AIR_TEMP_DEGC>21.200</AIR_TEMP_DEGC>
          <RH_PRCNT>25.800</RH_PRCNT>
        </DATA>
        <DATA>
          <VOLTS>-0.800</VOLTS>
          <CAPCTNC_PFRD>36.880</CAPCTNC_PFRD>
          <RESSTNC_MOHM>4.167</RESSTNC_MOHM>
          <TIME>2021-09-29 09:27:27</TIME>
          <TEMP_DEGC>21.300</TEMP_DEGC>
          <AIR_TEMP_DEGC>21.300</AIR_TEMP_DEGC>
          <RH_PRCNT>25.800</RH_PRCNT>
        </DATA>
        <DATA>
          <VOLTS>-0.900</VOLTS>
          <CAPCTNC_PFRD>36.470</CAPCTNC_PFRD>
          <RESSTNC_MOHM>4.032</RESSTNC_MOHM>
          <TIME>2021-09-29 09:27:28</TIME>
          <TEMP_DEGC>21.300</TEMP_DEGC>
          <AIR_TEMP_DEGC>21.300</AIR_TEMP_DEGC>
          <RH_PRCNT>25.800</RH_PRCNT>
        </DATA>
        <DATA>
          <VOLTS>-1.000</VOLTS>
          <CAPCTNC_PFRD>36.550</CAPCTNC_PFRD>
          <RESSTNC_MOHM>4.255</RESSTNC_MOHM>
          <TIME>2021-09-29 09:27:29</TIME>
          <TEMP_DEGC>21.300</TEMP_DEGC>
          <AIR_TEMP_DEGC>21.300</AIR_TEMP_DEGC>
          <RH_PRCNT>25.800</RH_PRCNT>
        </DATA>
        <DATA>
          <VOLTS>-1.100</VOLTS>
          <CAPCTNC_PFRD>36.180</CAPCTNC_PFRD>
          <RESSTNC_MOHM>4.219</RESSTNC_MOHM>
          <TIME>2021-09-29 09:27:31</TIME>
          <TEMP_DEGC>21.300</TEMP_DEGC>
          <AIR_TEMP_DEGC>21.300</AIR_TEMP_DEGC>
          <RH_PRCNT>25.800</RH_PRCNT>
        </DATA>
        <DATA>
          <VOLTS>-1.200</VOLTS>
          <CAPCTNC_PFRD>36.010</CAPCTNC_PFRD>
          <RESSTNC_MOHM>3.891</RESSTNC_MOHM>
          <TIME>2021-09-29 09:27:32</TIME>
          <TEMP_DEGC>21.300</TEMP_DEGC>
          <AIR_TEMP_DEGC>21.300</AIR_TEMP_DEGC>
          <RH_PRCNT>25.800</RH_PRCNT>
        </DATA>
        <DATA>
          <VOLTS>-1.300</VOLTS>
          <CAPCTNC_PFRD>35.330</CAPCTNC_PFRD>
          <RESSTNC_MOHM>4.184</RESSTNC_MOHM>
          <TIME>2021-09-29 09:27:33</TIME>
          <TEMP_DEGC>21.300</TEMP_DEGC>
          <AIR_TEMP_DEGC>21.300</AIR_TEMP_DEGC>
          <RH_PRCNT>25.800</RH_PRCNT>
        </DATA>
        <DATA>
          <VOLTS>-1.400</VOLTS>
          <CAPCTNC_PFRD>35.060</CAPCTNC_PFRD>
          <RESSTNC_MOHM>3.891</RESSTNC_MOHM>
          <TIME>2021-09-29 09:27:34</TIME>
          <TEMP_DEGC>21.200</TEMP_DEGC>
          <AIR_TEMP_DEGC>21.200</AIR_TEMP_DEGC>
          <RH_PRCNT>25.800</RH_PRCNT>
        </DATA>
        <DATA>
          <VOLTS>-1.500</VOLTS>
          <CAPCTNC_PFRD>34.820</CAPCTNC_PFRD>
          <RESSTNC_MOHM>4.132</RESSTNC_MOHM>
          <TIME>2021-09-29 09:27:35</TIME>
          <TEMP_DEGC>21.200</TEMP_DEGC>
          <AIR_TEMP_DEGC>21.200</AIR_TEMP_DEGC>
          <RH_PRCNT>25.800</RH_PRCNT>
        </DATA>
        <DATA>
          <VOLTS>-1.600</VOLTS>
          <CAPCTNC_PFRD>34.050</CAPCTNC_PFRD>
          <RESSTNC_MOHM>4.608</RESSTNC_MOHM>
          <TIME>2021-09-29 09:27:36</TIME>
          <TEMP_DEGC>21.300</TEMP_DEGC>
          <AIR_TEMP_DEGC>21.300</AIR_TEMP_DEGC>
          <RH_PRCNT>25.800</RH_PRCNT>
        </DATA>
        <DATA>
          <VOLTS>-1.700</VOLTS>
          <CAPCTNC_PFRD>32.400</CAPCTNC_PFRD>
          <RESSTNC_MOHM>4.292</RESSTNC_MOHM>
          <TIME>2021-09-29 09:27:37</TIME>
          <TEMP_DEGC>21.200</TEMP_DEGC>
          <AIR_TEMP_DEGC>21.200</AIR_TEMP_DEGC>
          <RH_PRCNT>25.800</RH_PRCNT>
        </DATA>
        <DATA>
          <VOLTS>-1.800</VOLTS>
          <CAPCTNC_PFRD>30.180</CAPCTNC_PFRD>
          <RESSTNC_MOHM>4.926</RESSTNC_MOHM>
          <TIME>2021-09-29 09:27:38</TIME>
          <TEMP_DEGC>21.200</TEMP_DEGC>
          <AIR_TEMP_DEGC>21.200</AIR_TEMP_DEGC>
          <RH_PRCNT>25.800</RH_PRCNT>
        </DATA>
        <DATA>
          <VOLTS>-1.900</VOLTS>
          <CAPCTNC_PFRD>27.120</CAPCTNC_PFRD>
          <RESSTNC_MOHM>8.621</RESSTNC_MOHM>
          <TIME>2021-09-29 09:27:39</TIME>
          <TEMP_DEGC>21.300</TEMP_DEGC>
          <AIR_TEMP_DEGC>21.300</AIR_TEMP_DEGC>
          <RH_PRCNT>25.800</RH_PRCNT>
        </DATA>
        <DATA>
          <VOLTS>-2.000</VOLTS>
          <CAPCTNC_PFRD>24.280</CAPCTNC_PFRD>
          <RESSTNC_MOHM>38.462</RESSTNC_MOHM>
          <TIME>2021-09-29 09:27:40</TIME>
          <TEMP_DEGC>21.300</TEMP_DEGC>
          <AIR_TEMP_DEGC>21.300</AIR_TEMP_DEGC>
          <RH_PRCNT>25.800</RH_PRCNT>
        </DATA>
        <DATA>
          <VOLTS>-2.100</VOLTS>
          <CAPCTNC_PFRD>26.290</CAPCTNC_PFRD>
          <RESSTNC_MOHM>27.027</RESSTNC_MOHM>
          <TIME>2021-09-29 09:27:41</TIME>
          <TEMP_DEGC>21.300</TEMP_DEGC>
          <AIR_TEMP_DEGC>21.300</AIR_TEMP_DEGC>
          <RH_PRCNT>25.800</RH_PRCNT>
        </DATA>
        <DATA>
          <VOLTS>-2.200</VOLTS>
          <CAPCTNC_PFRD>29.440</CAPCTNC_PFRD>
          <RESSTNC_MOHM>15.625</RESSTNC_MOHM>
          <TIME>2021-09-29 09:27:42</TIME>
          <TEMP_DEGC>21.300</TEMP_DEGC>
          <AIR_TEMP_DEGC>21.300</AIR_TEMP_DEGC>
          <RH_PRCNT>25.800</RH_PRCNT>
        </DATA>
        <DATA>
          <VOLTS>-2.300</VOLTS>
          <CAPCTNC_PFRD>33.970</CAPCTNC_PFRD>
          <RESSTNC_MOHM>14.286</RESSTNC_MOHM>
          <TIME>2021-09-29 09:27:43</TIME>
          <TEMP_DEGC>21.300</TEMP_DEGC>
          <AIR_TEMP_DEGC>21.300</AIR_TEMP_DEGC>
          <RH_PRCNT>25.800</RH_PRCNT>
        </DATA>
        <DATA>
          <VOLTS>-2.400</VOLTS>
          <CAPCTNC_PFRD>40.560</CAPCTNC_PFRD>
          <RESSTNC_MOHM>16.667</RESSTNC_MOHM>
          <TIME>2021-09-29 09:27:44</TIME>
          <TEMP_DEGC>21.300</TEMP_DEGC>
          <AIR_TEMP_DEGC>21.300</AIR_TEMP_DEGC>
          <RH_PRCNT>25.800</RH_PRCNT>
        </DATA>
        <DATA>
          <VOLTS>-2.500</VOLTS>
          <CAPCTNC_PFRD>48.170</CAPCTNC_PFRD>
          <RESSTNC_MOHM>18.868</RESSTNC_MOHM>
          <TIME>2021-09-29 09:27:46</TIME>
          <TEMP_DEGC>21.300</TEMP_DEGC>
          <AIR_TEMP_DEGC>21.300</AIR_TEMP_DEGC>
          <RH_PRCNT>25.800</RH_PRCNT>
        </DATA>
        <DATA>
          <VOLTS>-2.600</VOLTS>
          <CAPCTNC_PFRD>55.260</CAPCTNC_PFRD>
          <RESSTNC_MOHM>23.810</RESSTNC_MOHM>
          <TIME>2021-09-29 09:27:47</TIME>
          <TEMP_DEGC>21.300</TEMP_DEGC>
          <AIR_TEMP_DEGC>21.300</AIR_TEMP_DEGC>
          <RH_PRCNT>25.800</RH_PRCNT>
        </DATA>
        <DATA>
          <VOLTS>-2.700</VOLTS>
          <CAPCTNC_PFRD>63.460</CAPCTNC_PFRD>
          <RESSTNC_MOHM>20.000</RESSTNC_MOHM>
          <TIME>2021-09-29 09:27:48</TIME>
          <TEMP_DEGC>21.200</TEMP_DEGC>
          <AIR_TEMP_DEGC>21.200</AIR_TEMP_DEGC>
          <RH_PRCNT>25.800</RH_PRCNT>
        </DATA>
        <DATA>
          <VOLTS>-2.800</VOLTS>
          <CAPCTNC_PFRD>68.580</CAPCTNC_PFRD>
          <RESSTNC_MOHM>11.494</RESSTNC_MOHM>
          <TIME>2021-09-29 09:27:49</TIME>
          <TEMP_DEGC>21.300</TEMP_DEGC>
          <AIR_TEMP_DEGC>21.300</AIR_TEMP_DEGC>
          <RH_PRCNT>25.800</RH_PRCNT>
        </DATA>
        <DATA>
          <VOLTS>-2.900</VOLTS>
          <CAPCTNC_PFRD>72.530</CAPCTNC_PFRD>
          <RESSTNC_MOHM>11.111</RESSTNC_MOHM>
          <TIME>2021-09-29 09:27:50</TIME>
          <TEMP_DEGC>21.200</TEMP_DEGC>
          <AIR_TEMP_DEGC>21.200</AIR_TEMP_DEGC>
          <RH_PRCNT>25.800</RH_PRCNT>
        </DATA>
        <DATA>
          <VOLTS>-3.000</VOLTS>
          <CAPCTNC_PFRD>75.840</CAPCTNC_PFRD>
          <RESSTNC_MOHM>11.905</RESSTNC_MOHM>
          <TIME>2021-09-29 09:27:51</TIME>
          <TEMP_DEGC>21.300</TEMP_DEGC>
          <AIR_TEMP_DEGC>21.300</AIR_TEMP_DEGC>
          <RH_PRCNT>25.800</RH_PRCNT>
        </DATA>
        <DATA>
          <VOLTS>-3.100</VOLTS>
          <CAPCTNC_PFRD>78.080</CAPCTNC_PFRD>
          <RESSTNC_MOHM>8.130</RESSTNC_MOHM>
          <TIME>2021-09-29 09:27:52</TIME>
          <TEMP_DEGC>21.300</TEMP_DEGC>
          <AIR_TEMP_DEGC>21.300</AIR_TEMP_DEGC>
          <RH_PRCNT>25.800</RH_PRCNT>
        </DATA>
        <DATA>
          <VOLTS>-3.200</VOLTS>
          <CAPCTNC_PFRD>79.650</CAPCTNC_PFRD>
          <RESSTNC_MOHM>9.346</RESSTNC_MOHM>
          <TIME>2021-09-29 09:27:53</TIME>
          <TEMP_DEGC>21.300</TEMP_DEGC>
          <AIR_TEMP_DEGC>21.300</AIR_TEMP_DEGC>
          <RH_PRCNT>25.800</RH_PRCNT>
        </DATA>
        <DATA>
          <VOLTS>-3.300</VOLTS>
          <CAPCTNC_PFRD>80.890</CAPCTNC_PFRD>
          <RESSTNC_MOHM>8.772</RESSTNC_MOHM>
          <TIME>2021-09-29 09:27:54</TIME>
          <TEMP_DEGC>21.300</TEMP_DEGC>
          <AIR_TEMP_DEGC>21.300</AIR_TEMP_DEGC>
          <RH_PRCNT>25.800</RH_PRCNT>
        </DATA>
        <DATA>
          <VOLTS>-3.400</VOLTS>
          <CAPCTNC_PFRD>82.220</CAPCTNC_PFRD>
          <RESSTNC_MOHM>9.091</RESSTNC_MOHM>
          <TIME>2021-09-29 09:27:55</TIME>
          <TEMP_DEGC>21.300</TEMP_DEGC>
          <AIR_TEMP_DEGC>21.300</AIR_TEMP_DEGC>
          <RH_PRCNT>25.800</RH_PRCNT>
        </DATA>
        <DATA>
          <VOLTS>-3.500</VOLTS>
          <CAPCTNC_PFRD>82.930</CAPCTNC_PFRD>
          <RESSTNC_MOHM>9.804</RESSTNC_MOHM>
          <TIME>2021-09-29 09:27:56</TIME>
          <TEMP_DEGC>21.300</TEMP_DEGC>
          <AIR_TEMP_DEGC>21.300</AIR_TEMP_DEGC>
          <RH_PRCNT>25.800</RH_PRCNT>
        </DATA>
        <DATA>
          <VOLTS>-3.600</VOLTS>
          <CAPCTNC_PFRD>83.470</CAPCTNC_PFRD>
          <RESSTNC_MOHM>6.803</RESSTNC_MOHM>
          <TIME>2021-09-29 09:27:57</TIME>
          <TEMP_DEGC>21.300</TEMP_DEGC>
          <AIR_TEMP_DEGC>21.300</AIR_TEMP_DEGC>
          <RH_PRCNT>25.800</RH_PRCNT>
        </DATA>
        <DATA>
          <VOLTS>-3.700</VOLTS>
          <CAPCTNC_PFRD>83.820</CAPCTNC_PFRD>
          <RESSTNC_MOHM>8.264</RESSTNC_MOHM>
          <TIME>2021-09-29 09:27:58</TIME>
          <TEMP_DEGC>21.300</TEMP_DEGC>
          <AIR_TEMP_DEGC>21.300</AIR_TEMP_DEGC>
          <RH_PRCNT>25.800</RH_PRCNT>
        </DATA>
        <DATA>
          <VOLTS>-3.800</VOLTS>
          <CAPCTNC_PFRD>84.270</CAPCTNC_PFRD>
          <RESSTNC_MOHM>9.524</RESSTNC_MOHM>
          <TIME>2021-09-29 09:27:59</TIME>
          <TEMP_DEGC>21.300</TEMP_DEGC>
          <AIR_TEMP_DEGC>21.300</AIR_TEMP_DEGC>
          <RH_PRCNT>25.700</RH_PRCNT>
        </DATA>
        <DATA>
          <VOLTS>-3.900</VOLTS>
          <CAPCTNC_PFRD>84.640</CAPCTNC_PFRD>
          <RESSTNC_MOHM>8.264</RESSTNC_MOHM>
          <TIME>2021-09-29 09:28:00</TIME>
          <TEMP_DEGC>21.200</TEMP_DEGC>
          <AIR_TEMP_DEGC>21.200</AIR_TEMP_DEGC>
          <RH_PRCNT>25.700</RH_PRCNT>
        </DATA>
        <DATA>
          <VOLTS>-4.000</VOLTS>
          <CAPCTNC_PFRD>84.270</CAPCTNC_PFRD>
          <RESSTNC_MOHM>9.901</RESSTNC_MOHM>
          <TIME>2021-09-29 09:28:02</TIME>
          <TEMP_DEGC>21.200</TEMP_DEGC>
          <AIR_TEMP_DEGC>21.200</AIR_TEMP_DEGC>
          <RH_PRCNT>25.700</RH_PRCNT>
        </DATA>
        <DATA>
          <VOLTS>-4.100</VOLTS>
          <CAPCTNC_PFRD>84.950</CAPCTNC_PFRD>
          <RESSTNC_MOHM>7.937</RESSTNC_MOHM>
          <TIME>2021-09-29 09:28:03</TIME>
          <TEMP_DEGC>21.200</TEMP_DEGC>
          <AIR_TEMP_DEGC>21.200</AIR_TEMP_DEGC>
          <RH_PRCNT>25.700</RH_PRCNT>
        </DATA>
        <DATA>
          <VOLTS>-4.200</VOLTS>
          <CAPCTNC_PFRD>85.170</CAPCTNC_PFRD>
          <RESSTNC_MOHM>8.000</RESSTNC_MOHM>
          <TIME>2021-09-29 09:28:04</TIME>
          <TEMP_DEGC>21.300</TEMP_DEGC>
          <AIR_TEMP_DEGC>21.300</AIR_TEMP_DEGC>
          <RH_PRCNT>25.700</RH_PRCNT>
        </DATA>
        <DATA>
          <VOLTS>-4.300</VOLTS>
          <CAPCTNC_PFRD>85.140</CAPCTNC_PFRD>
          <RESSTNC_MOHM>7.634</RESSTNC_MOHM>
          <TIME>2021-09-29 09:28:05</TIME>
          <TEMP_DEGC>21.300</TEMP_DEGC>
          <AIR_TEMP_DEGC>21.300</AIR_TEMP_DEGC>
          <RH_PRCNT>25.700</RH_PRCNT>
        </DATA>
        <DATA>
          <VOLTS>-4.400</VOLTS>
          <CAPCTNC_PFRD>85.210</CAPCTNC_PFRD>
          <RESSTNC_MOHM>6.803</RESSTNC_MOHM>
          <TIME>2021-09-29 09:28:06</TIME>
          <TEMP_DEGC>21.300</TEMP_DEGC>
          <AIR_TEMP_DEGC>21.300</AIR_TEMP_DEGC>
          <RH_PRCNT>25.700</RH_PRCNT>
        </DATA>
        <DATA>
          <VOLTS>-4.500</VOLTS>
          <CAPCTNC_PFRD>85.400</CAPCTNC_PFRD>
          <RESSTNC_MOHM>7.246</RESSTNC_MOHM>
          <TIME>2021-09-29 09:28:07</TIME>
          <TEMP_DEGC>21.300</TEMP_DEGC>
          <AIR_TEMP_DEGC>21.300</AIR_TEMP_DEGC>
          <RH_PRCNT>25.700</RH_PRCNT>
        </DATA>
        <DATA>
          <VOLTS>-4.600</VOLTS>
          <CAPCTNC_PFRD>85.410</CAPCTNC_PFRD>
          <RESSTNC_MOHM>8.000</RESSTNC_MOHM>
          <TIME>2021-09-29 09:28:08</TIME>
          <TEMP_DEGC>21.300</TEMP_DEGC>
          <AIR_TEMP_DEGC>21.300</AIR_TEMP_DEGC>
          <RH_PRCNT>25.700</RH_PRCNT>
        </DATA>
        <DATA>
          <VOLTS>-4.700</VOLTS>
          <CAPCTNC_PFRD>85.630</CAPCTNC_PFRD>
          <RESSTNC_MOHM>7.194</RESSTNC_MOHM>
          <TIME>2021-09-29 09:28:09</TIME>
          <TEMP_DEGC>21.300</TEMP_DEGC>
          <AIR_TEMP_DEGC>21.300</AIR_TEMP_DEGC>
          <RH_PRCNT>25.700</RH_PRCNT>
        </DATA>
        <DATA>
          <VOLTS>-4.800</VOLTS>
          <CAPCTNC_PFRD>85.820</CAPCTNC_PFRD>
          <RESSTNC_MOHM>7.143</RESSTNC_MOHM>
          <TIME>2021-09-29 09:28:10</TIME>
          <TEMP_DEGC>21.300</TEMP_DEGC>
          <AIR_TEMP_DEGC>21.300</AIR_TEMP_DEGC>
          <RH_PRCNT>25.700</RH_PRCNT>
        </DATA>
        <DATA>
          <VOLTS>-4.900</VOLTS>
          <CAPCTNC_PFRD>86.230</CAPCTNC_PFRD>
          <RESSTNC_MOHM>6.623</RESSTNC_MOHM>
          <TIME>2021-09-29 09:28:11</TIME>
          <TEMP_DEGC>21.300</TEMP_DEGC>
          <AIR_TEMP_DEGC>21.300</AIR_TEMP_DEGC>
          <RH_PRCNT>25.700</RH_PRCNT>
        </DATA>
        <DATA>
          <VOLTS>-5.000</VOLTS>
          <CAPCTNC_PFRD>86.270</CAPCTNC_PFRD>
          <RESSTNC_MOHM>7.937</RESSTNC_MOHM>
          <TIME>2021-09-29 09:28:12</TIME>
          <TEMP_DEGC>21.300</TEMP_DEGC>
          <AIR_TEMP_DEGC>21.300</AIR_TEMP_DEGC>
          <RH_PRCNT>25.700</RH_PRCNT>
        </DATA>
        <DATA>
          <VOLTS>-5.100</VOLTS>
          <CAPCTNC_PFRD>86.210</CAPCTNC_PFRD>
          <RESSTNC_MOHM>7.634</RESSTNC_MOHM>
          <TIME>2021-09-29 09:28:13</TIME>
          <TEMP_DEGC>21.300</TEMP_DEGC>
          <AIR_TEMP_DEGC>21.300</AIR_TEMP_DEGC>
          <RH_PRCNT>25.700</RH_PRCNT>
        </DATA>
        <DATA>
          <VOLTS>-5.200</VOLTS>
          <CAPCTNC_PFRD>86.140</CAPCTNC_PFRD>
          <RESSTNC_MOHM>8.403</RESSTNC_MOHM>
          <TIME>2021-09-29 09:28:14</TIME>
          <TEMP_DEGC>21.300</TEMP_DEGC>
          <AIR_TEMP_DEGC>21.300</AIR_TEMP_DEGC>
          <RH_PRCNT>25.700</RH_PRCNT>
        </DATA>
        <DATA>
          <VOLTS>-5.300</VOLTS>
          <CAPCTNC_PFRD>86.570</CAPCTNC_PFRD>
          <RESSTNC_MOHM>8.621</RESSTNC_MOHM>
          <TIME>2021-09-29 09:28:15</TIME>
          <TEMP_DEGC>21.300</TEMP_DEGC>
          <AIR_TEMP_DEGC>21.300</AIR_TEMP_DEGC>
          <RH_PRCNT>25.700</RH_PRCNT>
        </DATA>
        <DATA>
          <VOLTS>-5.400</VOLTS>
          <CAPCTNC_PFRD>86.110</CAPCTNC_PFRD>
          <RESSTNC_MOHM>6.623</RESSTNC_MOHM>
          <TIME>2021-09-29 09:28:17</TIME>
          <TEMP_DEGC>21.300</TEMP_DEGC>
          <AIR_TEMP_DEGC>21.300</AIR_TEMP_DEGC>
          <RH_PRCNT>25.700</RH_PRCNT>
        </DATA>
        <DATA>
          <VOLTS>-5.500</VOLTS>
          <CAPCTNC_PFRD>86.260</CAPCTNC_PFRD>
          <RESSTNC_MOHM>7.463</RESSTNC_MOHM>
          <TIME>2021-09-29 09:28:18</TIME>
          <TEMP_DEGC>21.300</TEMP_DEGC>
          <AIR_TEMP_DEGC>21.300</AIR_TEMP_DEGC>
          <RH_PRCNT>25.700</RH_PRCNT>
        </DATA>
        <DATA>
          <VOLTS>-5.600</VOLTS>
          <CAPCTNC_PFRD>86.540</CAPCTNC_PFRD>
          <RESSTNC_MOHM>6.849</RESSTNC_MOHM>
          <TIME>2021-09-29 09:28:19</TIME>
          <TEMP_DEGC>21.300</TEMP_DEGC>
          <AIR_TEMP_DEGC>21.300</AIR_TEMP_DEGC>
          <RH_PRCNT>25.700</RH_PRCNT>
        </DATA>
        <DATA>
          <VOLTS>-5.700</VOLTS>
          <CAPCTNC_PFRD>86.700</CAPCTNC_PFRD>
          <RESSTNC_MOHM>7.752</RESSTNC_MOHM>
          <TIME>2021-09-29 09:28:20</TIME>
          <TEMP_DEGC>21.300</TEMP_DEGC>
          <AIR_TEMP_DEGC>21.300</AIR_TEMP_DEGC>
          <RH_PRCNT>25.700</RH_PRCNT>
        </DATA>
        <DATA>
          <VOLTS>-5.800</VOLTS>
          <CAPCTNC_PFRD>86.890</CAPCTNC_PFRD>
          <RESSTNC_MOHM>8.264</RESSTNC_MOHM>
          <TIME>2021-09-29 09:28:21</TIME>
          <TEMP_DEGC>21.300</TEMP_DEGC>
          <AIR_TEMP_DEGC>21.300</AIR_TEMP_DEGC>
          <RH_PRCNT>25.700</RH_PRCNT>
        </DATA>
        <DATA>
          <VOLTS>-5.900</VOLTS>
          <CAPCTNC_PFRD>86.750</CAPCTNC_PFRD>
          <RESSTNC_MOHM>6.757</RESSTNC_MOHM>
          <TIME>2021-09-29 09:28:22</TIME>
          <TEMP_DEGC>21.300</TEMP_DEGC>
          <AIR_TEMP_DEGC>21.300</AIR_TEMP_DEGC>
          <RH_PRCNT>25.700</RH_PRCNT>
        </DATA>
        <DATA>
          <VOLTS>-6.000</VOLTS>
          <CAPCTNC_PFRD>86.550</CAPCTNC_PFRD>
          <RESSTNC_MOHM>7.874</RESSTNC_MOHM>
          <TIME>2021-09-29 09:28:23</TIME>
          <TEMP_DEGC>21.300</TEMP_DEGC>
          <AIR_TEMP_DEGC>21.300</AIR_TEMP_DEGC>
          <RH_PRCNT>25.700</RH_PRCNT>
        </DATA>
        <DATA>
          <VOLTS>-6.100</VOLTS>
          <CAPCTNC_PFRD>86.600</CAPCTNC_PFRD>
          <RESSTNC_MOHM>6.849</RESSTNC_MOHM>
          <TIME>2021-09-29 09:28:24</TIME>
          <TEMP_DEGC>21.300</TEMP_DEGC>
          <AIR_TEMP_DEGC>21.300</AIR_TEMP_DEGC>
          <RH_PRCNT>25.700</RH_PRCNT>
        </DATA>
        <DATA>
          <VOLTS>-6.200</VOLTS>
          <CAPCTNC_PFRD>86.800</CAPCTNC_PFRD>
          <RESSTNC_MOHM>8.333</RESSTNC_MOHM>
          <TIME>2021-09-29 09:28:25</TIME>
          <TEMP_DEGC>21.300</TEMP_DEGC>
          <AIR_TEMP_DEGC>21.300</AIR_TEMP_DEGC>
          <RH_PRCNT>25.700</RH_PRCNT>
        </DATA>
        <DATA>
          <VOLTS>-6.300</VOLTS>
          <CAPCTNC_PFRD>87.030</CAPCTNC_PFRD>
          <RESSTNC_MOHM>7.246</RESSTNC_MOHM>
          <TIME>2021-09-29 09:28:26</TIME>
          <TEMP_DEGC>21.300</TEMP_DEGC>
          <AIR_TEMP_DEGC>21.300</AIR_TEMP_DEGC>
          <RH_PRCNT>25.700</RH_PRCNT>
        </DATA>
        <DATA>
          <VOLTS>-6.400</VOLTS>
          <CAPCTNC_PFRD>86.700</CAPCTNC_PFRD>
          <RESSTNC_MOHM>7.092</RESSTNC_MOHM>
          <TIME>2021-09-29 09:28:27</TIME>
          <TEMP_DEGC>21.300</TEMP_DEGC>
          <AIR_TEMP_DEGC>21.300</AIR_TEMP_DEGC>
          <RH_PRCNT>25.700</RH_PRCNT>
        </DATA>
        <DATA>
          <VOLTS>-6.500</VOLTS>
          <CAPCTNC_PFRD>86.980</CAPCTNC_PFRD>
          <RESSTNC_MOHM>7.042</RESSTNC_MOHM>
          <TIME>2021-09-29 09:28:28</TIME>
          <TEMP_DEGC>21.300</TEMP_DEGC>
          <AIR_TEMP_DEGC>21.300</AIR_TEMP_DEGC>
          <RH_PRCNT>25.700</RH_PRCNT>
        </DATA>
        <DATA>
          <VOLTS>-6.600</VOLTS>
          <CAPCTNC_PFRD>86.940</CAPCTNC_PFRD>
          <RESSTNC_MOHM>7.194</RESSTNC_MOHM>
          <TIME>2021-09-29 09:28:29</TIME>
          <TEMP_DEGC>21.300</TEMP_DEGC>
          <AIR_TEMP_DEGC>21.300</AIR_TEMP_DEGC>
          <RH_PRCNT>25.700</RH_PRCNT>
        </DATA>
        <DATA>
          <VOLTS>-6.700</VOLTS>
          <CAPCTNC_PFRD>86.750</CAPCTNC_PFRD>
          <RESSTNC_MOHM>7.752</RESSTNC_MOHM>
          <TIME>2021-09-29 09:28:30</TIME>
          <TEMP_DEGC>21.300</TEMP_DEGC>
          <AIR_TEMP_DEGC>21.300</AIR_TEMP_DEGC>
          <RH_PRCNT>25.700</RH_PRCNT>
        </DATA>
        <DATA>
          <VOLTS>-6.800</VOLTS>
          <CAPCTNC_PFRD>86.850</CAPCTNC_PFRD>
          <RESSTNC_MOHM>8.130</RESSTNC_MOHM>
          <TIME>2021-09-29 09:28:32</TIME>
          <TEMP_DEGC>21.300</TEMP_DEGC>
          <AIR_TEMP_DEGC>21.300</AIR_TEMP_DEGC>
          <RH_PRCNT>25.700</RH_PRCNT>
        </DATA>
        <DATA>
          <VOLTS>-6.900</VOLTS>
          <CAPCTNC_PFRD>86.970</CAPCTNC_PFRD>
          <RESSTNC_MOHM>8.130</RESSTNC_MOHM>
          <TIME>2021-09-29 09:28:33</TIME>
          <TEMP_DEGC>21.300</TEMP_DEGC>
          <AIR_TEMP_DEGC>21.300</AIR_TEMP_DEGC>
          <RH_PRCNT>25.700</RH_PRCNT>
        </DATA>
        <DATA>
          <VOLTS>-7.000</VOLTS>
          <CAPCTNC_PFRD>86.850</CAPCTNC_PFRD>
          <RESSTNC_MOHM>6.623</RESSTNC_MOHM>
          <TIME>2021-09-29 09:28:34</TIME>
          <TEMP_DEGC>21.300</TEMP_DEGC>
          <AIR_TEMP_DEGC>21.300</AIR_TEMP_DEGC>
          <RH_PRCNT>25.600</RH_PRCNT>
        </DATA>
        <DATA>
          <VOLTS>-7.100</VOLTS>
          <CAPCTNC_PFRD>87.060</CAPCTNC_PFRD>
          <RESSTNC_MOHM>8.333</RESSTNC_MOHM>
          <TIME>2021-09-29 09:28:35</TIME>
          <TEMP_DEGC>21.300</TEMP_DEGC>
          <AIR_TEMP_DEGC>21.300</AIR_TEMP_DEGC>
          <RH_PRCNT>25.600</RH_PRCNT>
        </DATA>
        <DATA>
          <VOLTS>-7.200</VOLTS>
          <CAPCTNC_PFRD>87.020</CAPCTNC_PFRD>
          <RESSTNC_MOHM>7.143</RESSTNC_MOHM>
          <TIME>2021-09-29 09:28:36</TIME>
          <TEMP_DEGC>21.300</TEMP_DEGC>
          <AIR_TEMP_DEGC>21.300</AIR_TEMP_DEGC>
          <RH_PRCNT>25.600</RH_PRCNT>
        </DATA>
        <DATA>
          <VOLTS>-7.300</VOLTS>
          <CAPCTNC_PFRD>87.330</CAPCTNC_PFRD>
          <RESSTNC_MOHM>6.579</RESSTNC_MOHM>
          <TIME>2021-09-29 09:28:37</TIME>
          <TEMP_DEGC>21.300</TEMP_DEGC>
          <AIR_TEMP_DEGC>21.300</AIR_TEMP_DEGC>
          <RH_PRCNT>25.600</RH_PRCNT>
        </DATA>
        <DATA>
          <VOLTS>-7.400</VOLTS>
          <CAPCTNC_PFRD>87.150</CAPCTNC_PFRD>
          <RESSTNC_MOHM>7.634</RESSTNC_MOHM>
          <TIME>2021-09-29 09:28:38</TIME>
          <TEMP_DEGC>21.300</TEMP_DEGC>
          <AIR_TEMP_DEGC>21.300</AIR_TEMP_DEGC>
          <RH_PRCNT>25.600</RH_PRCNT>
        </DATA>
        <DATA>
          <VOLTS>-7.500</VOLTS>
          <CAPCTNC_PFRD>86.900</CAPCTNC_PFRD>
          <RESSTNC_MOHM>7.634</RESSTNC_MOHM>
          <TIME>2021-09-29 09:28:39</TIME>
          <TEMP_DEGC>21.300</TEMP_DEGC>
          <AIR_TEMP_DEGC>21.300</AIR_TEMP_DEGC>
          <RH_PRCNT>25.600</RH_PRCNT>
        </DATA>
        <DATA>
          <VOLTS>-7.600</VOLTS>
          <CAPCTNC_PFRD>86.830</CAPCTNC_PFRD>
          <RESSTNC_MOHM>7.407</RESSTNC_MOHM>
          <TIME>2021-09-29 09:28:40</TIME>
          <TEMP_DEGC>21.300</TEMP_DEGC>
          <AIR_TEMP_DEGC>21.300</AIR_TEMP_DEGC>
          <RH_PRCNT>25.600</RH_PRCNT>
        </DATA>
        <DATA>
          <VOLTS>-7.700</VOLTS>
          <CAPCTNC_PFRD>87.020</CAPCTNC_PFRD>
          <RESSTNC_MOHM>7.299</RESSTNC_MOHM>
          <TIME>2021-09-29 09:28:41</TIME>
          <TEMP_DEGC>21.300</TEMP_DEGC>
          <AIR_TEMP_DEGC>21.300</AIR_TEMP_DEGC>
          <RH_PRCNT>25.600</RH_PRCNT>
        </DATA>
        <DATA>
          <VOLTS>-7.800</VOLTS>
          <CAPCTNC_PFRD>87.620</CAPCTNC_PFRD>
          <RESSTNC_MOHM>9.259</RESSTNC_MOHM>
          <TIME>2021-09-29 09:28:42</TIME>
          <TEMP_DEGC>21.300</TEMP_DEGC>
          <AIR_TEMP_DEGC>21.300</AIR_TEMP_DEGC>
          <RH_PRCNT>25.600</RH_PRCNT>
        </DATA>
        <DATA>
          <VOLTS>-7.900</VOLTS>
          <CAPCTNC_PFRD>86.820</CAPCTNC_PFRD>
          <RESSTNC_MOHM>6.536</RESSTNC_MOHM>
          <TIME>2021-09-29 09:28:43</TIME>
          <TEMP_DEGC>21.300</TEMP_DEGC>
          <AIR_TEMP_DEGC>21.300</AIR_TEMP_DEGC>
          <RH_PRCNT>25.600</RH_PRCNT>
        </DATA>
        <DATA>
          <VOLTS>-8.000</VOLTS>
          <CAPCTNC_PFRD>87.410</CAPCTNC_PFRD>
          <RESSTNC_MOHM>7.194</RESSTNC_MOHM>
          <TIME>2021-09-29 09:28:44</TIME>
          <TEMP_DEGC>21.300</TEMP_DEGC>
          <AIR_TEMP_DEGC>21.300</AIR_TEMP_DEGC>
          <RH_PRCNT>25.600</RH_PRCNT>
        </DATA>
        <DATA>
          <VOLTS>-8.100</VOLTS>
          <CAPCTNC_PFRD>87.110</CAPCTNC_PFRD>
          <RESSTNC_MOHM>7.463</RESSTNC_MOHM>
          <TIME>2021-09-29 09:28:45</TIME>
          <TEMP_DEGC>21.300</TEMP_DEGC>
          <AIR_TEMP_DEGC>21.300</AIR_TEMP_DEGC>
          <RH_PRCNT>25.600</RH_PRCNT>
        </DATA>
        <DATA>
          <VOLTS>-8.200</VOLTS>
          <CAPCTNC_PFRD>87.340</CAPCTNC_PFRD>
          <RESSTNC_MOHM>6.579</RESSTNC_MOHM>
          <TIME>2021-09-29 09:28:47</TIME>
          <TEMP_DEGC>21.300</TEMP_DEGC>
          <AIR_TEMP_DEGC>21.300</AIR_TEMP_DEGC>
          <RH_PRCNT>25.600</RH_PRCNT>
        </DATA>
        <DATA>
          <VOLTS>-8.300</VOLTS>
          <CAPCTNC_PFRD>87.120</CAPCTNC_PFRD>
          <RESSTNC_MOHM>8.403</RESSTNC_MOHM>
          <TIME>2021-09-29 09:28:48</TIME>
          <TEMP_DEGC>21.300</TEMP_DEGC>
          <AIR_TEMP_DEGC>21.300</AIR_TEMP_DEGC>
          <RH_PRCNT>25.600</RH_PRCNT>
        </DATA>
        <DATA>
          <VOLTS>-8.400</VOLTS>
          <CAPCTNC_PFRD>87.130</CAPCTNC_PFRD>
          <RESSTNC_MOHM>7.752</RESSTNC_MOHM>
          <TIME>2021-09-29 09:28:49</TIME>
          <TEMP_DEGC>21.300</TEMP_DEGC>
          <AIR_TEMP_DEGC>21.300</AIR_TEMP_DEGC>
          <RH_PRCNT>25.600</RH_PRCNT>
        </DATA>
        <DATA>
          <VOLTS>-8.500</VOLTS>
          <CAPCTNC_PFRD>87.310</CAPCTNC_PFRD>
          <RESSTNC_MOHM>8.130</RESSTNC_MOHM>
          <TIME>2021-09-29 09:28:50</TIME>
          <TEMP_DEGC>21.300</TEMP_DEGC>
          <AIR_TEMP_DEGC>21.300</AIR_TEMP_DEGC>
          <RH_PRCNT>25.600</RH_PRCNT>
        </DATA>
        <DATA>
          <VOLTS>-8.600</VOLTS>
          <CAPCTNC_PFRD>87.430</CAPCTNC_PFRD>
          <RESSTNC_MOHM>5.618</RESSTNC_MOHM>
          <TIME>2021-09-29 09:28:51</TIME>
          <TEMP_DEGC>21.300</TEMP_DEGC>
          <AIR_TEMP_DEGC>21.300</AIR_TEMP_DEGC>
          <RH_PRCNT>25.600</RH_PRCNT>
        </DATA>
        <DATA>
          <VOLTS>-8.700</VOLTS>
          <CAPCTNC_PFRD>87.170</CAPCTNC_PFRD>
          <RESSTNC_MOHM>10.204</RESSTNC_MOHM>
          <TIME>2021-09-29 09:28:52</TIME>
          <TEMP_DEGC>21.300</TEMP_DEGC>
          <AIR_TEMP_DEGC>21.300</AIR_TEMP_DEGC>
          <RH_PRCNT>25.600</RH_PRCNT>
        </DATA>
        <DATA>
          <VOLTS>-8.800</VOLTS>
          <CAPCTNC_PFRD>87.090</CAPCTNC_PFRD>
          <RESSTNC_MOHM>6.623</RESSTNC_MOHM>
          <TIME>2021-09-29 09:28:53</TIME>
          <TEMP_DEGC>21.300</TEMP_DEGC>
          <AIR_TEMP_DEGC>21.300</AIR_TEMP_DEGC>
          <RH_PRCNT>25.600</RH_PRCNT>
        </DATA>
        <DATA>
          <VOLTS>-8.900</VOLTS>
          <CAPCTNC_PFRD>86.930</CAPCTNC_PFRD>
          <RESSTNC_MOHM>9.524</RESSTNC_MOHM>
          <TIME>2021-09-29 09:28:54</TIME>
          <TEMP_DEGC>21.300</TEMP_DEGC>
          <AIR_TEMP_DEGC>21.300</AIR_TEMP_DEGC>
          <RH_PRCNT>25.600</RH_PRCNT>
        </DATA>
        <DATA>
          <VOLTS>-9.000</VOLTS>
          <CAPCTNC_PFRD>87.260</CAPCTNC_PFRD>
          <RESSTNC_MOHM>6.897</RESSTNC_MOHM>
          <TIME>2021-09-29 09:28:55</TIME>
          <TEMP_DEGC>21.300</TEMP_DEGC>
          <AIR_TEMP_DEGC>21.300</AIR_TEMP_DEGC>
          <RH_PRCNT>25.600</RH_PRCNT>
        </DATA>
        <DATA>
          <VOLTS>-9.100</VOLTS>
          <CAPCTNC_PFRD>87.140</CAPCTNC_PFRD>
          <RESSTNC_MOHM>7.299</RESSTNC_MOHM>
          <TIME>2021-09-29 09:28:56</TIME>
          <TEMP_DEGC>21.300</TEMP_DEGC>
          <AIR_TEMP_DEGC>21.300</AIR_TEMP_DEGC>
          <RH_PRCNT>25.600</RH_PRCNT>
        </DATA>
        <DATA>
          <VOLTS>-9.200</VOLTS>
          <CAPCTNC_PFRD>87.640</CAPCTNC_PFRD>
          <RESSTNC_MOHM>5.814</RESSTNC_MOHM>
          <TIME>2021-09-29 09:28:57</TIME>
          <TEMP_DEGC>21.300</TEMP_DEGC>
          <AIR_TEMP_DEGC>21.300</AIR_TEMP_DEGC>
          <RH_PRCNT>25.600</RH_PRCNT>
        </DATA>
        <DATA>
          <VOLTS>-9.300</VOLTS>
          <CAPCTNC_PFRD>87.660</CAPCTNC_PFRD>
          <RESSTNC_MOHM>9.091</RESSTNC_MOHM>
          <TIME>2021-09-29 09:28:58</TIME>
          <TEMP_DEGC>21.300</TEMP_DEGC>
          <AIR_TEMP_DEGC>21.300</AIR_TEMP_DEGC>
          <RH_PRCNT>25.600</RH_PRCNT>
        </DATA>
        <DATA>
          <VOLTS>-9.400</VOLTS>
          <CAPCTNC_PFRD>87.450</CAPCTNC_PFRD>
          <RESSTNC_MOHM>6.944</RESSTNC_MOHM>
          <TIME>2021-09-29 09:28:59</TIME>
          <TEMP_DEGC>21.300</TEMP_DEGC>
          <AIR_TEMP_DEGC>21.300</AIR_TEMP_DEGC>
          <RH_PRCNT>25.600</RH_PRCNT>
        </DATA>
        <DATA>
          <VOLTS>-9.500</VOLTS>
          <CAPCTNC_PFRD>87.220</CAPCTNC_PFRD>
          <RESSTNC_MOHM>8.264</RESSTNC_MOHM>
          <TIME>2021-09-29 09:29:00</TIME>
          <TEMP_DEGC>21.300</TEMP_DEGC>
          <AIR_TEMP_DEGC>21.300</AIR_TEMP_DEGC>
          <RH_PRCNT>25.600</RH_PRCNT>
        </DATA>
        <DATA>
          <VOLTS>-9.600</VOLTS>
          <CAPCTNC_PFRD>87.340</CAPCTNC_PFRD>
          <RESSTNC_MOHM>7.299</RESSTNC_MOHM>
          <TIME>2021-09-29 09:29:02</TIME>
          <TEMP_DEGC>21.300</TEMP_DEGC>
          <AIR_TEMP_DEGC>21.300</AIR_TEMP_DEGC>
          <RH_PRCNT>25.500</RH_PRCNT>
        </DATA>
        <DATA>
          <VOLTS>-9.700</VOLTS>
          <CAPCTNC_PFRD>87.300</CAPCTNC_PFRD>
          <RESSTNC_MOHM>9.709</RESSTNC_MOHM>
          <TIME>2021-09-29 09:29:03</TIME>
          <TEMP_DEGC>21.300</TEMP_DEGC>
          <AIR_TEMP_DEGC>21.300</AIR_TEMP_DEGC>
          <RH_PRCNT>25.500</RH_PRCNT>
        </DATA>
        <DATA>
          <VOLTS>-9.800</VOLTS>
          <CAPCTNC_PFRD>87.680</CAPCTNC_PFRD>
          <RESSTNC_MOHM>6.803</RESSTNC_MOHM>
          <TIME>2021-09-29 09:29:04</TIME>
          <TEMP_DEGC>21.300</TEMP_DEGC>
          <AIR_TEMP_DEGC>21.300</AIR_TEMP_DEGC>
          <RH_PRCNT>25.500</RH_PRCNT>
        </DATA>
        <DATA>
          <VOLTS>-9.900</VOLTS>
          <CAPCTNC_PFRD>87.600</CAPCTNC_PFRD>
          <RESSTNC_MOHM>7.519</RESSTNC_MOHM>
          <TIME>2021-09-29 09:29:05</TIME>
          <TEMP_DEGC>21.300</TEMP_DEGC>
          <AIR_TEMP_DEGC>21.300</AIR_TEMP_DEGC>
          <RH_PRCNT>25.500</RH_PRCNT>
        </DATA>
        <DATA>
          <VOLTS>-10.000</VOLTS>
          <CAPCTNC_PFRD>87.290</CAPCTNC_PFRD>
          <RESSTNC_MOHM>6.757</RESSTNC_MOHM>
          <TIME>2021-09-29 09:29:06</TIME>
          <TEMP_DEGC>21.300</TEMP_DEGC>
          <AIR_TEMP_DEGC>21.300</AIR_TEMP_DEGC>
          <RH_PRCNT>25.500</RH_PRCNT>
        </DATA>
        <CHILD_DATA_SET>
          <HEADER>
            <TYPE>
              <EXTENSION_TABLE_NAME>HALFMOON_CV_PAR</EXTENSION_TABLE_NAME>
              <NAME>Tracker Halfmoon CV Parameters</NAME>
            </TYPE>
          </HEADER>
          <DATA_SET>
            <COMMENT_DESCRIPTION>Test</COMMENT_DESCRIPTION>
            <VERSION>CV_measurement-004</VERSION>
            <PART>
              <NAME_LABEL>37400_037_2-S_HM_EE</NAME_LABEL>
              <KIND_OF_PART>2S Halfmoon E</KIND_OF_PART>
            </PART>
            <DATA>
              <VFB_V>-3.144</VFB_V>
              <CACC_PFRD>87.131</CACC_PFRD>
              <TOX_NM>659.504</TOX_NM>
              <NOX>6.456e+10</NOX>
            </DATA>
          </DATA_SET>
        </CHILD_DATA_SET>
      </DATA_SET>
    </CHILD_DATA_SET>
  </DATA_SET>
</ROOT>
