<?xml version="1.0"?>
<ROOT>
  <HEADER>
    <TYPE>
      <EXTENSION_TABLE_NAME>HALFMOON_METADATA</EXTENSION_TABLE_NAME>
      <NAME>Tracker Halfmoon Metadata</NAME>
    </TYPE>
    <RUN mode="SEQUENCE_NUMBER" sequence="TRK_OT_RUN_SEQ">
      <RUN_TYPE>PQC</RUN_TYPE>
      <LOCATION>Demokritos</LOCATION>
      <INITIATED_BY_USER>A. Kyriakis</INITIATED_BY_USER>
      <RUN_BEGIN_TIMESTAMP>2021-09-28 15:43:41</RUN_BEGIN_TIMESTAMP>
      <COMMENT_DESCRIPTION>Test</COMMENT_DESCRIPTION>
    </RUN>
  </HEADER>
  <DATA_SET>
    <COMMENT_DESCRIPTION>Metadata with flute and structure</COMMENT_DESCRIPTION>
    <VERSION>IV_measurement</VERSION>
    <PART>
      <NAME_LABEL>37400_027_2-S_HM_WW</NAME_LABEL>
      <KIND_OF_PART>2S Halfmoon W</KIND_OF_PART>
    </PART>
    <DATA>
      <KIND_OF_HM_FLUTE_ID>PQC1</KIND_OF_HM_FLUTE_ID>
      <KIND_OF_HM_STRUCT_ID>VDP_POLY</KIND_OF_HM_STRUCT_ID>
      <KIND_OF_HM_SET_ID>Left</KIND_OF_HM_SET_ID>
      <KIND_OF_HM_CONFIG_ID>Rotated</KIND_OF_HM_CONFIG_ID>
      <EQUIPMENT>KEITHLEY 2410</EQUIPMENT>
      <WAITING_TIME_S>0.200</WAITING_TIME_S>
      <TEMP_SET_DEGC>22.800</TEMP_SET_DEGC>
      <AV_TEMP_DEGC>22.800</AV_TEMP_DEGC>
      <PROCEDURE_TYPE>VDP_POLY</PROCEDURE_TYPE>
      <FILE_NAME>Demokritos_VPX37400_027_2-S_HM_W_Left_PQC1_VDPPoly_r.xml</FILE_NAME>
    </DATA>
    <CHILD_DATA_SET>
      <HEADER>
        <TYPE>
          <EXTENSION_TABLE_NAME>TEST_SENSOR_IV</EXTENSION_TABLE_NAME>
          <NAME>Tracker Halfmoon IV Test</NAME>
        </TYPE>
      </HEADER>
      <DATA_SET>
        <COMMENT_DESCRIPTION>Test</COMMENT_DESCRIPTION>
        <VERSION>IV_measurement</VERSION>
        <PART>
          <NAME_LABEL>37400_027_2-S_HM_WW</NAME_LABEL>
          <KIND_OF_PART>2S Halfmoon W</KIND_OF_PART>
        </PART>
        <DATA>
          <VOLTS>-4.340e-03</VOLTS>
          <CURRNT_NAMP>-1.000e+04</CURRNT_NAMP>
          <TIME>2021-09-28 03:43:41</TIME>
          <TEMP_DEGC>22.800</TEMP_DEGC>
          <AIR_TEMP_DEGC>22.800</AIR_TEMP_DEGC>
          <RH_PRCNT>28.800</RH_PRCNT>
        </DATA>
        <DATA>
          <VOLTS>-4.310e-03</VOLTS>
          <CURRNT_NAMP>-9.500e+03</CURRNT_NAMP>
          <TIME>2021-09-28 03:43:42</TIME>
          <TEMP_DEGC>22.800</TEMP_DEGC>
          <AIR_TEMP_DEGC>22.800</AIR_TEMP_DEGC>
          <RH_PRCNT>28.800</RH_PRCNT>
        </DATA>
        <DATA>
          <VOLTS>-4.230e-03</VOLTS>
          <CURRNT_NAMP>-9.000e+03</CURRNT_NAMP>
          <TIME>2021-09-28 03:43:43</TIME>
          <TEMP_DEGC>22.800</TEMP_DEGC>
          <AIR_TEMP_DEGC>22.800</AIR_TEMP_DEGC>
          <RH_PRCNT>28.800</RH_PRCNT>
        </DATA>
        <DATA>
          <VOLTS>-4.080e-03</VOLTS>
          <CURRNT_NAMP>-8.500e+03</CURRNT_NAMP>
          <TIME>2021-09-28 03:43:44</TIME>
          <TEMP_DEGC>22.700</TEMP_DEGC>
          <AIR_TEMP_DEGC>22.700</AIR_TEMP_DEGC>
          <RH_PRCNT>28.700</RH_PRCNT>
        </DATA>
        <DATA>
          <VOLTS>-3.860e-03</VOLTS>
          <CURRNT_NAMP>-8.000e+03</CURRNT_NAMP>
          <TIME>2021-09-28 03:43:45</TIME>
          <TEMP_DEGC>22.700</TEMP_DEGC>
          <AIR_TEMP_DEGC>22.700</AIR_TEMP_DEGC>
          <RH_PRCNT>28.700</RH_PRCNT>
        </DATA>
        <DATA>
          <VOLTS>-3.640e-03</VOLTS>
          <CURRNT_NAMP>-7.500e+03</CURRNT_NAMP>
          <TIME>2021-09-28 03:43:46</TIME>
          <TEMP_DEGC>22.800</TEMP_DEGC>
          <AIR_TEMP_DEGC>22.800</AIR_TEMP_DEGC>
          <RH_PRCNT>28.700</RH_PRCNT>
        </DATA>
        <DATA>
          <VOLTS>-3.420e-03</VOLTS>
          <CURRNT_NAMP>-7.000e+03</CURRNT_NAMP>
          <TIME>2021-09-28 03:43:47</TIME>
          <TEMP_DEGC>22.800</TEMP_DEGC>
          <AIR_TEMP_DEGC>22.800</AIR_TEMP_DEGC>
          <RH_PRCNT>28.700</RH_PRCNT>
        </DATA>
        <DATA>
          <VOLTS>-3.210e-03</VOLTS>
          <CURRNT_NAMP>-6.500e+03</CURRNT_NAMP>
          <TIME>2021-09-28 03:43:48</TIME>
          <TEMP_DEGC>22.800</TEMP_DEGC>
          <AIR_TEMP_DEGC>22.800</AIR_TEMP_DEGC>
          <RH_PRCNT>28.700</RH_PRCNT>
        </DATA>
        <DATA>
          <VOLTS>-2.990e-03</VOLTS>
          <CURRNT_NAMP>-6.000e+03</CURRNT_NAMP>
          <TIME>2021-09-28 03:43:49</TIME>
          <TEMP_DEGC>22.800</TEMP_DEGC>
          <AIR_TEMP_DEGC>22.800</AIR_TEMP_DEGC>
          <RH_PRCNT>28.700</RH_PRCNT>
        </DATA>
        <DATA>
          <VOLTS>-2.770e-03</VOLTS>
          <CURRNT_NAMP>-5.500e+03</CURRNT_NAMP>
          <TIME>2021-09-28 03:43:50</TIME>
          <TEMP_DEGC>22.800</TEMP_DEGC>
          <AIR_TEMP_DEGC>22.800</AIR_TEMP_DEGC>
          <RH_PRCNT>28.700</RH_PRCNT>
        </DATA>
        <DATA>
          <VOLTS>-2.550e-03</VOLTS>
          <CURRNT_NAMP>-5.000e+03</CURRNT_NAMP>
          <TIME>2021-09-28 03:43:51</TIME>
          <TEMP_DEGC>22.700</TEMP_DEGC>
          <AIR_TEMP_DEGC>22.700</AIR_TEMP_DEGC>
          <RH_PRCNT>28.700</RH_PRCNT>
        </DATA>
        <DATA>
          <VOLTS>-2.340e-03</VOLTS>
          <CURRNT_NAMP>-4.500e+03</CURRNT_NAMP>
          <TIME>2021-09-28 03:43:52</TIME>
          <TEMP_DEGC>22.800</TEMP_DEGC>
          <AIR_TEMP_DEGC>22.800</AIR_TEMP_DEGC>
          <RH_PRCNT>28.700</RH_PRCNT>
        </DATA>
        <DATA>
          <VOLTS>-2.120e-03</VOLTS>
          <CURRNT_NAMP>-4.000e+03</CURRNT_NAMP>
          <TIME>2021-09-28 03:43:53</TIME>
          <TEMP_DEGC>22.800</TEMP_DEGC>
          <AIR_TEMP_DEGC>22.800</AIR_TEMP_DEGC>
          <RH_PRCNT>28.700</RH_PRCNT>
        </DATA>
        <DATA>
          <VOLTS>-1.900e-03</VOLTS>
          <CURRNT_NAMP>-3.500e+03</CURRNT_NAMP>
          <TIME>2021-09-28 03:43:54</TIME>
          <TEMP_DEGC>22.800</TEMP_DEGC>
          <AIR_TEMP_DEGC>22.800</AIR_TEMP_DEGC>
          <RH_PRCNT>28.700</RH_PRCNT>
        </DATA>
        <DATA>
          <VOLTS>-1.680e-03</VOLTS>
          <CURRNT_NAMP>-3.000e+03</CURRNT_NAMP>
          <TIME>2021-09-28 03:43:56</TIME>
          <TEMP_DEGC>22.700</TEMP_DEGC>
          <AIR_TEMP_DEGC>22.700</AIR_TEMP_DEGC>
          <RH_PRCNT>28.700</RH_PRCNT>
        </DATA>
        <DATA>
          <VOLTS>-1.460e-03</VOLTS>
          <CURRNT_NAMP>-2.500e+03</CURRNT_NAMP>
          <TIME>2021-09-28 03:43:57</TIME>
          <TEMP_DEGC>22.700</TEMP_DEGC>
          <AIR_TEMP_DEGC>22.700</AIR_TEMP_DEGC>
          <RH_PRCNT>28.700</RH_PRCNT>
        </DATA>
        <DATA>
          <VOLTS>-1.250e-03</VOLTS>
          <CURRNT_NAMP>-2.000e+03</CURRNT_NAMP>
          <TIME>2021-09-28 03:43:58</TIME>
          <TEMP_DEGC>22.700</TEMP_DEGC>
          <AIR_TEMP_DEGC>22.700</AIR_TEMP_DEGC>
          <RH_PRCNT>28.700</RH_PRCNT>
        </DATA>
        <DATA>
          <VOLTS>-1.030e-03</VOLTS>
          <CURRNT_NAMP>-1.500e+03</CURRNT_NAMP>
          <TIME>2021-09-28 03:43:59</TIME>
          <TEMP_DEGC>22.700</TEMP_DEGC>
          <AIR_TEMP_DEGC>22.700</AIR_TEMP_DEGC>
          <RH_PRCNT>28.700</RH_PRCNT>
        </DATA>
        <DATA>
          <VOLTS>-8.200e-04</VOLTS>
          <CURRNT_NAMP>-1.000e+03</CURRNT_NAMP>
          <TIME>2021-09-28 03:44:00</TIME>
          <TEMP_DEGC>22.700</TEMP_DEGC>
          <AIR_TEMP_DEGC>22.700</AIR_TEMP_DEGC>
          <RH_PRCNT>28.700</RH_PRCNT>
        </DATA>
        <DATA>
          <VOLTS>-6.000e-04</VOLTS>
          <CURRNT_NAMP>-5.000e+02</CURRNT_NAMP>
          <TIME>2021-09-28 03:44:01</TIME>
          <TEMP_DEGC>22.700</TEMP_DEGC>
          <AIR_TEMP_DEGC>22.700</AIR_TEMP_DEGC>
          <RH_PRCNT>28.700</RH_PRCNT>
        </DATA>
        <DATA>
          <VOLTS>-3.800e-04</VOLTS>
          <CURRNT_NAMP>-1.694e-12</CURRNT_NAMP>
          <TIME>2021-09-28 03:44:02</TIME>
          <TEMP_DEGC>22.700</TEMP_DEGC>
          <AIR_TEMP_DEGC>22.700</AIR_TEMP_DEGC>
          <RH_PRCNT>28.700</RH_PRCNT>
        </DATA>
        <DATA>
          <VOLTS>-1.600e-04</VOLTS>
          <CURRNT_NAMP>5.000e+02</CURRNT_NAMP>
          <TIME>2021-09-28 03:44:03</TIME>
          <TEMP_DEGC>22.700</TEMP_DEGC>
          <AIR_TEMP_DEGC>22.700</AIR_TEMP_DEGC>
          <RH_PRCNT>28.700</RH_PRCNT>
        </DATA>
        <DATA>
          <VOLTS>4.000e-05</VOLTS>
          <CURRNT_NAMP>1.000e+03</CURRNT_NAMP>
          <TIME>2021-09-28 03:44:04</TIME>
          <TEMP_DEGC>22.700</TEMP_DEGC>
          <AIR_TEMP_DEGC>22.700</AIR_TEMP_DEGC>
          <RH_PRCNT>28.700</RH_PRCNT>
        </DATA>
        <DATA>
          <VOLTS>2.600e-04</VOLTS>
          <CURRNT_NAMP>1.500e+03</CURRNT_NAMP>
          <TIME>2021-09-28 03:44:05</TIME>
          <TEMP_DEGC>22.800</TEMP_DEGC>
          <AIR_TEMP_DEGC>22.800</AIR_TEMP_DEGC>
          <RH_PRCNT>28.700</RH_PRCNT>
        </DATA>
        <DATA>
          <VOLTS>4.800e-04</VOLTS>
          <CURRNT_NAMP>2.000e+03</CURRNT_NAMP>
          <TIME>2021-09-28 03:44:06</TIME>
          <TEMP_DEGC>22.700</TEMP_DEGC>
          <AIR_TEMP_DEGC>22.700</AIR_TEMP_DEGC>
          <RH_PRCNT>28.700</RH_PRCNT>
        </DATA>
        <DATA>
          <VOLTS>6.900e-04</VOLTS>
          <CURRNT_NAMP>2.500e+03</CURRNT_NAMP>
          <TIME>2021-09-28 03:44:07</TIME>
          <TEMP_DEGC>22.700</TEMP_DEGC>
          <AIR_TEMP_DEGC>22.700</AIR_TEMP_DEGC>
          <RH_PRCNT>28.700</RH_PRCNT>
        </DATA>
        <DATA>
          <VOLTS>9.100e-04</VOLTS>
          <CURRNT_NAMP>3.000e+03</CURRNT_NAMP>
          <TIME>2021-09-28 03:44:08</TIME>
          <TEMP_DEGC>22.700</TEMP_DEGC>
          <AIR_TEMP_DEGC>22.700</AIR_TEMP_DEGC>
          <RH_PRCNT>28.700</RH_PRCNT>
        </DATA>
        <DATA>
          <VOLTS>1.130e-03</VOLTS>
          <CURRNT_NAMP>3.500e+03</CURRNT_NAMP>
          <TIME>2021-09-28 03:44:09</TIME>
          <TEMP_DEGC>22.700</TEMP_DEGC>
          <AIR_TEMP_DEGC>22.700</AIR_TEMP_DEGC>
          <RH_PRCNT>28.700</RH_PRCNT>
        </DATA>
        <DATA>
          <VOLTS>1.350e-03</VOLTS>
          <CURRNT_NAMP>4.000e+03</CURRNT_NAMP>
          <TIME>2021-09-28 03:44:10</TIME>
          <TEMP_DEGC>22.700</TEMP_DEGC>
          <AIR_TEMP_DEGC>22.700</AIR_TEMP_DEGC>
          <RH_PRCNT>28.700</RH_PRCNT>
        </DATA>
        <DATA>
          <VOLTS>1.560e-03</VOLTS>
          <CURRNT_NAMP>4.500e+03</CURRNT_NAMP>
          <TIME>2021-09-28 03:44:12</TIME>
          <TEMP_DEGC>22.700</TEMP_DEGC>
          <AIR_TEMP_DEGC>22.700</AIR_TEMP_DEGC>
          <RH_PRCNT>28.700</RH_PRCNT>
        </DATA>
        <DATA>
          <VOLTS>1.780e-03</VOLTS>
          <CURRNT_NAMP>5.000e+03</CURRNT_NAMP>
          <TIME>2021-09-28 03:44:13</TIME>
          <TEMP_DEGC>22.700</TEMP_DEGC>
          <AIR_TEMP_DEGC>22.700</AIR_TEMP_DEGC>
          <RH_PRCNT>28.700</RH_PRCNT>
        </DATA>
        <DATA>
          <VOLTS>2.000e-03</VOLTS>
          <CURRNT_NAMP>5.500e+03</CURRNT_NAMP>
          <TIME>2021-09-28 03:44:14</TIME>
          <TEMP_DEGC>22.700</TEMP_DEGC>
          <AIR_TEMP_DEGC>22.700</AIR_TEMP_DEGC>
          <RH_PRCNT>28.600</RH_PRCNT>
        </DATA>
        <DATA>
          <VOLTS>2.220e-03</VOLTS>
          <CURRNT_NAMP>6.000e+03</CURRNT_NAMP>
          <TIME>2021-09-28 03:44:15</TIME>
          <TEMP_DEGC>22.700</TEMP_DEGC>
          <AIR_TEMP_DEGC>22.700</AIR_TEMP_DEGC>
          <RH_PRCNT>28.600</RH_PRCNT>
        </DATA>
        <DATA>
          <VOLTS>2.430e-03</VOLTS>
          <CURRNT_NAMP>6.500e+03</CURRNT_NAMP>
          <TIME>2021-09-28 03:44:16</TIME>
          <TEMP_DEGC>22.700</TEMP_DEGC>
          <AIR_TEMP_DEGC>22.700</AIR_TEMP_DEGC>
          <RH_PRCNT>28.600</RH_PRCNT>
        </DATA>
        <DATA>
          <VOLTS>2.650e-03</VOLTS>
          <CURRNT_NAMP>7.000e+03</CURRNT_NAMP>
          <TIME>2021-09-28 03:44:17</TIME>
          <TEMP_DEGC>22.800</TEMP_DEGC>
          <AIR_TEMP_DEGC>22.800</AIR_TEMP_DEGC>
          <RH_PRCNT>28.600</RH_PRCNT>
        </DATA>
        <DATA>
          <VOLTS>2.870e-03</VOLTS>
          <CURRNT_NAMP>7.500e+03</CURRNT_NAMP>
          <TIME>2021-09-28 03:44:18</TIME>
          <TEMP_DEGC>22.700</TEMP_DEGC>
          <AIR_TEMP_DEGC>22.700</AIR_TEMP_DEGC>
          <RH_PRCNT>28.600</RH_PRCNT>
        </DATA>
        <DATA>
          <VOLTS>3.080e-03</VOLTS>
          <CURRNT_NAMP>8.000e+03</CURRNT_NAMP>
          <TIME>2021-09-28 03:44:19</TIME>
          <TEMP_DEGC>22.800</TEMP_DEGC>
          <AIR_TEMP_DEGC>22.800</AIR_TEMP_DEGC>
          <RH_PRCNT>28.600</RH_PRCNT>
        </DATA>
        <DATA>
          <VOLTS>3.300e-03</VOLTS>
          <CURRNT_NAMP>8.500e+03</CURRNT_NAMP>
          <TIME>2021-09-28 03:44:20</TIME>
          <TEMP_DEGC>22.800</TEMP_DEGC>
          <AIR_TEMP_DEGC>22.800</AIR_TEMP_DEGC>
          <RH_PRCNT>28.600</RH_PRCNT>
        </DATA>
        <DATA>
          <VOLTS>3.520e-03</VOLTS>
          <CURRNT_NAMP>9.000e+03</CURRNT_NAMP>
          <TIME>2021-09-28 03:44:21</TIME>
          <TEMP_DEGC>22.800</TEMP_DEGC>
          <AIR_TEMP_DEGC>22.800</AIR_TEMP_DEGC>
          <RH_PRCNT>28.600</RH_PRCNT>
        </DATA>
        <DATA>
          <VOLTS>3.740e-03</VOLTS>
          <CURRNT_NAMP>9.500e+03</CURRNT_NAMP>
          <TIME>2021-09-28 03:44:22</TIME>
          <TEMP_DEGC>22.800</TEMP_DEGC>
          <AIR_TEMP_DEGC>22.800</AIR_TEMP_DEGC>
          <RH_PRCNT>28.600</RH_PRCNT>
        </DATA>
        <DATA>
          <VOLTS>3.950e-03</VOLTS>
          <CURRNT_NAMP>1.000e+04</CURRNT_NAMP>
          <TIME>2021-09-28 03:44:23</TIME>
          <TEMP_DEGC>22.800</TEMP_DEGC>
          <AIR_TEMP_DEGC>22.800</AIR_TEMP_DEGC>
          <RH_PRCNT>28.600</RH_PRCNT>
        </DATA>
        <CHILD_DATA_SET>
          <HEADER>
            <TYPE>
              <EXTENSION_TABLE_NAME>HALFMOON_IV_PAR</EXTENSION_TABLE_NAME>
              <NAME>Tracker Halfmoon IV Parameters</NAME>
            </TYPE>
          </HEADER>
          <DATA_SET>
            <COMMENT_DESCRIPTION>Test</COMMENT_DESCRIPTION>
            <VERSION>IV_measurement</VERSION>
            <PART>
              <NAME_LABEL>37400_027_2-S_HM_WW</NAME_LABEL>
              <KIND_OF_PART>2S Halfmoon W</KIND_OF_PART>
            </PART>
            <DATA>
              <RSH_OHMSQR>1965.551</RSH_OHMSQR>
              <R_OHM>433.671</R_OHM>
            </DATA>
          </DATA_SET>
        </CHILD_DATA_SET>
      </DATA_SET>
    </CHILD_DATA_SET>
  </DATA_SET>
</ROOT>
