<?xml version="1.0"?>
<ROOT>
  <HEADER>
    <TYPE>
      <EXTENSION_TABLE_NAME>HALFMOON_METADATA</EXTENSION_TABLE_NAME>
      <NAME>Tracker Halfmoon Metadata</NAME>
    </TYPE>
    <RUN mode="SEQUENCE_NUMBER" sequence="TRK_OT_RUN_SEQ">
      <RUN_TYPE>PQC</RUN_TYPE>
      <LOCATION>Demokritos</LOCATION>
      <INITIATED_BY_USER>A. Kyriakis</INITIATED_BY_USER>
      <RUN_BEGIN_TIMESTAMP>2021-09-24 15:10:09</RUN_BEGIN_TIMESTAMP>
      <COMMENT_DESCRIPTION>Test</COMMENT_DESCRIPTION>
    </RUN>
  </HEADER>
  <DATA_SET>
    <COMMENT_DESCRIPTION>Metadata with flute and structure</COMMENT_DESCRIPTION>
    <VERSION>v2</VERSION>
    <PART>
      <NAME_LABEL>37400_006_2-S_HM_EE</NAME_LABEL>
      <KIND_OF_PART>2S Halfmoon E</KIND_OF_PART>
    </PART>
    <DATA>
      <KIND_OF_HM_FLUTE_ID>PQC1</KIND_OF_HM_FLUTE_ID>
      <KIND_OF_HM_STRUCT_ID>MOS_QUARTER</KIND_OF_HM_STRUCT_ID>
      <KIND_OF_HM_SET_ID>Left</KIND_OF_HM_SET_ID>
      <KIND_OF_HM_CONFIG_ID>Not Used</KIND_OF_HM_CONFIG_ID>
      <EQUIPMENT>HP 4192A</EQUIPMENT>
      <WAITING_TIME_S>0.100</WAITING_TIME_S>
      <AC_FREQ_HZ>1.000e+04</AC_FREQ_HZ>
      <AC_AMPL_V>0.250</AC_AMPL_V>
      <TEMP_SET_DEGC>21.600</TEMP_SET_DEGC>
      <AV_TEMP_DEGC>21.600</AV_TEMP_DEGC>
      <PROCEDURE_TYPE>MOS1</PROCEDURE_TYPE>
      <FILE_NAME>Demokritos_VPX37400_006_2-S_HM_E_Left_PQC1_MOSQuarter_CV.xml</FILE_NAME>
    </DATA>
    <CHILD_DATA_SET>
      <HEADER>
        <TYPE>
          <EXTENSION_TABLE_NAME>TEST_SENSOR_CV</EXTENSION_TABLE_NAME>
          <NAME>Tracker Halfmoon CV Test</NAME>
        </TYPE>
      </HEADER>
      <DATA_SET>
        <COMMENT_DESCRIPTION>Test</COMMENT_DESCRIPTION>
        <VERSION>V2</VERSION>
        <PART>
          <NAME_LABEL>37400_006_2-S_HM_EE</NAME_LABEL>
          <KIND_OF_PART>2S Halfmoon E</KIND_OF_PART>
        </PART>
        <DATA>
          <VOLTS>5.000</VOLTS>
          <CAPCTNC_PFRD>38.120</CAPCTNC_PFRD>
          <RESSTNC_MOHM>3.759</RESSTNC_MOHM>
          <TIME>2021-09-24 03:10:09</TIME>
          <TEMP_DEGC>21.600</TEMP_DEGC>
          <AIR_TEMP_DEGC>21.600</AIR_TEMP_DEGC>
          <RH_PRCNT>22.400</RH_PRCNT>
        </DATA>
        <DATA>
          <VOLTS>4.900</VOLTS>
          <CAPCTNC_PFRD>38.110</CAPCTNC_PFRD>
          <RESSTNC_MOHM>3.802</RESSTNC_MOHM>
          <TIME>2021-09-24 03:10:11</TIME>
          <TEMP_DEGC>21.600</TEMP_DEGC>
          <AIR_TEMP_DEGC>21.600</AIR_TEMP_DEGC>
          <RH_PRCNT>22.400</RH_PRCNT>
        </DATA>
        <DATA>
          <VOLTS>4.800</VOLTS>
          <CAPCTNC_PFRD>38.250</CAPCTNC_PFRD>
          <RESSTNC_MOHM>3.623</RESSTNC_MOHM>
          <TIME>2021-09-24 03:10:13</TIME>
          <TEMP_DEGC>21.600</TEMP_DEGC>
          <AIR_TEMP_DEGC>21.600</AIR_TEMP_DEGC>
          <RH_PRCNT>22.400</RH_PRCNT>
        </DATA>
        <DATA>
          <VOLTS>4.700</VOLTS>
          <CAPCTNC_PFRD>38.010</CAPCTNC_PFRD>
          <RESSTNC_MOHM>3.610</RESSTNC_MOHM>
          <TIME>2021-09-24 03:10:14</TIME>
          <TEMP_DEGC>21.600</TEMP_DEGC>
          <AIR_TEMP_DEGC>21.600</AIR_TEMP_DEGC>
          <RH_PRCNT>22.400</RH_PRCNT>
        </DATA>
        <DATA>
          <VOLTS>4.600</VOLTS>
          <CAPCTNC_PFRD>37.880</CAPCTNC_PFRD>
          <RESSTNC_MOHM>3.300</RESSTNC_MOHM>
          <TIME>2021-09-24 03:10:15</TIME>
          <TEMP_DEGC>21.600</TEMP_DEGC>
          <AIR_TEMP_DEGC>21.600</AIR_TEMP_DEGC>
          <RH_PRCNT>22.400</RH_PRCNT>
        </DATA>
        <DATA>
          <VOLTS>4.500</VOLTS>
          <CAPCTNC_PFRD>38.360</CAPCTNC_PFRD>
          <RESSTNC_MOHM>3.311</RESSTNC_MOHM>
          <TIME>2021-09-24 03:10:16</TIME>
          <TEMP_DEGC>21.600</TEMP_DEGC>
          <AIR_TEMP_DEGC>21.600</AIR_TEMP_DEGC>
          <RH_PRCNT>22.400</RH_PRCNT>
        </DATA>
        <DATA>
          <VOLTS>4.400</VOLTS>
          <CAPCTNC_PFRD>38.500</CAPCTNC_PFRD>
          <RESSTNC_MOHM>3.236</RESSTNC_MOHM>
          <TIME>2021-09-24 03:10:17</TIME>
          <TEMP_DEGC>21.600</TEMP_DEGC>
          <AIR_TEMP_DEGC>21.600</AIR_TEMP_DEGC>
          <RH_PRCNT>22.400</RH_PRCNT>
        </DATA>
        <DATA>
          <VOLTS>4.300</VOLTS>
          <CAPCTNC_PFRD>38.400</CAPCTNC_PFRD>
          <RESSTNC_MOHM>3.448</RESSTNC_MOHM>
          <TIME>2021-09-24 03:10:18</TIME>
          <TEMP_DEGC>21.600</TEMP_DEGC>
          <AIR_TEMP_DEGC>21.600</AIR_TEMP_DEGC>
          <RH_PRCNT>22.400</RH_PRCNT>
        </DATA>
        <DATA>
          <VOLTS>4.200</VOLTS>
          <CAPCTNC_PFRD>38.490</CAPCTNC_PFRD>
          <RESSTNC_MOHM>3.344</RESSTNC_MOHM>
          <TIME>2021-09-24 03:10:19</TIME>
          <TEMP_DEGC>21.600</TEMP_DEGC>
          <AIR_TEMP_DEGC>21.600</AIR_TEMP_DEGC>
          <RH_PRCNT>22.400</RH_PRCNT>
        </DATA>
        <DATA>
          <VOLTS>4.100</VOLTS>
          <CAPCTNC_PFRD>38.060</CAPCTNC_PFRD>
          <RESSTNC_MOHM>3.289</RESSTNC_MOHM>
          <TIME>2021-09-24 03:10:20</TIME>
          <TEMP_DEGC>21.600</TEMP_DEGC>
          <AIR_TEMP_DEGC>21.600</AIR_TEMP_DEGC>
          <RH_PRCNT>22.400</RH_PRCNT>
        </DATA>
        <DATA>
          <VOLTS>4.000</VOLTS>
          <CAPCTNC_PFRD>38.000</CAPCTNC_PFRD>
          <RESSTNC_MOHM>3.289</RESSTNC_MOHM>
          <TIME>2021-09-24 03:10:21</TIME>
          <TEMP_DEGC>21.600</TEMP_DEGC>
          <AIR_TEMP_DEGC>21.600</AIR_TEMP_DEGC>
          <RH_PRCNT>22.400</RH_PRCNT>
        </DATA>
        <DATA>
          <VOLTS>3.900</VOLTS>
          <CAPCTNC_PFRD>38.070</CAPCTNC_PFRD>
          <RESSTNC_MOHM>3.279</RESSTNC_MOHM>
          <TIME>2021-09-24 03:10:22</TIME>
          <TEMP_DEGC>21.600</TEMP_DEGC>
          <AIR_TEMP_DEGC>21.600</AIR_TEMP_DEGC>
          <RH_PRCNT>22.400</RH_PRCNT>
        </DATA>
        <DATA>
          <VOLTS>3.800</VOLTS>
          <CAPCTNC_PFRD>38.210</CAPCTNC_PFRD>
          <RESSTNC_MOHM>3.268</RESSTNC_MOHM>
          <TIME>2021-09-24 03:10:23</TIME>
          <TEMP_DEGC>21.600</TEMP_DEGC>
          <AIR_TEMP_DEGC>21.600</AIR_TEMP_DEGC>
          <RH_PRCNT>22.400</RH_PRCNT>
        </DATA>
        <DATA>
          <VOLTS>3.700</VOLTS>
          <CAPCTNC_PFRD>38.130</CAPCTNC_PFRD>
          <RESSTNC_MOHM>3.663</RESSTNC_MOHM>
          <TIME>2021-09-24 03:10:24</TIME>
          <TEMP_DEGC>21.600</TEMP_DEGC>
          <AIR_TEMP_DEGC>21.600</AIR_TEMP_DEGC>
          <RH_PRCNT>22.400</RH_PRCNT>
        </DATA>
        <DATA>
          <VOLTS>3.600</VOLTS>
          <CAPCTNC_PFRD>38.350</CAPCTNC_PFRD>
          <RESSTNC_MOHM>3.289</RESSTNC_MOHM>
          <TIME>2021-09-24 03:10:25</TIME>
          <TEMP_DEGC>21.600</TEMP_DEGC>
          <AIR_TEMP_DEGC>21.600</AIR_TEMP_DEGC>
          <RH_PRCNT>22.400</RH_PRCNT>
        </DATA>
        <DATA>
          <VOLTS>3.500</VOLTS>
          <CAPCTNC_PFRD>38.090</CAPCTNC_PFRD>
          <RESSTNC_MOHM>3.356</RESSTNC_MOHM>
          <TIME>2021-09-24 03:10:26</TIME>
          <TEMP_DEGC>21.600</TEMP_DEGC>
          <AIR_TEMP_DEGC>21.600</AIR_TEMP_DEGC>
          <RH_PRCNT>22.400</RH_PRCNT>
        </DATA>
        <DATA>
          <VOLTS>3.400</VOLTS>
          <CAPCTNC_PFRD>38.110</CAPCTNC_PFRD>
          <RESSTNC_MOHM>3.425</RESSTNC_MOHM>
          <TIME>2021-09-24 03:10:28</TIME>
          <TEMP_DEGC>21.600</TEMP_DEGC>
          <AIR_TEMP_DEGC>21.600</AIR_TEMP_DEGC>
          <RH_PRCNT>22.400</RH_PRCNT>
        </DATA>
        <DATA>
          <VOLTS>3.300</VOLTS>
          <CAPCTNC_PFRD>38.010</CAPCTNC_PFRD>
          <RESSTNC_MOHM>3.425</RESSTNC_MOHM>
          <TIME>2021-09-24 03:10:29</TIME>
          <TEMP_DEGC>21.600</TEMP_DEGC>
          <AIR_TEMP_DEGC>21.600</AIR_TEMP_DEGC>
          <RH_PRCNT>22.400</RH_PRCNT>
        </DATA>
        <DATA>
          <VOLTS>3.200</VOLTS>
          <CAPCTNC_PFRD>37.850</CAPCTNC_PFRD>
          <RESSTNC_MOHM>3.623</RESSTNC_MOHM>
          <TIME>2021-09-24 03:10:30</TIME>
          <TEMP_DEGC>21.600</TEMP_DEGC>
          <AIR_TEMP_DEGC>21.600</AIR_TEMP_DEGC>
          <RH_PRCNT>22.400</RH_PRCNT>
        </DATA>
        <DATA>
          <VOLTS>3.100</VOLTS>
          <CAPCTNC_PFRD>38.220</CAPCTNC_PFRD>
          <RESSTNC_MOHM>3.497</RESSTNC_MOHM>
          <TIME>2021-09-24 03:10:31</TIME>
          <TEMP_DEGC>21.600</TEMP_DEGC>
          <AIR_TEMP_DEGC>21.600</AIR_TEMP_DEGC>
          <RH_PRCNT>22.400</RH_PRCNT>
        </DATA>
        <DATA>
          <VOLTS>3.000</VOLTS>
          <CAPCTNC_PFRD>37.700</CAPCTNC_PFRD>
          <RESSTNC_MOHM>3.413</RESSTNC_MOHM>
          <TIME>2021-09-24 03:10:32</TIME>
          <TEMP_DEGC>21.600</TEMP_DEGC>
          <AIR_TEMP_DEGC>21.600</AIR_TEMP_DEGC>
          <RH_PRCNT>22.400</RH_PRCNT>
        </DATA>
        <DATA>
          <VOLTS>2.900</VOLTS>
          <CAPCTNC_PFRD>38.220</CAPCTNC_PFRD>
          <RESSTNC_MOHM>3.413</RESSTNC_MOHM>
          <TIME>2021-09-24 03:10:33</TIME>
          <TEMP_DEGC>21.600</TEMP_DEGC>
          <AIR_TEMP_DEGC>21.600</AIR_TEMP_DEGC>
          <RH_PRCNT>22.400</RH_PRCNT>
        </DATA>
        <DATA>
          <VOLTS>2.800</VOLTS>
          <CAPCTNC_PFRD>38.110</CAPCTNC_PFRD>
          <RESSTNC_MOHM>3.215</RESSTNC_MOHM>
          <TIME>2021-09-24 03:10:34</TIME>
          <TEMP_DEGC>21.600</TEMP_DEGC>
          <AIR_TEMP_DEGC>21.600</AIR_TEMP_DEGC>
          <RH_PRCNT>22.400</RH_PRCNT>
        </DATA>
        <DATA>
          <VOLTS>2.700</VOLTS>
          <CAPCTNC_PFRD>38.390</CAPCTNC_PFRD>
          <RESSTNC_MOHM>3.322</RESSTNC_MOHM>
          <TIME>2021-09-24 03:10:35</TIME>
          <TEMP_DEGC>21.600</TEMP_DEGC>
          <AIR_TEMP_DEGC>21.600</AIR_TEMP_DEGC>
          <RH_PRCNT>22.400</RH_PRCNT>
        </DATA>
        <DATA>
          <VOLTS>2.600</VOLTS>
          <CAPCTNC_PFRD>37.700</CAPCTNC_PFRD>
          <RESSTNC_MOHM>3.257</RESSTNC_MOHM>
          <TIME>2021-09-24 03:10:36</TIME>
          <TEMP_DEGC>21.600</TEMP_DEGC>
          <AIR_TEMP_DEGC>21.600</AIR_TEMP_DEGC>
          <RH_PRCNT>22.400</RH_PRCNT>
        </DATA>
        <DATA>
          <VOLTS>2.500</VOLTS>
          <CAPCTNC_PFRD>37.660</CAPCTNC_PFRD>
          <RESSTNC_MOHM>3.247</RESSTNC_MOHM>
          <TIME>2021-09-24 03:10:37</TIME>
          <TEMP_DEGC>21.600</TEMP_DEGC>
          <AIR_TEMP_DEGC>21.600</AIR_TEMP_DEGC>
          <RH_PRCNT>22.400</RH_PRCNT>
        </DATA>
        <DATA>
          <VOLTS>2.400</VOLTS>
          <CAPCTNC_PFRD>37.290</CAPCTNC_PFRD>
          <RESSTNC_MOHM>3.521</RESSTNC_MOHM>
          <TIME>2021-09-24 03:10:38</TIME>
          <TEMP_DEGC>21.600</TEMP_DEGC>
          <AIR_TEMP_DEGC>21.600</AIR_TEMP_DEGC>
          <RH_PRCNT>22.400</RH_PRCNT>
        </DATA>
        <DATA>
          <VOLTS>2.300</VOLTS>
          <CAPCTNC_PFRD>37.940</CAPCTNC_PFRD>
          <RESSTNC_MOHM>3.390</RESSTNC_MOHM>
          <TIME>2021-09-24 03:10:39</TIME>
          <TEMP_DEGC>21.600</TEMP_DEGC>
          <AIR_TEMP_DEGC>21.600</AIR_TEMP_DEGC>
          <RH_PRCNT>22.400</RH_PRCNT>
        </DATA>
        <DATA>
          <VOLTS>2.200</VOLTS>
          <CAPCTNC_PFRD>37.820</CAPCTNC_PFRD>
          <RESSTNC_MOHM>3.236</RESSTNC_MOHM>
          <TIME>2021-09-24 03:10:40</TIME>
          <TEMP_DEGC>21.600</TEMP_DEGC>
          <AIR_TEMP_DEGC>21.600</AIR_TEMP_DEGC>
          <RH_PRCNT>22.400</RH_PRCNT>
        </DATA>
        <DATA>
          <VOLTS>2.100</VOLTS>
          <CAPCTNC_PFRD>37.540</CAPCTNC_PFRD>
          <RESSTNC_MOHM>3.311</RESSTNC_MOHM>
          <TIME>2021-09-24 03:10:41</TIME>
          <TEMP_DEGC>21.600</TEMP_DEGC>
          <AIR_TEMP_DEGC>21.600</AIR_TEMP_DEGC>
          <RH_PRCNT>22.400</RH_PRCNT>
        </DATA>
        <DATA>
          <VOLTS>2.000</VOLTS>
          <CAPCTNC_PFRD>38.010</CAPCTNC_PFRD>
          <RESSTNC_MOHM>3.731</RESSTNC_MOHM>
          <TIME>2021-09-24 03:10:42</TIME>
          <TEMP_DEGC>21.600</TEMP_DEGC>
          <AIR_TEMP_DEGC>21.600</AIR_TEMP_DEGC>
          <RH_PRCNT>22.400</RH_PRCNT>
        </DATA>
        <DATA>
          <VOLTS>1.900</VOLTS>
          <CAPCTNC_PFRD>37.830</CAPCTNC_PFRD>
          <RESSTNC_MOHM>3.509</RESSTNC_MOHM>
          <TIME>2021-09-24 03:10:44</TIME>
          <TEMP_DEGC>21.600</TEMP_DEGC>
          <AIR_TEMP_DEGC>21.600</AIR_TEMP_DEGC>
          <RH_PRCNT>22.400</RH_PRCNT>
        </DATA>
        <DATA>
          <VOLTS>1.800</VOLTS>
          <CAPCTNC_PFRD>37.670</CAPCTNC_PFRD>
          <RESSTNC_MOHM>3.425</RESSTNC_MOHM>
          <TIME>2021-09-24 03:10:45</TIME>
          <TEMP_DEGC>21.600</TEMP_DEGC>
          <AIR_TEMP_DEGC>21.600</AIR_TEMP_DEGC>
          <RH_PRCNT>22.400</RH_PRCNT>
        </DATA>
        <DATA>
          <VOLTS>1.700</VOLTS>
          <CAPCTNC_PFRD>37.510</CAPCTNC_PFRD>
          <RESSTNC_MOHM>3.257</RESSTNC_MOHM>
          <TIME>2021-09-24 03:10:46</TIME>
          <TEMP_DEGC>21.600</TEMP_DEGC>
          <AIR_TEMP_DEGC>21.600</AIR_TEMP_DEGC>
          <RH_PRCNT>22.400</RH_PRCNT>
        </DATA>
        <DATA>
          <VOLTS>1.600</VOLTS>
          <CAPCTNC_PFRD>37.480</CAPCTNC_PFRD>
          <RESSTNC_MOHM>3.534</RESSTNC_MOHM>
          <TIME>2021-09-24 03:10:47</TIME>
          <TEMP_DEGC>21.600</TEMP_DEGC>
          <AIR_TEMP_DEGC>21.600</AIR_TEMP_DEGC>
          <RH_PRCNT>22.400</RH_PRCNT>
        </DATA>
        <DATA>
          <VOLTS>1.500</VOLTS>
          <CAPCTNC_PFRD>37.370</CAPCTNC_PFRD>
          <RESSTNC_MOHM>3.378</RESSTNC_MOHM>
          <TIME>2021-09-24 03:10:48</TIME>
          <TEMP_DEGC>21.600</TEMP_DEGC>
          <AIR_TEMP_DEGC>21.600</AIR_TEMP_DEGC>
          <RH_PRCNT>22.400</RH_PRCNT>
        </DATA>
        <DATA>
          <VOLTS>1.400</VOLTS>
          <CAPCTNC_PFRD>37.020</CAPCTNC_PFRD>
          <RESSTNC_MOHM>3.356</RESSTNC_MOHM>
          <TIME>2021-09-24 03:10:49</TIME>
          <TEMP_DEGC>21.600</TEMP_DEGC>
          <AIR_TEMP_DEGC>21.600</AIR_TEMP_DEGC>
          <RH_PRCNT>22.400</RH_PRCNT>
        </DATA>
        <DATA>
          <VOLTS>1.300</VOLTS>
          <CAPCTNC_PFRD>37.290</CAPCTNC_PFRD>
          <RESSTNC_MOHM>3.559</RESSTNC_MOHM>
          <TIME>2021-09-24 03:10:50</TIME>
          <TEMP_DEGC>21.600</TEMP_DEGC>
          <AIR_TEMP_DEGC>21.600</AIR_TEMP_DEGC>
          <RH_PRCNT>22.400</RH_PRCNT>
        </DATA>
        <DATA>
          <VOLTS>1.200</VOLTS>
          <CAPCTNC_PFRD>37.430</CAPCTNC_PFRD>
          <RESSTNC_MOHM>3.344</RESSTNC_MOHM>
          <TIME>2021-09-24 03:10:51</TIME>
          <TEMP_DEGC>21.600</TEMP_DEGC>
          <AIR_TEMP_DEGC>21.600</AIR_TEMP_DEGC>
          <RH_PRCNT>22.400</RH_PRCNT>
        </DATA>
        <DATA>
          <VOLTS>1.100</VOLTS>
          <CAPCTNC_PFRD>36.960</CAPCTNC_PFRD>
          <RESSTNC_MOHM>3.185</RESSTNC_MOHM>
          <TIME>2021-09-24 03:10:52</TIME>
          <TEMP_DEGC>21.600</TEMP_DEGC>
          <AIR_TEMP_DEGC>21.600</AIR_TEMP_DEGC>
          <RH_PRCNT>22.400</RH_PRCNT>
        </DATA>
        <DATA>
          <VOLTS>1.000</VOLTS>
          <CAPCTNC_PFRD>37.080</CAPCTNC_PFRD>
          <RESSTNC_MOHM>3.521</RESSTNC_MOHM>
          <TIME>2021-09-24 03:10:53</TIME>
          <TEMP_DEGC>21.600</TEMP_DEGC>
          <AIR_TEMP_DEGC>21.600</AIR_TEMP_DEGC>
          <RH_PRCNT>22.400</RH_PRCNT>
        </DATA>
        <DATA>
          <VOLTS>0.900</VOLTS>
          <CAPCTNC_PFRD>37.090</CAPCTNC_PFRD>
          <RESSTNC_MOHM>3.390</RESSTNC_MOHM>
          <TIME>2021-09-24 03:10:54</TIME>
          <TEMP_DEGC>21.600</TEMP_DEGC>
          <AIR_TEMP_DEGC>21.600</AIR_TEMP_DEGC>
          <RH_PRCNT>22.400</RH_PRCNT>
        </DATA>
        <DATA>
          <VOLTS>0.800</VOLTS>
          <CAPCTNC_PFRD>37.010</CAPCTNC_PFRD>
          <RESSTNC_MOHM>3.584</RESSTNC_MOHM>
          <TIME>2021-09-24 03:10:55</TIME>
          <TEMP_DEGC>21.600</TEMP_DEGC>
          <AIR_TEMP_DEGC>21.600</AIR_TEMP_DEGC>
          <RH_PRCNT>22.400</RH_PRCNT>
        </DATA>
        <DATA>
          <VOLTS>0.700</VOLTS>
          <CAPCTNC_PFRD>37.460</CAPCTNC_PFRD>
          <RESSTNC_MOHM>3.484</RESSTNC_MOHM>
          <TIME>2021-09-24 03:10:56</TIME>
          <TEMP_DEGC>21.600</TEMP_DEGC>
          <AIR_TEMP_DEGC>21.600</AIR_TEMP_DEGC>
          <RH_PRCNT>22.400</RH_PRCNT>
        </DATA>
        <DATA>
          <VOLTS>0.600</VOLTS>
          <CAPCTNC_PFRD>37.000</CAPCTNC_PFRD>
          <RESSTNC_MOHM>3.344</RESSTNC_MOHM>
          <TIME>2021-09-24 03:10:57</TIME>
          <TEMP_DEGC>21.600</TEMP_DEGC>
          <AIR_TEMP_DEGC>21.600</AIR_TEMP_DEGC>
          <RH_PRCNT>22.400</RH_PRCNT>
        </DATA>
        <DATA>
          <VOLTS>0.500</VOLTS>
          <CAPCTNC_PFRD>37.300</CAPCTNC_PFRD>
          <RESSTNC_MOHM>3.623</RESSTNC_MOHM>
          <TIME>2021-09-24 03:10:59</TIME>
          <TEMP_DEGC>21.600</TEMP_DEGC>
          <AIR_TEMP_DEGC>21.600</AIR_TEMP_DEGC>
          <RH_PRCNT>22.400</RH_PRCNT>
        </DATA>
        <DATA>
          <VOLTS>0.400</VOLTS>
          <CAPCTNC_PFRD>37.230</CAPCTNC_PFRD>
          <RESSTNC_MOHM>3.425</RESSTNC_MOHM>
          <TIME>2021-09-24 03:11:00</TIME>
          <TEMP_DEGC>21.600</TEMP_DEGC>
          <AIR_TEMP_DEGC>21.600</AIR_TEMP_DEGC>
          <RH_PRCNT>22.400</RH_PRCNT>
        </DATA>
        <DATA>
          <VOLTS>0.300</VOLTS>
          <CAPCTNC_PFRD>36.870</CAPCTNC_PFRD>
          <RESSTNC_MOHM>3.731</RESSTNC_MOHM>
          <TIME>2021-09-24 03:11:01</TIME>
          <TEMP_DEGC>21.600</TEMP_DEGC>
          <AIR_TEMP_DEGC>21.600</AIR_TEMP_DEGC>
          <RH_PRCNT>22.400</RH_PRCNT>
        </DATA>
        <DATA>
          <VOLTS>0.200</VOLTS>
          <CAPCTNC_PFRD>36.740</CAPCTNC_PFRD>
          <RESSTNC_MOHM>3.236</RESSTNC_MOHM>
          <TIME>2021-09-24 03:11:02</TIME>
          <TEMP_DEGC>21.600</TEMP_DEGC>
          <AIR_TEMP_DEGC>21.600</AIR_TEMP_DEGC>
          <RH_PRCNT>22.400</RH_PRCNT>
        </DATA>
        <DATA>
          <VOLTS>0.100</VOLTS>
          <CAPCTNC_PFRD>37.010</CAPCTNC_PFRD>
          <RESSTNC_MOHM>3.289</RESSTNC_MOHM>
          <TIME>2021-09-24 03:11:03</TIME>
          <TEMP_DEGC>21.600</TEMP_DEGC>
          <AIR_TEMP_DEGC>21.600</AIR_TEMP_DEGC>
          <RH_PRCNT>22.400</RH_PRCNT>
        </DATA>
        <DATA>
          <VOLTS>-0.000</VOLTS>
          <CAPCTNC_PFRD>36.660</CAPCTNC_PFRD>
          <RESSTNC_MOHM>3.584</RESSTNC_MOHM>
          <TIME>2021-09-24 03:11:04</TIME>
          <TEMP_DEGC>21.600</TEMP_DEGC>
          <AIR_TEMP_DEGC>21.600</AIR_TEMP_DEGC>
          <RH_PRCNT>22.400</RH_PRCNT>
        </DATA>
        <DATA>
          <VOLTS>-0.100</VOLTS>
          <CAPCTNC_PFRD>37.000</CAPCTNC_PFRD>
          <RESSTNC_MOHM>3.401</RESSTNC_MOHM>
          <TIME>2021-09-24 03:11:05</TIME>
          <TEMP_DEGC>21.600</TEMP_DEGC>
          <AIR_TEMP_DEGC>21.600</AIR_TEMP_DEGC>
          <RH_PRCNT>22.400</RH_PRCNT>
        </DATA>
        <DATA>
          <VOLTS>-0.200</VOLTS>
          <CAPCTNC_PFRD>36.880</CAPCTNC_PFRD>
          <RESSTNC_MOHM>3.876</RESSTNC_MOHM>
          <TIME>2021-09-24 03:11:06</TIME>
          <TEMP_DEGC>21.600</TEMP_DEGC>
          <AIR_TEMP_DEGC>21.600</AIR_TEMP_DEGC>
          <RH_PRCNT>22.400</RH_PRCNT>
        </DATA>
        <DATA>
          <VOLTS>-0.300</VOLTS>
          <CAPCTNC_PFRD>36.750</CAPCTNC_PFRD>
          <RESSTNC_MOHM>3.546</RESSTNC_MOHM>
          <TIME>2021-09-24 03:11:07</TIME>
          <TEMP_DEGC>21.600</TEMP_DEGC>
          <AIR_TEMP_DEGC>21.600</AIR_TEMP_DEGC>
          <RH_PRCNT>22.400</RH_PRCNT>
        </DATA>
        <DATA>
          <VOLTS>-0.400</VOLTS>
          <CAPCTNC_PFRD>36.460</CAPCTNC_PFRD>
          <RESSTNC_MOHM>3.802</RESSTNC_MOHM>
          <TIME>2021-09-24 03:11:08</TIME>
          <TEMP_DEGC>21.600</TEMP_DEGC>
          <AIR_TEMP_DEGC>21.600</AIR_TEMP_DEGC>
          <RH_PRCNT>22.400</RH_PRCNT>
        </DATA>
        <DATA>
          <VOLTS>-0.500</VOLTS>
          <CAPCTNC_PFRD>36.930</CAPCTNC_PFRD>
          <RESSTNC_MOHM>3.690</RESSTNC_MOHM>
          <TIME>2021-09-24 03:11:09</TIME>
          <TEMP_DEGC>21.600</TEMP_DEGC>
          <AIR_TEMP_DEGC>21.600</AIR_TEMP_DEGC>
          <RH_PRCNT>22.400</RH_PRCNT>
        </DATA>
        <DATA>
          <VOLTS>-0.600</VOLTS>
          <CAPCTNC_PFRD>36.920</CAPCTNC_PFRD>
          <RESSTNC_MOHM>3.413</RESSTNC_MOHM>
          <TIME>2021-09-24 03:11:10</TIME>
          <TEMP_DEGC>21.600</TEMP_DEGC>
          <AIR_TEMP_DEGC>21.600</AIR_TEMP_DEGC>
          <RH_PRCNT>22.400</RH_PRCNT>
        </DATA>
        <DATA>
          <VOLTS>-0.700</VOLTS>
          <CAPCTNC_PFRD>36.260</CAPCTNC_PFRD>
          <RESSTNC_MOHM>3.356</RESSTNC_MOHM>
          <TIME>2021-09-24 03:11:11</TIME>
          <TEMP_DEGC>21.600</TEMP_DEGC>
          <AIR_TEMP_DEGC>21.600</AIR_TEMP_DEGC>
          <RH_PRCNT>22.400</RH_PRCNT>
        </DATA>
        <DATA>
          <VOLTS>-0.800</VOLTS>
          <CAPCTNC_PFRD>36.370</CAPCTNC_PFRD>
          <RESSTNC_MOHM>3.546</RESSTNC_MOHM>
          <TIME>2021-09-24 03:11:12</TIME>
          <TEMP_DEGC>21.600</TEMP_DEGC>
          <AIR_TEMP_DEGC>21.600</AIR_TEMP_DEGC>
          <RH_PRCNT>22.400</RH_PRCNT>
        </DATA>
        <DATA>
          <VOLTS>-0.900</VOLTS>
          <CAPCTNC_PFRD>36.200</CAPCTNC_PFRD>
          <RESSTNC_MOHM>3.584</RESSTNC_MOHM>
          <TIME>2021-09-24 03:11:13</TIME>
          <TEMP_DEGC>21.600</TEMP_DEGC>
          <AIR_TEMP_DEGC>21.600</AIR_TEMP_DEGC>
          <RH_PRCNT>22.400</RH_PRCNT>
        </DATA>
        <DATA>
          <VOLTS>-1.000</VOLTS>
          <CAPCTNC_PFRD>36.120</CAPCTNC_PFRD>
          <RESSTNC_MOHM>3.937</RESSTNC_MOHM>
          <TIME>2021-09-24 03:11:15</TIME>
          <TEMP_DEGC>21.600</TEMP_DEGC>
          <AIR_TEMP_DEGC>21.600</AIR_TEMP_DEGC>
          <RH_PRCNT>22.400</RH_PRCNT>
        </DATA>
        <DATA>
          <VOLTS>-1.100</VOLTS>
          <CAPCTNC_PFRD>35.660</CAPCTNC_PFRD>
          <RESSTNC_MOHM>3.509</RESSTNC_MOHM>
          <TIME>2021-09-24 03:11:16</TIME>
          <TEMP_DEGC>21.600</TEMP_DEGC>
          <AIR_TEMP_DEGC>21.600</AIR_TEMP_DEGC>
          <RH_PRCNT>22.300</RH_PRCNT>
        </DATA>
        <DATA>
          <VOLTS>-1.200</VOLTS>
          <CAPCTNC_PFRD>35.220</CAPCTNC_PFRD>
          <RESSTNC_MOHM>3.717</RESSTNC_MOHM>
          <TIME>2021-09-24 03:11:17</TIME>
          <TEMP_DEGC>21.600</TEMP_DEGC>
          <AIR_TEMP_DEGC>21.600</AIR_TEMP_DEGC>
          <RH_PRCNT>22.300</RH_PRCNT>
        </DATA>
        <DATA>
          <VOLTS>-1.300</VOLTS>
          <CAPCTNC_PFRD>35.190</CAPCTNC_PFRD>
          <RESSTNC_MOHM>4.167</RESSTNC_MOHM>
          <TIME>2021-09-24 03:11:18</TIME>
          <TEMP_DEGC>21.600</TEMP_DEGC>
          <AIR_TEMP_DEGC>21.600</AIR_TEMP_DEGC>
          <RH_PRCNT>22.300</RH_PRCNT>
        </DATA>
        <DATA>
          <VOLTS>-1.400</VOLTS>
          <CAPCTNC_PFRD>34.830</CAPCTNC_PFRD>
          <RESSTNC_MOHM>4.016</RESSTNC_MOHM>
          <TIME>2021-09-24 03:11:19</TIME>
          <TEMP_DEGC>21.600</TEMP_DEGC>
          <AIR_TEMP_DEGC>21.600</AIR_TEMP_DEGC>
          <RH_PRCNT>22.400</RH_PRCNT>
        </DATA>
        <DATA>
          <VOLTS>-1.500</VOLTS>
          <CAPCTNC_PFRD>34.400</CAPCTNC_PFRD>
          <RESSTNC_MOHM>3.717</RESSTNC_MOHM>
          <TIME>2021-09-24 03:11:20</TIME>
          <TEMP_DEGC>21.600</TEMP_DEGC>
          <AIR_TEMP_DEGC>21.600</AIR_TEMP_DEGC>
          <RH_PRCNT>22.400</RH_PRCNT>
        </DATA>
        <DATA>
          <VOLTS>-1.600</VOLTS>
          <CAPCTNC_PFRD>33.860</CAPCTNC_PFRD>
          <RESSTNC_MOHM>4.132</RESSTNC_MOHM>
          <TIME>2021-09-24 03:11:21</TIME>
          <TEMP_DEGC>21.600</TEMP_DEGC>
          <AIR_TEMP_DEGC>21.600</AIR_TEMP_DEGC>
          <RH_PRCNT>22.300</RH_PRCNT>
        </DATA>
        <DATA>
          <VOLTS>-1.700</VOLTS>
          <CAPCTNC_PFRD>33.370</CAPCTNC_PFRD>
          <RESSTNC_MOHM>3.759</RESSTNC_MOHM>
          <TIME>2021-09-24 03:11:22</TIME>
          <TEMP_DEGC>21.600</TEMP_DEGC>
          <AIR_TEMP_DEGC>21.600</AIR_TEMP_DEGC>
          <RH_PRCNT>22.300</RH_PRCNT>
        </DATA>
        <DATA>
          <VOLTS>-1.800</VOLTS>
          <CAPCTNC_PFRD>32.310</CAPCTNC_PFRD>
          <RESSTNC_MOHM>3.650</RESSTNC_MOHM>
          <TIME>2021-09-24 03:11:23</TIME>
          <TEMP_DEGC>21.600</TEMP_DEGC>
          <AIR_TEMP_DEGC>21.600</AIR_TEMP_DEGC>
          <RH_PRCNT>22.300</RH_PRCNT>
        </DATA>
        <DATA>
          <VOLTS>-1.900</VOLTS>
          <CAPCTNC_PFRD>30.360</CAPCTNC_PFRD>
          <RESSTNC_MOHM>3.817</RESSTNC_MOHM>
          <TIME>2021-09-24 03:11:24</TIME>
          <TEMP_DEGC>21.600</TEMP_DEGC>
          <AIR_TEMP_DEGC>21.600</AIR_TEMP_DEGC>
          <RH_PRCNT>22.300</RH_PRCNT>
        </DATA>
        <DATA>
          <VOLTS>-2.000</VOLTS>
          <CAPCTNC_PFRD>26.180</CAPCTNC_PFRD>
          <RESSTNC_MOHM>5.848</RESSTNC_MOHM>
          <TIME>2021-09-24 03:11:25</TIME>
          <TEMP_DEGC>21.600</TEMP_DEGC>
          <AIR_TEMP_DEGC>21.600</AIR_TEMP_DEGC>
          <RH_PRCNT>22.300</RH_PRCNT>
        </DATA>
        <DATA>
          <VOLTS>-2.100</VOLTS>
          <CAPCTNC_PFRD>25.500</CAPCTNC_PFRD>
          <RESSTNC_MOHM>11.628</RESSTNC_MOHM>
          <TIME>2021-09-24 03:11:26</TIME>
          <TEMP_DEGC>21.600</TEMP_DEGC>
          <AIR_TEMP_DEGC>21.600</AIR_TEMP_DEGC>
          <RH_PRCNT>22.300</RH_PRCNT>
        </DATA>
        <DATA>
          <VOLTS>-2.200</VOLTS>
          <CAPCTNC_PFRD>26.890</CAPCTNC_PFRD>
          <RESSTNC_MOHM>9.434</RESSTNC_MOHM>
          <TIME>2021-09-24 03:11:27</TIME>
          <TEMP_DEGC>21.600</TEMP_DEGC>
          <AIR_TEMP_DEGC>21.600</AIR_TEMP_DEGC>
          <RH_PRCNT>22.300</RH_PRCNT>
        </DATA>
        <DATA>
          <VOLTS>-2.300</VOLTS>
          <CAPCTNC_PFRD>29.310</CAPCTNC_PFRD>
          <RESSTNC_MOHM>8.547</RESSTNC_MOHM>
          <TIME>2021-09-24 03:11:28</TIME>
          <TEMP_DEGC>21.600</TEMP_DEGC>
          <AIR_TEMP_DEGC>21.600</AIR_TEMP_DEGC>
          <RH_PRCNT>22.300</RH_PRCNT>
        </DATA>
        <DATA>
          <VOLTS>-2.400</VOLTS>
          <CAPCTNC_PFRD>33.130</CAPCTNC_PFRD>
          <RESSTNC_MOHM>7.937</RESSTNC_MOHM>
          <TIME>2021-09-24 03:11:30</TIME>
          <TEMP_DEGC>21.600</TEMP_DEGC>
          <AIR_TEMP_DEGC>21.600</AIR_TEMP_DEGC>
          <RH_PRCNT>22.300</RH_PRCNT>
        </DATA>
        <DATA>
          <VOLTS>-2.500</VOLTS>
          <CAPCTNC_PFRD>39.430</CAPCTNC_PFRD>
          <RESSTNC_MOHM>10.204</RESSTNC_MOHM>
          <TIME>2021-09-24 03:11:31</TIME>
          <TEMP_DEGC>21.600</TEMP_DEGC>
          <AIR_TEMP_DEGC>21.600</AIR_TEMP_DEGC>
          <RH_PRCNT>22.300</RH_PRCNT>
        </DATA>
        <DATA>
          <VOLTS>-2.600</VOLTS>
          <CAPCTNC_PFRD>46.980</CAPCTNC_PFRD>
          <RESSTNC_MOHM>14.085</RESSTNC_MOHM>
          <TIME>2021-09-24 03:11:32</TIME>
          <TEMP_DEGC>21.600</TEMP_DEGC>
          <AIR_TEMP_DEGC>21.600</AIR_TEMP_DEGC>
          <RH_PRCNT>22.300</RH_PRCNT>
        </DATA>
        <DATA>
          <VOLTS>-2.700</VOLTS>
          <CAPCTNC_PFRD>56.330</CAPCTNC_PFRD>
          <RESSTNC_MOHM>14.493</RESSTNC_MOHM>
          <TIME>2021-09-24 03:11:33</TIME>
          <TEMP_DEGC>21.600</TEMP_DEGC>
          <AIR_TEMP_DEGC>21.600</AIR_TEMP_DEGC>
          <RH_PRCNT>22.300</RH_PRCNT>
        </DATA>
        <DATA>
          <VOLTS>-2.800</VOLTS>
          <CAPCTNC_PFRD>62.590</CAPCTNC_PFRD>
          <RESSTNC_MOHM>13.514</RESSTNC_MOHM>
          <TIME>2021-09-24 03:11:34</TIME>
          <TEMP_DEGC>21.600</TEMP_DEGC>
          <AIR_TEMP_DEGC>21.600</AIR_TEMP_DEGC>
          <RH_PRCNT>22.300</RH_PRCNT>
        </DATA>
        <DATA>
          <VOLTS>-2.900</VOLTS>
          <CAPCTNC_PFRD>66.780</CAPCTNC_PFRD>
          <RESSTNC_MOHM>9.346</RESSTNC_MOHM>
          <TIME>2021-09-24 03:11:35</TIME>
          <TEMP_DEGC>21.700</TEMP_DEGC>
          <AIR_TEMP_DEGC>21.700</AIR_TEMP_DEGC>
          <RH_PRCNT>22.300</RH_PRCNT>
        </DATA>
        <DATA>
          <VOLTS>-3.000</VOLTS>
          <CAPCTNC_PFRD>71.370</CAPCTNC_PFRD>
          <RESSTNC_MOHM>8.929</RESSTNC_MOHM>
          <TIME>2021-09-24 03:11:36</TIME>
          <TEMP_DEGC>21.600</TEMP_DEGC>
          <AIR_TEMP_DEGC>21.600</AIR_TEMP_DEGC>
          <RH_PRCNT>22.300</RH_PRCNT>
        </DATA>
        <DATA>
          <VOLTS>-3.100</VOLTS>
          <CAPCTNC_PFRD>74.570</CAPCTNC_PFRD>
          <RESSTNC_MOHM>7.576</RESSTNC_MOHM>
          <TIME>2021-09-24 03:11:37</TIME>
          <TEMP_DEGC>21.600</TEMP_DEGC>
          <AIR_TEMP_DEGC>21.600</AIR_TEMP_DEGC>
          <RH_PRCNT>22.300</RH_PRCNT>
        </DATA>
        <DATA>
          <VOLTS>-3.200</VOLTS>
          <CAPCTNC_PFRD>77.040</CAPCTNC_PFRD>
          <RESSTNC_MOHM>9.804</RESSTNC_MOHM>
          <TIME>2021-09-24 03:11:38</TIME>
          <TEMP_DEGC>21.600</TEMP_DEGC>
          <AIR_TEMP_DEGC>21.600</AIR_TEMP_DEGC>
          <RH_PRCNT>22.300</RH_PRCNT>
        </DATA>
        <DATA>
          <VOLTS>-3.300</VOLTS>
          <CAPCTNC_PFRD>79.240</CAPCTNC_PFRD>
          <RESSTNC_MOHM>9.346</RESSTNC_MOHM>
          <TIME>2021-09-24 03:11:39</TIME>
          <TEMP_DEGC>21.600</TEMP_DEGC>
          <AIR_TEMP_DEGC>21.600</AIR_TEMP_DEGC>
          <RH_PRCNT>22.300</RH_PRCNT>
        </DATA>
        <DATA>
          <VOLTS>-3.400</VOLTS>
          <CAPCTNC_PFRD>80.440</CAPCTNC_PFRD>
          <RESSTNC_MOHM>7.812</RESSTNC_MOHM>
          <TIME>2021-09-24 03:11:40</TIME>
          <TEMP_DEGC>21.600</TEMP_DEGC>
          <AIR_TEMP_DEGC>21.600</AIR_TEMP_DEGC>
          <RH_PRCNT>22.300</RH_PRCNT>
        </DATA>
        <DATA>
          <VOLTS>-3.500</VOLTS>
          <CAPCTNC_PFRD>81.300</CAPCTNC_PFRD>
          <RESSTNC_MOHM>6.993</RESSTNC_MOHM>
          <TIME>2021-09-24 03:11:41</TIME>
          <TEMP_DEGC>21.600</TEMP_DEGC>
          <AIR_TEMP_DEGC>21.600</AIR_TEMP_DEGC>
          <RH_PRCNT>22.300</RH_PRCNT>
        </DATA>
        <DATA>
          <VOLTS>-3.600</VOLTS>
          <CAPCTNC_PFRD>81.970</CAPCTNC_PFRD>
          <RESSTNC_MOHM>7.519</RESSTNC_MOHM>
          <TIME>2021-09-24 03:11:42</TIME>
          <TEMP_DEGC>21.600</TEMP_DEGC>
          <AIR_TEMP_DEGC>21.600</AIR_TEMP_DEGC>
          <RH_PRCNT>22.300</RH_PRCNT>
        </DATA>
        <DATA>
          <VOLTS>-3.700</VOLTS>
          <CAPCTNC_PFRD>82.570</CAPCTNC_PFRD>
          <RESSTNC_MOHM>7.463</RESSTNC_MOHM>
          <TIME>2021-09-24 03:11:43</TIME>
          <TEMP_DEGC>21.600</TEMP_DEGC>
          <AIR_TEMP_DEGC>21.600</AIR_TEMP_DEGC>
          <RH_PRCNT>22.300</RH_PRCNT>
        </DATA>
        <DATA>
          <VOLTS>-3.800</VOLTS>
          <CAPCTNC_PFRD>83.150</CAPCTNC_PFRD>
          <RESSTNC_MOHM>7.692</RESSTNC_MOHM>
          <TIME>2021-09-24 03:11:45</TIME>
          <TEMP_DEGC>21.600</TEMP_DEGC>
          <AIR_TEMP_DEGC>21.600</AIR_TEMP_DEGC>
          <RH_PRCNT>22.300</RH_PRCNT>
        </DATA>
        <DATA>
          <VOLTS>-3.900</VOLTS>
          <CAPCTNC_PFRD>83.400</CAPCTNC_PFRD>
          <RESSTNC_MOHM>7.042</RESSTNC_MOHM>
          <TIME>2021-09-24 03:11:46</TIME>
          <TEMP_DEGC>21.700</TEMP_DEGC>
          <AIR_TEMP_DEGC>21.700</AIR_TEMP_DEGC>
          <RH_PRCNT>22.300</RH_PRCNT>
        </DATA>
        <DATA>
          <VOLTS>-4.000</VOLTS>
          <CAPCTNC_PFRD>83.910</CAPCTNC_PFRD>
          <RESSTNC_MOHM>9.615</RESSTNC_MOHM>
          <TIME>2021-09-24 03:11:47</TIME>
          <TEMP_DEGC>21.700</TEMP_DEGC>
          <AIR_TEMP_DEGC>21.700</AIR_TEMP_DEGC>
          <RH_PRCNT>22.300</RH_PRCNT>
        </DATA>
        <DATA>
          <VOLTS>-4.100</VOLTS>
          <CAPCTNC_PFRD>84.030</CAPCTNC_PFRD>
          <RESSTNC_MOHM>7.042</RESSTNC_MOHM>
          <TIME>2021-09-24 03:11:48</TIME>
          <TEMP_DEGC>21.700</TEMP_DEGC>
          <AIR_TEMP_DEGC>21.700</AIR_TEMP_DEGC>
          <RH_PRCNT>22.300</RH_PRCNT>
        </DATA>
        <DATA>
          <VOLTS>-4.200</VOLTS>
          <CAPCTNC_PFRD>83.810</CAPCTNC_PFRD>
          <RESSTNC_MOHM>6.849</RESSTNC_MOHM>
          <TIME>2021-09-24 03:11:49</TIME>
          <TEMP_DEGC>21.600</TEMP_DEGC>
          <AIR_TEMP_DEGC>21.600</AIR_TEMP_DEGC>
          <RH_PRCNT>22.300</RH_PRCNT>
        </DATA>
        <DATA>
          <VOLTS>-4.300</VOLTS>
          <CAPCTNC_PFRD>83.990</CAPCTNC_PFRD>
          <RESSTNC_MOHM>7.299</RESSTNC_MOHM>
          <TIME>2021-09-24 03:11:50</TIME>
          <TEMP_DEGC>21.600</TEMP_DEGC>
          <AIR_TEMP_DEGC>21.600</AIR_TEMP_DEGC>
          <RH_PRCNT>22.300</RH_PRCNT>
        </DATA>
        <DATA>
          <VOLTS>-4.400</VOLTS>
          <CAPCTNC_PFRD>84.500</CAPCTNC_PFRD>
          <RESSTNC_MOHM>8.197</RESSTNC_MOHM>
          <TIME>2021-09-24 03:11:51</TIME>
          <TEMP_DEGC>21.600</TEMP_DEGC>
          <AIR_TEMP_DEGC>21.600</AIR_TEMP_DEGC>
          <RH_PRCNT>22.300</RH_PRCNT>
        </DATA>
        <DATA>
          <VOLTS>-4.500</VOLTS>
          <CAPCTNC_PFRD>84.450</CAPCTNC_PFRD>
          <RESSTNC_MOHM>7.246</RESSTNC_MOHM>
          <TIME>2021-09-24 03:11:52</TIME>
          <TEMP_DEGC>21.600</TEMP_DEGC>
          <AIR_TEMP_DEGC>21.600</AIR_TEMP_DEGC>
          <RH_PRCNT>22.300</RH_PRCNT>
        </DATA>
        <DATA>
          <VOLTS>-4.600</VOLTS>
          <CAPCTNC_PFRD>84.760</CAPCTNC_PFRD>
          <RESSTNC_MOHM>8.000</RESSTNC_MOHM>
          <TIME>2021-09-24 03:11:53</TIME>
          <TEMP_DEGC>21.600</TEMP_DEGC>
          <AIR_TEMP_DEGC>21.600</AIR_TEMP_DEGC>
          <RH_PRCNT>22.300</RH_PRCNT>
        </DATA>
        <DATA>
          <VOLTS>-4.700</VOLTS>
          <CAPCTNC_PFRD>84.990</CAPCTNC_PFRD>
          <RESSTNC_MOHM>8.000</RESSTNC_MOHM>
          <TIME>2021-09-24 03:11:54</TIME>
          <TEMP_DEGC>21.600</TEMP_DEGC>
          <AIR_TEMP_DEGC>21.600</AIR_TEMP_DEGC>
          <RH_PRCNT>22.300</RH_PRCNT>
        </DATA>
        <DATA>
          <VOLTS>-4.800</VOLTS>
          <CAPCTNC_PFRD>85.010</CAPCTNC_PFRD>
          <RESSTNC_MOHM>7.353</RESSTNC_MOHM>
          <TIME>2021-09-24 03:11:55</TIME>
          <TEMP_DEGC>21.600</TEMP_DEGC>
          <AIR_TEMP_DEGC>21.600</AIR_TEMP_DEGC>
          <RH_PRCNT>22.300</RH_PRCNT>
        </DATA>
        <DATA>
          <VOLTS>-4.900</VOLTS>
          <CAPCTNC_PFRD>85.540</CAPCTNC_PFRD>
          <RESSTNC_MOHM>7.752</RESSTNC_MOHM>
          <TIME>2021-09-24 03:11:56</TIME>
          <TEMP_DEGC>21.600</TEMP_DEGC>
          <AIR_TEMP_DEGC>21.600</AIR_TEMP_DEGC>
          <RH_PRCNT>22.300</RH_PRCNT>
        </DATA>
        <DATA>
          <VOLTS>-5.000</VOLTS>
          <CAPCTNC_PFRD>85.250</CAPCTNC_PFRD>
          <RESSTNC_MOHM>6.667</RESSTNC_MOHM>
          <TIME>2021-09-24 03:11:57</TIME>
          <TEMP_DEGC>21.600</TEMP_DEGC>
          <AIR_TEMP_DEGC>21.600</AIR_TEMP_DEGC>
          <RH_PRCNT>22.300</RH_PRCNT>
        </DATA>
        <DATA>
          <VOLTS>-5.100</VOLTS>
          <CAPCTNC_PFRD>85.500</CAPCTNC_PFRD>
          <RESSTNC_MOHM>6.173</RESSTNC_MOHM>
          <TIME>2021-09-24 03:11:58</TIME>
          <TEMP_DEGC>21.600</TEMP_DEGC>
          <AIR_TEMP_DEGC>21.600</AIR_TEMP_DEGC>
          <RH_PRCNT>22.300</RH_PRCNT>
        </DATA>
        <DATA>
          <VOLTS>-5.200</VOLTS>
          <CAPCTNC_PFRD>85.080</CAPCTNC_PFRD>
          <RESSTNC_MOHM>9.259</RESSTNC_MOHM>
          <TIME>2021-09-24 03:12:00</TIME>
          <TEMP_DEGC>21.600</TEMP_DEGC>
          <AIR_TEMP_DEGC>21.600</AIR_TEMP_DEGC>
          <RH_PRCNT>22.300</RH_PRCNT>
        </DATA>
        <DATA>
          <VOLTS>-5.300</VOLTS>
          <CAPCTNC_PFRD>85.650</CAPCTNC_PFRD>
          <RESSTNC_MOHM>8.197</RESSTNC_MOHM>
          <TIME>2021-09-24 03:12:01</TIME>
          <TEMP_DEGC>21.600</TEMP_DEGC>
          <AIR_TEMP_DEGC>21.600</AIR_TEMP_DEGC>
          <RH_PRCNT>22.300</RH_PRCNT>
        </DATA>
        <DATA>
          <VOLTS>-5.400</VOLTS>
          <CAPCTNC_PFRD>85.320</CAPCTNC_PFRD>
          <RESSTNC_MOHM>7.143</RESSTNC_MOHM>
          <TIME>2021-09-24 03:12:02</TIME>
          <TEMP_DEGC>21.600</TEMP_DEGC>
          <AIR_TEMP_DEGC>21.600</AIR_TEMP_DEGC>
          <RH_PRCNT>22.300</RH_PRCNT>
        </DATA>
        <DATA>
          <VOLTS>-5.500</VOLTS>
          <CAPCTNC_PFRD>85.460</CAPCTNC_PFRD>
          <RESSTNC_MOHM>8.065</RESSTNC_MOHM>
          <TIME>2021-09-24 03:12:03</TIME>
          <TEMP_DEGC>21.600</TEMP_DEGC>
          <AIR_TEMP_DEGC>21.600</AIR_TEMP_DEGC>
          <RH_PRCNT>22.300</RH_PRCNT>
        </DATA>
        <DATA>
          <VOLTS>-5.600</VOLTS>
          <CAPCTNC_PFRD>85.920</CAPCTNC_PFRD>
          <RESSTNC_MOHM>7.752</RESSTNC_MOHM>
          <TIME>2021-09-24 03:12:04</TIME>
          <TEMP_DEGC>21.600</TEMP_DEGC>
          <AIR_TEMP_DEGC>21.600</AIR_TEMP_DEGC>
          <RH_PRCNT>22.300</RH_PRCNT>
        </DATA>
        <DATA>
          <VOLTS>-5.700</VOLTS>
          <CAPCTNC_PFRD>86.210</CAPCTNC_PFRD>
          <RESSTNC_MOHM>5.587</RESSTNC_MOHM>
          <TIME>2021-09-24 03:12:05</TIME>
          <TEMP_DEGC>21.600</TEMP_DEGC>
          <AIR_TEMP_DEGC>21.600</AIR_TEMP_DEGC>
          <RH_PRCNT>22.300</RH_PRCNT>
        </DATA>
        <DATA>
          <VOLTS>-5.800</VOLTS>
          <CAPCTNC_PFRD>85.510</CAPCTNC_PFRD>
          <RESSTNC_MOHM>6.667</RESSTNC_MOHM>
          <TIME>2021-09-24 03:12:06</TIME>
          <TEMP_DEGC>21.600</TEMP_DEGC>
          <AIR_TEMP_DEGC>21.600</AIR_TEMP_DEGC>
          <RH_PRCNT>22.300</RH_PRCNT>
        </DATA>
        <DATA>
          <VOLTS>-5.900</VOLTS>
          <CAPCTNC_PFRD>85.910</CAPCTNC_PFRD>
          <RESSTNC_MOHM>6.993</RESSTNC_MOHM>
          <TIME>2021-09-24 03:12:07</TIME>
          <TEMP_DEGC>21.600</TEMP_DEGC>
          <AIR_TEMP_DEGC>21.600</AIR_TEMP_DEGC>
          <RH_PRCNT>22.300</RH_PRCNT>
        </DATA>
        <DATA>
          <VOLTS>-6.000</VOLTS>
          <CAPCTNC_PFRD>85.990</CAPCTNC_PFRD>
          <RESSTNC_MOHM>7.246</RESSTNC_MOHM>
          <TIME>2021-09-24 03:12:08</TIME>
          <TEMP_DEGC>21.600</TEMP_DEGC>
          <AIR_TEMP_DEGC>21.600</AIR_TEMP_DEGC>
          <RH_PRCNT>22.300</RH_PRCNT>
        </DATA>
        <DATA>
          <VOLTS>-6.100</VOLTS>
          <CAPCTNC_PFRD>85.940</CAPCTNC_PFRD>
          <RESSTNC_MOHM>6.993</RESSTNC_MOHM>
          <TIME>2021-09-24 03:12:09</TIME>
          <TEMP_DEGC>21.600</TEMP_DEGC>
          <AIR_TEMP_DEGC>21.600</AIR_TEMP_DEGC>
          <RH_PRCNT>22.300</RH_PRCNT>
        </DATA>
        <DATA>
          <VOLTS>-6.200</VOLTS>
          <CAPCTNC_PFRD>86.080</CAPCTNC_PFRD>
          <RESSTNC_MOHM>7.519</RESSTNC_MOHM>
          <TIME>2021-09-24 03:12:10</TIME>
          <TEMP_DEGC>21.600</TEMP_DEGC>
          <AIR_TEMP_DEGC>21.600</AIR_TEMP_DEGC>
          <RH_PRCNT>22.300</RH_PRCNT>
        </DATA>
        <DATA>
          <VOLTS>-6.300</VOLTS>
          <CAPCTNC_PFRD>86.170</CAPCTNC_PFRD>
          <RESSTNC_MOHM>6.579</RESSTNC_MOHM>
          <TIME>2021-09-24 03:12:11</TIME>
          <TEMP_DEGC>21.600</TEMP_DEGC>
          <AIR_TEMP_DEGC>21.600</AIR_TEMP_DEGC>
          <RH_PRCNT>22.300</RH_PRCNT>
        </DATA>
        <DATA>
          <VOLTS>-6.400</VOLTS>
          <CAPCTNC_PFRD>86.140</CAPCTNC_PFRD>
          <RESSTNC_MOHM>7.692</RESSTNC_MOHM>
          <TIME>2021-09-24 03:12:12</TIME>
          <TEMP_DEGC>21.600</TEMP_DEGC>
          <AIR_TEMP_DEGC>21.600</AIR_TEMP_DEGC>
          <RH_PRCNT>22.300</RH_PRCNT>
        </DATA>
        <DATA>
          <VOLTS>-6.500</VOLTS>
          <CAPCTNC_PFRD>86.080</CAPCTNC_PFRD>
          <RESSTNC_MOHM>7.092</RESSTNC_MOHM>
          <TIME>2021-09-24 03:12:13</TIME>
          <TEMP_DEGC>21.600</TEMP_DEGC>
          <AIR_TEMP_DEGC>21.600</AIR_TEMP_DEGC>
          <RH_PRCNT>22.300</RH_PRCNT>
        </DATA>
        <DATA>
          <VOLTS>-6.600</VOLTS>
          <CAPCTNC_PFRD>86.200</CAPCTNC_PFRD>
          <RESSTNC_MOHM>7.143</RESSTNC_MOHM>
          <TIME>2021-09-24 03:12:14</TIME>
          <TEMP_DEGC>21.600</TEMP_DEGC>
          <AIR_TEMP_DEGC>21.600</AIR_TEMP_DEGC>
          <RH_PRCNT>22.300</RH_PRCNT>
        </DATA>
        <DATA>
          <VOLTS>-6.700</VOLTS>
          <CAPCTNC_PFRD>86.020</CAPCTNC_PFRD>
          <RESSTNC_MOHM>6.452</RESSTNC_MOHM>
          <TIME>2021-09-24 03:12:16</TIME>
          <TEMP_DEGC>21.600</TEMP_DEGC>
          <AIR_TEMP_DEGC>21.600</AIR_TEMP_DEGC>
          <RH_PRCNT>22.300</RH_PRCNT>
        </DATA>
        <DATA>
          <VOLTS>-6.800</VOLTS>
          <CAPCTNC_PFRD>86.180</CAPCTNC_PFRD>
          <RESSTNC_MOHM>6.849</RESSTNC_MOHM>
          <TIME>2021-09-24 03:12:17</TIME>
          <TEMP_DEGC>21.600</TEMP_DEGC>
          <AIR_TEMP_DEGC>21.600</AIR_TEMP_DEGC>
          <RH_PRCNT>22.300</RH_PRCNT>
        </DATA>
        <DATA>
          <VOLTS>-6.900</VOLTS>
          <CAPCTNC_PFRD>85.880</CAPCTNC_PFRD>
          <RESSTNC_MOHM>7.246</RESSTNC_MOHM>
          <TIME>2021-09-24 03:12:18</TIME>
          <TEMP_DEGC>21.600</TEMP_DEGC>
          <AIR_TEMP_DEGC>21.600</AIR_TEMP_DEGC>
          <RH_PRCNT>22.200</RH_PRCNT>
        </DATA>
        <DATA>
          <VOLTS>-7.000</VOLTS>
          <CAPCTNC_PFRD>85.910</CAPCTNC_PFRD>
          <RESSTNC_MOHM>6.024</RESSTNC_MOHM>
          <TIME>2021-09-24 03:12:19</TIME>
          <TEMP_DEGC>21.600</TEMP_DEGC>
          <AIR_TEMP_DEGC>21.600</AIR_TEMP_DEGC>
          <RH_PRCNT>22.200</RH_PRCNT>
        </DATA>
        <DATA>
          <VOLTS>-7.100</VOLTS>
          <CAPCTNC_PFRD>86.200</CAPCTNC_PFRD>
          <RESSTNC_MOHM>9.346</RESSTNC_MOHM>
          <TIME>2021-09-24 03:12:20</TIME>
          <TEMP_DEGC>21.600</TEMP_DEGC>
          <AIR_TEMP_DEGC>21.600</AIR_TEMP_DEGC>
          <RH_PRCNT>22.200</RH_PRCNT>
        </DATA>
        <DATA>
          <VOLTS>-7.200</VOLTS>
          <CAPCTNC_PFRD>86.380</CAPCTNC_PFRD>
          <RESSTNC_MOHM>6.173</RESSTNC_MOHM>
          <TIME>2021-09-24 03:12:21</TIME>
          <TEMP_DEGC>21.600</TEMP_DEGC>
          <AIR_TEMP_DEGC>21.600</AIR_TEMP_DEGC>
          <RH_PRCNT>22.200</RH_PRCNT>
        </DATA>
        <DATA>
          <VOLTS>-7.300</VOLTS>
          <CAPCTNC_PFRD>86.460</CAPCTNC_PFRD>
          <RESSTNC_MOHM>6.993</RESSTNC_MOHM>
          <TIME>2021-09-24 03:12:22</TIME>
          <TEMP_DEGC>21.600</TEMP_DEGC>
          <AIR_TEMP_DEGC>21.600</AIR_TEMP_DEGC>
          <RH_PRCNT>22.200</RH_PRCNT>
        </DATA>
        <DATA>
          <VOLTS>-7.400</VOLTS>
          <CAPCTNC_PFRD>86.160</CAPCTNC_PFRD>
          <RESSTNC_MOHM>6.623</RESSTNC_MOHM>
          <TIME>2021-09-24 03:12:23</TIME>
          <TEMP_DEGC>21.600</TEMP_DEGC>
          <AIR_TEMP_DEGC>21.600</AIR_TEMP_DEGC>
          <RH_PRCNT>22.300</RH_PRCNT>
        </DATA>
        <DATA>
          <VOLTS>-7.500</VOLTS>
          <CAPCTNC_PFRD>86.890</CAPCTNC_PFRD>
          <RESSTNC_MOHM>6.849</RESSTNC_MOHM>
          <TIME>2021-09-24 03:12:24</TIME>
          <TEMP_DEGC>21.600</TEMP_DEGC>
          <AIR_TEMP_DEGC>21.600</AIR_TEMP_DEGC>
          <RH_PRCNT>22.200</RH_PRCNT>
        </DATA>
        <DATA>
          <VOLTS>-7.600</VOLTS>
          <CAPCTNC_PFRD>86.220</CAPCTNC_PFRD>
          <RESSTNC_MOHM>6.667</RESSTNC_MOHM>
          <TIME>2021-09-24 03:12:25</TIME>
          <TEMP_DEGC>21.600</TEMP_DEGC>
          <AIR_TEMP_DEGC>21.600</AIR_TEMP_DEGC>
          <RH_PRCNT>22.200</RH_PRCNT>
        </DATA>
        <DATA>
          <VOLTS>-7.700</VOLTS>
          <CAPCTNC_PFRD>86.240</CAPCTNC_PFRD>
          <RESSTNC_MOHM>6.623</RESSTNC_MOHM>
          <TIME>2021-09-24 03:12:26</TIME>
          <TEMP_DEGC>21.600</TEMP_DEGC>
          <AIR_TEMP_DEGC>21.600</AIR_TEMP_DEGC>
          <RH_PRCNT>22.200</RH_PRCNT>
        </DATA>
        <DATA>
          <VOLTS>-7.800</VOLTS>
          <CAPCTNC_PFRD>86.430</CAPCTNC_PFRD>
          <RESSTNC_MOHM>6.536</RESSTNC_MOHM>
          <TIME>2021-09-24 03:12:27</TIME>
          <TEMP_DEGC>21.600</TEMP_DEGC>
          <AIR_TEMP_DEGC>21.600</AIR_TEMP_DEGC>
          <RH_PRCNT>22.200</RH_PRCNT>
        </DATA>
        <DATA>
          <VOLTS>-7.900</VOLTS>
          <CAPCTNC_PFRD>86.640</CAPCTNC_PFRD>
          <RESSTNC_MOHM>6.135</RESSTNC_MOHM>
          <TIME>2021-09-24 03:12:28</TIME>
          <TEMP_DEGC>21.600</TEMP_DEGC>
          <AIR_TEMP_DEGC>21.600</AIR_TEMP_DEGC>
          <RH_PRCNT>22.200</RH_PRCNT>
        </DATA>
        <DATA>
          <VOLTS>-8.000</VOLTS>
          <CAPCTNC_PFRD>86.480</CAPCTNC_PFRD>
          <RESSTNC_MOHM>7.194</RESSTNC_MOHM>
          <TIME>2021-09-24 03:12:29</TIME>
          <TEMP_DEGC>21.700</TEMP_DEGC>
          <AIR_TEMP_DEGC>21.700</AIR_TEMP_DEGC>
          <RH_PRCNT>22.200</RH_PRCNT>
        </DATA>
        <DATA>
          <VOLTS>-8.100</VOLTS>
          <CAPCTNC_PFRD>86.330</CAPCTNC_PFRD>
          <RESSTNC_MOHM>6.897</RESSTNC_MOHM>
          <TIME>2021-09-24 03:12:31</TIME>
          <TEMP_DEGC>21.600</TEMP_DEGC>
          <AIR_TEMP_DEGC>21.600</AIR_TEMP_DEGC>
          <RH_PRCNT>22.200</RH_PRCNT>
        </DATA>
        <DATA>
          <VOLTS>-8.200</VOLTS>
          <CAPCTNC_PFRD>86.410</CAPCTNC_PFRD>
          <RESSTNC_MOHM>7.519</RESSTNC_MOHM>
          <TIME>2021-09-24 03:12:32</TIME>
          <TEMP_DEGC>21.600</TEMP_DEGC>
          <AIR_TEMP_DEGC>21.600</AIR_TEMP_DEGC>
          <RH_PRCNT>22.200</RH_PRCNT>
        </DATA>
        <DATA>
          <VOLTS>-8.300</VOLTS>
          <CAPCTNC_PFRD>86.640</CAPCTNC_PFRD>
          <RESSTNC_MOHM>7.143</RESSTNC_MOHM>
          <TIME>2021-09-24 03:12:33</TIME>
          <TEMP_DEGC>21.600</TEMP_DEGC>
          <AIR_TEMP_DEGC>21.600</AIR_TEMP_DEGC>
          <RH_PRCNT>22.200</RH_PRCNT>
        </DATA>
        <DATA>
          <VOLTS>-8.400</VOLTS>
          <CAPCTNC_PFRD>86.810</CAPCTNC_PFRD>
          <RESSTNC_MOHM>8.621</RESSTNC_MOHM>
          <TIME>2021-09-24 03:12:34</TIME>
          <TEMP_DEGC>21.600</TEMP_DEGC>
          <AIR_TEMP_DEGC>21.600</AIR_TEMP_DEGC>
          <RH_PRCNT>22.200</RH_PRCNT>
        </DATA>
        <DATA>
          <VOLTS>-8.500</VOLTS>
          <CAPCTNC_PFRD>86.550</CAPCTNC_PFRD>
          <RESSTNC_MOHM>7.407</RESSTNC_MOHM>
          <TIME>2021-09-24 03:12:35</TIME>
          <TEMP_DEGC>21.600</TEMP_DEGC>
          <AIR_TEMP_DEGC>21.600</AIR_TEMP_DEGC>
          <RH_PRCNT>22.200</RH_PRCNT>
        </DATA>
        <DATA>
          <VOLTS>-8.600</VOLTS>
          <CAPCTNC_PFRD>86.620</CAPCTNC_PFRD>
          <RESSTNC_MOHM>8.264</RESSTNC_MOHM>
          <TIME>2021-09-24 03:12:36</TIME>
          <TEMP_DEGC>21.600</TEMP_DEGC>
          <AIR_TEMP_DEGC>21.600</AIR_TEMP_DEGC>
          <RH_PRCNT>22.200</RH_PRCNT>
        </DATA>
        <DATA>
          <VOLTS>-8.700</VOLTS>
          <CAPCTNC_PFRD>86.490</CAPCTNC_PFRD>
          <RESSTNC_MOHM>6.369</RESSTNC_MOHM>
          <TIME>2021-09-24 03:12:37</TIME>
          <TEMP_DEGC>21.600</TEMP_DEGC>
          <AIR_TEMP_DEGC>21.600</AIR_TEMP_DEGC>
          <RH_PRCNT>22.200</RH_PRCNT>
        </DATA>
        <DATA>
          <VOLTS>-8.800</VOLTS>
          <CAPCTNC_PFRD>86.600</CAPCTNC_PFRD>
          <RESSTNC_MOHM>6.897</RESSTNC_MOHM>
          <TIME>2021-09-24 03:12:38</TIME>
          <TEMP_DEGC>21.600</TEMP_DEGC>
          <AIR_TEMP_DEGC>21.600</AIR_TEMP_DEGC>
          <RH_PRCNT>22.200</RH_PRCNT>
        </DATA>
        <DATA>
          <VOLTS>-8.900</VOLTS>
          <CAPCTNC_PFRD>86.600</CAPCTNC_PFRD>
          <RESSTNC_MOHM>8.696</RESSTNC_MOHM>
          <TIME>2021-09-24 03:12:39</TIME>
          <TEMP_DEGC>21.600</TEMP_DEGC>
          <AIR_TEMP_DEGC>21.600</AIR_TEMP_DEGC>
          <RH_PRCNT>22.200</RH_PRCNT>
        </DATA>
        <DATA>
          <VOLTS>-9.000</VOLTS>
          <CAPCTNC_PFRD>86.640</CAPCTNC_PFRD>
          <RESSTNC_MOHM>6.536</RESSTNC_MOHM>
          <TIME>2021-09-24 03:12:40</TIME>
          <TEMP_DEGC>21.600</TEMP_DEGC>
          <AIR_TEMP_DEGC>21.600</AIR_TEMP_DEGC>
          <RH_PRCNT>22.200</RH_PRCNT>
        </DATA>
        <DATA>
          <VOLTS>-9.100</VOLTS>
          <CAPCTNC_PFRD>86.580</CAPCTNC_PFRD>
          <RESSTNC_MOHM>6.369</RESSTNC_MOHM>
          <TIME>2021-09-24 03:12:41</TIME>
          <TEMP_DEGC>21.700</TEMP_DEGC>
          <AIR_TEMP_DEGC>21.700</AIR_TEMP_DEGC>
          <RH_PRCNT>22.200</RH_PRCNT>
        </DATA>
        <DATA>
          <VOLTS>-9.200</VOLTS>
          <CAPCTNC_PFRD>86.520</CAPCTNC_PFRD>
          <RESSTNC_MOHM>6.452</RESSTNC_MOHM>
          <TIME>2021-09-24 03:12:42</TIME>
          <TEMP_DEGC>21.600</TEMP_DEGC>
          <AIR_TEMP_DEGC>21.600</AIR_TEMP_DEGC>
          <RH_PRCNT>22.200</RH_PRCNT>
        </DATA>
        <DATA>
          <VOLTS>-9.300</VOLTS>
          <CAPCTNC_PFRD>86.820</CAPCTNC_PFRD>
          <RESSTNC_MOHM>6.757</RESSTNC_MOHM>
          <TIME>2021-09-24 03:12:43</TIME>
          <TEMP_DEGC>21.700</TEMP_DEGC>
          <AIR_TEMP_DEGC>21.700</AIR_TEMP_DEGC>
          <RH_PRCNT>22.200</RH_PRCNT>
        </DATA>
        <DATA>
          <VOLTS>-9.400</VOLTS>
          <CAPCTNC_PFRD>86.380</CAPCTNC_PFRD>
          <RESSTNC_MOHM>7.299</RESSTNC_MOHM>
          <TIME>2021-09-24 03:12:44</TIME>
          <TEMP_DEGC>21.600</TEMP_DEGC>
          <AIR_TEMP_DEGC>21.600</AIR_TEMP_DEGC>
          <RH_PRCNT>22.200</RH_PRCNT>
        </DATA>
        <DATA>
          <VOLTS>-9.500</VOLTS>
          <CAPCTNC_PFRD>86.490</CAPCTNC_PFRD>
          <RESSTNC_MOHM>7.246</RESSTNC_MOHM>
          <TIME>2021-09-24 03:12:46</TIME>
          <TEMP_DEGC>21.600</TEMP_DEGC>
          <AIR_TEMP_DEGC>21.600</AIR_TEMP_DEGC>
          <RH_PRCNT>22.200</RH_PRCNT>
        </DATA>
        <DATA>
          <VOLTS>-9.600</VOLTS>
          <CAPCTNC_PFRD>86.440</CAPCTNC_PFRD>
          <RESSTNC_MOHM>7.634</RESSTNC_MOHM>
          <TIME>2021-09-24 03:12:47</TIME>
          <TEMP_DEGC>21.600</TEMP_DEGC>
          <AIR_TEMP_DEGC>21.600</AIR_TEMP_DEGC>
          <RH_PRCNT>22.200</RH_PRCNT>
        </DATA>
        <DATA>
          <VOLTS>-9.700</VOLTS>
          <CAPCTNC_PFRD>86.790</CAPCTNC_PFRD>
          <RESSTNC_MOHM>7.143</RESSTNC_MOHM>
          <TIME>2021-09-24 03:12:48</TIME>
          <TEMP_DEGC>21.600</TEMP_DEGC>
          <AIR_TEMP_DEGC>21.600</AIR_TEMP_DEGC>
          <RH_PRCNT>22.200</RH_PRCNT>
        </DATA>
        <DATA>
          <VOLTS>-9.800</VOLTS>
          <CAPCTNC_PFRD>87.200</CAPCTNC_PFRD>
          <RESSTNC_MOHM>7.463</RESSTNC_MOHM>
          <TIME>2021-09-24 03:12:49</TIME>
          <TEMP_DEGC>21.600</TEMP_DEGC>
          <AIR_TEMP_DEGC>21.600</AIR_TEMP_DEGC>
          <RH_PRCNT>22.200</RH_PRCNT>
        </DATA>
        <DATA>
          <VOLTS>-9.900</VOLTS>
          <CAPCTNC_PFRD>86.880</CAPCTNC_PFRD>
          <RESSTNC_MOHM>6.993</RESSTNC_MOHM>
          <TIME>2021-09-24 03:12:50</TIME>
          <TEMP_DEGC>21.600</TEMP_DEGC>
          <AIR_TEMP_DEGC>21.600</AIR_TEMP_DEGC>
          <RH_PRCNT>22.200</RH_PRCNT>
        </DATA>
        <DATA>
          <VOLTS>-10.000</VOLTS>
          <CAPCTNC_PFRD>86.750</CAPCTNC_PFRD>
          <RESSTNC_MOHM>8.065</RESSTNC_MOHM>
          <TIME>2021-09-24 03:12:51</TIME>
          <TEMP_DEGC>21.700</TEMP_DEGC>
          <AIR_TEMP_DEGC>21.700</AIR_TEMP_DEGC>
          <RH_PRCNT>22.200</RH_PRCNT>
        </DATA>
        <CHILD_DATA_SET>
          <HEADER>
            <TYPE>
              <EXTENSION_TABLE_NAME>HALFMOON_CV_PAR</EXTENSION_TABLE_NAME>
              <NAME>Tracker Halfmoon CV Parameters</NAME>
            </TYPE>
          </HEADER>
          <DATA_SET>
            <COMMENT_DESCRIPTION>Test</COMMENT_DESCRIPTION>
            <VERSION>CV_measurement-004</VERSION>
            <PART>
              <NAME_LABEL>37400_006_2-S_HM_EE</NAME_LABEL>
              <KIND_OF_PART>2S Halfmoon E</KIND_OF_PART>
            </PART>
            <DATA>
              <VFB_V>-3.175</VFB_V>
              <CACC_PFRD>86.420</CACC_PFRD>
              <TOX_NM>664.932</TOX_NM>
              <NOX>6.312e+10</NOX>
            </DATA>
          </DATA_SET>
        </CHILD_DATA_SET>
      </DATA_SET>
    </CHILD_DATA_SET>
  </DATA_SET>
</ROOT>
