<?xml version="1.0"?>
<ROOT>
  <HEADER>
    <TYPE>
      <EXTENSION_TABLE_NAME>HALFMOON_METADATA</EXTENSION_TABLE_NAME>
      <NAME>Tracker Halfmoon Metadata</NAME>
    </TYPE>
    <RUN mode="SEQUENCE_NUMBER" sequence="TRK_OT_RUN_SEQ">
      <RUN_TYPE>PQC</RUN_TYPE>
      <LOCATION>Demokritos</LOCATION>
      <INITIATED_BY_USER>A. Kyriakis</INITIATED_BY_USER>
      <RUN_BEGIN_TIMESTAMP>2021-09-27 15:34:35</RUN_BEGIN_TIMESTAMP>
      <COMMENT_DESCRIPTION>Test</COMMENT_DESCRIPTION>
    </RUN>
  </HEADER>
  <DATA_SET>
    <COMMENT_DESCRIPTION>Metadata with flute and structure</COMMENT_DESCRIPTION>
    <VERSION>IV_measurement</VERSION>
    <PART>
      <NAME_LABEL>37400_019_2-S_HM_WW</NAME_LABEL>
      <KIND_OF_PART>2S Halfmoon W</KIND_OF_PART>
    </PART>
    <DATA>
      <KIND_OF_HM_FLUTE_ID>PQC1</KIND_OF_HM_FLUTE_ID>
      <KIND_OF_HM_STRUCT_ID>VDP_STRIP</KIND_OF_HM_STRUCT_ID>
      <KIND_OF_HM_SET_ID>Left</KIND_OF_HM_SET_ID>
      <KIND_OF_HM_CONFIG_ID>Rotated</KIND_OF_HM_CONFIG_ID>
      <EQUIPMENT>KEITHLEY 2410</EQUIPMENT>
      <WAITING_TIME_S>0.200</WAITING_TIME_S>
      <TEMP_SET_DEGC>22.500</TEMP_SET_DEGC>
      <AV_TEMP_DEGC>22.500</AV_TEMP_DEGC>
      <PROCEDURE_TYPE>VDP_STRIP</PROCEDURE_TYPE>
      <FILE_NAME>Demokritos_VPX37400_019_2-S_HM_W_Left_PQC1_VDPStrip_r.xml</FILE_NAME>
    </DATA>
    <CHILD_DATA_SET>
      <HEADER>
        <TYPE>
          <EXTENSION_TABLE_NAME>TEST_SENSOR_IV</EXTENSION_TABLE_NAME>
          <NAME>Tracker Halfmoon IV Test</NAME>
        </TYPE>
      </HEADER>
      <DATA_SET>
        <COMMENT_DESCRIPTION>Test</COMMENT_DESCRIPTION>
        <VERSION>IV_measurement</VERSION>
        <PART>
          <NAME_LABEL>37400_019_2-S_HM_WW</NAME_LABEL>
          <KIND_OF_PART>2S Halfmoon W</KIND_OF_PART>
        </PART>
        <DATA>
          <VOLTS>-7.730e-03</VOLTS>
          <CURRNT_NAMP>-1.000e+06</CURRNT_NAMP>
          <TIME>2021-09-27 03:34:35</TIME>
          <TEMP_DEGC>22.500</TEMP_DEGC>
          <AIR_TEMP_DEGC>22.500</AIR_TEMP_DEGC>
          <RH_PRCNT>22.700</RH_PRCNT>
        </DATA>
        <DATA>
          <VOLTS>-7.690e-03</VOLTS>
          <CURRNT_NAMP>-9.500e+05</CURRNT_NAMP>
          <TIME>2021-09-27 03:34:36</TIME>
          <TEMP_DEGC>22.500</TEMP_DEGC>
          <AIR_TEMP_DEGC>22.500</AIR_TEMP_DEGC>
          <RH_PRCNT>22.700</RH_PRCNT>
        </DATA>
        <DATA>
          <VOLTS>-7.540e-03</VOLTS>
          <CURRNT_NAMP>-9.000e+05</CURRNT_NAMP>
          <TIME>2021-09-27 03:34:37</TIME>
          <TEMP_DEGC>22.500</TEMP_DEGC>
          <AIR_TEMP_DEGC>22.500</AIR_TEMP_DEGC>
          <RH_PRCNT>22.600</RH_PRCNT>
        </DATA>
        <DATA>
          <VOLTS>-7.260e-03</VOLTS>
          <CURRNT_NAMP>-8.500e+05</CURRNT_NAMP>
          <TIME>2021-09-27 03:34:38</TIME>
          <TEMP_DEGC>22.500</TEMP_DEGC>
          <AIR_TEMP_DEGC>22.500</AIR_TEMP_DEGC>
          <RH_PRCNT>22.600</RH_PRCNT>
        </DATA>
        <DATA>
          <VOLTS>-6.880e-03</VOLTS>
          <CURRNT_NAMP>-8.000e+05</CURRNT_NAMP>
          <TIME>2021-09-27 03:34:39</TIME>
          <TEMP_DEGC>22.500</TEMP_DEGC>
          <AIR_TEMP_DEGC>22.500</AIR_TEMP_DEGC>
          <RH_PRCNT>22.600</RH_PRCNT>
        </DATA>
        <DATA>
          <VOLTS>-6.490e-03</VOLTS>
          <CURRNT_NAMP>-7.500e+05</CURRNT_NAMP>
          <TIME>2021-09-27 03:34:40</TIME>
          <TEMP_DEGC>22.500</TEMP_DEGC>
          <AIR_TEMP_DEGC>22.500</AIR_TEMP_DEGC>
          <RH_PRCNT>22.600</RH_PRCNT>
        </DATA>
        <DATA>
          <VOLTS>-6.110e-03</VOLTS>
          <CURRNT_NAMP>-7.000e+05</CURRNT_NAMP>
          <TIME>2021-09-27 03:34:41</TIME>
          <TEMP_DEGC>22.500</TEMP_DEGC>
          <AIR_TEMP_DEGC>22.500</AIR_TEMP_DEGC>
          <RH_PRCNT>22.600</RH_PRCNT>
        </DATA>
        <DATA>
          <VOLTS>-5.720e-03</VOLTS>
          <CURRNT_NAMP>-6.500e+05</CURRNT_NAMP>
          <TIME>2021-09-27 03:34:42</TIME>
          <TEMP_DEGC>22.500</TEMP_DEGC>
          <AIR_TEMP_DEGC>22.500</AIR_TEMP_DEGC>
          <RH_PRCNT>22.600</RH_PRCNT>
        </DATA>
        <DATA>
          <VOLTS>-5.330e-03</VOLTS>
          <CURRNT_NAMP>-6.000e+05</CURRNT_NAMP>
          <TIME>2021-09-27 03:34:43</TIME>
          <TEMP_DEGC>22.500</TEMP_DEGC>
          <AIR_TEMP_DEGC>22.500</AIR_TEMP_DEGC>
          <RH_PRCNT>22.700</RH_PRCNT>
        </DATA>
        <DATA>
          <VOLTS>-4.950e-03</VOLTS>
          <CURRNT_NAMP>-5.500e+05</CURRNT_NAMP>
          <TIME>2021-09-27 03:34:44</TIME>
          <TEMP_DEGC>22.500</TEMP_DEGC>
          <AIR_TEMP_DEGC>22.500</AIR_TEMP_DEGC>
          <RH_PRCNT>22.600</RH_PRCNT>
        </DATA>
        <DATA>
          <VOLTS>-4.560e-03</VOLTS>
          <CURRNT_NAMP>-5.000e+05</CURRNT_NAMP>
          <TIME>2021-09-27 03:34:45</TIME>
          <TEMP_DEGC>22.500</TEMP_DEGC>
          <AIR_TEMP_DEGC>22.500</AIR_TEMP_DEGC>
          <RH_PRCNT>22.600</RH_PRCNT>
        </DATA>
        <DATA>
          <VOLTS>-4.170e-03</VOLTS>
          <CURRNT_NAMP>-4.500e+05</CURRNT_NAMP>
          <TIME>2021-09-27 03:34:46</TIME>
          <TEMP_DEGC>22.500</TEMP_DEGC>
          <AIR_TEMP_DEGC>22.500</AIR_TEMP_DEGC>
          <RH_PRCNT>22.600</RH_PRCNT>
        </DATA>
        <DATA>
          <VOLTS>-3.780e-03</VOLTS>
          <CURRNT_NAMP>-4.000e+05</CURRNT_NAMP>
          <TIME>2021-09-27 03:34:47</TIME>
          <TEMP_DEGC>22.500</TEMP_DEGC>
          <AIR_TEMP_DEGC>22.500</AIR_TEMP_DEGC>
          <RH_PRCNT>22.600</RH_PRCNT>
        </DATA>
        <DATA>
          <VOLTS>-3.400e-03</VOLTS>
          <CURRNT_NAMP>-3.500e+05</CURRNT_NAMP>
          <TIME>2021-09-27 03:34:48</TIME>
          <TEMP_DEGC>22.500</TEMP_DEGC>
          <AIR_TEMP_DEGC>22.500</AIR_TEMP_DEGC>
          <RH_PRCNT>22.600</RH_PRCNT>
        </DATA>
        <DATA>
          <VOLTS>-3.010e-03</VOLTS>
          <CURRNT_NAMP>-3.000e+05</CURRNT_NAMP>
          <TIME>2021-09-27 03:34:50</TIME>
          <TEMP_DEGC>22.500</TEMP_DEGC>
          <AIR_TEMP_DEGC>22.500</AIR_TEMP_DEGC>
          <RH_PRCNT>22.600</RH_PRCNT>
        </DATA>
        <DATA>
          <VOLTS>-2.630e-03</VOLTS>
          <CURRNT_NAMP>-2.500e+05</CURRNT_NAMP>
          <TIME>2021-09-27 03:34:51</TIME>
          <TEMP_DEGC>22.500</TEMP_DEGC>
          <AIR_TEMP_DEGC>22.500</AIR_TEMP_DEGC>
          <RH_PRCNT>22.700</RH_PRCNT>
        </DATA>
        <DATA>
          <VOLTS>-2.240e-03</VOLTS>
          <CURRNT_NAMP>-2.000e+05</CURRNT_NAMP>
          <TIME>2021-09-27 03:34:52</TIME>
          <TEMP_DEGC>22.500</TEMP_DEGC>
          <AIR_TEMP_DEGC>22.500</AIR_TEMP_DEGC>
          <RH_PRCNT>22.600</RH_PRCNT>
        </DATA>
        <DATA>
          <VOLTS>-1.860e-03</VOLTS>
          <CURRNT_NAMP>-1.500e+05</CURRNT_NAMP>
          <TIME>2021-09-27 03:34:53</TIME>
          <TEMP_DEGC>22.500</TEMP_DEGC>
          <AIR_TEMP_DEGC>22.500</AIR_TEMP_DEGC>
          <RH_PRCNT>22.600</RH_PRCNT>
        </DATA>
        <DATA>
          <VOLTS>-1.620e-03</VOLTS>
          <CURRNT_NAMP>-1.000e+05</CURRNT_NAMP>
          <TIME>2021-09-27 03:34:54</TIME>
          <TEMP_DEGC>22.500</TEMP_DEGC>
          <AIR_TEMP_DEGC>22.500</AIR_TEMP_DEGC>
          <RH_PRCNT>22.600</RH_PRCNT>
        </DATA>
        <DATA>
          <VOLTS>-1.200e-03</VOLTS>
          <CURRNT_NAMP>-5.000e+04</CURRNT_NAMP>
          <TIME>2021-09-27 03:34:55</TIME>
          <TEMP_DEGC>22.500</TEMP_DEGC>
          <AIR_TEMP_DEGC>22.500</AIR_TEMP_DEGC>
          <RH_PRCNT>22.600</RH_PRCNT>
        </DATA>
        <DATA>
          <VOLTS>-7.700e-04</VOLTS>
          <CURRNT_NAMP>0.000e+00</CURRNT_NAMP>
          <TIME>2021-09-27 03:34:56</TIME>
          <TEMP_DEGC>22.500</TEMP_DEGC>
          <AIR_TEMP_DEGC>22.500</AIR_TEMP_DEGC>
          <RH_PRCNT>22.600</RH_PRCNT>
        </DATA>
        <DATA>
          <VOLTS>-3.400e-04</VOLTS>
          <CURRNT_NAMP>5.000e+04</CURRNT_NAMP>
          <TIME>2021-09-27 03:34:57</TIME>
          <TEMP_DEGC>22.500</TEMP_DEGC>
          <AIR_TEMP_DEGC>22.500</AIR_TEMP_DEGC>
          <RH_PRCNT>22.600</RH_PRCNT>
        </DATA>
        <DATA>
          <VOLTS>7.000e-05</VOLTS>
          <CURRNT_NAMP>1.000e+05</CURRNT_NAMP>
          <TIME>2021-09-27 03:34:58</TIME>
          <TEMP_DEGC>22.500</TEMP_DEGC>
          <AIR_TEMP_DEGC>22.500</AIR_TEMP_DEGC>
          <RH_PRCNT>22.600</RH_PRCNT>
        </DATA>
        <DATA>
          <VOLTS>4.600e-04</VOLTS>
          <CURRNT_NAMP>1.500e+05</CURRNT_NAMP>
          <TIME>2021-09-27 03:34:59</TIME>
          <TEMP_DEGC>22.500</TEMP_DEGC>
          <AIR_TEMP_DEGC>22.500</AIR_TEMP_DEGC>
          <RH_PRCNT>22.600</RH_PRCNT>
        </DATA>
        <DATA>
          <VOLTS>8.500e-04</VOLTS>
          <CURRNT_NAMP>2.000e+05</CURRNT_NAMP>
          <TIME>2021-09-27 03:35:00</TIME>
          <TEMP_DEGC>22.500</TEMP_DEGC>
          <AIR_TEMP_DEGC>22.500</AIR_TEMP_DEGC>
          <RH_PRCNT>22.600</RH_PRCNT>
        </DATA>
        <DATA>
          <VOLTS>1.230e-03</VOLTS>
          <CURRNT_NAMP>2.500e+05</CURRNT_NAMP>
          <TIME>2021-09-27 03:35:01</TIME>
          <TEMP_DEGC>22.500</TEMP_DEGC>
          <AIR_TEMP_DEGC>22.500</AIR_TEMP_DEGC>
          <RH_PRCNT>22.600</RH_PRCNT>
        </DATA>
        <DATA>
          <VOLTS>1.620e-03</VOLTS>
          <CURRNT_NAMP>3.000e+05</CURRNT_NAMP>
          <TIME>2021-09-27 03:35:02</TIME>
          <TEMP_DEGC>22.500</TEMP_DEGC>
          <AIR_TEMP_DEGC>22.500</AIR_TEMP_DEGC>
          <RH_PRCNT>22.600</RH_PRCNT>
        </DATA>
        <DATA>
          <VOLTS>2.010e-03</VOLTS>
          <CURRNT_NAMP>3.500e+05</CURRNT_NAMP>
          <TIME>2021-09-27 03:35:03</TIME>
          <TEMP_DEGC>22.500</TEMP_DEGC>
          <AIR_TEMP_DEGC>22.500</AIR_TEMP_DEGC>
          <RH_PRCNT>22.600</RH_PRCNT>
        </DATA>
        <DATA>
          <VOLTS>2.390e-03</VOLTS>
          <CURRNT_NAMP>4.000e+05</CURRNT_NAMP>
          <TIME>2021-09-27 03:35:05</TIME>
          <TEMP_DEGC>22.500</TEMP_DEGC>
          <AIR_TEMP_DEGC>22.500</AIR_TEMP_DEGC>
          <RH_PRCNT>22.600</RH_PRCNT>
        </DATA>
        <DATA>
          <VOLTS>2.780e-03</VOLTS>
          <CURRNT_NAMP>4.500e+05</CURRNT_NAMP>
          <TIME>2021-09-27 03:35:06</TIME>
          <TEMP_DEGC>22.500</TEMP_DEGC>
          <AIR_TEMP_DEGC>22.500</AIR_TEMP_DEGC>
          <RH_PRCNT>22.600</RH_PRCNT>
        </DATA>
        <DATA>
          <VOLTS>3.160e-03</VOLTS>
          <CURRNT_NAMP>5.000e+05</CURRNT_NAMP>
          <TIME>2021-09-27 03:35:07</TIME>
          <TEMP_DEGC>22.500</TEMP_DEGC>
          <AIR_TEMP_DEGC>22.500</AIR_TEMP_DEGC>
          <RH_PRCNT>22.600</RH_PRCNT>
        </DATA>
        <DATA>
          <VOLTS>3.550e-03</VOLTS>
          <CURRNT_NAMP>5.500e+05</CURRNT_NAMP>
          <TIME>2021-09-27 03:35:08</TIME>
          <TEMP_DEGC>22.500</TEMP_DEGC>
          <AIR_TEMP_DEGC>22.500</AIR_TEMP_DEGC>
          <RH_PRCNT>22.600</RH_PRCNT>
        </DATA>
        <DATA>
          <VOLTS>3.940e-03</VOLTS>
          <CURRNT_NAMP>6.000e+05</CURRNT_NAMP>
          <TIME>2021-09-27 03:35:09</TIME>
          <TEMP_DEGC>22.500</TEMP_DEGC>
          <AIR_TEMP_DEGC>22.500</AIR_TEMP_DEGC>
          <RH_PRCNT>22.600</RH_PRCNT>
        </DATA>
        <DATA>
          <VOLTS>4.330e-03</VOLTS>
          <CURRNT_NAMP>6.500e+05</CURRNT_NAMP>
          <TIME>2021-09-27 03:35:10</TIME>
          <TEMP_DEGC>22.500</TEMP_DEGC>
          <AIR_TEMP_DEGC>22.500</AIR_TEMP_DEGC>
          <RH_PRCNT>22.600</RH_PRCNT>
        </DATA>
        <DATA>
          <VOLTS>4.710e-03</VOLTS>
          <CURRNT_NAMP>7.000e+05</CURRNT_NAMP>
          <TIME>2021-09-27 03:35:11</TIME>
          <TEMP_DEGC>22.500</TEMP_DEGC>
          <AIR_TEMP_DEGC>22.500</AIR_TEMP_DEGC>
          <RH_PRCNT>22.600</RH_PRCNT>
        </DATA>
        <DATA>
          <VOLTS>5.100e-03</VOLTS>
          <CURRNT_NAMP>7.500e+05</CURRNT_NAMP>
          <TIME>2021-09-27 03:35:12</TIME>
          <TEMP_DEGC>22.500</TEMP_DEGC>
          <AIR_TEMP_DEGC>22.500</AIR_TEMP_DEGC>
          <RH_PRCNT>22.600</RH_PRCNT>
        </DATA>
        <DATA>
          <VOLTS>5.490e-03</VOLTS>
          <CURRNT_NAMP>8.000e+05</CURRNT_NAMP>
          <TIME>2021-09-27 03:35:13</TIME>
          <TEMP_DEGC>22.500</TEMP_DEGC>
          <AIR_TEMP_DEGC>22.500</AIR_TEMP_DEGC>
          <RH_PRCNT>22.600</RH_PRCNT>
        </DATA>
        <DATA>
          <VOLTS>5.870e-03</VOLTS>
          <CURRNT_NAMP>8.500e+05</CURRNT_NAMP>
          <TIME>2021-09-27 03:35:14</TIME>
          <TEMP_DEGC>22.500</TEMP_DEGC>
          <AIR_TEMP_DEGC>22.500</AIR_TEMP_DEGC>
          <RH_PRCNT>22.600</RH_PRCNT>
        </DATA>
        <DATA>
          <VOLTS>6.260e-03</VOLTS>
          <CURRNT_NAMP>9.000e+05</CURRNT_NAMP>
          <TIME>2021-09-27 03:35:15</TIME>
          <TEMP_DEGC>22.500</TEMP_DEGC>
          <AIR_TEMP_DEGC>22.500</AIR_TEMP_DEGC>
          <RH_PRCNT>22.600</RH_PRCNT>
        </DATA>
        <DATA>
          <VOLTS>6.650e-03</VOLTS>
          <CURRNT_NAMP>9.500e+05</CURRNT_NAMP>
          <TIME>2021-09-27 03:35:16</TIME>
          <TEMP_DEGC>22.500</TEMP_DEGC>
          <AIR_TEMP_DEGC>22.500</AIR_TEMP_DEGC>
          <RH_PRCNT>22.600</RH_PRCNT>
        </DATA>
        <DATA>
          <VOLTS>7.040e-03</VOLTS>
          <CURRNT_NAMP>1.000e+06</CURRNT_NAMP>
          <TIME>2021-09-27 03:35:17</TIME>
          <TEMP_DEGC>22.500</TEMP_DEGC>
          <AIR_TEMP_DEGC>22.500</AIR_TEMP_DEGC>
          <RH_PRCNT>22.600</RH_PRCNT>
        </DATA>
        <CHILD_DATA_SET>
          <HEADER>
            <TYPE>
              <EXTENSION_TABLE_NAME>HALFMOON_IV_PAR</EXTENSION_TABLE_NAME>
              <NAME>Tracker Halfmoon IV Parameters</NAME>
            </TYPE>
          </HEADER>
          <DATA_SET>
            <COMMENT_DESCRIPTION>Test</COMMENT_DESCRIPTION>
            <VERSION>IV_measurement</VERSION>
            <PART>
              <NAME_LABEL>37400_019_2-S_HM_WW</NAME_LABEL>
              <KIND_OF_PART>2S Halfmoon W</KIND_OF_PART>
            </PART>
            <DATA>
              <RSH_OHMSQR>35.032</RSH_OHMSQR>
              <R_OHM>7.729</R_OHM>
            </DATA>
          </DATA_SET>
        </CHILD_DATA_SET>
      </DATA_SET>
    </CHILD_DATA_SET>
  </DATA_SET>
</ROOT>
