<?xml version="1.0"?>
<ROOT>
  <HEADER>
    <TYPE>
      <EXTENSION_TABLE_NAME>HALFMOON_METADATA</EXTENSION_TABLE_NAME>
      <NAME>Tracker Halfmoon Metadata</NAME>
    </TYPE>
    <RUN mode="SEQUENCE_NUMBER" sequence="TRK_OT_RUN_SEQ">
      <RUN_TYPE>PQC</RUN_TYPE>
      <LOCATION>Demokritos</LOCATION>
      <INITIATED_BY_USER>A. Kyriakis</INITIATED_BY_USER>
      <RUN_BEGIN_TIMESTAMP>2021-09-27 12:32:22</RUN_BEGIN_TIMESTAMP>
      <COMMENT_DESCRIPTION>Test</COMMENT_DESCRIPTION>
    </RUN>
  </HEADER>
  <DATA_SET>
    <COMMENT_DESCRIPTION>Metadata with flute and structure</COMMENT_DESCRIPTION>
    <VERSION>IV_measurement</VERSION>
    <PART>
      <NAME_LABEL>37400_019_2-S_HM_EE</NAME_LABEL>
      <KIND_OF_PART>2S Halfmoon E</KIND_OF_PART>
    </PART>
    <DATA>
      <KIND_OF_HM_FLUTE_ID>PQC1</KIND_OF_HM_FLUTE_ID>
      <KIND_OF_HM_STRUCT_ID>VDP_POLY</KIND_OF_HM_STRUCT_ID>
      <KIND_OF_HM_SET_ID>Left</KIND_OF_HM_SET_ID>
      <KIND_OF_HM_CONFIG_ID>Standard</KIND_OF_HM_CONFIG_ID>
      <EQUIPMENT>KEITHLEY 2410</EQUIPMENT>
      <WAITING_TIME_S>0.200</WAITING_TIME_S>
      <TEMP_SET_DEGC>22.200</TEMP_SET_DEGC>
      <AV_TEMP_DEGC>22.200</AV_TEMP_DEGC>
      <PROCEDURE_TYPE>VDP_POLY</PROCEDURE_TYPE>
      <FILE_NAME>Demokritos_VPX37400_019_2-S_HM_E_Left_PQC1_VDPPoly_s.xml</FILE_NAME>
    </DATA>
    <CHILD_DATA_SET>
      <HEADER>
        <TYPE>
          <EXTENSION_TABLE_NAME>TEST_SENSOR_IV</EXTENSION_TABLE_NAME>
          <NAME>Tracker Halfmoon IV Test</NAME>
        </TYPE>
      </HEADER>
      <DATA_SET>
        <COMMENT_DESCRIPTION>Test</COMMENT_DESCRIPTION>
        <VERSION>IV_measurement</VERSION>
        <PART>
          <NAME_LABEL>37400_019_2-S_HM_EE</NAME_LABEL>
          <KIND_OF_PART>2S Halfmoon E</KIND_OF_PART>
        </PART>
        <DATA>
          <VOLTS>-4.130e-03</VOLTS>
          <CURRNT_NAMP>-1.000e+04</CURRNT_NAMP>
          <TIME>2021-09-27 12:32:22</TIME>
          <TEMP_DEGC>22.200</TEMP_DEGC>
          <AIR_TEMP_DEGC>22.200</AIR_TEMP_DEGC>
          <RH_PRCNT>24.000</RH_PRCNT>
        </DATA>
        <DATA>
          <VOLTS>-4.100e-03</VOLTS>
          <CURRNT_NAMP>-9.500e+03</CURRNT_NAMP>
          <TIME>2021-09-27 12:32:23</TIME>
          <TEMP_DEGC>22.200</TEMP_DEGC>
          <AIR_TEMP_DEGC>22.200</AIR_TEMP_DEGC>
          <RH_PRCNT>24.000</RH_PRCNT>
        </DATA>
        <DATA>
          <VOLTS>-4.020e-03</VOLTS>
          <CURRNT_NAMP>-9.000e+03</CURRNT_NAMP>
          <TIME>2021-09-27 12:32:24</TIME>
          <TEMP_DEGC>22.300</TEMP_DEGC>
          <AIR_TEMP_DEGC>22.300</AIR_TEMP_DEGC>
          <RH_PRCNT>24.000</RH_PRCNT>
        </DATA>
        <DATA>
          <VOLTS>-3.940e-03</VOLTS>
          <CURRNT_NAMP>-8.500e+03</CURRNT_NAMP>
          <TIME>2021-09-27 12:32:25</TIME>
          <TEMP_DEGC>22.200</TEMP_DEGC>
          <AIR_TEMP_DEGC>22.200</AIR_TEMP_DEGC>
          <RH_PRCNT>24.000</RH_PRCNT>
        </DATA>
        <DATA>
          <VOLTS>-3.730e-03</VOLTS>
          <CURRNT_NAMP>-8.000e+03</CURRNT_NAMP>
          <TIME>2021-09-27 12:32:26</TIME>
          <TEMP_DEGC>22.200</TEMP_DEGC>
          <AIR_TEMP_DEGC>22.200</AIR_TEMP_DEGC>
          <RH_PRCNT>24.000</RH_PRCNT>
        </DATA>
        <DATA>
          <VOLTS>-3.500e-03</VOLTS>
          <CURRNT_NAMP>-7.500e+03</CURRNT_NAMP>
          <TIME>2021-09-27 12:32:27</TIME>
          <TEMP_DEGC>22.200</TEMP_DEGC>
          <AIR_TEMP_DEGC>22.200</AIR_TEMP_DEGC>
          <RH_PRCNT>24.000</RH_PRCNT>
        </DATA>
        <DATA>
          <VOLTS>-3.280e-03</VOLTS>
          <CURRNT_NAMP>-7.000e+03</CURRNT_NAMP>
          <TIME>2021-09-27 12:32:28</TIME>
          <TEMP_DEGC>22.200</TEMP_DEGC>
          <AIR_TEMP_DEGC>22.200</AIR_TEMP_DEGC>
          <RH_PRCNT>24.000</RH_PRCNT>
        </DATA>
        <DATA>
          <VOLTS>-3.050e-03</VOLTS>
          <CURRNT_NAMP>-6.500e+03</CURRNT_NAMP>
          <TIME>2021-09-27 12:32:29</TIME>
          <TEMP_DEGC>22.200</TEMP_DEGC>
          <AIR_TEMP_DEGC>22.200</AIR_TEMP_DEGC>
          <RH_PRCNT>24.000</RH_PRCNT>
        </DATA>
        <DATA>
          <VOLTS>-2.840e-03</VOLTS>
          <CURRNT_NAMP>-6.000e+03</CURRNT_NAMP>
          <TIME>2021-09-27 12:32:30</TIME>
          <TEMP_DEGC>22.200</TEMP_DEGC>
          <AIR_TEMP_DEGC>22.200</AIR_TEMP_DEGC>
          <RH_PRCNT>24.000</RH_PRCNT>
        </DATA>
        <DATA>
          <VOLTS>-2.640e-03</VOLTS>
          <CURRNT_NAMP>-5.500e+03</CURRNT_NAMP>
          <TIME>2021-09-27 12:32:31</TIME>
          <TEMP_DEGC>22.200</TEMP_DEGC>
          <AIR_TEMP_DEGC>22.200</AIR_TEMP_DEGC>
          <RH_PRCNT>24.000</RH_PRCNT>
        </DATA>
        <DATA>
          <VOLTS>-2.430e-03</VOLTS>
          <CURRNT_NAMP>-5.000e+03</CURRNT_NAMP>
          <TIME>2021-09-27 12:32:32</TIME>
          <TEMP_DEGC>22.200</TEMP_DEGC>
          <AIR_TEMP_DEGC>22.200</AIR_TEMP_DEGC>
          <RH_PRCNT>24.000</RH_PRCNT>
        </DATA>
        <DATA>
          <VOLTS>-2.220e-03</VOLTS>
          <CURRNT_NAMP>-4.500e+03</CURRNT_NAMP>
          <TIME>2021-09-27 12:32:33</TIME>
          <TEMP_DEGC>22.200</TEMP_DEGC>
          <AIR_TEMP_DEGC>22.200</AIR_TEMP_DEGC>
          <RH_PRCNT>24.000</RH_PRCNT>
        </DATA>
        <DATA>
          <VOLTS>-2.020e-03</VOLTS>
          <CURRNT_NAMP>-4.000e+03</CURRNT_NAMP>
          <TIME>2021-09-27 12:32:34</TIME>
          <TEMP_DEGC>22.200</TEMP_DEGC>
          <AIR_TEMP_DEGC>22.200</AIR_TEMP_DEGC>
          <RH_PRCNT>24.000</RH_PRCNT>
        </DATA>
        <DATA>
          <VOLTS>-1.810e-03</VOLTS>
          <CURRNT_NAMP>-3.500e+03</CURRNT_NAMP>
          <TIME>2021-09-27 12:32:35</TIME>
          <TEMP_DEGC>22.200</TEMP_DEGC>
          <AIR_TEMP_DEGC>22.200</AIR_TEMP_DEGC>
          <RH_PRCNT>24.000</RH_PRCNT>
        </DATA>
        <DATA>
          <VOLTS>-1.600e-03</VOLTS>
          <CURRNT_NAMP>-3.000e+03</CURRNT_NAMP>
          <TIME>2021-09-27 12:32:37</TIME>
          <TEMP_DEGC>22.200</TEMP_DEGC>
          <AIR_TEMP_DEGC>22.200</AIR_TEMP_DEGC>
          <RH_PRCNT>24.000</RH_PRCNT>
        </DATA>
        <DATA>
          <VOLTS>-1.390e-03</VOLTS>
          <CURRNT_NAMP>-2.500e+03</CURRNT_NAMP>
          <TIME>2021-09-27 12:32:38</TIME>
          <TEMP_DEGC>22.200</TEMP_DEGC>
          <AIR_TEMP_DEGC>22.200</AIR_TEMP_DEGC>
          <RH_PRCNT>24.000</RH_PRCNT>
        </DATA>
        <DATA>
          <VOLTS>-1.190e-03</VOLTS>
          <CURRNT_NAMP>-2.000e+03</CURRNT_NAMP>
          <TIME>2021-09-27 12:32:39</TIME>
          <TEMP_DEGC>22.200</TEMP_DEGC>
          <AIR_TEMP_DEGC>22.200</AIR_TEMP_DEGC>
          <RH_PRCNT>24.000</RH_PRCNT>
        </DATA>
        <DATA>
          <VOLTS>-9.800e-04</VOLTS>
          <CURRNT_NAMP>-1.500e+03</CURRNT_NAMP>
          <TIME>2021-09-27 12:32:40</TIME>
          <TEMP_DEGC>22.200</TEMP_DEGC>
          <AIR_TEMP_DEGC>22.200</AIR_TEMP_DEGC>
          <RH_PRCNT>24.000</RH_PRCNT>
        </DATA>
        <DATA>
          <VOLTS>-7.700e-04</VOLTS>
          <CURRNT_NAMP>-1.000e+03</CURRNT_NAMP>
          <TIME>2021-09-27 12:32:41</TIME>
          <TEMP_DEGC>22.200</TEMP_DEGC>
          <AIR_TEMP_DEGC>22.200</AIR_TEMP_DEGC>
          <RH_PRCNT>24.000</RH_PRCNT>
        </DATA>
        <DATA>
          <VOLTS>-5.700e-04</VOLTS>
          <CURRNT_NAMP>-5.000e+02</CURRNT_NAMP>
          <TIME>2021-09-27 12:32:42</TIME>
          <TEMP_DEGC>22.200</TEMP_DEGC>
          <AIR_TEMP_DEGC>22.200</AIR_TEMP_DEGC>
          <RH_PRCNT>24.000</RH_PRCNT>
        </DATA>
        <DATA>
          <VOLTS>-3.600e-04</VOLTS>
          <CURRNT_NAMP>-1.694e-12</CURRNT_NAMP>
          <TIME>2021-09-27 12:32:43</TIME>
          <TEMP_DEGC>22.200</TEMP_DEGC>
          <AIR_TEMP_DEGC>22.200</AIR_TEMP_DEGC>
          <RH_PRCNT>24.000</RH_PRCNT>
        </DATA>
        <DATA>
          <VOLTS>-1.500e-04</VOLTS>
          <CURRNT_NAMP>5.000e+02</CURRNT_NAMP>
          <TIME>2021-09-27 12:32:44</TIME>
          <TEMP_DEGC>22.200</TEMP_DEGC>
          <AIR_TEMP_DEGC>22.200</AIR_TEMP_DEGC>
          <RH_PRCNT>24.000</RH_PRCNT>
        </DATA>
        <DATA>
          <VOLTS>4.000e-05</VOLTS>
          <CURRNT_NAMP>1.000e+03</CURRNT_NAMP>
          <TIME>2021-09-27 12:32:45</TIME>
          <TEMP_DEGC>22.200</TEMP_DEGC>
          <AIR_TEMP_DEGC>22.200</AIR_TEMP_DEGC>
          <RH_PRCNT>24.000</RH_PRCNT>
        </DATA>
        <DATA>
          <VOLTS>2.500e-04</VOLTS>
          <CURRNT_NAMP>1.500e+03</CURRNT_NAMP>
          <TIME>2021-09-27 12:32:46</TIME>
          <TEMP_DEGC>22.200</TEMP_DEGC>
          <AIR_TEMP_DEGC>22.200</AIR_TEMP_DEGC>
          <RH_PRCNT>24.000</RH_PRCNT>
        </DATA>
        <DATA>
          <VOLTS>4.600e-04</VOLTS>
          <CURRNT_NAMP>2.000e+03</CURRNT_NAMP>
          <TIME>2021-09-27 12:32:47</TIME>
          <TEMP_DEGC>22.200</TEMP_DEGC>
          <AIR_TEMP_DEGC>22.200</AIR_TEMP_DEGC>
          <RH_PRCNT>24.000</RH_PRCNT>
        </DATA>
        <DATA>
          <VOLTS>6.600e-04</VOLTS>
          <CURRNT_NAMP>2.500e+03</CURRNT_NAMP>
          <TIME>2021-09-27 12:32:48</TIME>
          <TEMP_DEGC>22.200</TEMP_DEGC>
          <AIR_TEMP_DEGC>22.200</AIR_TEMP_DEGC>
          <RH_PRCNT>24.000</RH_PRCNT>
        </DATA>
        <DATA>
          <VOLTS>8.700e-04</VOLTS>
          <CURRNT_NAMP>3.000e+03</CURRNT_NAMP>
          <TIME>2021-09-27 12:32:49</TIME>
          <TEMP_DEGC>22.300</TEMP_DEGC>
          <AIR_TEMP_DEGC>22.300</AIR_TEMP_DEGC>
          <RH_PRCNT>24.000</RH_PRCNT>
        </DATA>
        <DATA>
          <VOLTS>1.080e-03</VOLTS>
          <CURRNT_NAMP>3.500e+03</CURRNT_NAMP>
          <TIME>2021-09-27 12:32:50</TIME>
          <TEMP_DEGC>22.300</TEMP_DEGC>
          <AIR_TEMP_DEGC>22.300</AIR_TEMP_DEGC>
          <RH_PRCNT>24.000</RH_PRCNT>
        </DATA>
        <DATA>
          <VOLTS>1.280e-03</VOLTS>
          <CURRNT_NAMP>4.000e+03</CURRNT_NAMP>
          <TIME>2021-09-27 12:32:52</TIME>
          <TEMP_DEGC>22.300</TEMP_DEGC>
          <AIR_TEMP_DEGC>22.300</AIR_TEMP_DEGC>
          <RH_PRCNT>24.000</RH_PRCNT>
        </DATA>
        <DATA>
          <VOLTS>1.490e-03</VOLTS>
          <CURRNT_NAMP>4.500e+03</CURRNT_NAMP>
          <TIME>2021-09-27 12:32:53</TIME>
          <TEMP_DEGC>22.300</TEMP_DEGC>
          <AIR_TEMP_DEGC>22.300</AIR_TEMP_DEGC>
          <RH_PRCNT>24.000</RH_PRCNT>
        </DATA>
        <DATA>
          <VOLTS>1.700e-03</VOLTS>
          <CURRNT_NAMP>5.000e+03</CURRNT_NAMP>
          <TIME>2021-09-27 12:32:54</TIME>
          <TEMP_DEGC>22.300</TEMP_DEGC>
          <AIR_TEMP_DEGC>22.300</AIR_TEMP_DEGC>
          <RH_PRCNT>24.000</RH_PRCNT>
        </DATA>
        <DATA>
          <VOLTS>1.900e-03</VOLTS>
          <CURRNT_NAMP>5.500e+03</CURRNT_NAMP>
          <TIME>2021-09-27 12:32:55</TIME>
          <TEMP_DEGC>22.300</TEMP_DEGC>
          <AIR_TEMP_DEGC>22.300</AIR_TEMP_DEGC>
          <RH_PRCNT>24.000</RH_PRCNT>
        </DATA>
        <DATA>
          <VOLTS>2.110e-03</VOLTS>
          <CURRNT_NAMP>6.000e+03</CURRNT_NAMP>
          <TIME>2021-09-27 12:32:56</TIME>
          <TEMP_DEGC>22.300</TEMP_DEGC>
          <AIR_TEMP_DEGC>22.300</AIR_TEMP_DEGC>
          <RH_PRCNT>24.000</RH_PRCNT>
        </DATA>
        <DATA>
          <VOLTS>2.310e-03</VOLTS>
          <CURRNT_NAMP>6.500e+03</CURRNT_NAMP>
          <TIME>2021-09-27 12:32:57</TIME>
          <TEMP_DEGC>22.200</TEMP_DEGC>
          <AIR_TEMP_DEGC>22.200</AIR_TEMP_DEGC>
          <RH_PRCNT>24.000</RH_PRCNT>
        </DATA>
        <DATA>
          <VOLTS>2.520e-03</VOLTS>
          <CURRNT_NAMP>7.000e+03</CURRNT_NAMP>
          <TIME>2021-09-27 12:32:58</TIME>
          <TEMP_DEGC>22.300</TEMP_DEGC>
          <AIR_TEMP_DEGC>22.300</AIR_TEMP_DEGC>
          <RH_PRCNT>24.000</RH_PRCNT>
        </DATA>
        <DATA>
          <VOLTS>2.730e-03</VOLTS>
          <CURRNT_NAMP>7.500e+03</CURRNT_NAMP>
          <TIME>2021-09-27 12:32:59</TIME>
          <TEMP_DEGC>22.200</TEMP_DEGC>
          <AIR_TEMP_DEGC>22.200</AIR_TEMP_DEGC>
          <RH_PRCNT>24.000</RH_PRCNT>
        </DATA>
        <DATA>
          <VOLTS>2.940e-03</VOLTS>
          <CURRNT_NAMP>8.000e+03</CURRNT_NAMP>
          <TIME>2021-09-27 12:33:00</TIME>
          <TEMP_DEGC>22.300</TEMP_DEGC>
          <AIR_TEMP_DEGC>22.300</AIR_TEMP_DEGC>
          <RH_PRCNT>24.000</RH_PRCNT>
        </DATA>
        <DATA>
          <VOLTS>3.140e-03</VOLTS>
          <CURRNT_NAMP>8.500e+03</CURRNT_NAMP>
          <TIME>2021-09-27 12:33:01</TIME>
          <TEMP_DEGC>22.300</TEMP_DEGC>
          <AIR_TEMP_DEGC>22.300</AIR_TEMP_DEGC>
          <RH_PRCNT>24.000</RH_PRCNT>
        </DATA>
        <DATA>
          <VOLTS>3.350e-03</VOLTS>
          <CURRNT_NAMP>9.000e+03</CURRNT_NAMP>
          <TIME>2021-09-27 12:33:02</TIME>
          <TEMP_DEGC>22.200</TEMP_DEGC>
          <AIR_TEMP_DEGC>22.200</AIR_TEMP_DEGC>
          <RH_PRCNT>24.000</RH_PRCNT>
        </DATA>
        <DATA>
          <VOLTS>3.560e-03</VOLTS>
          <CURRNT_NAMP>9.500e+03</CURRNT_NAMP>
          <TIME>2021-09-27 12:33:03</TIME>
          <TEMP_DEGC>22.300</TEMP_DEGC>
          <AIR_TEMP_DEGC>22.300</AIR_TEMP_DEGC>
          <RH_PRCNT>24.000</RH_PRCNT>
        </DATA>
        <DATA>
          <VOLTS>3.760e-03</VOLTS>
          <CURRNT_NAMP>1.000e+04</CURRNT_NAMP>
          <TIME>2021-09-27 12:33:04</TIME>
          <TEMP_DEGC>22.200</TEMP_DEGC>
          <AIR_TEMP_DEGC>22.200</AIR_TEMP_DEGC>
          <RH_PRCNT>24.000</RH_PRCNT>
        </DATA>
        <CHILD_DATA_SET>
          <HEADER>
            <TYPE>
              <EXTENSION_TABLE_NAME>HALFMOON_IV_PAR</EXTENSION_TABLE_NAME>
              <NAME>Tracker Halfmoon IV Parameters</NAME>
            </TYPE>
          </HEADER>
          <DATA_SET>
            <COMMENT_DESCRIPTION>Test</COMMENT_DESCRIPTION>
            <VERSION>IV_measurement</VERSION>
            <PART>
              <NAME_LABEL>37400_019_2-S_HM_EE</NAME_LABEL>
              <KIND_OF_PART>2S Halfmoon E</KIND_OF_PART>
            </PART>
            <DATA>
              <RSH_OHMSQR>1877.319</RSH_OHMSQR>
              <R_OHM>414.203</R_OHM>
            </DATA>
          </DATA_SET>
        </CHILD_DATA_SET>
      </DATA_SET>
    </CHILD_DATA_SET>
  </DATA_SET>
</ROOT>
