<?xml version="1.0"?>
<ROOT>
  <HEADER>
    <TYPE>
      <EXTENSION_TABLE_NAME>HALFMOON_METADATA</EXTENSION_TABLE_NAME>
      <NAME>Tracker Halfmoon Metadata</NAME>
    </TYPE>
    <RUN mode="SEQUENCE_NUMBER" sequence="TRK_OT_RUN_SEQ">
      <RUN_TYPE>PQC</RUN_TYPE>
      <LOCATION>Demokritos</LOCATION>
      <INITIATED_BY_USER>A.Kyriakis</INITIATED_BY_USER>
      <RUN_BEGIN_TIMESTAMP>2021-09-27 12:42:33</RUN_BEGIN_TIMESTAMP>
      <COMMENT_DESCRIPTION>Test</COMMENT_DESCRIPTION>
    </RUN>
  </HEADER>
  <DATA_SET>
    <COMMENT_DESCRIPTION>Metadata with flute and structure</COMMENT_DESCRIPTION>
    <VERSION>CV-measurement</VERSION>
    <PART>
      <NAME_LABEL>37400_019_2-S_HM_EE</NAME_LABEL>
      <KIND_OF_PART>2S Halfmoon E</KIND_OF_PART>
    </PART>
    <DATA>
      <KIND_OF_HM_FLUTE_ID>PQC1</KIND_OF_HM_FLUTE_ID>
      <KIND_OF_HM_STRUCT_ID>CAP_W</KIND_OF_HM_STRUCT_ID>
      <KIND_OF_HM_SET_ID>Left</KIND_OF_HM_SET_ID>
      <KIND_OF_HM_CONFIG_ID>Not Used</KIND_OF_HM_CONFIG_ID>
      <EQUIPMENT>HP 4192A</EQUIPMENT>
      <WAITING_TIME_S>0.1000</WAITING_TIME_S>
      <AC_FREQ_HZ>10000.00000</AC_FREQ_HZ>
      <AC_AMPL_V>0.250</AC_AMPL_V>
      <TEMP_SET_DEGC>22.300</TEMP_SET_DEGC>
      <AV_TEMP_DEGC>22.300</AV_TEMP_DEGC>
      <PROCEDURE_TYPE>Cap1</PROCEDURE_TYPE>
      <FILE_NAME>Demokritos_VPX37400_019_2-S_HM_E_Left_PQC1_CapW_CV.xml</FILE_NAME>
    </DATA>
    <CHILD_DATA_SET>
      <HEADER>
        <TYPE>
          <EXTENSION_TABLE_NAME>TEST_SENSOR_CV</EXTENSION_TABLE_NAME>
          <NAME>Tracker Halfmoon CV Test</NAME>
        </TYPE>
      </HEADER>
      <DATA_SET>
        <COMMENT_DESCRIPTION>Test</COMMENT_DESCRIPTION>
        <VERSION>CV-measurement</VERSION>
        <PART>
          <NAME_LABEL>37400_019_2-S_HM_EE</NAME_LABEL>
          <KIND_OF_PART>2S Halfmoon E</KIND_OF_PART>
        </PART>
        <DATA>
          <VOLTS>-5.000</VOLTS>
          <CAPCTNC_PFRD>2.410</CAPCTNC_PFRD>
          <RESSTNC_MOHM>-333.333</RESSTNC_MOHM>
          <TIME>2021-09-27 12:42:33</TIME>
          <TEMP_DEGC>22.300</TEMP_DEGC>
          <AIR_TEMP_DEGC>22.300</AIR_TEMP_DEGC>
          <RH_PRCNT>23.100</RH_PRCNT>
        </DATA>
        <DATA>
          <VOLTS>-4.900</VOLTS>
          <CAPCTNC_PFRD>2.480</CAPCTNC_PFRD>
          <RESSTNC_MOHM>40.000</RESSTNC_MOHM>
          <TIME>2021-09-27 12:42:34</TIME>
          <TEMP_DEGC>22.300</TEMP_DEGC>
          <AIR_TEMP_DEGC>22.300</AIR_TEMP_DEGC>
          <RH_PRCNT>23.100</RH_PRCNT>
        </DATA>
        <DATA>
          <VOLTS>-4.800</VOLTS>
          <CAPCTNC_PFRD>2.530</CAPCTNC_PFRD>
          <RESSTNC_MOHM>333.333</RESSTNC_MOHM>
          <TIME>2021-09-27 12:42:35</TIME>
          <TEMP_DEGC>22.300</TEMP_DEGC>
          <AIR_TEMP_DEGC>22.300</AIR_TEMP_DEGC>
          <RH_PRCNT>23.100</RH_PRCNT>
        </DATA>
        <DATA>
          <VOLTS>-4.700</VOLTS>
          <CAPCTNC_PFRD>2.570</CAPCTNC_PFRD>
          <RESSTNC_MOHM>62.500</RESSTNC_MOHM>
          <TIME>2021-09-27 12:42:36</TIME>
          <TEMP_DEGC>22.300</TEMP_DEGC>
          <AIR_TEMP_DEGC>22.300</AIR_TEMP_DEGC>
          <RH_PRCNT>23.100</RH_PRCNT>
        </DATA>
        <DATA>
          <VOLTS>-4.600</VOLTS>
          <CAPCTNC_PFRD>2.580</CAPCTNC_PFRD>
          <RESSTNC_MOHM>166.667</RESSTNC_MOHM>
          <TIME>2021-09-27 12:42:38</TIME>
          <TEMP_DEGC>22.300</TEMP_DEGC>
          <AIR_TEMP_DEGC>22.300</AIR_TEMP_DEGC>
          <RH_PRCNT>23.100</RH_PRCNT>
        </DATA>
        <DATA>
          <VOLTS>-4.500</VOLTS>
          <CAPCTNC_PFRD>2.550</CAPCTNC_PFRD>
          <RESSTNC_MOHM>55.556</RESSTNC_MOHM>
          <TIME>2021-09-27 12:42:39</TIME>
          <TEMP_DEGC>22.300</TEMP_DEGC>
          <AIR_TEMP_DEGC>22.300</AIR_TEMP_DEGC>
          <RH_PRCNT>23.100</RH_PRCNT>
        </DATA>
        <DATA>
          <VOLTS>-4.400</VOLTS>
          <CAPCTNC_PFRD>2.680</CAPCTNC_PFRD>
          <RESSTNC_MOHM>90.909</RESSTNC_MOHM>
          <TIME>2021-09-27 12:42:40</TIME>
          <TEMP_DEGC>22.300</TEMP_DEGC>
          <AIR_TEMP_DEGC>22.300</AIR_TEMP_DEGC>
          <RH_PRCNT>23.100</RH_PRCNT>
        </DATA>
        <DATA>
          <VOLTS>-4.300</VOLTS>
          <CAPCTNC_PFRD>2.360</CAPCTNC_PFRD>
          <RESSTNC_MOHM>250.000</RESSTNC_MOHM>
          <TIME>2021-09-27 12:42:41</TIME>
          <TEMP_DEGC>22.300</TEMP_DEGC>
          <AIR_TEMP_DEGC>22.300</AIR_TEMP_DEGC>
          <RH_PRCNT>23.100</RH_PRCNT>
        </DATA>
        <DATA>
          <VOLTS>-4.200</VOLTS>
          <CAPCTNC_PFRD>2.390</CAPCTNC_PFRD>
          <RESSTNC_MOHM>200.000</RESSTNC_MOHM>
          <TIME>2021-09-27 12:42:42</TIME>
          <TEMP_DEGC>22.300</TEMP_DEGC>
          <AIR_TEMP_DEGC>22.300</AIR_TEMP_DEGC>
          <RH_PRCNT>23.100</RH_PRCNT>
        </DATA>
        <DATA>
          <VOLTS>-4.100</VOLTS>
          <CAPCTNC_PFRD>2.520</CAPCTNC_PFRD>
          <RESSTNC_MOHM>250.000</RESSTNC_MOHM>
          <TIME>2021-09-27 12:42:43</TIME>
          <TEMP_DEGC>22.300</TEMP_DEGC>
          <AIR_TEMP_DEGC>22.300</AIR_TEMP_DEGC>
          <RH_PRCNT>23.100</RH_PRCNT>
        </DATA>
        <DATA>
          <VOLTS>-4.000</VOLTS>
          <CAPCTNC_PFRD>2.550</CAPCTNC_PFRD>
          <RESSTNC_MOHM>166.667</RESSTNC_MOHM>
          <TIME>2021-09-27 12:42:44</TIME>
          <TEMP_DEGC>22.300</TEMP_DEGC>
          <AIR_TEMP_DEGC>22.300</AIR_TEMP_DEGC>
          <RH_PRCNT>23.100</RH_PRCNT>
        </DATA>
        <DATA>
          <VOLTS>-3.900</VOLTS>
          <CAPCTNC_PFRD>2.160</CAPCTNC_PFRD>
          <RESSTNC_MOHM>50.000</RESSTNC_MOHM>
          <TIME>2021-09-27 12:42:45</TIME>
          <TEMP_DEGC>22.300</TEMP_DEGC>
          <AIR_TEMP_DEGC>22.300</AIR_TEMP_DEGC>
          <RH_PRCNT>23.100</RH_PRCNT>
        </DATA>
        <DATA>
          <VOLTS>-3.800</VOLTS>
          <CAPCTNC_PFRD>2.580</CAPCTNC_PFRD>
          <RESSTNC_MOHM>66.667</RESSTNC_MOHM>
          <TIME>2021-09-27 12:42:46</TIME>
          <TEMP_DEGC>22.300</TEMP_DEGC>
          <AIR_TEMP_DEGC>22.300</AIR_TEMP_DEGC>
          <RH_PRCNT>23.100</RH_PRCNT>
        </DATA>
        <DATA>
          <VOLTS>-3.700</VOLTS>
          <CAPCTNC_PFRD>2.480</CAPCTNC_PFRD>
          <RESSTNC_MOHM>71.429</RESSTNC_MOHM>
          <TIME>2021-09-27 12:42:47</TIME>
          <TEMP_DEGC>22.300</TEMP_DEGC>
          <AIR_TEMP_DEGC>22.300</AIR_TEMP_DEGC>
          <RH_PRCNT>23.100</RH_PRCNT>
        </DATA>
        <DATA>
          <VOLTS>-3.600</VOLTS>
          <CAPCTNC_PFRD>2.550</CAPCTNC_PFRD>
          <RESSTNC_MOHM>25.641</RESSTNC_MOHM>
          <TIME>2021-09-27 12:42:48</TIME>
          <TEMP_DEGC>22.300</TEMP_DEGC>
          <AIR_TEMP_DEGC>22.300</AIR_TEMP_DEGC>
          <RH_PRCNT>23.100</RH_PRCNT>
        </DATA>
        <DATA>
          <VOLTS>-3.500</VOLTS>
          <CAPCTNC_PFRD>2.580</CAPCTNC_PFRD>
          <RESSTNC_MOHM>0.000</RESSTNC_MOHM>
          <TIME>2021-09-27 12:42:49</TIME>
          <TEMP_DEGC>22.300</TEMP_DEGC>
          <AIR_TEMP_DEGC>22.300</AIR_TEMP_DEGC>
          <RH_PRCNT>23.100</RH_PRCNT>
        </DATA>
        <DATA>
          <VOLTS>-3.400</VOLTS>
          <CAPCTNC_PFRD>2.480</CAPCTNC_PFRD>
          <RESSTNC_MOHM>-250.000</RESSTNC_MOHM>
          <TIME>2021-09-27 12:42:50</TIME>
          <TEMP_DEGC>22.300</TEMP_DEGC>
          <AIR_TEMP_DEGC>22.300</AIR_TEMP_DEGC>
          <RH_PRCNT>23.100</RH_PRCNT>
        </DATA>
        <DATA>
          <VOLTS>-3.300</VOLTS>
          <CAPCTNC_PFRD>2.670</CAPCTNC_PFRD>
          <RESSTNC_MOHM>58.824</RESSTNC_MOHM>
          <TIME>2021-09-27 12:42:51</TIME>
          <TEMP_DEGC>22.300</TEMP_DEGC>
          <AIR_TEMP_DEGC>22.300</AIR_TEMP_DEGC>
          <RH_PRCNT>23.100</RH_PRCNT>
        </DATA>
        <DATA>
          <VOLTS>-3.200</VOLTS>
          <CAPCTNC_PFRD>2.600</CAPCTNC_PFRD>
          <RESSTNC_MOHM>38.462</RESSTNC_MOHM>
          <TIME>2021-09-27 12:42:52</TIME>
          <TEMP_DEGC>22.300</TEMP_DEGC>
          <AIR_TEMP_DEGC>22.300</AIR_TEMP_DEGC>
          <RH_PRCNT>23.100</RH_PRCNT>
        </DATA>
        <DATA>
          <VOLTS>-3.100</VOLTS>
          <CAPCTNC_PFRD>2.460</CAPCTNC_PFRD>
          <RESSTNC_MOHM>166.667</RESSTNC_MOHM>
          <TIME>2021-09-27 12:42:54</TIME>
          <TEMP_DEGC>22.300</TEMP_DEGC>
          <AIR_TEMP_DEGC>22.300</AIR_TEMP_DEGC>
          <RH_PRCNT>23.100</RH_PRCNT>
        </DATA>
        <DATA>
          <VOLTS>-3.000</VOLTS>
          <CAPCTNC_PFRD>2.590</CAPCTNC_PFRD>
          <RESSTNC_MOHM>55.556</RESSTNC_MOHM>
          <TIME>2021-09-27 12:42:55</TIME>
          <TEMP_DEGC>22.300</TEMP_DEGC>
          <AIR_TEMP_DEGC>22.300</AIR_TEMP_DEGC>
          <RH_PRCNT>23.100</RH_PRCNT>
        </DATA>
        <DATA>
          <VOLTS>-2.900</VOLTS>
          <CAPCTNC_PFRD>2.330</CAPCTNC_PFRD>
          <RESSTNC_MOHM>200.000</RESSTNC_MOHM>
          <TIME>2021-09-27 12:42:56</TIME>
          <TEMP_DEGC>22.300</TEMP_DEGC>
          <AIR_TEMP_DEGC>22.300</AIR_TEMP_DEGC>
          <RH_PRCNT>23.100</RH_PRCNT>
        </DATA>
        <DATA>
          <VOLTS>-2.800</VOLTS>
          <CAPCTNC_PFRD>2.460</CAPCTNC_PFRD>
          <RESSTNC_MOHM>111.111</RESSTNC_MOHM>
          <TIME>2021-09-27 12:42:57</TIME>
          <TEMP_DEGC>22.300</TEMP_DEGC>
          <AIR_TEMP_DEGC>22.300</AIR_TEMP_DEGC>
          <RH_PRCNT>23.100</RH_PRCNT>
        </DATA>
        <DATA>
          <VOLTS>-2.700</VOLTS>
          <CAPCTNC_PFRD>2.470</CAPCTNC_PFRD>
          <RESSTNC_MOHM>111.111</RESSTNC_MOHM>
          <TIME>2021-09-27 12:42:58</TIME>
          <TEMP_DEGC>22.300</TEMP_DEGC>
          <AIR_TEMP_DEGC>22.300</AIR_TEMP_DEGC>
          <RH_PRCNT>23.100</RH_PRCNT>
        </DATA>
        <DATA>
          <VOLTS>-2.600</VOLTS>
          <CAPCTNC_PFRD>2.240</CAPCTNC_PFRD>
          <RESSTNC_MOHM>500.000</RESSTNC_MOHM>
          <TIME>2021-09-27 12:42:59</TIME>
          <TEMP_DEGC>22.300</TEMP_DEGC>
          <AIR_TEMP_DEGC>22.300</AIR_TEMP_DEGC>
          <RH_PRCNT>23.100</RH_PRCNT>
        </DATA>
        <DATA>
          <VOLTS>-2.500</VOLTS>
          <CAPCTNC_PFRD>2.200</CAPCTNC_PFRD>
          <RESSTNC_MOHM>90.909</RESSTNC_MOHM>
          <TIME>2021-09-27 12:43:00</TIME>
          <TEMP_DEGC>22.300</TEMP_DEGC>
          <AIR_TEMP_DEGC>22.300</AIR_TEMP_DEGC>
          <RH_PRCNT>23.100</RH_PRCNT>
        </DATA>
        <DATA>
          <VOLTS>-2.400</VOLTS>
          <CAPCTNC_PFRD>2.560</CAPCTNC_PFRD>
          <RESSTNC_MOHM>500.000</RESSTNC_MOHM>
          <TIME>2021-09-27 12:43:01</TIME>
          <TEMP_DEGC>22.300</TEMP_DEGC>
          <AIR_TEMP_DEGC>22.300</AIR_TEMP_DEGC>
          <RH_PRCNT>23.100</RH_PRCNT>
        </DATA>
        <DATA>
          <VOLTS>-2.300</VOLTS>
          <CAPCTNC_PFRD>2.170</CAPCTNC_PFRD>
          <RESSTNC_MOHM>90.909</RESSTNC_MOHM>
          <TIME>2021-09-27 12:43:02</TIME>
          <TEMP_DEGC>22.300</TEMP_DEGC>
          <AIR_TEMP_DEGC>22.300</AIR_TEMP_DEGC>
          <RH_PRCNT>23.100</RH_PRCNT>
        </DATA>
        <DATA>
          <VOLTS>-2.200</VOLTS>
          <CAPCTNC_PFRD>2.560</CAPCTNC_PFRD>
          <RESSTNC_MOHM>250.000</RESSTNC_MOHM>
          <TIME>2021-09-27 12:43:03</TIME>
          <TEMP_DEGC>22.300</TEMP_DEGC>
          <AIR_TEMP_DEGC>22.300</AIR_TEMP_DEGC>
          <RH_PRCNT>23.100</RH_PRCNT>
        </DATA>
        <DATA>
          <VOLTS>-2.100</VOLTS>
          <CAPCTNC_PFRD>2.390</CAPCTNC_PFRD>
          <RESSTNC_MOHM>-500.000</RESSTNC_MOHM>
          <TIME>2021-09-27 12:43:04</TIME>
          <TEMP_DEGC>22.300</TEMP_DEGC>
          <AIR_TEMP_DEGC>22.300</AIR_TEMP_DEGC>
          <RH_PRCNT>23.100</RH_PRCNT>
        </DATA>
        <DATA>
          <VOLTS>-2.000</VOLTS>
          <CAPCTNC_PFRD>2.470</CAPCTNC_PFRD>
          <RESSTNC_MOHM>58.824</RESSTNC_MOHM>
          <TIME>2021-09-27 12:43:05</TIME>
          <TEMP_DEGC>22.300</TEMP_DEGC>
          <AIR_TEMP_DEGC>22.300</AIR_TEMP_DEGC>
          <RH_PRCNT>23.100</RH_PRCNT>
        </DATA>
        <DATA>
          <VOLTS>-1.900</VOLTS>
          <CAPCTNC_PFRD>2.360</CAPCTNC_PFRD>
          <RESSTNC_MOHM>-500.000</RESSTNC_MOHM>
          <TIME>2021-09-27 12:43:06</TIME>
          <TEMP_DEGC>22.300</TEMP_DEGC>
          <AIR_TEMP_DEGC>22.300</AIR_TEMP_DEGC>
          <RH_PRCNT>23.100</RH_PRCNT>
        </DATA>
        <DATA>
          <VOLTS>-1.800</VOLTS>
          <CAPCTNC_PFRD>2.590</CAPCTNC_PFRD>
          <RESSTNC_MOHM>142.857</RESSTNC_MOHM>
          <TIME>2021-09-27 12:43:07</TIME>
          <TEMP_DEGC>22.300</TEMP_DEGC>
          <AIR_TEMP_DEGC>22.300</AIR_TEMP_DEGC>
          <RH_PRCNT>23.100</RH_PRCNT>
        </DATA>
        <DATA>
          <VOLTS>-1.700</VOLTS>
          <CAPCTNC_PFRD>2.830</CAPCTNC_PFRD>
          <RESSTNC_MOHM>333.333</RESSTNC_MOHM>
          <TIME>2021-09-27 12:43:08</TIME>
          <TEMP_DEGC>22.300</TEMP_DEGC>
          <AIR_TEMP_DEGC>22.300</AIR_TEMP_DEGC>
          <RH_PRCNT>23.200</RH_PRCNT>
        </DATA>
        <DATA>
          <VOLTS>-1.600</VOLTS>
          <CAPCTNC_PFRD>2.600</CAPCTNC_PFRD>
          <RESSTNC_MOHM>66.667</RESSTNC_MOHM>
          <TIME>2021-09-27 12:43:10</TIME>
          <TEMP_DEGC>22.300</TEMP_DEGC>
          <AIR_TEMP_DEGC>22.300</AIR_TEMP_DEGC>
          <RH_PRCNT>23.100</RH_PRCNT>
        </DATA>
        <DATA>
          <VOLTS>-1.500</VOLTS>
          <CAPCTNC_PFRD>2.510</CAPCTNC_PFRD>
          <RESSTNC_MOHM>83.333</RESSTNC_MOHM>
          <TIME>2021-09-27 12:43:11</TIME>
          <TEMP_DEGC>22.300</TEMP_DEGC>
          <AIR_TEMP_DEGC>22.300</AIR_TEMP_DEGC>
          <RH_PRCNT>23.100</RH_PRCNT>
        </DATA>
        <DATA>
          <VOLTS>-1.400</VOLTS>
          <CAPCTNC_PFRD>2.440</CAPCTNC_PFRD>
          <RESSTNC_MOHM>-83.333</RESSTNC_MOHM>
          <TIME>2021-09-27 12:43:12</TIME>
          <TEMP_DEGC>22.300</TEMP_DEGC>
          <AIR_TEMP_DEGC>22.300</AIR_TEMP_DEGC>
          <RH_PRCNT>23.100</RH_PRCNT>
        </DATA>
        <DATA>
          <VOLTS>-1.300</VOLTS>
          <CAPCTNC_PFRD>2.530</CAPCTNC_PFRD>
          <RESSTNC_MOHM>333.333</RESSTNC_MOHM>
          <TIME>2021-09-27 12:43:13</TIME>
          <TEMP_DEGC>22.300</TEMP_DEGC>
          <AIR_TEMP_DEGC>22.300</AIR_TEMP_DEGC>
          <RH_PRCNT>23.100</RH_PRCNT>
        </DATA>
        <DATA>
          <VOLTS>-1.200</VOLTS>
          <CAPCTNC_PFRD>2.400</CAPCTNC_PFRD>
          <RESSTNC_MOHM>66.667</RESSTNC_MOHM>
          <TIME>2021-09-27 12:43:14</TIME>
          <TEMP_DEGC>22.300</TEMP_DEGC>
          <AIR_TEMP_DEGC>22.300</AIR_TEMP_DEGC>
          <RH_PRCNT>23.100</RH_PRCNT>
        </DATA>
        <DATA>
          <VOLTS>-1.100</VOLTS>
          <CAPCTNC_PFRD>2.200</CAPCTNC_PFRD>
          <RESSTNC_MOHM>0.000</RESSTNC_MOHM>
          <TIME>2021-09-27 12:43:15</TIME>
          <TEMP_DEGC>22.300</TEMP_DEGC>
          <AIR_TEMP_DEGC>22.300</AIR_TEMP_DEGC>
          <RH_PRCNT>23.100</RH_PRCNT>
        </DATA>
        <DATA>
          <VOLTS>-1.000</VOLTS>
          <CAPCTNC_PFRD>2.550</CAPCTNC_PFRD>
          <RESSTNC_MOHM>76.923</RESSTNC_MOHM>
          <TIME>2021-09-27 12:43:16</TIME>
          <TEMP_DEGC>22.300</TEMP_DEGC>
          <AIR_TEMP_DEGC>22.300</AIR_TEMP_DEGC>
          <RH_PRCNT>23.100</RH_PRCNT>
        </DATA>
        <DATA>
          <VOLTS>-0.900</VOLTS>
          <CAPCTNC_PFRD>2.460</CAPCTNC_PFRD>
          <RESSTNC_MOHM>71.429</RESSTNC_MOHM>
          <TIME>2021-09-27 12:43:17</TIME>
          <TEMP_DEGC>22.300</TEMP_DEGC>
          <AIR_TEMP_DEGC>22.300</AIR_TEMP_DEGC>
          <RH_PRCNT>23.100</RH_PRCNT>
        </DATA>
        <DATA>
          <VOLTS>-0.800</VOLTS>
          <CAPCTNC_PFRD>2.520</CAPCTNC_PFRD>
          <RESSTNC_MOHM>1000.000</RESSTNC_MOHM>
          <TIME>2021-09-27 12:43:18</TIME>
          <TEMP_DEGC>22.300</TEMP_DEGC>
          <AIR_TEMP_DEGC>22.300</AIR_TEMP_DEGC>
          <RH_PRCNT>23.100</RH_PRCNT>
        </DATA>
        <DATA>
          <VOLTS>-0.700</VOLTS>
          <CAPCTNC_PFRD>2.610</CAPCTNC_PFRD>
          <RESSTNC_MOHM>0.000</RESSTNC_MOHM>
          <TIME>2021-09-27 12:43:19</TIME>
          <TEMP_DEGC>22.300</TEMP_DEGC>
          <AIR_TEMP_DEGC>22.300</AIR_TEMP_DEGC>
          <RH_PRCNT>23.100</RH_PRCNT>
        </DATA>
        <DATA>
          <VOLTS>-0.600</VOLTS>
          <CAPCTNC_PFRD>2.130</CAPCTNC_PFRD>
          <RESSTNC_MOHM>333.333</RESSTNC_MOHM>
          <TIME>2021-09-27 12:43:20</TIME>
          <TEMP_DEGC>22.300</TEMP_DEGC>
          <AIR_TEMP_DEGC>22.300</AIR_TEMP_DEGC>
          <RH_PRCNT>23.100</RH_PRCNT>
        </DATA>
        <DATA>
          <VOLTS>-0.500</VOLTS>
          <CAPCTNC_PFRD>2.250</CAPCTNC_PFRD>
          <RESSTNC_MOHM>250.000</RESSTNC_MOHM>
          <TIME>2021-09-27 12:43:21</TIME>
          <TEMP_DEGC>22.300</TEMP_DEGC>
          <AIR_TEMP_DEGC>22.300</AIR_TEMP_DEGC>
          <RH_PRCNT>23.100</RH_PRCNT>
        </DATA>
        <DATA>
          <VOLTS>-0.400</VOLTS>
          <CAPCTNC_PFRD>2.570</CAPCTNC_PFRD>
          <RESSTNC_MOHM>-43.478</RESSTNC_MOHM>
          <TIME>2021-09-27 12:43:22</TIME>
          <TEMP_DEGC>22.300</TEMP_DEGC>
          <AIR_TEMP_DEGC>22.300</AIR_TEMP_DEGC>
          <RH_PRCNT>23.200</RH_PRCNT>
        </DATA>
        <DATA>
          <VOLTS>-0.300</VOLTS>
          <CAPCTNC_PFRD>2.360</CAPCTNC_PFRD>
          <RESSTNC_MOHM>90.909</RESSTNC_MOHM>
          <TIME>2021-09-27 12:43:23</TIME>
          <TEMP_DEGC>22.300</TEMP_DEGC>
          <AIR_TEMP_DEGC>22.300</AIR_TEMP_DEGC>
          <RH_PRCNT>23.100</RH_PRCNT>
        </DATA>
        <DATA>
          <VOLTS>-0.200</VOLTS>
          <CAPCTNC_PFRD>2.500</CAPCTNC_PFRD>
          <RESSTNC_MOHM>250.000</RESSTNC_MOHM>
          <TIME>2021-09-27 12:43:25</TIME>
          <TEMP_DEGC>22.300</TEMP_DEGC>
          <AIR_TEMP_DEGC>22.300</AIR_TEMP_DEGC>
          <RH_PRCNT>23.100</RH_PRCNT>
        </DATA>
        <DATA>
          <VOLTS>-0.100</VOLTS>
          <CAPCTNC_PFRD>2.450</CAPCTNC_PFRD>
          <RESSTNC_MOHM>50.000</RESSTNC_MOHM>
          <TIME>2021-09-27 12:43:26</TIME>
          <TEMP_DEGC>22.300</TEMP_DEGC>
          <AIR_TEMP_DEGC>22.300</AIR_TEMP_DEGC>
          <RH_PRCNT>23.100</RH_PRCNT>
        </DATA>
        <DATA>
          <VOLTS>0.000</VOLTS>
          <CAPCTNC_PFRD>2.370</CAPCTNC_PFRD>
          <RESSTNC_MOHM>0.000</RESSTNC_MOHM>
          <TIME>2021-09-27 12:43:27</TIME>
          <TEMP_DEGC>22.300</TEMP_DEGC>
          <AIR_TEMP_DEGC>22.300</AIR_TEMP_DEGC>
          <RH_PRCNT>23.100</RH_PRCNT>
        </DATA>
        <DATA>
          <VOLTS>0.100</VOLTS>
          <CAPCTNC_PFRD>2.370</CAPCTNC_PFRD>
          <RESSTNC_MOHM>166.667</RESSTNC_MOHM>
          <TIME>2021-09-27 12:43:28</TIME>
          <TEMP_DEGC>22.300</TEMP_DEGC>
          <AIR_TEMP_DEGC>22.300</AIR_TEMP_DEGC>
          <RH_PRCNT>23.100</RH_PRCNT>
        </DATA>
        <DATA>
          <VOLTS>0.200</VOLTS>
          <CAPCTNC_PFRD>2.410</CAPCTNC_PFRD>
          <RESSTNC_MOHM>250.000</RESSTNC_MOHM>
          <TIME>2021-09-27 12:43:29</TIME>
          <TEMP_DEGC>22.300</TEMP_DEGC>
          <AIR_TEMP_DEGC>22.300</AIR_TEMP_DEGC>
          <RH_PRCNT>23.100</RH_PRCNT>
        </DATA>
        <DATA>
          <VOLTS>0.300</VOLTS>
          <CAPCTNC_PFRD>2.430</CAPCTNC_PFRD>
          <RESSTNC_MOHM>0.000</RESSTNC_MOHM>
          <TIME>2021-09-27 12:43:30</TIME>
          <TEMP_DEGC>22.300</TEMP_DEGC>
          <AIR_TEMP_DEGC>22.300</AIR_TEMP_DEGC>
          <RH_PRCNT>23.100</RH_PRCNT>
        </DATA>
        <DATA>
          <VOLTS>0.400</VOLTS>
          <CAPCTNC_PFRD>2.140</CAPCTNC_PFRD>
          <RESSTNC_MOHM>83.333</RESSTNC_MOHM>
          <TIME>2021-09-27 12:43:31</TIME>
          <TEMP_DEGC>22.300</TEMP_DEGC>
          <AIR_TEMP_DEGC>22.300</AIR_TEMP_DEGC>
          <RH_PRCNT>23.100</RH_PRCNT>
        </DATA>
        <DATA>
          <VOLTS>0.500</VOLTS>
          <CAPCTNC_PFRD>2.390</CAPCTNC_PFRD>
          <RESSTNC_MOHM>90.909</RESSTNC_MOHM>
          <TIME>2021-09-27 12:43:32</TIME>
          <TEMP_DEGC>22.300</TEMP_DEGC>
          <AIR_TEMP_DEGC>22.300</AIR_TEMP_DEGC>
          <RH_PRCNT>23.100</RH_PRCNT>
        </DATA>
        <DATA>
          <VOLTS>0.600</VOLTS>
          <CAPCTNC_PFRD>2.200</CAPCTNC_PFRD>
          <RESSTNC_MOHM>83.333</RESSTNC_MOHM>
          <TIME>2021-09-27 12:43:33</TIME>
          <TEMP_DEGC>22.300</TEMP_DEGC>
          <AIR_TEMP_DEGC>22.300</AIR_TEMP_DEGC>
          <RH_PRCNT>23.100</RH_PRCNT>
        </DATA>
        <DATA>
          <VOLTS>0.700</VOLTS>
          <CAPCTNC_PFRD>2.480</CAPCTNC_PFRD>
          <RESSTNC_MOHM>-200.000</RESSTNC_MOHM>
          <TIME>2021-09-27 12:43:34</TIME>
          <TEMP_DEGC>22.300</TEMP_DEGC>
          <AIR_TEMP_DEGC>22.300</AIR_TEMP_DEGC>
          <RH_PRCNT>23.100</RH_PRCNT>
        </DATA>
        <DATA>
          <VOLTS>0.800</VOLTS>
          <CAPCTNC_PFRD>2.400</CAPCTNC_PFRD>
          <RESSTNC_MOHM>43.478</RESSTNC_MOHM>
          <TIME>2021-09-27 12:43:35</TIME>
          <TEMP_DEGC>22.300</TEMP_DEGC>
          <AIR_TEMP_DEGC>22.300</AIR_TEMP_DEGC>
          <RH_PRCNT>23.100</RH_PRCNT>
        </DATA>
        <DATA>
          <VOLTS>0.900</VOLTS>
          <CAPCTNC_PFRD>2.420</CAPCTNC_PFRD>
          <RESSTNC_MOHM>76.923</RESSTNC_MOHM>
          <TIME>2021-09-27 12:43:36</TIME>
          <TEMP_DEGC>22.300</TEMP_DEGC>
          <AIR_TEMP_DEGC>22.300</AIR_TEMP_DEGC>
          <RH_PRCNT>23.200</RH_PRCNT>
        </DATA>
        <DATA>
          <VOLTS>1.000</VOLTS>
          <CAPCTNC_PFRD>2.740</CAPCTNC_PFRD>
          <RESSTNC_MOHM>-142.857</RESSTNC_MOHM>
          <TIME>2021-09-27 12:43:37</TIME>
          <TEMP_DEGC>22.300</TEMP_DEGC>
          <AIR_TEMP_DEGC>22.300</AIR_TEMP_DEGC>
          <RH_PRCNT>23.100</RH_PRCNT>
        </DATA>
        <DATA>
          <VOLTS>1.100</VOLTS>
          <CAPCTNC_PFRD>2.560</CAPCTNC_PFRD>
          <RESSTNC_MOHM>33.333</RESSTNC_MOHM>
          <TIME>2021-09-27 12:43:38</TIME>
          <TEMP_DEGC>22.300</TEMP_DEGC>
          <AIR_TEMP_DEGC>22.300</AIR_TEMP_DEGC>
          <RH_PRCNT>23.100</RH_PRCNT>
        </DATA>
        <DATA>
          <VOLTS>1.200</VOLTS>
          <CAPCTNC_PFRD>2.450</CAPCTNC_PFRD>
          <RESSTNC_MOHM>111.111</RESSTNC_MOHM>
          <TIME>2021-09-27 12:43:39</TIME>
          <TEMP_DEGC>22.300</TEMP_DEGC>
          <AIR_TEMP_DEGC>22.300</AIR_TEMP_DEGC>
          <RH_PRCNT>23.100</RH_PRCNT>
        </DATA>
        <DATA>
          <VOLTS>1.300</VOLTS>
          <CAPCTNC_PFRD>2.480</CAPCTNC_PFRD>
          <RESSTNC_MOHM>1000.000</RESSTNC_MOHM>
          <TIME>2021-09-27 12:43:41</TIME>
          <TEMP_DEGC>22.300</TEMP_DEGC>
          <AIR_TEMP_DEGC>22.300</AIR_TEMP_DEGC>
          <RH_PRCNT>23.100</RH_PRCNT>
        </DATA>
        <DATA>
          <VOLTS>1.400</VOLTS>
          <CAPCTNC_PFRD>2.320</CAPCTNC_PFRD>
          <RESSTNC_MOHM>55.556</RESSTNC_MOHM>
          <TIME>2021-09-27 12:43:42</TIME>
          <TEMP_DEGC>22.300</TEMP_DEGC>
          <AIR_TEMP_DEGC>22.300</AIR_TEMP_DEGC>
          <RH_PRCNT>23.100</RH_PRCNT>
        </DATA>
        <DATA>
          <VOLTS>1.500</VOLTS>
          <CAPCTNC_PFRD>2.470</CAPCTNC_PFRD>
          <RESSTNC_MOHM>0.000</RESSTNC_MOHM>
          <TIME>2021-09-27 12:43:43</TIME>
          <TEMP_DEGC>22.300</TEMP_DEGC>
          <AIR_TEMP_DEGC>22.300</AIR_TEMP_DEGC>
          <RH_PRCNT>23.100</RH_PRCNT>
        </DATA>
        <DATA>
          <VOLTS>1.600</VOLTS>
          <CAPCTNC_PFRD>2.580</CAPCTNC_PFRD>
          <RESSTNC_MOHM>83.333</RESSTNC_MOHM>
          <TIME>2021-09-27 12:43:44</TIME>
          <TEMP_DEGC>22.300</TEMP_DEGC>
          <AIR_TEMP_DEGC>22.300</AIR_TEMP_DEGC>
          <RH_PRCNT>23.100</RH_PRCNT>
        </DATA>
        <DATA>
          <VOLTS>1.700</VOLTS>
          <CAPCTNC_PFRD>2.380</CAPCTNC_PFRD>
          <RESSTNC_MOHM>50.000</RESSTNC_MOHM>
          <TIME>2021-09-27 12:43:45</TIME>
          <TEMP_DEGC>22.300</TEMP_DEGC>
          <AIR_TEMP_DEGC>22.300</AIR_TEMP_DEGC>
          <RH_PRCNT>23.100</RH_PRCNT>
        </DATA>
        <DATA>
          <VOLTS>1.800</VOLTS>
          <CAPCTNC_PFRD>2.300</CAPCTNC_PFRD>
          <RESSTNC_MOHM>45.455</RESSTNC_MOHM>
          <TIME>2021-09-27 12:43:46</TIME>
          <TEMP_DEGC>22.300</TEMP_DEGC>
          <AIR_TEMP_DEGC>22.300</AIR_TEMP_DEGC>
          <RH_PRCNT>23.100</RH_PRCNT>
        </DATA>
        <DATA>
          <VOLTS>1.900</VOLTS>
          <CAPCTNC_PFRD>2.590</CAPCTNC_PFRD>
          <RESSTNC_MOHM>55.556</RESSTNC_MOHM>
          <TIME>2021-09-27 12:43:47</TIME>
          <TEMP_DEGC>22.300</TEMP_DEGC>
          <AIR_TEMP_DEGC>22.300</AIR_TEMP_DEGC>
          <RH_PRCNT>23.100</RH_PRCNT>
        </DATA>
        <DATA>
          <VOLTS>2.000</VOLTS>
          <CAPCTNC_PFRD>2.470</CAPCTNC_PFRD>
          <RESSTNC_MOHM>40.000</RESSTNC_MOHM>
          <TIME>2021-09-27 12:43:48</TIME>
          <TEMP_DEGC>22.300</TEMP_DEGC>
          <AIR_TEMP_DEGC>22.300</AIR_TEMP_DEGC>
          <RH_PRCNT>23.100</RH_PRCNT>
        </DATA>
        <DATA>
          <VOLTS>2.100</VOLTS>
          <CAPCTNC_PFRD>2.240</CAPCTNC_PFRD>
          <RESSTNC_MOHM>100.000</RESSTNC_MOHM>
          <TIME>2021-09-27 12:43:49</TIME>
          <TEMP_DEGC>22.300</TEMP_DEGC>
          <AIR_TEMP_DEGC>22.300</AIR_TEMP_DEGC>
          <RH_PRCNT>23.100</RH_PRCNT>
        </DATA>
        <DATA>
          <VOLTS>2.200</VOLTS>
          <CAPCTNC_PFRD>2.600</CAPCTNC_PFRD>
          <RESSTNC_MOHM>500.000</RESSTNC_MOHM>
          <TIME>2021-09-27 12:43:50</TIME>
          <TEMP_DEGC>22.300</TEMP_DEGC>
          <AIR_TEMP_DEGC>22.300</AIR_TEMP_DEGC>
          <RH_PRCNT>23.100</RH_PRCNT>
        </DATA>
        <DATA>
          <VOLTS>2.300</VOLTS>
          <CAPCTNC_PFRD>2.600</CAPCTNC_PFRD>
          <RESSTNC_MOHM>100.000</RESSTNC_MOHM>
          <TIME>2021-09-27 12:43:51</TIME>
          <TEMP_DEGC>22.300</TEMP_DEGC>
          <AIR_TEMP_DEGC>22.300</AIR_TEMP_DEGC>
          <RH_PRCNT>23.100</RH_PRCNT>
        </DATA>
        <DATA>
          <VOLTS>2.400</VOLTS>
          <CAPCTNC_PFRD>2.490</CAPCTNC_PFRD>
          <RESSTNC_MOHM>-250.000</RESSTNC_MOHM>
          <TIME>2021-09-27 12:43:52</TIME>
          <TEMP_DEGC>22.300</TEMP_DEGC>
          <AIR_TEMP_DEGC>22.300</AIR_TEMP_DEGC>
          <RH_PRCNT>23.100</RH_PRCNT>
        </DATA>
        <DATA>
          <VOLTS>2.500</VOLTS>
          <CAPCTNC_PFRD>2.640</CAPCTNC_PFRD>
          <RESSTNC_MOHM>-333.333</RESSTNC_MOHM>
          <TIME>2021-09-27 12:43:53</TIME>
          <TEMP_DEGC>22.300</TEMP_DEGC>
          <AIR_TEMP_DEGC>22.300</AIR_TEMP_DEGC>
          <RH_PRCNT>23.100</RH_PRCNT>
        </DATA>
        <DATA>
          <VOLTS>2.600</VOLTS>
          <CAPCTNC_PFRD>2.540</CAPCTNC_PFRD>
          <RESSTNC_MOHM>200.000</RESSTNC_MOHM>
          <TIME>2021-09-27 12:43:54</TIME>
          <TEMP_DEGC>22.300</TEMP_DEGC>
          <AIR_TEMP_DEGC>22.300</AIR_TEMP_DEGC>
          <RH_PRCNT>23.100</RH_PRCNT>
        </DATA>
        <DATA>
          <VOLTS>2.700</VOLTS>
          <CAPCTNC_PFRD>2.330</CAPCTNC_PFRD>
          <RESSTNC_MOHM>-1000.000</RESSTNC_MOHM>
          <TIME>2021-09-27 12:43:55</TIME>
          <TEMP_DEGC>22.300</TEMP_DEGC>
          <AIR_TEMP_DEGC>22.300</AIR_TEMP_DEGC>
          <RH_PRCNT>23.100</RH_PRCNT>
        </DATA>
        <DATA>
          <VOLTS>2.800</VOLTS>
          <CAPCTNC_PFRD>2.540</CAPCTNC_PFRD>
          <RESSTNC_MOHM>142.857</RESSTNC_MOHM>
          <TIME>2021-09-27 12:43:57</TIME>
          <TEMP_DEGC>22.300</TEMP_DEGC>
          <AIR_TEMP_DEGC>22.300</AIR_TEMP_DEGC>
          <RH_PRCNT>23.100</RH_PRCNT>
        </DATA>
        <DATA>
          <VOLTS>2.900</VOLTS>
          <CAPCTNC_PFRD>2.380</CAPCTNC_PFRD>
          <RESSTNC_MOHM>52.632</RESSTNC_MOHM>
          <TIME>2021-09-27 12:43:58</TIME>
          <TEMP_DEGC>22.300</TEMP_DEGC>
          <AIR_TEMP_DEGC>22.300</AIR_TEMP_DEGC>
          <RH_PRCNT>23.100</RH_PRCNT>
        </DATA>
        <DATA>
          <VOLTS>3.000</VOLTS>
          <CAPCTNC_PFRD>2.770</CAPCTNC_PFRD>
          <RESSTNC_MOHM>111.111</RESSTNC_MOHM>
          <TIME>2021-09-27 12:43:59</TIME>
          <TEMP_DEGC>22.300</TEMP_DEGC>
          <AIR_TEMP_DEGC>22.300</AIR_TEMP_DEGC>
          <RH_PRCNT>23.100</RH_PRCNT>
        </DATA>
        <DATA>
          <VOLTS>3.100</VOLTS>
          <CAPCTNC_PFRD>2.340</CAPCTNC_PFRD>
          <RESSTNC_MOHM>-200.000</RESSTNC_MOHM>
          <TIME>2021-09-27 12:44:00</TIME>
          <TEMP_DEGC>22.300</TEMP_DEGC>
          <AIR_TEMP_DEGC>22.300</AIR_TEMP_DEGC>
          <RH_PRCNT>23.100</RH_PRCNT>
        </DATA>
        <DATA>
          <VOLTS>3.200</VOLTS>
          <CAPCTNC_PFRD>2.330</CAPCTNC_PFRD>
          <RESSTNC_MOHM>333.333</RESSTNC_MOHM>
          <TIME>2021-09-27 12:44:01</TIME>
          <TEMP_DEGC>22.300</TEMP_DEGC>
          <AIR_TEMP_DEGC>22.300</AIR_TEMP_DEGC>
          <RH_PRCNT>23.100</RH_PRCNT>
        </DATA>
        <DATA>
          <VOLTS>3.300</VOLTS>
          <CAPCTNC_PFRD>2.470</CAPCTNC_PFRD>
          <RESSTNC_MOHM>-166.667</RESSTNC_MOHM>
          <TIME>2021-09-27 12:44:02</TIME>
          <TEMP_DEGC>22.300</TEMP_DEGC>
          <AIR_TEMP_DEGC>22.300</AIR_TEMP_DEGC>
          <RH_PRCNT>23.100</RH_PRCNT>
        </DATA>
        <DATA>
          <VOLTS>3.400</VOLTS>
          <CAPCTNC_PFRD>2.530</CAPCTNC_PFRD>
          <RESSTNC_MOHM>83.333</RESSTNC_MOHM>
          <TIME>2021-09-27 12:44:03</TIME>
          <TEMP_DEGC>22.300</TEMP_DEGC>
          <AIR_TEMP_DEGC>22.300</AIR_TEMP_DEGC>
          <RH_PRCNT>23.100</RH_PRCNT>
        </DATA>
        <DATA>
          <VOLTS>3.500</VOLTS>
          <CAPCTNC_PFRD>2.450</CAPCTNC_PFRD>
          <RESSTNC_MOHM>250.000</RESSTNC_MOHM>
          <TIME>2021-09-27 12:44:04</TIME>
          <TEMP_DEGC>22.300</TEMP_DEGC>
          <AIR_TEMP_DEGC>22.300</AIR_TEMP_DEGC>
          <RH_PRCNT>23.100</RH_PRCNT>
        </DATA>
        <DATA>
          <VOLTS>3.600</VOLTS>
          <CAPCTNC_PFRD>2.570</CAPCTNC_PFRD>
          <RESSTNC_MOHM>52.632</RESSTNC_MOHM>
          <TIME>2021-09-27 12:44:05</TIME>
          <TEMP_DEGC>22.300</TEMP_DEGC>
          <AIR_TEMP_DEGC>22.300</AIR_TEMP_DEGC>
          <RH_PRCNT>23.100</RH_PRCNT>
        </DATA>
        <DATA>
          <VOLTS>3.700</VOLTS>
          <CAPCTNC_PFRD>2.640</CAPCTNC_PFRD>
          <RESSTNC_MOHM>83.333</RESSTNC_MOHM>
          <TIME>2021-09-27 12:44:06</TIME>
          <TEMP_DEGC>22.300</TEMP_DEGC>
          <AIR_TEMP_DEGC>22.300</AIR_TEMP_DEGC>
          <RH_PRCNT>23.100</RH_PRCNT>
        </DATA>
        <DATA>
          <VOLTS>3.800</VOLTS>
          <CAPCTNC_PFRD>2.650</CAPCTNC_PFRD>
          <RESSTNC_MOHM>0.000</RESSTNC_MOHM>
          <TIME>2021-09-27 12:44:07</TIME>
          <TEMP_DEGC>22.300</TEMP_DEGC>
          <AIR_TEMP_DEGC>22.300</AIR_TEMP_DEGC>
          <RH_PRCNT>23.100</RH_PRCNT>
        </DATA>
        <DATA>
          <VOLTS>3.900</VOLTS>
          <CAPCTNC_PFRD>2.280</CAPCTNC_PFRD>
          <RESSTNC_MOHM>-90.909</RESSTNC_MOHM>
          <TIME>2021-09-27 12:44:08</TIME>
          <TEMP_DEGC>22.300</TEMP_DEGC>
          <AIR_TEMP_DEGC>22.300</AIR_TEMP_DEGC>
          <RH_PRCNT>23.100</RH_PRCNT>
        </DATA>
        <DATA>
          <VOLTS>4.000</VOLTS>
          <CAPCTNC_PFRD>2.500</CAPCTNC_PFRD>
          <RESSTNC_MOHM>166.667</RESSTNC_MOHM>
          <TIME>2021-09-27 12:44:09</TIME>
          <TEMP_DEGC>22.300</TEMP_DEGC>
          <AIR_TEMP_DEGC>22.300</AIR_TEMP_DEGC>
          <RH_PRCNT>23.100</RH_PRCNT>
        </DATA>
        <DATA>
          <VOLTS>4.100</VOLTS>
          <CAPCTNC_PFRD>2.560</CAPCTNC_PFRD>
          <RESSTNC_MOHM>62.500</RESSTNC_MOHM>
          <TIME>2021-09-27 12:44:10</TIME>
          <TEMP_DEGC>22.300</TEMP_DEGC>
          <AIR_TEMP_DEGC>22.300</AIR_TEMP_DEGC>
          <RH_PRCNT>23.100</RH_PRCNT>
        </DATA>
        <DATA>
          <VOLTS>4.200</VOLTS>
          <CAPCTNC_PFRD>2.450</CAPCTNC_PFRD>
          <RESSTNC_MOHM>-250.000</RESSTNC_MOHM>
          <TIME>2021-09-27 12:44:12</TIME>
          <TEMP_DEGC>22.300</TEMP_DEGC>
          <AIR_TEMP_DEGC>22.300</AIR_TEMP_DEGC>
          <RH_PRCNT>23.100</RH_PRCNT>
        </DATA>
        <DATA>
          <VOLTS>4.300</VOLTS>
          <CAPCTNC_PFRD>2.700</CAPCTNC_PFRD>
          <RESSTNC_MOHM>0.000</RESSTNC_MOHM>
          <TIME>2021-09-27 12:44:13</TIME>
          <TEMP_DEGC>22.300</TEMP_DEGC>
          <AIR_TEMP_DEGC>22.300</AIR_TEMP_DEGC>
          <RH_PRCNT>23.100</RH_PRCNT>
        </DATA>
        <DATA>
          <VOLTS>4.400</VOLTS>
          <CAPCTNC_PFRD>2.460</CAPCTNC_PFRD>
          <RESSTNC_MOHM>-142.857</RESSTNC_MOHM>
          <TIME>2021-09-27 12:44:14</TIME>
          <TEMP_DEGC>22.300</TEMP_DEGC>
          <AIR_TEMP_DEGC>22.300</AIR_TEMP_DEGC>
          <RH_PRCNT>23.100</RH_PRCNT>
        </DATA>
        <DATA>
          <VOLTS>4.500</VOLTS>
          <CAPCTNC_PFRD>2.780</CAPCTNC_PFRD>
          <RESSTNC_MOHM>76.923</RESSTNC_MOHM>
          <TIME>2021-09-27 12:44:15</TIME>
          <TEMP_DEGC>22.300</TEMP_DEGC>
          <AIR_TEMP_DEGC>22.300</AIR_TEMP_DEGC>
          <RH_PRCNT>23.100</RH_PRCNT>
        </DATA>
        <DATA>
          <VOLTS>4.600</VOLTS>
          <CAPCTNC_PFRD>2.440</CAPCTNC_PFRD>
          <RESSTNC_MOHM>-200.000</RESSTNC_MOHM>
          <TIME>2021-09-27 12:44:16</TIME>
          <TEMP_DEGC>22.300</TEMP_DEGC>
          <AIR_TEMP_DEGC>22.300</AIR_TEMP_DEGC>
          <RH_PRCNT>23.100</RH_PRCNT>
        </DATA>
        <DATA>
          <VOLTS>4.700</VOLTS>
          <CAPCTNC_PFRD>2.390</CAPCTNC_PFRD>
          <RESSTNC_MOHM>83.333</RESSTNC_MOHM>
          <TIME>2021-09-27 12:44:17</TIME>
          <TEMP_DEGC>22.300</TEMP_DEGC>
          <AIR_TEMP_DEGC>22.300</AIR_TEMP_DEGC>
          <RH_PRCNT>23.100</RH_PRCNT>
        </DATA>
        <DATA>
          <VOLTS>4.800</VOLTS>
          <CAPCTNC_PFRD>2.360</CAPCTNC_PFRD>
          <RESSTNC_MOHM>-100.000</RESSTNC_MOHM>
          <TIME>2021-09-27 12:44:18</TIME>
          <TEMP_DEGC>22.300</TEMP_DEGC>
          <AIR_TEMP_DEGC>22.300</AIR_TEMP_DEGC>
          <RH_PRCNT>23.100</RH_PRCNT>
        </DATA>
        <DATA>
          <VOLTS>4.900</VOLTS>
          <CAPCTNC_PFRD>2.290</CAPCTNC_PFRD>
          <RESSTNC_MOHM>40.000</RESSTNC_MOHM>
          <TIME>2021-09-27 12:44:19</TIME>
          <TEMP_DEGC>22.300</TEMP_DEGC>
          <AIR_TEMP_DEGC>22.300</AIR_TEMP_DEGC>
          <RH_PRCNT>23.100</RH_PRCNT>
        </DATA>
        <DATA>
          <VOLTS>5.000</VOLTS>
          <CAPCTNC_PFRD>2.360</CAPCTNC_PFRD>
          <RESSTNC_MOHM>333.333</RESSTNC_MOHM>
          <TIME>2021-09-27 12:44:20</TIME>
          <TEMP_DEGC>22.300</TEMP_DEGC>
          <AIR_TEMP_DEGC>22.300</AIR_TEMP_DEGC>
          <RH_PRCNT>23.100</RH_PRCNT>
        </DATA>
        <CHILD_DATA_SET>
          <HEADER>
            <TYPE>
              <EXTENSION_TABLE_NAME>HALFMOON_CV_PAR</EXTENSION_TABLE_NAME>
              <NAME>Tracker Halfmoon CV Parameters</NAME>
            </TYPE>
          </HEADER>
          <DATA_SET>
            <COMMENT_DESCRIPTION>Test</COMMENT_DESCRIPTION>
            <VERSION>CV-measurement</VERSION>
            <PART>
              <NAME_LABEL>37400_019_2-S_HM_EE</NAME_LABEL>
              <KIND_OF_PART>2S Halfmoon E</KIND_OF_PART>
            </PART>
            <DATA>
              <CAC_PFRD>2.46539</CAC_PFRD>
              <DOX_NM>708.91193</DOX_NM>
            </DATA>
          </DATA_SET>
        </CHILD_DATA_SET>
      </DATA_SET>
    </CHILD_DATA_SET>
  </DATA_SET>
</ROOT>
