<?xml version="1.0"?>
<ROOT>
  <HEADER>
    <TYPE>
      <EXTENSION_TABLE_NAME>HALFMOON_METADATA</EXTENSION_TABLE_NAME>
      <NAME>Tracker Halfmoon Metadata</NAME>
    </TYPE>
    <RUN mode="SEQUENCE_NUMBER" sequence="TRK_OT_RUN_SEQ">
      <RUN_TYPE>PQC</RUN_TYPE>
      <LOCATION>Demokritos</LOCATION>
      <INITIATED_BY_USER>A. Kyriakis</INITIATED_BY_USER>
      <RUN_BEGIN_TIMESTAMP>2021-09-28 09:15:05</RUN_BEGIN_TIMESTAMP>
      <COMMENT_DESCRIPTION>Test</COMMENT_DESCRIPTION>
    </RUN>
  </HEADER>
  <DATA_SET>
    <COMMENT_DESCRIPTION>Metadata with flute and structure</COMMENT_DESCRIPTION>
    <VERSION>IV_measurement</VERSION>
    <PART>
      <NAME_LABEL>37400_049_2-S_HM_WW</NAME_LABEL>
      <KIND_OF_PART>2S Halfmoon W</KIND_OF_PART>
    </PART>
    <DATA>
      <KIND_OF_HM_FLUTE_ID>PQC1</KIND_OF_HM_FLUTE_ID>
      <KIND_OF_HM_STRUCT_ID>VDP_STRIP</KIND_OF_HM_STRUCT_ID>
      <KIND_OF_HM_SET_ID>Left</KIND_OF_HM_SET_ID>
      <KIND_OF_HM_CONFIG_ID>Rotated</KIND_OF_HM_CONFIG_ID>
      <EQUIPMENT>KEITHLEY 2410</EQUIPMENT>
      <WAITING_TIME_S>0.200</WAITING_TIME_S>
      <TEMP_SET_DEGC>20.400</TEMP_SET_DEGC>
      <AV_TEMP_DEGC>20.400</AV_TEMP_DEGC>
      <PROCEDURE_TYPE>VDP_STRIP</PROCEDURE_TYPE>
      <FILE_NAME>Demokritos_VPX37400_049_2-S_HM_W_Left_PQC1_VDPStrip_r.xml</FILE_NAME>
    </DATA>
    <CHILD_DATA_SET>
      <HEADER>
        <TYPE>
          <EXTENSION_TABLE_NAME>TEST_SENSOR_IV</EXTENSION_TABLE_NAME>
          <NAME>Tracker Halfmoon IV Test</NAME>
        </TYPE>
      </HEADER>
      <DATA_SET>
        <COMMENT_DESCRIPTION>Test</COMMENT_DESCRIPTION>
        <VERSION>IV_measurement</VERSION>
        <PART>
          <NAME_LABEL>37400_049_2-S_HM_WW</NAME_LABEL>
          <KIND_OF_PART>2S Halfmoon W</KIND_OF_PART>
        </PART>
        <DATA>
          <VOLTS>-7.690e-03</VOLTS>
          <CURRNT_NAMP>-1.000e+06</CURRNT_NAMP>
          <TIME>2021-09-28 09:15:05</TIME>
          <TEMP_DEGC>20.400</TEMP_DEGC>
          <AIR_TEMP_DEGC>20.400</AIR_TEMP_DEGC>
          <RH_PRCNT>29.300</RH_PRCNT>
        </DATA>
        <DATA>
          <VOLTS>-7.650e-03</VOLTS>
          <CURRNT_NAMP>-9.500e+05</CURRNT_NAMP>
          <TIME>2021-09-28 09:15:06</TIME>
          <TEMP_DEGC>20.400</TEMP_DEGC>
          <AIR_TEMP_DEGC>20.400</AIR_TEMP_DEGC>
          <RH_PRCNT>29.300</RH_PRCNT>
        </DATA>
        <DATA>
          <VOLTS>-7.490e-03</VOLTS>
          <CURRNT_NAMP>-9.000e+05</CURRNT_NAMP>
          <TIME>2021-09-28 09:15:07</TIME>
          <TEMP_DEGC>20.400</TEMP_DEGC>
          <AIR_TEMP_DEGC>20.400</AIR_TEMP_DEGC>
          <RH_PRCNT>29.300</RH_PRCNT>
        </DATA>
        <DATA>
          <VOLTS>-7.230e-03</VOLTS>
          <CURRNT_NAMP>-8.500e+05</CURRNT_NAMP>
          <TIME>2021-09-28 09:15:08</TIME>
          <TEMP_DEGC>20.400</TEMP_DEGC>
          <AIR_TEMP_DEGC>20.400</AIR_TEMP_DEGC>
          <RH_PRCNT>29.300</RH_PRCNT>
        </DATA>
        <DATA>
          <VOLTS>-6.840e-03</VOLTS>
          <CURRNT_NAMP>-8.000e+05</CURRNT_NAMP>
          <TIME>2021-09-28 09:15:09</TIME>
          <TEMP_DEGC>20.400</TEMP_DEGC>
          <AIR_TEMP_DEGC>20.400</AIR_TEMP_DEGC>
          <RH_PRCNT>29.300</RH_PRCNT>
        </DATA>
        <DATA>
          <VOLTS>-6.460e-03</VOLTS>
          <CURRNT_NAMP>-7.500e+05</CURRNT_NAMP>
          <TIME>2021-09-28 09:15:10</TIME>
          <TEMP_DEGC>20.400</TEMP_DEGC>
          <AIR_TEMP_DEGC>20.400</AIR_TEMP_DEGC>
          <RH_PRCNT>29.300</RH_PRCNT>
        </DATA>
        <DATA>
          <VOLTS>-6.070e-03</VOLTS>
          <CURRNT_NAMP>-7.000e+05</CURRNT_NAMP>
          <TIME>2021-09-28 09:15:11</TIME>
          <TEMP_DEGC>20.400</TEMP_DEGC>
          <AIR_TEMP_DEGC>20.400</AIR_TEMP_DEGC>
          <RH_PRCNT>29.300</RH_PRCNT>
        </DATA>
        <DATA>
          <VOLTS>-5.690e-03</VOLTS>
          <CURRNT_NAMP>-6.500e+05</CURRNT_NAMP>
          <TIME>2021-09-28 09:15:12</TIME>
          <TEMP_DEGC>20.400</TEMP_DEGC>
          <AIR_TEMP_DEGC>20.400</AIR_TEMP_DEGC>
          <RH_PRCNT>29.300</RH_PRCNT>
        </DATA>
        <DATA>
          <VOLTS>-5.460e-03</VOLTS>
          <CURRNT_NAMP>-6.000e+05</CURRNT_NAMP>
          <TIME>2021-09-28 09:15:13</TIME>
          <TEMP_DEGC>20.400</TEMP_DEGC>
          <AIR_TEMP_DEGC>20.400</AIR_TEMP_DEGC>
          <RH_PRCNT>29.300</RH_PRCNT>
        </DATA>
        <DATA>
          <VOLTS>-5.040e-03</VOLTS>
          <CURRNT_NAMP>-5.500e+05</CURRNT_NAMP>
          <TIME>2021-09-28 09:15:14</TIME>
          <TEMP_DEGC>20.400</TEMP_DEGC>
          <AIR_TEMP_DEGC>20.400</AIR_TEMP_DEGC>
          <RH_PRCNT>29.300</RH_PRCNT>
        </DATA>
        <DATA>
          <VOLTS>-4.770e-03</VOLTS>
          <CURRNT_NAMP>-5.000e+05</CURRNT_NAMP>
          <TIME>2021-09-28 09:15:15</TIME>
          <TEMP_DEGC>20.400</TEMP_DEGC>
          <AIR_TEMP_DEGC>20.400</AIR_TEMP_DEGC>
          <RH_PRCNT>29.300</RH_PRCNT>
        </DATA>
        <DATA>
          <VOLTS>-4.300e-03</VOLTS>
          <CURRNT_NAMP>-4.500e+05</CURRNT_NAMP>
          <TIME>2021-09-28 09:15:16</TIME>
          <TEMP_DEGC>20.400</TEMP_DEGC>
          <AIR_TEMP_DEGC>20.400</AIR_TEMP_DEGC>
          <RH_PRCNT>29.300</RH_PRCNT>
        </DATA>
        <DATA>
          <VOLTS>-3.840e-03</VOLTS>
          <CURRNT_NAMP>-4.000e+05</CURRNT_NAMP>
          <TIME>2021-09-28 09:15:17</TIME>
          <TEMP_DEGC>20.400</TEMP_DEGC>
          <AIR_TEMP_DEGC>20.400</AIR_TEMP_DEGC>
          <RH_PRCNT>29.300</RH_PRCNT>
        </DATA>
        <DATA>
          <VOLTS>-3.420e-03</VOLTS>
          <CURRNT_NAMP>-3.500e+05</CURRNT_NAMP>
          <TIME>2021-09-28 09:15:18</TIME>
          <TEMP_DEGC>20.400</TEMP_DEGC>
          <AIR_TEMP_DEGC>20.400</AIR_TEMP_DEGC>
          <RH_PRCNT>29.300</RH_PRCNT>
        </DATA>
        <DATA>
          <VOLTS>-2.990e-03</VOLTS>
          <CURRNT_NAMP>-3.000e+05</CURRNT_NAMP>
          <TIME>2021-09-28 09:15:19</TIME>
          <TEMP_DEGC>20.400</TEMP_DEGC>
          <AIR_TEMP_DEGC>20.400</AIR_TEMP_DEGC>
          <RH_PRCNT>29.300</RH_PRCNT>
        </DATA>
        <DATA>
          <VOLTS>-2.610e-03</VOLTS>
          <CURRNT_NAMP>-2.500e+05</CURRNT_NAMP>
          <TIME>2021-09-28 09:15:21</TIME>
          <TEMP_DEGC>20.400</TEMP_DEGC>
          <AIR_TEMP_DEGC>20.400</AIR_TEMP_DEGC>
          <RH_PRCNT>29.300</RH_PRCNT>
        </DATA>
        <DATA>
          <VOLTS>-2.230e-03</VOLTS>
          <CURRNT_NAMP>-2.000e+05</CURRNT_NAMP>
          <TIME>2021-09-28 09:15:22</TIME>
          <TEMP_DEGC>20.400</TEMP_DEGC>
          <AIR_TEMP_DEGC>20.400</AIR_TEMP_DEGC>
          <RH_PRCNT>29.300</RH_PRCNT>
        </DATA>
        <DATA>
          <VOLTS>-1.840e-03</VOLTS>
          <CURRNT_NAMP>-1.500e+05</CURRNT_NAMP>
          <TIME>2021-09-28 09:15:23</TIME>
          <TEMP_DEGC>20.400</TEMP_DEGC>
          <AIR_TEMP_DEGC>20.400</AIR_TEMP_DEGC>
          <RH_PRCNT>29.300</RH_PRCNT>
        </DATA>
        <DATA>
          <VOLTS>-1.460e-03</VOLTS>
          <CURRNT_NAMP>-1.000e+05</CURRNT_NAMP>
          <TIME>2021-09-28 09:15:24</TIME>
          <TEMP_DEGC>20.400</TEMP_DEGC>
          <AIR_TEMP_DEGC>20.400</AIR_TEMP_DEGC>
          <RH_PRCNT>29.300</RH_PRCNT>
        </DATA>
        <DATA>
          <VOLTS>-1.070e-03</VOLTS>
          <CURRNT_NAMP>-5.000e+04</CURRNT_NAMP>
          <TIME>2021-09-28 09:15:25</TIME>
          <TEMP_DEGC>20.400</TEMP_DEGC>
          <AIR_TEMP_DEGC>20.400</AIR_TEMP_DEGC>
          <RH_PRCNT>29.300</RH_PRCNT>
        </DATA>
        <DATA>
          <VOLTS>-6.900e-04</VOLTS>
          <CURRNT_NAMP>0.000e+00</CURRNT_NAMP>
          <TIME>2021-09-28 09:15:26</TIME>
          <TEMP_DEGC>20.400</TEMP_DEGC>
          <AIR_TEMP_DEGC>20.400</AIR_TEMP_DEGC>
          <RH_PRCNT>29.300</RH_PRCNT>
        </DATA>
        <DATA>
          <VOLTS>-3.000e-04</VOLTS>
          <CURRNT_NAMP>5.000e+04</CURRNT_NAMP>
          <TIME>2021-09-28 09:15:27</TIME>
          <TEMP_DEGC>20.400</TEMP_DEGC>
          <AIR_TEMP_DEGC>20.400</AIR_TEMP_DEGC>
          <RH_PRCNT>29.200</RH_PRCNT>
        </DATA>
        <DATA>
          <VOLTS>7.000e-05</VOLTS>
          <CURRNT_NAMP>1.000e+05</CURRNT_NAMP>
          <TIME>2021-09-28 09:15:28</TIME>
          <TEMP_DEGC>20.400</TEMP_DEGC>
          <AIR_TEMP_DEGC>20.400</AIR_TEMP_DEGC>
          <RH_PRCNT>29.200</RH_PRCNT>
        </DATA>
        <DATA>
          <VOLTS>4.600e-04</VOLTS>
          <CURRNT_NAMP>1.500e+05</CURRNT_NAMP>
          <TIME>2021-09-28 09:15:29</TIME>
          <TEMP_DEGC>20.400</TEMP_DEGC>
          <AIR_TEMP_DEGC>20.400</AIR_TEMP_DEGC>
          <RH_PRCNT>29.200</RH_PRCNT>
        </DATA>
        <DATA>
          <VOLTS>8.400e-04</VOLTS>
          <CURRNT_NAMP>2.000e+05</CURRNT_NAMP>
          <TIME>2021-09-28 09:15:30</TIME>
          <TEMP_DEGC>20.400</TEMP_DEGC>
          <AIR_TEMP_DEGC>20.400</AIR_TEMP_DEGC>
          <RH_PRCNT>29.200</RH_PRCNT>
        </DATA>
        <DATA>
          <VOLTS>1.230e-03</VOLTS>
          <CURRNT_NAMP>2.500e+05</CURRNT_NAMP>
          <TIME>2021-09-28 09:15:31</TIME>
          <TEMP_DEGC>20.400</TEMP_DEGC>
          <AIR_TEMP_DEGC>20.400</AIR_TEMP_DEGC>
          <RH_PRCNT>29.200</RH_PRCNT>
        </DATA>
        <DATA>
          <VOLTS>1.460e-03</VOLTS>
          <CURRNT_NAMP>3.000e+05</CURRNT_NAMP>
          <TIME>2021-09-28 09:15:32</TIME>
          <TEMP_DEGC>20.400</TEMP_DEGC>
          <AIR_TEMP_DEGC>20.400</AIR_TEMP_DEGC>
          <RH_PRCNT>29.200</RH_PRCNT>
        </DATA>
        <DATA>
          <VOLTS>1.880e-03</VOLTS>
          <CURRNT_NAMP>3.500e+05</CURRNT_NAMP>
          <TIME>2021-09-28 09:15:33</TIME>
          <TEMP_DEGC>20.400</TEMP_DEGC>
          <AIR_TEMP_DEGC>20.400</AIR_TEMP_DEGC>
          <RH_PRCNT>29.200</RH_PRCNT>
        </DATA>
        <DATA>
          <VOLTS>2.310e-03</VOLTS>
          <CURRNT_NAMP>4.000e+05</CURRNT_NAMP>
          <TIME>2021-09-28 09:15:35</TIME>
          <TEMP_DEGC>20.400</TEMP_DEGC>
          <AIR_TEMP_DEGC>20.400</AIR_TEMP_DEGC>
          <RH_PRCNT>29.200</RH_PRCNT>
        </DATA>
        <DATA>
          <VOLTS>2.730e-03</VOLTS>
          <CURRNT_NAMP>4.500e+05</CURRNT_NAMP>
          <TIME>2021-09-28 09:15:36</TIME>
          <TEMP_DEGC>20.400</TEMP_DEGC>
          <AIR_TEMP_DEGC>20.400</AIR_TEMP_DEGC>
          <RH_PRCNT>29.200</RH_PRCNT>
        </DATA>
        <DATA>
          <VOLTS>3.150e-03</VOLTS>
          <CURRNT_NAMP>5.000e+05</CURRNT_NAMP>
          <TIME>2021-09-28 09:15:37</TIME>
          <TEMP_DEGC>20.400</TEMP_DEGC>
          <AIR_TEMP_DEGC>20.400</AIR_TEMP_DEGC>
          <RH_PRCNT>29.200</RH_PRCNT>
        </DATA>
        <DATA>
          <VOLTS>3.540e-03</VOLTS>
          <CURRNT_NAMP>5.500e+05</CURRNT_NAMP>
          <TIME>2021-09-28 09:15:38</TIME>
          <TEMP_DEGC>20.400</TEMP_DEGC>
          <AIR_TEMP_DEGC>20.400</AIR_TEMP_DEGC>
          <RH_PRCNT>29.200</RH_PRCNT>
        </DATA>
        <DATA>
          <VOLTS>3.920e-03</VOLTS>
          <CURRNT_NAMP>6.000e+05</CURRNT_NAMP>
          <TIME>2021-09-28 09:15:39</TIME>
          <TEMP_DEGC>20.400</TEMP_DEGC>
          <AIR_TEMP_DEGC>20.400</AIR_TEMP_DEGC>
          <RH_PRCNT>29.100</RH_PRCNT>
        </DATA>
        <DATA>
          <VOLTS>4.310e-03</VOLTS>
          <CURRNT_NAMP>6.500e+05</CURRNT_NAMP>
          <TIME>2021-09-28 09:15:40</TIME>
          <TEMP_DEGC>20.400</TEMP_DEGC>
          <AIR_TEMP_DEGC>20.400</AIR_TEMP_DEGC>
          <RH_PRCNT>29.100</RH_PRCNT>
        </DATA>
        <DATA>
          <VOLTS>4.690e-03</VOLTS>
          <CURRNT_NAMP>7.000e+05</CURRNT_NAMP>
          <TIME>2021-09-28 09:15:41</TIME>
          <TEMP_DEGC>20.400</TEMP_DEGC>
          <AIR_TEMP_DEGC>20.400</AIR_TEMP_DEGC>
          <RH_PRCNT>29.100</RH_PRCNT>
        </DATA>
        <DATA>
          <VOLTS>5.080e-03</VOLTS>
          <CURRNT_NAMP>7.500e+05</CURRNT_NAMP>
          <TIME>2021-09-28 09:15:42</TIME>
          <TEMP_DEGC>20.400</TEMP_DEGC>
          <AIR_TEMP_DEGC>20.400</AIR_TEMP_DEGC>
          <RH_PRCNT>29.100</RH_PRCNT>
        </DATA>
        <DATA>
          <VOLTS>5.460e-03</VOLTS>
          <CURRNT_NAMP>8.000e+05</CURRNT_NAMP>
          <TIME>2021-09-28 09:15:43</TIME>
          <TEMP_DEGC>20.400</TEMP_DEGC>
          <AIR_TEMP_DEGC>20.400</AIR_TEMP_DEGC>
          <RH_PRCNT>29.100</RH_PRCNT>
        </DATA>
        <DATA>
          <VOLTS>5.850e-03</VOLTS>
          <CURRNT_NAMP>8.500e+05</CURRNT_NAMP>
          <TIME>2021-09-28 09:15:44</TIME>
          <TEMP_DEGC>20.400</TEMP_DEGC>
          <AIR_TEMP_DEGC>20.400</AIR_TEMP_DEGC>
          <RH_PRCNT>29.100</RH_PRCNT>
        </DATA>
        <DATA>
          <VOLTS>6.230e-03</VOLTS>
          <CURRNT_NAMP>9.000e+05</CURRNT_NAMP>
          <TIME>2021-09-28 09:15:45</TIME>
          <TEMP_DEGC>20.400</TEMP_DEGC>
          <AIR_TEMP_DEGC>20.400</AIR_TEMP_DEGC>
          <RH_PRCNT>29.100</RH_PRCNT>
        </DATA>
        <DATA>
          <VOLTS>6.620e-03</VOLTS>
          <CURRNT_NAMP>9.500e+05</CURRNT_NAMP>
          <TIME>2021-09-28 09:15:46</TIME>
          <TEMP_DEGC>20.400</TEMP_DEGC>
          <AIR_TEMP_DEGC>20.400</AIR_TEMP_DEGC>
          <RH_PRCNT>29.100</RH_PRCNT>
        </DATA>
        <DATA>
          <VOLTS>7.000e-03</VOLTS>
          <CURRNT_NAMP>1.000e+06</CURRNT_NAMP>
          <TIME>2021-09-28 09:15:47</TIME>
          <TEMP_DEGC>20.400</TEMP_DEGC>
          <AIR_TEMP_DEGC>20.400</AIR_TEMP_DEGC>
          <RH_PRCNT>29.100</RH_PRCNT>
        </DATA>
        <CHILD_DATA_SET>
          <HEADER>
            <TYPE>
              <EXTENSION_TABLE_NAME>HALFMOON_IV_PAR</EXTENSION_TABLE_NAME>
              <NAME>Tracker Halfmoon IV Parameters</NAME>
            </TYPE>
          </HEADER>
          <DATA_SET>
            <COMMENT_DESCRIPTION>Test</COMMENT_DESCRIPTION>
            <VERSION>IV_measurement</VERSION>
            <PART>
              <NAME_LABEL>37400_049_2-S_HM_WW</NAME_LABEL>
              <KIND_OF_PART>2S Halfmoon W</KIND_OF_PART>
            </PART>
            <DATA>
              <RSH_OHMSQR>34.980</RSH_OHMSQR>
              <R_OHM>7.718</R_OHM>
            </DATA>
          </DATA_SET>
        </CHILD_DATA_SET>
      </DATA_SET>
    </CHILD_DATA_SET>
  </DATA_SET>
</ROOT>
