<?xml version="1.0"?>
<ROOT>
  <HEADER>
    <TYPE>
      <EXTENSION_TABLE_NAME>HALFMOON_METADATA</EXTENSION_TABLE_NAME>
      <NAME>Tracker Halfmoon Metadata</NAME>
    </TYPE>
    <RUN mode="SEQUENCE_NUMBER" sequence="TRK_OT_RUN_SEQ">
      <RUN_TYPE>PQC</RUN_TYPE>
      <LOCATION>Demokritos</LOCATION>
      <INITIATED_BY_USER>A. Kyriakis</INITIATED_BY_USER>
      <RUN_BEGIN_TIMESTAMP>2021-09-28 15:42:04</RUN_BEGIN_TIMESTAMP>
      <COMMENT_DESCRIPTION>Test</COMMENT_DESCRIPTION>
    </RUN>
  </HEADER>
  <DATA_SET>
    <COMMENT_DESCRIPTION>Metadata with flute and structure</COMMENT_DESCRIPTION>
    <VERSION>IV_measurement</VERSION>
    <PART>
      <NAME_LABEL>37400_027_2-S_HM_WW</NAME_LABEL>
      <KIND_OF_PART>2S Halfmoon W</KIND_OF_PART>
    </PART>
    <DATA>
      <KIND_OF_HM_FLUTE_ID>PQC1</KIND_OF_HM_FLUTE_ID>
      <KIND_OF_HM_STRUCT_ID>VDP_STRIP</KIND_OF_HM_STRUCT_ID>
      <KIND_OF_HM_SET_ID>Left</KIND_OF_HM_SET_ID>
      <KIND_OF_HM_CONFIG_ID>Rotated</KIND_OF_HM_CONFIG_ID>
      <EQUIPMENT>KEITHLEY 2410</EQUIPMENT>
      <WAITING_TIME_S>0.200</WAITING_TIME_S>
      <TEMP_SET_DEGC>22.700</TEMP_SET_DEGC>
      <AV_TEMP_DEGC>22.700</AV_TEMP_DEGC>
      <PROCEDURE_TYPE>VDP_STRIP</PROCEDURE_TYPE>
      <FILE_NAME>Demokritos_VPX37400_027_2-S_HM_W_Left_PQC1_VDPStrip_r.xml</FILE_NAME>
    </DATA>
    <CHILD_DATA_SET>
      <HEADER>
        <TYPE>
          <EXTENSION_TABLE_NAME>TEST_SENSOR_IV</EXTENSION_TABLE_NAME>
          <NAME>Tracker Halfmoon IV Test</NAME>
        </TYPE>
      </HEADER>
      <DATA_SET>
        <COMMENT_DESCRIPTION>Test</COMMENT_DESCRIPTION>
        <VERSION>IV_measurement</VERSION>
        <PART>
          <NAME_LABEL>37400_027_2-S_HM_WW</NAME_LABEL>
          <KIND_OF_PART>2S Halfmoon W</KIND_OF_PART>
        </PART>
        <DATA>
          <VOLTS>-7.710e-03</VOLTS>
          <CURRNT_NAMP>-1.000e+06</CURRNT_NAMP>
          <TIME>2021-09-28 03:42:04</TIME>
          <TEMP_DEGC>22.700</TEMP_DEGC>
          <AIR_TEMP_DEGC>22.700</AIR_TEMP_DEGC>
          <RH_PRCNT>29.300</RH_PRCNT>
        </DATA>
        <DATA>
          <VOLTS>-7.670e-03</VOLTS>
          <CURRNT_NAMP>-9.500e+05</CURRNT_NAMP>
          <TIME>2021-09-28 03:42:05</TIME>
          <TEMP_DEGC>22.700</TEMP_DEGC>
          <AIR_TEMP_DEGC>22.700</AIR_TEMP_DEGC>
          <RH_PRCNT>29.300</RH_PRCNT>
        </DATA>
        <DATA>
          <VOLTS>-7.520e-03</VOLTS>
          <CURRNT_NAMP>-9.000e+05</CURRNT_NAMP>
          <TIME>2021-09-28 03:42:06</TIME>
          <TEMP_DEGC>22.700</TEMP_DEGC>
          <AIR_TEMP_DEGC>22.700</AIR_TEMP_DEGC>
          <RH_PRCNT>29.300</RH_PRCNT>
        </DATA>
        <DATA>
          <VOLTS>-7.250e-03</VOLTS>
          <CURRNT_NAMP>-8.500e+05</CURRNT_NAMP>
          <TIME>2021-09-28 03:42:07</TIME>
          <TEMP_DEGC>22.700</TEMP_DEGC>
          <AIR_TEMP_DEGC>22.700</AIR_TEMP_DEGC>
          <RH_PRCNT>29.300</RH_PRCNT>
        </DATA>
        <DATA>
          <VOLTS>-6.860e-03</VOLTS>
          <CURRNT_NAMP>-8.000e+05</CURRNT_NAMP>
          <TIME>2021-09-28 03:42:08</TIME>
          <TEMP_DEGC>22.700</TEMP_DEGC>
          <AIR_TEMP_DEGC>22.700</AIR_TEMP_DEGC>
          <RH_PRCNT>29.300</RH_PRCNT>
        </DATA>
        <DATA>
          <VOLTS>-6.470e-03</VOLTS>
          <CURRNT_NAMP>-7.500e+05</CURRNT_NAMP>
          <TIME>2021-09-28 03:42:09</TIME>
          <TEMP_DEGC>22.700</TEMP_DEGC>
          <AIR_TEMP_DEGC>22.700</AIR_TEMP_DEGC>
          <RH_PRCNT>29.300</RH_PRCNT>
        </DATA>
        <DATA>
          <VOLTS>-6.090e-03</VOLTS>
          <CURRNT_NAMP>-7.000e+05</CURRNT_NAMP>
          <TIME>2021-09-28 03:42:10</TIME>
          <TEMP_DEGC>22.700</TEMP_DEGC>
          <AIR_TEMP_DEGC>22.700</AIR_TEMP_DEGC>
          <RH_PRCNT>29.300</RH_PRCNT>
        </DATA>
        <DATA>
          <VOLTS>-5.700e-03</VOLTS>
          <CURRNT_NAMP>-6.500e+05</CURRNT_NAMP>
          <TIME>2021-09-28 03:42:11</TIME>
          <TEMP_DEGC>22.700</TEMP_DEGC>
          <AIR_TEMP_DEGC>22.700</AIR_TEMP_DEGC>
          <RH_PRCNT>29.300</RH_PRCNT>
        </DATA>
        <DATA>
          <VOLTS>-5.320e-03</VOLTS>
          <CURRNT_NAMP>-6.000e+05</CURRNT_NAMP>
          <TIME>2021-09-28 03:42:12</TIME>
          <TEMP_DEGC>22.700</TEMP_DEGC>
          <AIR_TEMP_DEGC>22.700</AIR_TEMP_DEGC>
          <RH_PRCNT>29.300</RH_PRCNT>
        </DATA>
        <DATA>
          <VOLTS>-4.930e-03</VOLTS>
          <CURRNT_NAMP>-5.500e+05</CURRNT_NAMP>
          <TIME>2021-09-28 03:42:13</TIME>
          <TEMP_DEGC>22.800</TEMP_DEGC>
          <AIR_TEMP_DEGC>22.800</AIR_TEMP_DEGC>
          <RH_PRCNT>29.200</RH_PRCNT>
        </DATA>
        <DATA>
          <VOLTS>-4.550e-03</VOLTS>
          <CURRNT_NAMP>-5.000e+05</CURRNT_NAMP>
          <TIME>2021-09-28 03:42:14</TIME>
          <TEMP_DEGC>22.700</TEMP_DEGC>
          <AIR_TEMP_DEGC>22.700</AIR_TEMP_DEGC>
          <RH_PRCNT>29.200</RH_PRCNT>
        </DATA>
        <DATA>
          <VOLTS>-4.170e-03</VOLTS>
          <CURRNT_NAMP>-4.500e+05</CURRNT_NAMP>
          <TIME>2021-09-28 03:42:15</TIME>
          <TEMP_DEGC>22.800</TEMP_DEGC>
          <AIR_TEMP_DEGC>22.800</AIR_TEMP_DEGC>
          <RH_PRCNT>29.200</RH_PRCNT>
        </DATA>
        <DATA>
          <VOLTS>-3.780e-03</VOLTS>
          <CURRNT_NAMP>-4.000e+05</CURRNT_NAMP>
          <TIME>2021-09-28 03:42:16</TIME>
          <TEMP_DEGC>22.800</TEMP_DEGC>
          <AIR_TEMP_DEGC>22.800</AIR_TEMP_DEGC>
          <RH_PRCNT>29.200</RH_PRCNT>
        </DATA>
        <DATA>
          <VOLTS>-3.400e-03</VOLTS>
          <CURRNT_NAMP>-3.500e+05</CURRNT_NAMP>
          <TIME>2021-09-28 03:42:17</TIME>
          <TEMP_DEGC>22.800</TEMP_DEGC>
          <AIR_TEMP_DEGC>22.800</AIR_TEMP_DEGC>
          <RH_PRCNT>29.200</RH_PRCNT>
        </DATA>
        <DATA>
          <VOLTS>-3.010e-03</VOLTS>
          <CURRNT_NAMP>-3.000e+05</CURRNT_NAMP>
          <TIME>2021-09-28 03:42:19</TIME>
          <TEMP_DEGC>22.800</TEMP_DEGC>
          <AIR_TEMP_DEGC>22.800</AIR_TEMP_DEGC>
          <RH_PRCNT>29.200</RH_PRCNT>
        </DATA>
        <DATA>
          <VOLTS>-2.630e-03</VOLTS>
          <CURRNT_NAMP>-2.500e+05</CURRNT_NAMP>
          <TIME>2021-09-28 03:42:20</TIME>
          <TEMP_DEGC>22.800</TEMP_DEGC>
          <AIR_TEMP_DEGC>22.800</AIR_TEMP_DEGC>
          <RH_PRCNT>29.200</RH_PRCNT>
        </DATA>
        <DATA>
          <VOLTS>-2.240e-03</VOLTS>
          <CURRNT_NAMP>-2.000e+05</CURRNT_NAMP>
          <TIME>2021-09-28 03:42:21</TIME>
          <TEMP_DEGC>22.800</TEMP_DEGC>
          <AIR_TEMP_DEGC>22.800</AIR_TEMP_DEGC>
          <RH_PRCNT>29.200</RH_PRCNT>
        </DATA>
        <DATA>
          <VOLTS>-1.850e-03</VOLTS>
          <CURRNT_NAMP>-1.500e+05</CURRNT_NAMP>
          <TIME>2021-09-28 03:42:22</TIME>
          <TEMP_DEGC>22.800</TEMP_DEGC>
          <AIR_TEMP_DEGC>22.800</AIR_TEMP_DEGC>
          <RH_PRCNT>29.200</RH_PRCNT>
        </DATA>
        <DATA>
          <VOLTS>-1.470e-03</VOLTS>
          <CURRNT_NAMP>-1.000e+05</CURRNT_NAMP>
          <TIME>2021-09-28 03:42:23</TIME>
          <TEMP_DEGC>22.800</TEMP_DEGC>
          <AIR_TEMP_DEGC>22.800</AIR_TEMP_DEGC>
          <RH_PRCNT>29.200</RH_PRCNT>
        </DATA>
        <DATA>
          <VOLTS>-1.080e-03</VOLTS>
          <CURRNT_NAMP>-5.000e+04</CURRNT_NAMP>
          <TIME>2021-09-28 03:42:24</TIME>
          <TEMP_DEGC>22.800</TEMP_DEGC>
          <AIR_TEMP_DEGC>22.800</AIR_TEMP_DEGC>
          <RH_PRCNT>29.200</RH_PRCNT>
        </DATA>
        <DATA>
          <VOLTS>-6.900e-04</VOLTS>
          <CURRNT_NAMP>0.000e+00</CURRNT_NAMP>
          <TIME>2021-09-28 03:42:25</TIME>
          <TEMP_DEGC>22.800</TEMP_DEGC>
          <AIR_TEMP_DEGC>22.800</AIR_TEMP_DEGC>
          <RH_PRCNT>29.200</RH_PRCNT>
        </DATA>
        <DATA>
          <VOLTS>-3.100e-04</VOLTS>
          <CURRNT_NAMP>5.000e+04</CURRNT_NAMP>
          <TIME>2021-09-28 03:42:26</TIME>
          <TEMP_DEGC>22.800</TEMP_DEGC>
          <AIR_TEMP_DEGC>22.800</AIR_TEMP_DEGC>
          <RH_PRCNT>29.200</RH_PRCNT>
        </DATA>
        <DATA>
          <VOLTS>7.000e-05</VOLTS>
          <CURRNT_NAMP>1.000e+05</CURRNT_NAMP>
          <TIME>2021-09-28 03:42:27</TIME>
          <TEMP_DEGC>22.800</TEMP_DEGC>
          <AIR_TEMP_DEGC>22.800</AIR_TEMP_DEGC>
          <RH_PRCNT>29.200</RH_PRCNT>
        </DATA>
        <DATA>
          <VOLTS>4.600e-04</VOLTS>
          <CURRNT_NAMP>1.500e+05</CURRNT_NAMP>
          <TIME>2021-09-28 03:42:28</TIME>
          <TEMP_DEGC>22.800</TEMP_DEGC>
          <AIR_TEMP_DEGC>22.800</AIR_TEMP_DEGC>
          <RH_PRCNT>29.200</RH_PRCNT>
        </DATA>
        <DATA>
          <VOLTS>8.400e-04</VOLTS>
          <CURRNT_NAMP>2.000e+05</CURRNT_NAMP>
          <TIME>2021-09-28 03:42:29</TIME>
          <TEMP_DEGC>22.800</TEMP_DEGC>
          <AIR_TEMP_DEGC>22.800</AIR_TEMP_DEGC>
          <RH_PRCNT>29.200</RH_PRCNT>
        </DATA>
        <DATA>
          <VOLTS>1.230e-03</VOLTS>
          <CURRNT_NAMP>2.500e+05</CURRNT_NAMP>
          <TIME>2021-09-28 03:42:30</TIME>
          <TEMP_DEGC>22.800</TEMP_DEGC>
          <AIR_TEMP_DEGC>22.800</AIR_TEMP_DEGC>
          <RH_PRCNT>29.200</RH_PRCNT>
        </DATA>
        <DATA>
          <VOLTS>1.620e-03</VOLTS>
          <CURRNT_NAMP>3.000e+05</CURRNT_NAMP>
          <TIME>2021-09-28 03:42:31</TIME>
          <TEMP_DEGC>22.800</TEMP_DEGC>
          <AIR_TEMP_DEGC>22.800</AIR_TEMP_DEGC>
          <RH_PRCNT>29.200</RH_PRCNT>
        </DATA>
        <DATA>
          <VOLTS>2.000e-03</VOLTS>
          <CURRNT_NAMP>3.500e+05</CURRNT_NAMP>
          <TIME>2021-09-28 03:42:32</TIME>
          <TEMP_DEGC>22.800</TEMP_DEGC>
          <AIR_TEMP_DEGC>22.800</AIR_TEMP_DEGC>
          <RH_PRCNT>29.200</RH_PRCNT>
        </DATA>
        <DATA>
          <VOLTS>2.390e-03</VOLTS>
          <CURRNT_NAMP>4.000e+05</CURRNT_NAMP>
          <TIME>2021-09-28 03:42:34</TIME>
          <TEMP_DEGC>22.800</TEMP_DEGC>
          <AIR_TEMP_DEGC>22.800</AIR_TEMP_DEGC>
          <RH_PRCNT>29.200</RH_PRCNT>
        </DATA>
        <DATA>
          <VOLTS>2.770e-03</VOLTS>
          <CURRNT_NAMP>4.500e+05</CURRNT_NAMP>
          <TIME>2021-09-28 03:42:35</TIME>
          <TEMP_DEGC>22.800</TEMP_DEGC>
          <AIR_TEMP_DEGC>22.800</AIR_TEMP_DEGC>
          <RH_PRCNT>29.200</RH_PRCNT>
        </DATA>
        <DATA>
          <VOLTS>3.160e-03</VOLTS>
          <CURRNT_NAMP>5.000e+05</CURRNT_NAMP>
          <TIME>2021-09-28 03:42:36</TIME>
          <TEMP_DEGC>22.800</TEMP_DEGC>
          <AIR_TEMP_DEGC>22.800</AIR_TEMP_DEGC>
          <RH_PRCNT>29.200</RH_PRCNT>
        </DATA>
        <DATA>
          <VOLTS>3.540e-03</VOLTS>
          <CURRNT_NAMP>5.500e+05</CURRNT_NAMP>
          <TIME>2021-09-28 03:42:37</TIME>
          <TEMP_DEGC>22.800</TEMP_DEGC>
          <AIR_TEMP_DEGC>22.800</AIR_TEMP_DEGC>
          <RH_PRCNT>29.200</RH_PRCNT>
        </DATA>
        <DATA>
          <VOLTS>3.930e-03</VOLTS>
          <CURRNT_NAMP>6.000e+05</CURRNT_NAMP>
          <TIME>2021-09-28 03:42:38</TIME>
          <TEMP_DEGC>22.800</TEMP_DEGC>
          <AIR_TEMP_DEGC>22.800</AIR_TEMP_DEGC>
          <RH_PRCNT>29.200</RH_PRCNT>
        </DATA>
        <DATA>
          <VOLTS>4.320e-03</VOLTS>
          <CURRNT_NAMP>6.500e+05</CURRNT_NAMP>
          <TIME>2021-09-28 03:42:39</TIME>
          <TEMP_DEGC>22.700</TEMP_DEGC>
          <AIR_TEMP_DEGC>22.700</AIR_TEMP_DEGC>
          <RH_PRCNT>29.100</RH_PRCNT>
        </DATA>
        <DATA>
          <VOLTS>4.700e-03</VOLTS>
          <CURRNT_NAMP>7.000e+05</CURRNT_NAMP>
          <TIME>2021-09-28 03:42:40</TIME>
          <TEMP_DEGC>22.800</TEMP_DEGC>
          <AIR_TEMP_DEGC>22.800</AIR_TEMP_DEGC>
          <RH_PRCNT>29.100</RH_PRCNT>
        </DATA>
        <DATA>
          <VOLTS>5.090e-03</VOLTS>
          <CURRNT_NAMP>7.500e+05</CURRNT_NAMP>
          <TIME>2021-09-28 03:42:41</TIME>
          <TEMP_DEGC>22.800</TEMP_DEGC>
          <AIR_TEMP_DEGC>22.800</AIR_TEMP_DEGC>
          <RH_PRCNT>29.100</RH_PRCNT>
        </DATA>
        <DATA>
          <VOLTS>5.470e-03</VOLTS>
          <CURRNT_NAMP>8.000e+05</CURRNT_NAMP>
          <TIME>2021-09-28 03:42:42</TIME>
          <TEMP_DEGC>22.800</TEMP_DEGC>
          <AIR_TEMP_DEGC>22.800</AIR_TEMP_DEGC>
          <RH_PRCNT>29.100</RH_PRCNT>
        </DATA>
        <DATA>
          <VOLTS>5.860e-03</VOLTS>
          <CURRNT_NAMP>8.500e+05</CURRNT_NAMP>
          <TIME>2021-09-28 03:42:43</TIME>
          <TEMP_DEGC>22.800</TEMP_DEGC>
          <AIR_TEMP_DEGC>22.800</AIR_TEMP_DEGC>
          <RH_PRCNT>29.100</RH_PRCNT>
        </DATA>
        <DATA>
          <VOLTS>6.250e-03</VOLTS>
          <CURRNT_NAMP>9.000e+05</CURRNT_NAMP>
          <TIME>2021-09-28 03:42:44</TIME>
          <TEMP_DEGC>22.700</TEMP_DEGC>
          <AIR_TEMP_DEGC>22.700</AIR_TEMP_DEGC>
          <RH_PRCNT>29.100</RH_PRCNT>
        </DATA>
        <DATA>
          <VOLTS>6.630e-03</VOLTS>
          <CURRNT_NAMP>9.500e+05</CURRNT_NAMP>
          <TIME>2021-09-28 03:42:45</TIME>
          <TEMP_DEGC>22.800</TEMP_DEGC>
          <AIR_TEMP_DEGC>22.800</AIR_TEMP_DEGC>
          <RH_PRCNT>29.100</RH_PRCNT>
        </DATA>
        <DATA>
          <VOLTS>7.020e-03</VOLTS>
          <CURRNT_NAMP>1.000e+06</CURRNT_NAMP>
          <TIME>2021-09-28 03:42:46</TIME>
          <TEMP_DEGC>22.800</TEMP_DEGC>
          <AIR_TEMP_DEGC>22.800</AIR_TEMP_DEGC>
          <RH_PRCNT>29.100</RH_PRCNT>
        </DATA>
        <CHILD_DATA_SET>
          <HEADER>
            <TYPE>
              <EXTENSION_TABLE_NAME>HALFMOON_IV_PAR</EXTENSION_TABLE_NAME>
              <NAME>Tracker Halfmoon IV Parameters</NAME>
            </TYPE>
          </HEADER>
          <DATA_SET>
            <COMMENT_DESCRIPTION>Test</COMMENT_DESCRIPTION>
            <VERSION>IV_measurement</VERSION>
            <PART>
              <NAME_LABEL>37400_027_2-S_HM_WW</NAME_LABEL>
              <KIND_OF_PART>2S Halfmoon W</KIND_OF_PART>
            </PART>
            <DATA>
              <RSH_OHMSQR>34.940</RSH_OHMSQR>
              <R_OHM>7.709</R_OHM>
            </DATA>
          </DATA_SET>
        </CHILD_DATA_SET>
      </DATA_SET>
    </CHILD_DATA_SET>
  </DATA_SET>
</ROOT>
