<?xml version="1.0"?>
<ROOT>
  <HEADER>
    <TYPE>
      <EXTENSION_TABLE_NAME>HALFMOON_METADATA</EXTENSION_TABLE_NAME>
      <NAME>Tracker Halfmoon Metadata</NAME>
    </TYPE>
    <RUN mode="SEQUENCE_NUMBER" sequence="TRK_OT_RUN_SEQ">
      <RUN_TYPE>PQC</RUN_TYPE>
      <LOCATION>Demokritos</LOCATION>
      <INITIATED_BY_USER>A. Kyriakis</INITIATED_BY_USER>
      <RUN_BEGIN_TIMESTAMP>2021-09-29 10:04:03</RUN_BEGIN_TIMESTAMP>
      <COMMENT_DESCRIPTION>Test</COMMENT_DESCRIPTION>
    </RUN>
  </HEADER>
  <DATA_SET>
    <COMMENT_DESCRIPTION>Metadata with flute and structure</COMMENT_DESCRIPTION>
    <VERSION>IV_measurement</VERSION>
    <PART>
      <NAME_LABEL>37400_037_2-S_HM_WW</NAME_LABEL>
      <KIND_OF_PART>2S Halfmoon W</KIND_OF_PART>
    </PART>
    <DATA>
      <KIND_OF_HM_FLUTE_ID>PQC1</KIND_OF_HM_FLUTE_ID>
      <KIND_OF_HM_STRUCT_ID>VDP_STRIP</KIND_OF_HM_STRUCT_ID>
      <KIND_OF_HM_SET_ID>Left</KIND_OF_HM_SET_ID>
      <KIND_OF_HM_CONFIG_ID>Rotated</KIND_OF_HM_CONFIG_ID>
      <EQUIPMENT>KEITHLEY 2410</EQUIPMENT>
      <WAITING_TIME_S>0.200</WAITING_TIME_S>
      <TEMP_SET_DEGC>21.200</TEMP_SET_DEGC>
      <AV_TEMP_DEGC>21.200</AV_TEMP_DEGC>
      <PROCEDURE_TYPE>VDP_STRIP</PROCEDURE_TYPE>
      <FILE_NAME>Demokritos_VPX37400_037_2-S_HM_W_Left_PQC1_VDPStrip_r.xml</FILE_NAME>
    </DATA>
    <CHILD_DATA_SET>
      <HEADER>
        <TYPE>
          <EXTENSION_TABLE_NAME>TEST_SENSOR_IV</EXTENSION_TABLE_NAME>
          <NAME>Tracker Halfmoon IV Test</NAME>
        </TYPE>
      </HEADER>
      <DATA_SET>
        <COMMENT_DESCRIPTION>Test</COMMENT_DESCRIPTION>
        <VERSION>IV_measurement</VERSION>
        <PART>
          <NAME_LABEL>37400_037_2-S_HM_WW</NAME_LABEL>
          <KIND_OF_PART>2S Halfmoon W</KIND_OF_PART>
        </PART>
        <DATA>
          <VOLTS>-7.670e-03</VOLTS>
          <CURRNT_NAMP>-1.000e+06</CURRNT_NAMP>
          <TIME>2021-09-29 10:04:03</TIME>
          <TEMP_DEGC>21.200</TEMP_DEGC>
          <AIR_TEMP_DEGC>21.200</AIR_TEMP_DEGC>
          <RH_PRCNT>24.700</RH_PRCNT>
        </DATA>
        <DATA>
          <VOLTS>-7.630e-03</VOLTS>
          <CURRNT_NAMP>-9.500e+05</CURRNT_NAMP>
          <TIME>2021-09-29 10:04:04</TIME>
          <TEMP_DEGC>21.200</TEMP_DEGC>
          <AIR_TEMP_DEGC>21.200</AIR_TEMP_DEGC>
          <RH_PRCNT>24.700</RH_PRCNT>
        </DATA>
        <DATA>
          <VOLTS>-7.480e-03</VOLTS>
          <CURRNT_NAMP>-9.000e+05</CURRNT_NAMP>
          <TIME>2021-09-29 10:04:05</TIME>
          <TEMP_DEGC>21.200</TEMP_DEGC>
          <AIR_TEMP_DEGC>21.200</AIR_TEMP_DEGC>
          <RH_PRCNT>24.600</RH_PRCNT>
        </DATA>
        <DATA>
          <VOLTS>-7.220e-03</VOLTS>
          <CURRNT_NAMP>-8.500e+05</CURRNT_NAMP>
          <TIME>2021-09-29 10:04:06</TIME>
          <TEMP_DEGC>21.200</TEMP_DEGC>
          <AIR_TEMP_DEGC>21.200</AIR_TEMP_DEGC>
          <RH_PRCNT>24.600</RH_PRCNT>
        </DATA>
        <DATA>
          <VOLTS>-6.840e-03</VOLTS>
          <CURRNT_NAMP>-8.000e+05</CURRNT_NAMP>
          <TIME>2021-09-29 10:04:07</TIME>
          <TEMP_DEGC>21.200</TEMP_DEGC>
          <AIR_TEMP_DEGC>21.200</AIR_TEMP_DEGC>
          <RH_PRCNT>24.600</RH_PRCNT>
        </DATA>
        <DATA>
          <VOLTS>-6.450e-03</VOLTS>
          <CURRNT_NAMP>-7.500e+05</CURRNT_NAMP>
          <TIME>2021-09-29 10:04:08</TIME>
          <TEMP_DEGC>21.200</TEMP_DEGC>
          <AIR_TEMP_DEGC>21.200</AIR_TEMP_DEGC>
          <RH_PRCNT>24.600</RH_PRCNT>
        </DATA>
        <DATA>
          <VOLTS>-6.070e-03</VOLTS>
          <CURRNT_NAMP>-7.000e+05</CURRNT_NAMP>
          <TIME>2021-09-29 10:04:09</TIME>
          <TEMP_DEGC>21.200</TEMP_DEGC>
          <AIR_TEMP_DEGC>21.200</AIR_TEMP_DEGC>
          <RH_PRCNT>24.600</RH_PRCNT>
        </DATA>
        <DATA>
          <VOLTS>-5.690e-03</VOLTS>
          <CURRNT_NAMP>-6.500e+05</CURRNT_NAMP>
          <TIME>2021-09-29 10:04:10</TIME>
          <TEMP_DEGC>21.200</TEMP_DEGC>
          <AIR_TEMP_DEGC>21.200</AIR_TEMP_DEGC>
          <RH_PRCNT>24.600</RH_PRCNT>
        </DATA>
        <DATA>
          <VOLTS>-5.300e-03</VOLTS>
          <CURRNT_NAMP>-6.000e+05</CURRNT_NAMP>
          <TIME>2021-09-29 10:04:11</TIME>
          <TEMP_DEGC>21.200</TEMP_DEGC>
          <AIR_TEMP_DEGC>21.200</AIR_TEMP_DEGC>
          <RH_PRCNT>24.600</RH_PRCNT>
        </DATA>
        <DATA>
          <VOLTS>-4.920e-03</VOLTS>
          <CURRNT_NAMP>-5.500e+05</CURRNT_NAMP>
          <TIME>2021-09-29 10:04:12</TIME>
          <TEMP_DEGC>21.200</TEMP_DEGC>
          <AIR_TEMP_DEGC>21.200</AIR_TEMP_DEGC>
          <RH_PRCNT>24.600</RH_PRCNT>
        </DATA>
        <DATA>
          <VOLTS>-4.530e-03</VOLTS>
          <CURRNT_NAMP>-5.000e+05</CURRNT_NAMP>
          <TIME>2021-09-29 10:04:13</TIME>
          <TEMP_DEGC>21.200</TEMP_DEGC>
          <AIR_TEMP_DEGC>21.200</AIR_TEMP_DEGC>
          <RH_PRCNT>24.600</RH_PRCNT>
        </DATA>
        <DATA>
          <VOLTS>-4.140e-03</VOLTS>
          <CURRNT_NAMP>-4.500e+05</CURRNT_NAMP>
          <TIME>2021-09-29 10:04:14</TIME>
          <TEMP_DEGC>21.200</TEMP_DEGC>
          <AIR_TEMP_DEGC>21.200</AIR_TEMP_DEGC>
          <RH_PRCNT>24.600</RH_PRCNT>
        </DATA>
        <DATA>
          <VOLTS>-3.750e-03</VOLTS>
          <CURRNT_NAMP>-4.000e+05</CURRNT_NAMP>
          <TIME>2021-09-29 10:04:15</TIME>
          <TEMP_DEGC>21.200</TEMP_DEGC>
          <AIR_TEMP_DEGC>21.200</AIR_TEMP_DEGC>
          <RH_PRCNT>24.600</RH_PRCNT>
        </DATA>
        <DATA>
          <VOLTS>-3.370e-03</VOLTS>
          <CURRNT_NAMP>-3.500e+05</CURRNT_NAMP>
          <TIME>2021-09-29 10:04:16</TIME>
          <TEMP_DEGC>21.200</TEMP_DEGC>
          <AIR_TEMP_DEGC>21.200</AIR_TEMP_DEGC>
          <RH_PRCNT>24.600</RH_PRCNT>
        </DATA>
        <DATA>
          <VOLTS>-2.990e-03</VOLTS>
          <CURRNT_NAMP>-3.000e+05</CURRNT_NAMP>
          <TIME>2021-09-29 10:04:17</TIME>
          <TEMP_DEGC>21.200</TEMP_DEGC>
          <AIR_TEMP_DEGC>21.200</AIR_TEMP_DEGC>
          <RH_PRCNT>24.600</RH_PRCNT>
        </DATA>
        <DATA>
          <VOLTS>-2.600e-03</VOLTS>
          <CURRNT_NAMP>-2.500e+05</CURRNT_NAMP>
          <TIME>2021-09-29 10:04:19</TIME>
          <TEMP_DEGC>21.200</TEMP_DEGC>
          <AIR_TEMP_DEGC>21.200</AIR_TEMP_DEGC>
          <RH_PRCNT>24.600</RH_PRCNT>
        </DATA>
        <DATA>
          <VOLTS>-2.220e-03</VOLTS>
          <CURRNT_NAMP>-2.000e+05</CURRNT_NAMP>
          <TIME>2021-09-29 10:04:20</TIME>
          <TEMP_DEGC>21.200</TEMP_DEGC>
          <AIR_TEMP_DEGC>21.200</AIR_TEMP_DEGC>
          <RH_PRCNT>24.600</RH_PRCNT>
        </DATA>
        <DATA>
          <VOLTS>-1.830e-03</VOLTS>
          <CURRNT_NAMP>-1.500e+05</CURRNT_NAMP>
          <TIME>2021-09-29 10:04:21</TIME>
          <TEMP_DEGC>21.200</TEMP_DEGC>
          <AIR_TEMP_DEGC>21.200</AIR_TEMP_DEGC>
          <RH_PRCNT>24.600</RH_PRCNT>
        </DATA>
        <DATA>
          <VOLTS>-1.450e-03</VOLTS>
          <CURRNT_NAMP>-1.000e+05</CURRNT_NAMP>
          <TIME>2021-09-29 10:04:22</TIME>
          <TEMP_DEGC>21.200</TEMP_DEGC>
          <AIR_TEMP_DEGC>21.200</AIR_TEMP_DEGC>
          <RH_PRCNT>24.600</RH_PRCNT>
        </DATA>
        <DATA>
          <VOLTS>-1.070e-03</VOLTS>
          <CURRNT_NAMP>-5.000e+04</CURRNT_NAMP>
          <TIME>2021-09-29 10:04:23</TIME>
          <TEMP_DEGC>21.200</TEMP_DEGC>
          <AIR_TEMP_DEGC>21.200</AIR_TEMP_DEGC>
          <RH_PRCNT>24.600</RH_PRCNT>
        </DATA>
        <DATA>
          <VOLTS>-6.800e-04</VOLTS>
          <CURRNT_NAMP>0.000e+00</CURRNT_NAMP>
          <TIME>2021-09-29 10:04:24</TIME>
          <TEMP_DEGC>21.200</TEMP_DEGC>
          <AIR_TEMP_DEGC>21.200</AIR_TEMP_DEGC>
          <RH_PRCNT>24.600</RH_PRCNT>
        </DATA>
        <DATA>
          <VOLTS>-3.000e-04</VOLTS>
          <CURRNT_NAMP>5.000e+04</CURRNT_NAMP>
          <TIME>2021-09-29 10:04:25</TIME>
          <TEMP_DEGC>21.200</TEMP_DEGC>
          <AIR_TEMP_DEGC>21.200</AIR_TEMP_DEGC>
          <RH_PRCNT>24.600</RH_PRCNT>
        </DATA>
        <DATA>
          <VOLTS>8.000e-05</VOLTS>
          <CURRNT_NAMP>1.000e+05</CURRNT_NAMP>
          <TIME>2021-09-29 10:04:26</TIME>
          <TEMP_DEGC>21.200</TEMP_DEGC>
          <AIR_TEMP_DEGC>21.200</AIR_TEMP_DEGC>
          <RH_PRCNT>24.600</RH_PRCNT>
        </DATA>
        <DATA>
          <VOLTS>4.600e-04</VOLTS>
          <CURRNT_NAMP>1.500e+05</CURRNT_NAMP>
          <TIME>2021-09-29 10:04:27</TIME>
          <TEMP_DEGC>21.200</TEMP_DEGC>
          <AIR_TEMP_DEGC>21.200</AIR_TEMP_DEGC>
          <RH_PRCNT>24.600</RH_PRCNT>
        </DATA>
        <DATA>
          <VOLTS>8.400e-04</VOLTS>
          <CURRNT_NAMP>2.000e+05</CURRNT_NAMP>
          <TIME>2021-09-29 10:04:28</TIME>
          <TEMP_DEGC>21.200</TEMP_DEGC>
          <AIR_TEMP_DEGC>21.200</AIR_TEMP_DEGC>
          <RH_PRCNT>24.600</RH_PRCNT>
        </DATA>
        <DATA>
          <VOLTS>1.230e-03</VOLTS>
          <CURRNT_NAMP>2.500e+05</CURRNT_NAMP>
          <TIME>2021-09-29 10:04:29</TIME>
          <TEMP_DEGC>21.200</TEMP_DEGC>
          <AIR_TEMP_DEGC>21.200</AIR_TEMP_DEGC>
          <RH_PRCNT>24.600</RH_PRCNT>
        </DATA>
        <DATA>
          <VOLTS>1.610e-03</VOLTS>
          <CURRNT_NAMP>3.000e+05</CURRNT_NAMP>
          <TIME>2021-09-29 10:04:30</TIME>
          <TEMP_DEGC>21.200</TEMP_DEGC>
          <AIR_TEMP_DEGC>21.200</AIR_TEMP_DEGC>
          <RH_PRCNT>24.600</RH_PRCNT>
        </DATA>
        <DATA>
          <VOLTS>2.000e-03</VOLTS>
          <CURRNT_NAMP>3.500e+05</CURRNT_NAMP>
          <TIME>2021-09-29 10:04:31</TIME>
          <TEMP_DEGC>21.200</TEMP_DEGC>
          <AIR_TEMP_DEGC>21.200</AIR_TEMP_DEGC>
          <RH_PRCNT>24.500</RH_PRCNT>
        </DATA>
        <DATA>
          <VOLTS>2.380e-03</VOLTS>
          <CURRNT_NAMP>4.000e+05</CURRNT_NAMP>
          <TIME>2021-09-29 10:04:33</TIME>
          <TEMP_DEGC>21.200</TEMP_DEGC>
          <AIR_TEMP_DEGC>21.200</AIR_TEMP_DEGC>
          <RH_PRCNT>24.500</RH_PRCNT>
        </DATA>
        <DATA>
          <VOLTS>2.770e-03</VOLTS>
          <CURRNT_NAMP>4.500e+05</CURRNT_NAMP>
          <TIME>2021-09-29 10:04:34</TIME>
          <TEMP_DEGC>21.200</TEMP_DEGC>
          <AIR_TEMP_DEGC>21.200</AIR_TEMP_DEGC>
          <RH_PRCNT>24.500</RH_PRCNT>
        </DATA>
        <DATA>
          <VOLTS>3.150e-03</VOLTS>
          <CURRNT_NAMP>5.000e+05</CURRNT_NAMP>
          <TIME>2021-09-29 10:04:35</TIME>
          <TEMP_DEGC>21.200</TEMP_DEGC>
          <AIR_TEMP_DEGC>21.200</AIR_TEMP_DEGC>
          <RH_PRCNT>24.500</RH_PRCNT>
        </DATA>
        <DATA>
          <VOLTS>3.540e-03</VOLTS>
          <CURRNT_NAMP>5.500e+05</CURRNT_NAMP>
          <TIME>2021-09-29 10:04:36</TIME>
          <TEMP_DEGC>21.200</TEMP_DEGC>
          <AIR_TEMP_DEGC>21.200</AIR_TEMP_DEGC>
          <RH_PRCNT>24.500</RH_PRCNT>
        </DATA>
        <DATA>
          <VOLTS>3.920e-03</VOLTS>
          <CURRNT_NAMP>6.000e+05</CURRNT_NAMP>
          <TIME>2021-09-29 10:04:37</TIME>
          <TEMP_DEGC>21.200</TEMP_DEGC>
          <AIR_TEMP_DEGC>21.200</AIR_TEMP_DEGC>
          <RH_PRCNT>24.500</RH_PRCNT>
        </DATA>
        <DATA>
          <VOLTS>4.310e-03</VOLTS>
          <CURRNT_NAMP>6.500e+05</CURRNT_NAMP>
          <TIME>2021-09-29 10:04:38</TIME>
          <TEMP_DEGC>21.200</TEMP_DEGC>
          <AIR_TEMP_DEGC>21.200</AIR_TEMP_DEGC>
          <RH_PRCNT>24.500</RH_PRCNT>
        </DATA>
        <DATA>
          <VOLTS>4.690e-03</VOLTS>
          <CURRNT_NAMP>7.000e+05</CURRNT_NAMP>
          <TIME>2021-09-29 10:04:39</TIME>
          <TEMP_DEGC>21.200</TEMP_DEGC>
          <AIR_TEMP_DEGC>21.200</AIR_TEMP_DEGC>
          <RH_PRCNT>24.500</RH_PRCNT>
        </DATA>
        <DATA>
          <VOLTS>5.070e-03</VOLTS>
          <CURRNT_NAMP>7.500e+05</CURRNT_NAMP>
          <TIME>2021-09-29 10:04:40</TIME>
          <TEMP_DEGC>21.200</TEMP_DEGC>
          <AIR_TEMP_DEGC>21.200</AIR_TEMP_DEGC>
          <RH_PRCNT>24.500</RH_PRCNT>
        </DATA>
        <DATA>
          <VOLTS>5.460e-03</VOLTS>
          <CURRNT_NAMP>8.000e+05</CURRNT_NAMP>
          <TIME>2021-09-29 10:04:41</TIME>
          <TEMP_DEGC>21.200</TEMP_DEGC>
          <AIR_TEMP_DEGC>21.200</AIR_TEMP_DEGC>
          <RH_PRCNT>24.500</RH_PRCNT>
        </DATA>
        <DATA>
          <VOLTS>5.840e-03</VOLTS>
          <CURRNT_NAMP>8.500e+05</CURRNT_NAMP>
          <TIME>2021-09-29 10:04:42</TIME>
          <TEMP_DEGC>21.200</TEMP_DEGC>
          <AIR_TEMP_DEGC>21.200</AIR_TEMP_DEGC>
          <RH_PRCNT>24.500</RH_PRCNT>
        </DATA>
        <DATA>
          <VOLTS>6.230e-03</VOLTS>
          <CURRNT_NAMP>9.000e+05</CURRNT_NAMP>
          <TIME>2021-09-29 10:04:43</TIME>
          <TEMP_DEGC>21.200</TEMP_DEGC>
          <AIR_TEMP_DEGC>21.200</AIR_TEMP_DEGC>
          <RH_PRCNT>24.500</RH_PRCNT>
        </DATA>
        <DATA>
          <VOLTS>6.610e-03</VOLTS>
          <CURRNT_NAMP>9.500e+05</CURRNT_NAMP>
          <TIME>2021-09-29 10:04:44</TIME>
          <TEMP_DEGC>21.200</TEMP_DEGC>
          <AIR_TEMP_DEGC>21.200</AIR_TEMP_DEGC>
          <RH_PRCNT>24.500</RH_PRCNT>
        </DATA>
        <DATA>
          <VOLTS>7.000e-03</VOLTS>
          <CURRNT_NAMP>1.000e+06</CURRNT_NAMP>
          <TIME>2021-09-29 10:04:45</TIME>
          <TEMP_DEGC>21.200</TEMP_DEGC>
          <AIR_TEMP_DEGC>21.200</AIR_TEMP_DEGC>
          <RH_PRCNT>24.500</RH_PRCNT>
        </DATA>
        <CHILD_DATA_SET>
          <HEADER>
            <TYPE>
              <EXTENSION_TABLE_NAME>HALFMOON_IV_PAR</EXTENSION_TABLE_NAME>
              <NAME>Tracker Halfmoon IV Parameters</NAME>
            </TYPE>
          </HEADER>
          <DATA_SET>
            <COMMENT_DESCRIPTION>Test</COMMENT_DESCRIPTION>
            <VERSION>IV_measurement</VERSION>
            <PART>
              <NAME_LABEL>37400_037_2-S_HM_WW</NAME_LABEL>
              <KIND_OF_PART>2S Halfmoon W</KIND_OF_PART>
            </PART>
            <DATA>
              <RSH_OHMSQR>34.820</RSH_OHMSQR>
              <R_OHM>7.683</R_OHM>
            </DATA>
          </DATA_SET>
        </CHILD_DATA_SET>
      </DATA_SET>
    </CHILD_DATA_SET>
  </DATA_SET>
</ROOT>
