<?xml version="1.0"?>
<ROOT>
  <HEADER>
    <TYPE>
      <EXTENSION_TABLE_NAME>HALFMOON_METADATA</EXTENSION_TABLE_NAME>
      <NAME>Tracker Halfmoon Metadata</NAME>
    </TYPE>
    <RUN mode="SEQUENCE_NUMBER" sequence="TRK_OT_RUN_SEQ">
      <RUN_TYPE>PQC</RUN_TYPE>
      <LOCATION>Demokritos</LOCATION>
      <INITIATED_BY_USER>A. Kyriakis</INITIATED_BY_USER>
      <RUN_BEGIN_TIMESTAMP>2021-09-27 12:30:44</RUN_BEGIN_TIMESTAMP>
      <COMMENT_DESCRIPTION>Test</COMMENT_DESCRIPTION>
    </RUN>
  </HEADER>
  <DATA_SET>
    <COMMENT_DESCRIPTION>Metadata with flute and structure</COMMENT_DESCRIPTION>
    <VERSION>IV_measurement</VERSION>
    <PART>
      <NAME_LABEL>37400_019_2-S_HM_EE</NAME_LABEL>
      <KIND_OF_PART>2S Halfmoon E</KIND_OF_PART>
    </PART>
    <DATA>
      <KIND_OF_HM_FLUTE_ID>PQC1</KIND_OF_HM_FLUTE_ID>
      <KIND_OF_HM_STRUCT_ID>VDP_STRIP</KIND_OF_HM_STRUCT_ID>
      <KIND_OF_HM_SET_ID>Left</KIND_OF_HM_SET_ID>
      <KIND_OF_HM_CONFIG_ID>Standard</KIND_OF_HM_CONFIG_ID>
      <EQUIPMENT>KEITHLEY 2410</EQUIPMENT>
      <WAITING_TIME_S>0.200</WAITING_TIME_S>
      <TEMP_SET_DEGC>22.200</TEMP_SET_DEGC>
      <AV_TEMP_DEGC>22.200</AV_TEMP_DEGC>
      <PROCEDURE_TYPE>VDP_STRIP</PROCEDURE_TYPE>
      <FILE_NAME>Demokritos_VPX37400_019_2-S_HM_E_Left_PQC1_VDPStrip_s.xml</FILE_NAME>
    </DATA>
    <CHILD_DATA_SET>
      <HEADER>
        <TYPE>
          <EXTENSION_TABLE_NAME>TEST_SENSOR_IV</EXTENSION_TABLE_NAME>
          <NAME>Tracker Halfmoon IV Test</NAME>
        </TYPE>
      </HEADER>
      <DATA_SET>
        <COMMENT_DESCRIPTION>Test</COMMENT_DESCRIPTION>
        <VERSION>IV_measurement</VERSION>
        <PART>
          <NAME_LABEL>37400_019_2-S_HM_EE</NAME_LABEL>
          <KIND_OF_PART>2S Halfmoon E</KIND_OF_PART>
        </PART>
        <DATA>
          <VOLTS>-7.660e-03</VOLTS>
          <CURRNT_NAMP>-1.000e+06</CURRNT_NAMP>
          <TIME>2021-09-27 12:30:44</TIME>
          <TEMP_DEGC>22.200</TEMP_DEGC>
          <AIR_TEMP_DEGC>22.200</AIR_TEMP_DEGC>
          <RH_PRCNT>24.200</RH_PRCNT>
        </DATA>
        <DATA>
          <VOLTS>-7.620e-03</VOLTS>
          <CURRNT_NAMP>-9.500e+05</CURRNT_NAMP>
          <TIME>2021-09-27 12:30:45</TIME>
          <TEMP_DEGC>22.200</TEMP_DEGC>
          <AIR_TEMP_DEGC>22.200</AIR_TEMP_DEGC>
          <RH_PRCNT>24.200</RH_PRCNT>
        </DATA>
        <DATA>
          <VOLTS>-7.470e-03</VOLTS>
          <CURRNT_NAMP>-9.000e+05</CURRNT_NAMP>
          <TIME>2021-09-27 12:30:46</TIME>
          <TEMP_DEGC>22.200</TEMP_DEGC>
          <AIR_TEMP_DEGC>22.200</AIR_TEMP_DEGC>
          <RH_PRCNT>24.200</RH_PRCNT>
        </DATA>
        <DATA>
          <VOLTS>-7.200e-03</VOLTS>
          <CURRNT_NAMP>-8.500e+05</CURRNT_NAMP>
          <TIME>2021-09-27 12:30:47</TIME>
          <TEMP_DEGC>22.200</TEMP_DEGC>
          <AIR_TEMP_DEGC>22.200</AIR_TEMP_DEGC>
          <RH_PRCNT>24.300</RH_PRCNT>
        </DATA>
        <DATA>
          <VOLTS>-6.820e-03</VOLTS>
          <CURRNT_NAMP>-8.000e+05</CURRNT_NAMP>
          <TIME>2021-09-27 12:30:48</TIME>
          <TEMP_DEGC>22.200</TEMP_DEGC>
          <AIR_TEMP_DEGC>22.200</AIR_TEMP_DEGC>
          <RH_PRCNT>24.200</RH_PRCNT>
        </DATA>
        <DATA>
          <VOLTS>-6.430e-03</VOLTS>
          <CURRNT_NAMP>-7.500e+05</CURRNT_NAMP>
          <TIME>2021-09-27 12:30:49</TIME>
          <TEMP_DEGC>22.200</TEMP_DEGC>
          <AIR_TEMP_DEGC>22.200</AIR_TEMP_DEGC>
          <RH_PRCNT>24.200</RH_PRCNT>
        </DATA>
        <DATA>
          <VOLTS>-6.050e-03</VOLTS>
          <CURRNT_NAMP>-7.000e+05</CURRNT_NAMP>
          <TIME>2021-09-27 12:30:50</TIME>
          <TEMP_DEGC>22.200</TEMP_DEGC>
          <AIR_TEMP_DEGC>22.200</AIR_TEMP_DEGC>
          <RH_PRCNT>24.200</RH_PRCNT>
        </DATA>
        <DATA>
          <VOLTS>-5.670e-03</VOLTS>
          <CURRNT_NAMP>-6.500e+05</CURRNT_NAMP>
          <TIME>2021-09-27 12:30:51</TIME>
          <TEMP_DEGC>22.200</TEMP_DEGC>
          <AIR_TEMP_DEGC>22.200</AIR_TEMP_DEGC>
          <RH_PRCNT>24.200</RH_PRCNT>
        </DATA>
        <DATA>
          <VOLTS>-5.280e-03</VOLTS>
          <CURRNT_NAMP>-6.000e+05</CURRNT_NAMP>
          <TIME>2021-09-27 12:30:52</TIME>
          <TEMP_DEGC>22.200</TEMP_DEGC>
          <AIR_TEMP_DEGC>22.200</AIR_TEMP_DEGC>
          <RH_PRCNT>24.200</RH_PRCNT>
        </DATA>
        <DATA>
          <VOLTS>-4.900e-03</VOLTS>
          <CURRNT_NAMP>-5.500e+05</CURRNT_NAMP>
          <TIME>2021-09-27 12:30:53</TIME>
          <TEMP_DEGC>22.200</TEMP_DEGC>
          <AIR_TEMP_DEGC>22.200</AIR_TEMP_DEGC>
          <RH_PRCNT>24.200</RH_PRCNT>
        </DATA>
        <DATA>
          <VOLTS>-4.520e-03</VOLTS>
          <CURRNT_NAMP>-5.000e+05</CURRNT_NAMP>
          <TIME>2021-09-27 12:30:54</TIME>
          <TEMP_DEGC>22.200</TEMP_DEGC>
          <AIR_TEMP_DEGC>22.200</AIR_TEMP_DEGC>
          <RH_PRCNT>24.200</RH_PRCNT>
        </DATA>
        <DATA>
          <VOLTS>-4.130e-03</VOLTS>
          <CURRNT_NAMP>-4.500e+05</CURRNT_NAMP>
          <TIME>2021-09-27 12:30:55</TIME>
          <TEMP_DEGC>22.200</TEMP_DEGC>
          <AIR_TEMP_DEGC>22.200</AIR_TEMP_DEGC>
          <RH_PRCNT>24.200</RH_PRCNT>
        </DATA>
        <DATA>
          <VOLTS>-3.750e-03</VOLTS>
          <CURRNT_NAMP>-4.000e+05</CURRNT_NAMP>
          <TIME>2021-09-27 12:30:56</TIME>
          <TEMP_DEGC>22.200</TEMP_DEGC>
          <AIR_TEMP_DEGC>22.200</AIR_TEMP_DEGC>
          <RH_PRCNT>24.200</RH_PRCNT>
        </DATA>
        <DATA>
          <VOLTS>-3.370e-03</VOLTS>
          <CURRNT_NAMP>-3.500e+05</CURRNT_NAMP>
          <TIME>2021-09-27 12:30:57</TIME>
          <TEMP_DEGC>22.200</TEMP_DEGC>
          <AIR_TEMP_DEGC>22.200</AIR_TEMP_DEGC>
          <RH_PRCNT>24.200</RH_PRCNT>
        </DATA>
        <DATA>
          <VOLTS>-2.980e-03</VOLTS>
          <CURRNT_NAMP>-3.000e+05</CURRNT_NAMP>
          <TIME>2021-09-27 12:30:59</TIME>
          <TEMP_DEGC>22.200</TEMP_DEGC>
          <AIR_TEMP_DEGC>22.200</AIR_TEMP_DEGC>
          <RH_PRCNT>24.200</RH_PRCNT>
        </DATA>
        <DATA>
          <VOLTS>-2.600e-03</VOLTS>
          <CURRNT_NAMP>-2.500e+05</CURRNT_NAMP>
          <TIME>2021-09-27 12:31:00</TIME>
          <TEMP_DEGC>22.200</TEMP_DEGC>
          <AIR_TEMP_DEGC>22.200</AIR_TEMP_DEGC>
          <RH_PRCNT>24.200</RH_PRCNT>
        </DATA>
        <DATA>
          <VOLTS>-2.210e-03</VOLTS>
          <CURRNT_NAMP>-2.000e+05</CURRNT_NAMP>
          <TIME>2021-09-27 12:31:01</TIME>
          <TEMP_DEGC>22.200</TEMP_DEGC>
          <AIR_TEMP_DEGC>22.200</AIR_TEMP_DEGC>
          <RH_PRCNT>24.200</RH_PRCNT>
        </DATA>
        <DATA>
          <VOLTS>-1.830e-03</VOLTS>
          <CURRNT_NAMP>-1.500e+05</CURRNT_NAMP>
          <TIME>2021-09-27 12:31:02</TIME>
          <TEMP_DEGC>22.200</TEMP_DEGC>
          <AIR_TEMP_DEGC>22.200</AIR_TEMP_DEGC>
          <RH_PRCNT>24.200</RH_PRCNT>
        </DATA>
        <DATA>
          <VOLTS>-1.450e-03</VOLTS>
          <CURRNT_NAMP>-1.000e+05</CURRNT_NAMP>
          <TIME>2021-09-27 12:31:03</TIME>
          <TEMP_DEGC>22.200</TEMP_DEGC>
          <AIR_TEMP_DEGC>22.200</AIR_TEMP_DEGC>
          <RH_PRCNT>24.200</RH_PRCNT>
        </DATA>
        <DATA>
          <VOLTS>-1.220e-03</VOLTS>
          <CURRNT_NAMP>-5.000e+04</CURRNT_NAMP>
          <TIME>2021-09-27 12:31:04</TIME>
          <TEMP_DEGC>22.200</TEMP_DEGC>
          <AIR_TEMP_DEGC>22.200</AIR_TEMP_DEGC>
          <RH_PRCNT>24.200</RH_PRCNT>
        </DATA>
        <DATA>
          <VOLTS>-8.000e-04</VOLTS>
          <CURRNT_NAMP>0.000e+00</CURRNT_NAMP>
          <TIME>2021-09-27 12:31:05</TIME>
          <TEMP_DEGC>22.200</TEMP_DEGC>
          <AIR_TEMP_DEGC>22.200</AIR_TEMP_DEGC>
          <RH_PRCNT>24.200</RH_PRCNT>
        </DATA>
        <DATA>
          <VOLTS>-3.700e-04</VOLTS>
          <CURRNT_NAMP>5.000e+04</CURRNT_NAMP>
          <TIME>2021-09-27 12:31:06</TIME>
          <TEMP_DEGC>22.200</TEMP_DEGC>
          <AIR_TEMP_DEGC>22.200</AIR_TEMP_DEGC>
          <RH_PRCNT>24.200</RH_PRCNT>
        </DATA>
        <DATA>
          <VOLTS>4.000e-05</VOLTS>
          <CURRNT_NAMP>1.000e+05</CURRNT_NAMP>
          <TIME>2021-09-27 12:31:07</TIME>
          <TEMP_DEGC>22.200</TEMP_DEGC>
          <AIR_TEMP_DEGC>22.200</AIR_TEMP_DEGC>
          <RH_PRCNT>24.200</RH_PRCNT>
        </DATA>
        <DATA>
          <VOLTS>4.600e-04</VOLTS>
          <CURRNT_NAMP>1.500e+05</CURRNT_NAMP>
          <TIME>2021-09-27 12:31:08</TIME>
          <TEMP_DEGC>22.200</TEMP_DEGC>
          <AIR_TEMP_DEGC>22.200</AIR_TEMP_DEGC>
          <RH_PRCNT>24.200</RH_PRCNT>
        </DATA>
        <DATA>
          <VOLTS>8.400e-04</VOLTS>
          <CURRNT_NAMP>2.000e+05</CURRNT_NAMP>
          <TIME>2021-09-27 12:31:09</TIME>
          <TEMP_DEGC>22.200</TEMP_DEGC>
          <AIR_TEMP_DEGC>22.200</AIR_TEMP_DEGC>
          <RH_PRCNT>24.200</RH_PRCNT>
        </DATA>
        <DATA>
          <VOLTS>1.230e-03</VOLTS>
          <CURRNT_NAMP>2.500e+05</CURRNT_NAMP>
          <TIME>2021-09-27 12:31:10</TIME>
          <TEMP_DEGC>22.200</TEMP_DEGC>
          <AIR_TEMP_DEGC>22.200</AIR_TEMP_DEGC>
          <RH_PRCNT>24.200</RH_PRCNT>
        </DATA>
        <DATA>
          <VOLTS>1.610e-03</VOLTS>
          <CURRNT_NAMP>3.000e+05</CURRNT_NAMP>
          <TIME>2021-09-27 12:31:11</TIME>
          <TEMP_DEGC>22.200</TEMP_DEGC>
          <AIR_TEMP_DEGC>22.200</AIR_TEMP_DEGC>
          <RH_PRCNT>24.200</RH_PRCNT>
        </DATA>
        <DATA>
          <VOLTS>1.990e-03</VOLTS>
          <CURRNT_NAMP>3.500e+05</CURRNT_NAMP>
          <TIME>2021-09-27 12:31:13</TIME>
          <TEMP_DEGC>22.200</TEMP_DEGC>
          <AIR_TEMP_DEGC>22.200</AIR_TEMP_DEGC>
          <RH_PRCNT>24.100</RH_PRCNT>
        </DATA>
        <DATA>
          <VOLTS>2.380e-03</VOLTS>
          <CURRNT_NAMP>4.000e+05</CURRNT_NAMP>
          <TIME>2021-09-27 12:31:14</TIME>
          <TEMP_DEGC>22.200</TEMP_DEGC>
          <AIR_TEMP_DEGC>22.200</AIR_TEMP_DEGC>
          <RH_PRCNT>24.100</RH_PRCNT>
        </DATA>
        <DATA>
          <VOLTS>2.760e-03</VOLTS>
          <CURRNT_NAMP>4.500e+05</CURRNT_NAMP>
          <TIME>2021-09-27 12:31:15</TIME>
          <TEMP_DEGC>22.200</TEMP_DEGC>
          <AIR_TEMP_DEGC>22.200</AIR_TEMP_DEGC>
          <RH_PRCNT>24.100</RH_PRCNT>
        </DATA>
        <DATA>
          <VOLTS>3.140e-03</VOLTS>
          <CURRNT_NAMP>5.000e+05</CURRNT_NAMP>
          <TIME>2021-09-27 12:31:16</TIME>
          <TEMP_DEGC>22.200</TEMP_DEGC>
          <AIR_TEMP_DEGC>22.200</AIR_TEMP_DEGC>
          <RH_PRCNT>24.200</RH_PRCNT>
        </DATA>
        <DATA>
          <VOLTS>3.530e-03</VOLTS>
          <CURRNT_NAMP>5.500e+05</CURRNT_NAMP>
          <TIME>2021-09-27 12:31:17</TIME>
          <TEMP_DEGC>22.200</TEMP_DEGC>
          <AIR_TEMP_DEGC>22.200</AIR_TEMP_DEGC>
          <RH_PRCNT>24.200</RH_PRCNT>
        </DATA>
        <DATA>
          <VOLTS>3.910e-03</VOLTS>
          <CURRNT_NAMP>6.000e+05</CURRNT_NAMP>
          <TIME>2021-09-27 12:31:18</TIME>
          <TEMP_DEGC>22.200</TEMP_DEGC>
          <AIR_TEMP_DEGC>22.200</AIR_TEMP_DEGC>
          <RH_PRCNT>24.100</RH_PRCNT>
        </DATA>
        <DATA>
          <VOLTS>4.290e-03</VOLTS>
          <CURRNT_NAMP>6.500e+05</CURRNT_NAMP>
          <TIME>2021-09-27 12:31:19</TIME>
          <TEMP_DEGC>22.200</TEMP_DEGC>
          <AIR_TEMP_DEGC>22.200</AIR_TEMP_DEGC>
          <RH_PRCNT>24.100</RH_PRCNT>
        </DATA>
        <DATA>
          <VOLTS>4.680e-03</VOLTS>
          <CURRNT_NAMP>7.000e+05</CURRNT_NAMP>
          <TIME>2021-09-27 12:31:20</TIME>
          <TEMP_DEGC>22.200</TEMP_DEGC>
          <AIR_TEMP_DEGC>22.200</AIR_TEMP_DEGC>
          <RH_PRCNT>24.100</RH_PRCNT>
        </DATA>
        <DATA>
          <VOLTS>5.060e-03</VOLTS>
          <CURRNT_NAMP>7.500e+05</CURRNT_NAMP>
          <TIME>2021-09-27 12:31:21</TIME>
          <TEMP_DEGC>22.200</TEMP_DEGC>
          <AIR_TEMP_DEGC>22.200</AIR_TEMP_DEGC>
          <RH_PRCNT>24.100</RH_PRCNT>
        </DATA>
        <DATA>
          <VOLTS>5.440e-03</VOLTS>
          <CURRNT_NAMP>8.000e+05</CURRNT_NAMP>
          <TIME>2021-09-27 12:31:22</TIME>
          <TEMP_DEGC>22.200</TEMP_DEGC>
          <AIR_TEMP_DEGC>22.200</AIR_TEMP_DEGC>
          <RH_PRCNT>24.100</RH_PRCNT>
        </DATA>
        <DATA>
          <VOLTS>5.830e-03</VOLTS>
          <CURRNT_NAMP>8.500e+05</CURRNT_NAMP>
          <TIME>2021-09-27 12:31:23</TIME>
          <TEMP_DEGC>22.200</TEMP_DEGC>
          <AIR_TEMP_DEGC>22.200</AIR_TEMP_DEGC>
          <RH_PRCNT>24.100</RH_PRCNT>
        </DATA>
        <DATA>
          <VOLTS>6.210e-03</VOLTS>
          <CURRNT_NAMP>9.000e+05</CURRNT_NAMP>
          <TIME>2021-09-27 12:31:24</TIME>
          <TEMP_DEGC>22.200</TEMP_DEGC>
          <AIR_TEMP_DEGC>22.200</AIR_TEMP_DEGC>
          <RH_PRCNT>24.100</RH_PRCNT>
        </DATA>
        <DATA>
          <VOLTS>6.600e-03</VOLTS>
          <CURRNT_NAMP>9.500e+05</CURRNT_NAMP>
          <TIME>2021-09-27 12:31:25</TIME>
          <TEMP_DEGC>22.200</TEMP_DEGC>
          <AIR_TEMP_DEGC>22.200</AIR_TEMP_DEGC>
          <RH_PRCNT>24.100</RH_PRCNT>
        </DATA>
        <DATA>
          <VOLTS>6.980e-03</VOLTS>
          <CURRNT_NAMP>1.000e+06</CURRNT_NAMP>
          <TIME>2021-09-27 12:31:26</TIME>
          <TEMP_DEGC>22.200</TEMP_DEGC>
          <AIR_TEMP_DEGC>22.200</AIR_TEMP_DEGC>
          <RH_PRCNT>24.100</RH_PRCNT>
        </DATA>
        <CHILD_DATA_SET>
          <HEADER>
            <TYPE>
              <EXTENSION_TABLE_NAME>HALFMOON_IV_PAR</EXTENSION_TABLE_NAME>
              <NAME>Tracker Halfmoon IV Parameters</NAME>
            </TYPE>
          </HEADER>
          <DATA_SET>
            <COMMENT_DESCRIPTION>Test</COMMENT_DESCRIPTION>
            <VERSION>IV_measurement</VERSION>
            <PART>
              <NAME_LABEL>37400_019_2-S_HM_EE</NAME_LABEL>
              <KIND_OF_PART>2S Halfmoon E</KIND_OF_PART>
            </PART>
            <DATA>
              <RSH_OHMSQR>34.727</RSH_OHMSQR>
              <R_OHM>7.662</R_OHM>
            </DATA>
          </DATA_SET>
        </CHILD_DATA_SET>
      </DATA_SET>
    </CHILD_DATA_SET>
  </DATA_SET>
</ROOT>
