<?xml version="1.0"?>
<ROOT>
  <HEADER>
    <TYPE>
      <EXTENSION_TABLE_NAME>HALFMOON_METADATA</EXTENSION_TABLE_NAME>
      <NAME>Tracker Halfmoon Metadata</NAME>
    </TYPE>
    <RUN mode="SEQUENCE_NUMBER" sequence="TRK_OT_RUN_SEQ">
      <RUN_TYPE>PQC</RUN_TYPE>
      <LOCATION>Demokritos</LOCATION>
      <INITIATED_BY_USER>A. Kyriakis</INITIATED_BY_USER>
      <RUN_BEGIN_TIMESTAMP>2021-09-29 09:03:01</RUN_BEGIN_TIMESTAMP>
      <COMMENT_DESCRIPTION>Test</COMMENT_DESCRIPTION>
    </RUN>
  </HEADER>
  <DATA_SET>
    <COMMENT_DESCRIPTION>Metadata with flute and structure</COMMENT_DESCRIPTION>
    <VERSION>IV_measurement</VERSION>
    <PART>
      <NAME_LABEL>37400_015_2-S_HM_WW</NAME_LABEL>
      <KIND_OF_PART>2S Halfmoon W</KIND_OF_PART>
    </PART>
    <DATA>
      <KIND_OF_HM_FLUTE_ID>PQC1</KIND_OF_HM_FLUTE_ID>
      <KIND_OF_HM_STRUCT_ID>VDP_STOP</KIND_OF_HM_STRUCT_ID>
      <KIND_OF_HM_SET_ID>Left</KIND_OF_HM_SET_ID>
      <KIND_OF_HM_CONFIG_ID>Rotated</KIND_OF_HM_CONFIG_ID>
      <EQUIPMENT>KEITHLEY 2410</EQUIPMENT>
      <WAITING_TIME_S>0.200</WAITING_TIME_S>
      <TEMP_SET_DEGC>21.100</TEMP_SET_DEGC>
      <AV_TEMP_DEGC>21.100</AV_TEMP_DEGC>
      <PROCEDURE_TYPE>VDP_STOP</PROCEDURE_TYPE>
      <FILE_NAME>Demokritos_VPX37400_015_2-S_HM_W_Left_PQC1_VDPStop_r.xml</FILE_NAME>
    </DATA>
    <CHILD_DATA_SET>
      <HEADER>
        <TYPE>
          <EXTENSION_TABLE_NAME>TEST_SENSOR_IV</EXTENSION_TABLE_NAME>
          <NAME>Tracker Halfmoon IV Test</NAME>
        </TYPE>
      </HEADER>
      <DATA_SET>
        <COMMENT_DESCRIPTION>Test</COMMENT_DESCRIPTION>
        <VERSION>IV_measurement</VERSION>
        <PART>
          <NAME_LABEL>37400_015_2-S_HM_WW</NAME_LABEL>
          <KIND_OF_PART>2S Halfmoon W</KIND_OF_PART>
        </PART>
        <DATA>
          <VOLTS>-4.160e-03</VOLTS>
          <CURRNT_NAMP>-1.000e+03</CURRNT_NAMP>
          <TIME>2021-09-29 09:03:01</TIME>
          <TEMP_DEGC>21.100</TEMP_DEGC>
          <AIR_TEMP_DEGC>21.100</AIR_TEMP_DEGC>
          <RH_PRCNT>28.600</RH_PRCNT>
        </DATA>
        <DATA>
          <VOLTS>-4.130e-03</VOLTS>
          <CURRNT_NAMP>-9.500e+02</CURRNT_NAMP>
          <TIME>2021-09-29 09:03:02</TIME>
          <TEMP_DEGC>21.100</TEMP_DEGC>
          <AIR_TEMP_DEGC>21.100</AIR_TEMP_DEGC>
          <RH_PRCNT>28.600</RH_PRCNT>
        </DATA>
        <DATA>
          <VOLTS>-4.050e-03</VOLTS>
          <CURRNT_NAMP>-9.000e+02</CURRNT_NAMP>
          <TIME>2021-09-29 09:03:03</TIME>
          <TEMP_DEGC>21.100</TEMP_DEGC>
          <AIR_TEMP_DEGC>21.100</AIR_TEMP_DEGC>
          <RH_PRCNT>28.600</RH_PRCNT>
        </DATA>
        <DATA>
          <VOLTS>-3.900e-03</VOLTS>
          <CURRNT_NAMP>-8.500e+02</CURRNT_NAMP>
          <TIME>2021-09-29 09:03:04</TIME>
          <TEMP_DEGC>21.100</TEMP_DEGC>
          <AIR_TEMP_DEGC>21.100</AIR_TEMP_DEGC>
          <RH_PRCNT>28.600</RH_PRCNT>
        </DATA>
        <DATA>
          <VOLTS>-3.690e-03</VOLTS>
          <CURRNT_NAMP>-8.000e+02</CURRNT_NAMP>
          <TIME>2021-09-29 09:03:05</TIME>
          <TEMP_DEGC>21.100</TEMP_DEGC>
          <AIR_TEMP_DEGC>21.100</AIR_TEMP_DEGC>
          <RH_PRCNT>28.600</RH_PRCNT>
        </DATA>
        <DATA>
          <VOLTS>-3.480e-03</VOLTS>
          <CURRNT_NAMP>-7.500e+02</CURRNT_NAMP>
          <TIME>2021-09-29 09:03:06</TIME>
          <TEMP_DEGC>21.100</TEMP_DEGC>
          <AIR_TEMP_DEGC>21.100</AIR_TEMP_DEGC>
          <RH_PRCNT>28.600</RH_PRCNT>
        </DATA>
        <DATA>
          <VOLTS>-3.260e-03</VOLTS>
          <CURRNT_NAMP>-7.000e+02</CURRNT_NAMP>
          <TIME>2021-09-29 09:03:07</TIME>
          <TEMP_DEGC>21.100</TEMP_DEGC>
          <AIR_TEMP_DEGC>21.100</AIR_TEMP_DEGC>
          <RH_PRCNT>28.600</RH_PRCNT>
        </DATA>
        <DATA>
          <VOLTS>-3.060e-03</VOLTS>
          <CURRNT_NAMP>-6.500e+02</CURRNT_NAMP>
          <TIME>2021-09-29 09:03:08</TIME>
          <TEMP_DEGC>21.100</TEMP_DEGC>
          <AIR_TEMP_DEGC>21.100</AIR_TEMP_DEGC>
          <RH_PRCNT>28.600</RH_PRCNT>
        </DATA>
        <DATA>
          <VOLTS>-2.850e-03</VOLTS>
          <CURRNT_NAMP>-6.000e+02</CURRNT_NAMP>
          <TIME>2021-09-29 09:03:09</TIME>
          <TEMP_DEGC>21.100</TEMP_DEGC>
          <AIR_TEMP_DEGC>21.100</AIR_TEMP_DEGC>
          <RH_PRCNT>28.600</RH_PRCNT>
        </DATA>
        <DATA>
          <VOLTS>-2.650e-03</VOLTS>
          <CURRNT_NAMP>-5.500e+02</CURRNT_NAMP>
          <TIME>2021-09-29 09:03:10</TIME>
          <TEMP_DEGC>21.100</TEMP_DEGC>
          <AIR_TEMP_DEGC>21.100</AIR_TEMP_DEGC>
          <RH_PRCNT>28.600</RH_PRCNT>
        </DATA>
        <DATA>
          <VOLTS>-2.520e-03</VOLTS>
          <CURRNT_NAMP>-5.000e+02</CURRNT_NAMP>
          <TIME>2021-09-29 09:03:11</TIME>
          <TEMP_DEGC>21.100</TEMP_DEGC>
          <AIR_TEMP_DEGC>21.100</AIR_TEMP_DEGC>
          <RH_PRCNT>28.500</RH_PRCNT>
        </DATA>
        <DATA>
          <VOLTS>-2.290e-03</VOLTS>
          <CURRNT_NAMP>-4.500e+02</CURRNT_NAMP>
          <TIME>2021-09-29 09:03:12</TIME>
          <TEMP_DEGC>21.100</TEMP_DEGC>
          <AIR_TEMP_DEGC>21.100</AIR_TEMP_DEGC>
          <RH_PRCNT>28.500</RH_PRCNT>
        </DATA>
        <DATA>
          <VOLTS>-2.140e-03</VOLTS>
          <CURRNT_NAMP>-4.000e+02</CURRNT_NAMP>
          <TIME>2021-09-29 09:03:13</TIME>
          <TEMP_DEGC>21.100</TEMP_DEGC>
          <AIR_TEMP_DEGC>21.100</AIR_TEMP_DEGC>
          <RH_PRCNT>28.500</RH_PRCNT>
        </DATA>
        <DATA>
          <VOLTS>-1.890e-03</VOLTS>
          <CURRNT_NAMP>-3.500e+02</CURRNT_NAMP>
          <TIME>2021-09-29 09:03:14</TIME>
          <TEMP_DEGC>21.100</TEMP_DEGC>
          <AIR_TEMP_DEGC>21.100</AIR_TEMP_DEGC>
          <RH_PRCNT>28.500</RH_PRCNT>
        </DATA>
        <DATA>
          <VOLTS>-1.630e-03</VOLTS>
          <CURRNT_NAMP>-3.000e+02</CURRNT_NAMP>
          <TIME>2021-09-29 09:03:15</TIME>
          <TEMP_DEGC>21.100</TEMP_DEGC>
          <AIR_TEMP_DEGC>21.100</AIR_TEMP_DEGC>
          <RH_PRCNT>28.500</RH_PRCNT>
        </DATA>
        <DATA>
          <VOLTS>-1.410e-03</VOLTS>
          <CURRNT_NAMP>-2.500e+02</CURRNT_NAMP>
          <TIME>2021-09-29 09:03:17</TIME>
          <TEMP_DEGC>21.100</TEMP_DEGC>
          <AIR_TEMP_DEGC>21.100</AIR_TEMP_DEGC>
          <RH_PRCNT>28.500</RH_PRCNT>
        </DATA>
        <DATA>
          <VOLTS>-1.180e-03</VOLTS>
          <CURRNT_NAMP>-2.000e+02</CURRNT_NAMP>
          <TIME>2021-09-29 09:03:18</TIME>
          <TEMP_DEGC>21.100</TEMP_DEGC>
          <AIR_TEMP_DEGC>21.100</AIR_TEMP_DEGC>
          <RH_PRCNT>28.500</RH_PRCNT>
        </DATA>
        <DATA>
          <VOLTS>-9.700e-04</VOLTS>
          <CURRNT_NAMP>-1.500e+02</CURRNT_NAMP>
          <TIME>2021-09-29 09:03:19</TIME>
          <TEMP_DEGC>21.100</TEMP_DEGC>
          <AIR_TEMP_DEGC>21.100</AIR_TEMP_DEGC>
          <RH_PRCNT>28.500</RH_PRCNT>
        </DATA>
        <DATA>
          <VOLTS>-7.600e-04</VOLTS>
          <CURRNT_NAMP>-1.000e+02</CURRNT_NAMP>
          <TIME>2021-09-29 09:03:20</TIME>
          <TEMP_DEGC>21.100</TEMP_DEGC>
          <AIR_TEMP_DEGC>21.100</AIR_TEMP_DEGC>
          <RH_PRCNT>28.500</RH_PRCNT>
        </DATA>
        <DATA>
          <VOLTS>-5.500e-04</VOLTS>
          <CURRNT_NAMP>-5.000e+01</CURRNT_NAMP>
          <TIME>2021-09-29 09:03:21</TIME>
          <TEMP_DEGC>21.100</TEMP_DEGC>
          <AIR_TEMP_DEGC>21.100</AIR_TEMP_DEGC>
          <RH_PRCNT>28.500</RH_PRCNT>
        </DATA>
        <DATA>
          <VOLTS>-3.500e-04</VOLTS>
          <CURRNT_NAMP>0.000e+00</CURRNT_NAMP>
          <TIME>2021-09-29 09:03:22</TIME>
          <TEMP_DEGC>21.100</TEMP_DEGC>
          <AIR_TEMP_DEGC>21.100</AIR_TEMP_DEGC>
          <RH_PRCNT>28.500</RH_PRCNT>
        </DATA>
        <DATA>
          <VOLTS>-1.400e-04</VOLTS>
          <CURRNT_NAMP>5.000e+01</CURRNT_NAMP>
          <TIME>2021-09-29 09:03:23</TIME>
          <TEMP_DEGC>21.100</TEMP_DEGC>
          <AIR_TEMP_DEGC>21.100</AIR_TEMP_DEGC>
          <RH_PRCNT>28.500</RH_PRCNT>
        </DATA>
        <DATA>
          <VOLTS>6.000e-05</VOLTS>
          <CURRNT_NAMP>1.000e+02</CURRNT_NAMP>
          <TIME>2021-09-29 09:03:24</TIME>
          <TEMP_DEGC>21.100</TEMP_DEGC>
          <AIR_TEMP_DEGC>21.100</AIR_TEMP_DEGC>
          <RH_PRCNT>28.500</RH_PRCNT>
        </DATA>
        <DATA>
          <VOLTS>2.700e-04</VOLTS>
          <CURRNT_NAMP>1.500e+02</CURRNT_NAMP>
          <TIME>2021-09-29 09:03:25</TIME>
          <TEMP_DEGC>21.100</TEMP_DEGC>
          <AIR_TEMP_DEGC>21.100</AIR_TEMP_DEGC>
          <RH_PRCNT>28.500</RH_PRCNT>
        </DATA>
        <DATA>
          <VOLTS>4.700e-04</VOLTS>
          <CURRNT_NAMP>2.000e+02</CURRNT_NAMP>
          <TIME>2021-09-29 09:03:26</TIME>
          <TEMP_DEGC>21.100</TEMP_DEGC>
          <AIR_TEMP_DEGC>21.100</AIR_TEMP_DEGC>
          <RH_PRCNT>28.500</RH_PRCNT>
        </DATA>
        <DATA>
          <VOLTS>6.900e-04</VOLTS>
          <CURRNT_NAMP>2.500e+02</CURRNT_NAMP>
          <TIME>2021-09-29 09:03:27</TIME>
          <TEMP_DEGC>21.100</TEMP_DEGC>
          <AIR_TEMP_DEGC>21.100</AIR_TEMP_DEGC>
          <RH_PRCNT>28.400</RH_PRCNT>
        </DATA>
        <DATA>
          <VOLTS>9.000e-04</VOLTS>
          <CURRNT_NAMP>3.000e+02</CURRNT_NAMP>
          <TIME>2021-09-29 09:03:28</TIME>
          <TEMP_DEGC>21.100</TEMP_DEGC>
          <AIR_TEMP_DEGC>21.100</AIR_TEMP_DEGC>
          <RH_PRCNT>28.400</RH_PRCNT>
        </DATA>
        <DATA>
          <VOLTS>1.110e-03</VOLTS>
          <CURRNT_NAMP>3.500e+02</CURRNT_NAMP>
          <TIME>2021-09-29 09:03:29</TIME>
          <TEMP_DEGC>21.100</TEMP_DEGC>
          <AIR_TEMP_DEGC>21.100</AIR_TEMP_DEGC>
          <RH_PRCNT>28.400</RH_PRCNT>
        </DATA>
        <DATA>
          <VOLTS>1.240e-03</VOLTS>
          <CURRNT_NAMP>4.000e+02</CURRNT_NAMP>
          <TIME>2021-09-29 09:03:31</TIME>
          <TEMP_DEGC>21.100</TEMP_DEGC>
          <AIR_TEMP_DEGC>21.100</AIR_TEMP_DEGC>
          <RH_PRCNT>28.400</RH_PRCNT>
        </DATA>
        <DATA>
          <VOLTS>1.470e-03</VOLTS>
          <CURRNT_NAMP>4.500e+02</CURRNT_NAMP>
          <TIME>2021-09-29 09:03:32</TIME>
          <TEMP_DEGC>21.100</TEMP_DEGC>
          <AIR_TEMP_DEGC>21.100</AIR_TEMP_DEGC>
          <RH_PRCNT>28.500</RH_PRCNT>
        </DATA>
        <DATA>
          <VOLTS>1.700e-03</VOLTS>
          <CURRNT_NAMP>5.000e+02</CURRNT_NAMP>
          <TIME>2021-09-29 09:03:33</TIME>
          <TEMP_DEGC>21.100</TEMP_DEGC>
          <AIR_TEMP_DEGC>21.100</AIR_TEMP_DEGC>
          <RH_PRCNT>28.400</RH_PRCNT>
        </DATA>
        <DATA>
          <VOLTS>1.930e-03</VOLTS>
          <CURRNT_NAMP>5.500e+02</CURRNT_NAMP>
          <TIME>2021-09-29 09:03:34</TIME>
          <TEMP_DEGC>21.100</TEMP_DEGC>
          <AIR_TEMP_DEGC>21.100</AIR_TEMP_DEGC>
          <RH_PRCNT>28.400</RH_PRCNT>
        </DATA>
        <DATA>
          <VOLTS>2.150e-03</VOLTS>
          <CURRNT_NAMP>6.000e+02</CURRNT_NAMP>
          <TIME>2021-09-29 09:03:35</TIME>
          <TEMP_DEGC>21.100</TEMP_DEGC>
          <AIR_TEMP_DEGC>21.100</AIR_TEMP_DEGC>
          <RH_PRCNT>28.400</RH_PRCNT>
        </DATA>
        <DATA>
          <VOLTS>2.370e-03</VOLTS>
          <CURRNT_NAMP>6.500e+02</CURRNT_NAMP>
          <TIME>2021-09-29 09:03:36</TIME>
          <TEMP_DEGC>21.100</TEMP_DEGC>
          <AIR_TEMP_DEGC>21.100</AIR_TEMP_DEGC>
          <RH_PRCNT>28.400</RH_PRCNT>
        </DATA>
        <DATA>
          <VOLTS>2.580e-03</VOLTS>
          <CURRNT_NAMP>7.000e+02</CURRNT_NAMP>
          <TIME>2021-09-29 09:03:37</TIME>
          <TEMP_DEGC>21.100</TEMP_DEGC>
          <AIR_TEMP_DEGC>21.100</AIR_TEMP_DEGC>
          <RH_PRCNT>28.400</RH_PRCNT>
        </DATA>
        <DATA>
          <VOLTS>2.790e-03</VOLTS>
          <CURRNT_NAMP>7.500e+02</CURRNT_NAMP>
          <TIME>2021-09-29 09:03:38</TIME>
          <TEMP_DEGC>21.100</TEMP_DEGC>
          <AIR_TEMP_DEGC>21.100</AIR_TEMP_DEGC>
          <RH_PRCNT>28.400</RH_PRCNT>
        </DATA>
        <DATA>
          <VOLTS>3.000e-03</VOLTS>
          <CURRNT_NAMP>8.000e+02</CURRNT_NAMP>
          <TIME>2021-09-29 09:03:39</TIME>
          <TEMP_DEGC>21.100</TEMP_DEGC>
          <AIR_TEMP_DEGC>21.100</AIR_TEMP_DEGC>
          <RH_PRCNT>28.400</RH_PRCNT>
        </DATA>
        <DATA>
          <VOLTS>3.200e-03</VOLTS>
          <CURRNT_NAMP>8.500e+02</CURRNT_NAMP>
          <TIME>2021-09-29 09:03:40</TIME>
          <TEMP_DEGC>21.100</TEMP_DEGC>
          <AIR_TEMP_DEGC>21.100</AIR_TEMP_DEGC>
          <RH_PRCNT>28.400</RH_PRCNT>
        </DATA>
        <DATA>
          <VOLTS>3.330e-03</VOLTS>
          <CURRNT_NAMP>9.000e+02</CURRNT_NAMP>
          <TIME>2021-09-29 09:03:41</TIME>
          <TEMP_DEGC>21.100</TEMP_DEGC>
          <AIR_TEMP_DEGC>21.100</AIR_TEMP_DEGC>
          <RH_PRCNT>28.400</RH_PRCNT>
        </DATA>
        <DATA>
          <VOLTS>3.560e-03</VOLTS>
          <CURRNT_NAMP>9.500e+02</CURRNT_NAMP>
          <TIME>2021-09-29 09:03:42</TIME>
          <TEMP_DEGC>21.100</TEMP_DEGC>
          <AIR_TEMP_DEGC>21.100</AIR_TEMP_DEGC>
          <RH_PRCNT>28.400</RH_PRCNT>
        </DATA>
        <DATA>
          <VOLTS>3.790e-03</VOLTS>
          <CURRNT_NAMP>1.000e+03</CURRNT_NAMP>
          <TIME>2021-09-29 09:03:43</TIME>
          <TEMP_DEGC>21.100</TEMP_DEGC>
          <AIR_TEMP_DEGC>21.100</AIR_TEMP_DEGC>
          <RH_PRCNT>28.400</RH_PRCNT>
        </DATA>
        <CHILD_DATA_SET>
          <HEADER>
            <TYPE>
              <EXTENSION_TABLE_NAME>HALFMOON_IV_PAR</EXTENSION_TABLE_NAME>
              <NAME>Tracker Halfmoon IV Parameters</NAME>
            </TYPE>
          </HEADER>
          <DATA_SET>
            <COMMENT_DESCRIPTION>Test</COMMENT_DESCRIPTION>
            <VERSION>IV_measurement</VERSION>
            <PART>
              <NAME_LABEL>37400_015_2-S_HM_WW</NAME_LABEL>
              <KIND_OF_PART>2S Halfmoon W</KIND_OF_PART>
            </PART>
            <DATA>
              <RSH_OHMSQR>18930.215</RSH_OHMSQR>
              <R_OHM>4176.680</R_OHM>
            </DATA>
          </DATA_SET>
        </CHILD_DATA_SET>
      </DATA_SET>
    </CHILD_DATA_SET>
  </DATA_SET>
</ROOT>
