<?xml version="1.0"?>
<ROOT>
  <HEADER>
    <TYPE>
      <EXTENSION_TABLE_NAME>HALFMOON_METADATA</EXTENSION_TABLE_NAME>
      <NAME>Tracker Halfmoon Metadata</NAME>
    </TYPE>
    <RUN mode="SEQUENCE_NUMBER" sequence="TRK_OT_RUN_SEQ">
      <RUN_TYPE>PQC</RUN_TYPE>
      <LOCATION>Demokritos</LOCATION>
      <INITIATED_BY_USER>A. Kyriakis</INITIATED_BY_USER>
      <RUN_BEGIN_TIMESTAMP>2021-09-24 16:14:36</RUN_BEGIN_TIMESTAMP>
      <COMMENT_DESCRIPTION>Test</COMMENT_DESCRIPTION>
    </RUN>
  </HEADER>
  <DATA_SET>
    <COMMENT_DESCRIPTION>Metadata with flute and structure</COMMENT_DESCRIPTION>
    <VERSION>IV_measurement</VERSION>
    <PART>
      <NAME_LABEL>37400_006_2-S_HM_EE</NAME_LABEL>
      <KIND_OF_PART>2S Halfmoon E</KIND_OF_PART>
    </PART>
    <DATA>
      <KIND_OF_HM_FLUTE_ID>PQC1</KIND_OF_HM_FLUTE_ID>
      <KIND_OF_HM_STRUCT_ID>VDP_STRIP</KIND_OF_HM_STRUCT_ID>
      <KIND_OF_HM_SET_ID>Left</KIND_OF_HM_SET_ID>
      <KIND_OF_HM_CONFIG_ID>Rotated</KIND_OF_HM_CONFIG_ID>
      <EQUIPMENT>KEITHLEY 2410</EQUIPMENT>
      <WAITING_TIME_S>0.200</WAITING_TIME_S>
      <TEMP_SET_DEGC>21.300</TEMP_SET_DEGC>
      <AV_TEMP_DEGC>21.300</AV_TEMP_DEGC>
      <PROCEDURE_TYPE>VDP_STRIP</PROCEDURE_TYPE>
      <FILE_NAME>Demokritos_VPX37400_006_2-S_HM_E_Left_PQC1_VDPStrip_r.xml</FILE_NAME>
    </DATA>
    <CHILD_DATA_SET>
      <HEADER>
        <TYPE>
          <EXTENSION_TABLE_NAME>TEST_SENSOR_IV</EXTENSION_TABLE_NAME>
          <NAME>Tracker Halfmoon IV Test</NAME>
        </TYPE>
      </HEADER>
      <DATA_SET>
        <COMMENT_DESCRIPTION>Test</COMMENT_DESCRIPTION>
        <VERSION>IV_measurement</VERSION>
        <PART>
          <NAME_LABEL>37400_006_2-S_HM_EE</NAME_LABEL>
          <KIND_OF_PART>2S Halfmoon E</KIND_OF_PART>
        </PART>
        <DATA>
          <VOLTS>-7.680e-03</VOLTS>
          <CURRNT_NAMP>-1.000e+06</CURRNT_NAMP>
          <TIME>2021-09-24 04:14:36</TIME>
          <TEMP_DEGC>21.300</TEMP_DEGC>
          <AIR_TEMP_DEGC>21.300</AIR_TEMP_DEGC>
          <RH_PRCNT>20.100</RH_PRCNT>
        </DATA>
        <DATA>
          <VOLTS>-7.640e-03</VOLTS>
          <CURRNT_NAMP>-9.500e+05</CURRNT_NAMP>
          <TIME>2021-09-24 04:14:37</TIME>
          <TEMP_DEGC>21.300</TEMP_DEGC>
          <AIR_TEMP_DEGC>21.300</AIR_TEMP_DEGC>
          <RH_PRCNT>20.200</RH_PRCNT>
        </DATA>
        <DATA>
          <VOLTS>-7.490e-03</VOLTS>
          <CURRNT_NAMP>-9.000e+05</CURRNT_NAMP>
          <TIME>2021-09-24 04:14:38</TIME>
          <TEMP_DEGC>21.300</TEMP_DEGC>
          <AIR_TEMP_DEGC>21.300</AIR_TEMP_DEGC>
          <RH_PRCNT>20.100</RH_PRCNT>
        </DATA>
        <DATA>
          <VOLTS>-7.220e-03</VOLTS>
          <CURRNT_NAMP>-8.500e+05</CURRNT_NAMP>
          <TIME>2021-09-24 04:14:39</TIME>
          <TEMP_DEGC>21.400</TEMP_DEGC>
          <AIR_TEMP_DEGC>21.400</AIR_TEMP_DEGC>
          <RH_PRCNT>20.100</RH_PRCNT>
        </DATA>
        <DATA>
          <VOLTS>-6.830e-03</VOLTS>
          <CURRNT_NAMP>-8.000e+05</CURRNT_NAMP>
          <TIME>2021-09-24 04:14:40</TIME>
          <TEMP_DEGC>21.400</TEMP_DEGC>
          <AIR_TEMP_DEGC>21.400</AIR_TEMP_DEGC>
          <RH_PRCNT>20.100</RH_PRCNT>
        </DATA>
        <DATA>
          <VOLTS>-6.450e-03</VOLTS>
          <CURRNT_NAMP>-7.500e+05</CURRNT_NAMP>
          <TIME>2021-09-24 04:14:41</TIME>
          <TEMP_DEGC>21.400</TEMP_DEGC>
          <AIR_TEMP_DEGC>21.400</AIR_TEMP_DEGC>
          <RH_PRCNT>20.100</RH_PRCNT>
        </DATA>
        <DATA>
          <VOLTS>-6.070e-03</VOLTS>
          <CURRNT_NAMP>-7.000e+05</CURRNT_NAMP>
          <TIME>2021-09-24 04:14:42</TIME>
          <TEMP_DEGC>21.400</TEMP_DEGC>
          <AIR_TEMP_DEGC>21.400</AIR_TEMP_DEGC>
          <RH_PRCNT>20.100</RH_PRCNT>
        </DATA>
        <DATA>
          <VOLTS>-5.690e-03</VOLTS>
          <CURRNT_NAMP>-6.500e+05</CURRNT_NAMP>
          <TIME>2021-09-24 04:14:43</TIME>
          <TEMP_DEGC>21.400</TEMP_DEGC>
          <AIR_TEMP_DEGC>21.400</AIR_TEMP_DEGC>
          <RH_PRCNT>20.100</RH_PRCNT>
        </DATA>
        <DATA>
          <VOLTS>-5.300e-03</VOLTS>
          <CURRNT_NAMP>-6.000e+05</CURRNT_NAMP>
          <TIME>2021-09-24 04:14:44</TIME>
          <TEMP_DEGC>21.400</TEMP_DEGC>
          <AIR_TEMP_DEGC>21.400</AIR_TEMP_DEGC>
          <RH_PRCNT>20.200</RH_PRCNT>
        </DATA>
        <DATA>
          <VOLTS>-4.920e-03</VOLTS>
          <CURRNT_NAMP>-5.500e+05</CURRNT_NAMP>
          <TIME>2021-09-24 04:14:45</TIME>
          <TEMP_DEGC>21.400</TEMP_DEGC>
          <AIR_TEMP_DEGC>21.400</AIR_TEMP_DEGC>
          <RH_PRCNT>20.100</RH_PRCNT>
        </DATA>
        <DATA>
          <VOLTS>-4.530e-03</VOLTS>
          <CURRNT_NAMP>-5.000e+05</CURRNT_NAMP>
          <TIME>2021-09-24 04:14:46</TIME>
          <TEMP_DEGC>21.400</TEMP_DEGC>
          <AIR_TEMP_DEGC>21.400</AIR_TEMP_DEGC>
          <RH_PRCNT>20.100</RH_PRCNT>
        </DATA>
        <DATA>
          <VOLTS>-4.150e-03</VOLTS>
          <CURRNT_NAMP>-4.500e+05</CURRNT_NAMP>
          <TIME>2021-09-24 04:14:47</TIME>
          <TEMP_DEGC>21.400</TEMP_DEGC>
          <AIR_TEMP_DEGC>21.400</AIR_TEMP_DEGC>
          <RH_PRCNT>20.100</RH_PRCNT>
        </DATA>
        <DATA>
          <VOLTS>-3.770e-03</VOLTS>
          <CURRNT_NAMP>-4.000e+05</CURRNT_NAMP>
          <TIME>2021-09-24 04:14:48</TIME>
          <TEMP_DEGC>21.300</TEMP_DEGC>
          <AIR_TEMP_DEGC>21.300</AIR_TEMP_DEGC>
          <RH_PRCNT>20.100</RH_PRCNT>
        </DATA>
        <DATA>
          <VOLTS>-3.380e-03</VOLTS>
          <CURRNT_NAMP>-3.500e+05</CURRNT_NAMP>
          <TIME>2021-09-24 04:14:49</TIME>
          <TEMP_DEGC>21.400</TEMP_DEGC>
          <AIR_TEMP_DEGC>21.400</AIR_TEMP_DEGC>
          <RH_PRCNT>20.100</RH_PRCNT>
        </DATA>
        <DATA>
          <VOLTS>-3.000e-03</VOLTS>
          <CURRNT_NAMP>-3.000e+05</CURRNT_NAMP>
          <TIME>2021-09-24 04:14:51</TIME>
          <TEMP_DEGC>21.400</TEMP_DEGC>
          <AIR_TEMP_DEGC>21.400</AIR_TEMP_DEGC>
          <RH_PRCNT>20.200</RH_PRCNT>
        </DATA>
        <DATA>
          <VOLTS>-2.610e-03</VOLTS>
          <CURRNT_NAMP>-2.500e+05</CURRNT_NAMP>
          <TIME>2021-09-24 04:14:52</TIME>
          <TEMP_DEGC>21.300</TEMP_DEGC>
          <AIR_TEMP_DEGC>21.300</AIR_TEMP_DEGC>
          <RH_PRCNT>20.200</RH_PRCNT>
        </DATA>
        <DATA>
          <VOLTS>-2.230e-03</VOLTS>
          <CURRNT_NAMP>-2.000e+05</CURRNT_NAMP>
          <TIME>2021-09-24 04:14:53</TIME>
          <TEMP_DEGC>21.400</TEMP_DEGC>
          <AIR_TEMP_DEGC>21.400</AIR_TEMP_DEGC>
          <RH_PRCNT>20.100</RH_PRCNT>
        </DATA>
        <DATA>
          <VOLTS>-1.850e-03</VOLTS>
          <CURRNT_NAMP>-1.500e+05</CURRNT_NAMP>
          <TIME>2021-09-24 04:14:54</TIME>
          <TEMP_DEGC>21.300</TEMP_DEGC>
          <AIR_TEMP_DEGC>21.300</AIR_TEMP_DEGC>
          <RH_PRCNT>20.100</RH_PRCNT>
        </DATA>
        <DATA>
          <VOLTS>-1.460e-03</VOLTS>
          <CURRNT_NAMP>-1.000e+05</CURRNT_NAMP>
          <TIME>2021-09-24 04:14:55</TIME>
          <TEMP_DEGC>21.300</TEMP_DEGC>
          <AIR_TEMP_DEGC>21.300</AIR_TEMP_DEGC>
          <RH_PRCNT>20.100</RH_PRCNT>
        </DATA>
        <DATA>
          <VOLTS>-1.070e-03</VOLTS>
          <CURRNT_NAMP>-5.000e+04</CURRNT_NAMP>
          <TIME>2021-09-24 04:14:56</TIME>
          <TEMP_DEGC>21.300</TEMP_DEGC>
          <AIR_TEMP_DEGC>21.300</AIR_TEMP_DEGC>
          <RH_PRCNT>20.100</RH_PRCNT>
        </DATA>
        <DATA>
          <VOLTS>-6.900e-04</VOLTS>
          <CURRNT_NAMP>0.000e+00</CURRNT_NAMP>
          <TIME>2021-09-24 04:14:57</TIME>
          <TEMP_DEGC>21.300</TEMP_DEGC>
          <AIR_TEMP_DEGC>21.300</AIR_TEMP_DEGC>
          <RH_PRCNT>20.100</RH_PRCNT>
        </DATA>
        <DATA>
          <VOLTS>-3.000e-04</VOLTS>
          <CURRNT_NAMP>5.000e+04</CURRNT_NAMP>
          <TIME>2021-09-24 04:14:58</TIME>
          <TEMP_DEGC>21.300</TEMP_DEGC>
          <AIR_TEMP_DEGC>21.300</AIR_TEMP_DEGC>
          <RH_PRCNT>20.200</RH_PRCNT>
        </DATA>
        <DATA>
          <VOLTS>7.000e-05</VOLTS>
          <CURRNT_NAMP>1.000e+05</CURRNT_NAMP>
          <TIME>2021-09-24 04:14:59</TIME>
          <TEMP_DEGC>21.300</TEMP_DEGC>
          <AIR_TEMP_DEGC>21.300</AIR_TEMP_DEGC>
          <RH_PRCNT>20.200</RH_PRCNT>
        </DATA>
        <DATA>
          <VOLTS>4.600e-04</VOLTS>
          <CURRNT_NAMP>1.500e+05</CURRNT_NAMP>
          <TIME>2021-09-24 04:15:00</TIME>
          <TEMP_DEGC>21.300</TEMP_DEGC>
          <AIR_TEMP_DEGC>21.300</AIR_TEMP_DEGC>
          <RH_PRCNT>20.200</RH_PRCNT>
        </DATA>
        <DATA>
          <VOLTS>8.400e-04</VOLTS>
          <CURRNT_NAMP>2.000e+05</CURRNT_NAMP>
          <TIME>2021-09-24 04:15:01</TIME>
          <TEMP_DEGC>21.300</TEMP_DEGC>
          <AIR_TEMP_DEGC>21.300</AIR_TEMP_DEGC>
          <RH_PRCNT>20.200</RH_PRCNT>
        </DATA>
        <DATA>
          <VOLTS>1.230e-03</VOLTS>
          <CURRNT_NAMP>2.500e+05</CURRNT_NAMP>
          <TIME>2021-09-24 04:15:02</TIME>
          <TEMP_DEGC>21.300</TEMP_DEGC>
          <AIR_TEMP_DEGC>21.300</AIR_TEMP_DEGC>
          <RH_PRCNT>20.200</RH_PRCNT>
        </DATA>
        <DATA>
          <VOLTS>1.610e-03</VOLTS>
          <CURRNT_NAMP>3.000e+05</CURRNT_NAMP>
          <TIME>2021-09-24 04:15:03</TIME>
          <TEMP_DEGC>21.300</TEMP_DEGC>
          <AIR_TEMP_DEGC>21.300</AIR_TEMP_DEGC>
          <RH_PRCNT>20.200</RH_PRCNT>
        </DATA>
        <DATA>
          <VOLTS>1.990e-03</VOLTS>
          <CURRNT_NAMP>3.500e+05</CURRNT_NAMP>
          <TIME>2021-09-24 04:15:04</TIME>
          <TEMP_DEGC>21.300</TEMP_DEGC>
          <AIR_TEMP_DEGC>21.300</AIR_TEMP_DEGC>
          <RH_PRCNT>20.200</RH_PRCNT>
        </DATA>
        <DATA>
          <VOLTS>2.380e-03</VOLTS>
          <CURRNT_NAMP>4.000e+05</CURRNT_NAMP>
          <TIME>2021-09-24 04:15:06</TIME>
          <TEMP_DEGC>21.300</TEMP_DEGC>
          <AIR_TEMP_DEGC>21.300</AIR_TEMP_DEGC>
          <RH_PRCNT>20.200</RH_PRCNT>
        </DATA>
        <DATA>
          <VOLTS>2.760e-03</VOLTS>
          <CURRNT_NAMP>4.500e+05</CURRNT_NAMP>
          <TIME>2021-09-24 04:15:07</TIME>
          <TEMP_DEGC>21.300</TEMP_DEGC>
          <AIR_TEMP_DEGC>21.300</AIR_TEMP_DEGC>
          <RH_PRCNT>20.200</RH_PRCNT>
        </DATA>
        <DATA>
          <VOLTS>3.150e-03</VOLTS>
          <CURRNT_NAMP>5.000e+05</CURRNT_NAMP>
          <TIME>2021-09-24 04:15:08</TIME>
          <TEMP_DEGC>21.300</TEMP_DEGC>
          <AIR_TEMP_DEGC>21.300</AIR_TEMP_DEGC>
          <RH_PRCNT>20.200</RH_PRCNT>
        </DATA>
        <DATA>
          <VOLTS>3.530e-03</VOLTS>
          <CURRNT_NAMP>5.500e+05</CURRNT_NAMP>
          <TIME>2021-09-24 04:15:09</TIME>
          <TEMP_DEGC>21.300</TEMP_DEGC>
          <AIR_TEMP_DEGC>21.300</AIR_TEMP_DEGC>
          <RH_PRCNT>20.200</RH_PRCNT>
        </DATA>
        <DATA>
          <VOLTS>3.910e-03</VOLTS>
          <CURRNT_NAMP>6.000e+05</CURRNT_NAMP>
          <TIME>2021-09-24 04:15:10</TIME>
          <TEMP_DEGC>21.300</TEMP_DEGC>
          <AIR_TEMP_DEGC>21.300</AIR_TEMP_DEGC>
          <RH_PRCNT>20.200</RH_PRCNT>
        </DATA>
        <DATA>
          <VOLTS>4.300e-03</VOLTS>
          <CURRNT_NAMP>6.500e+05</CURRNT_NAMP>
          <TIME>2021-09-24 04:15:11</TIME>
          <TEMP_DEGC>21.300</TEMP_DEGC>
          <AIR_TEMP_DEGC>21.300</AIR_TEMP_DEGC>
          <RH_PRCNT>20.200</RH_PRCNT>
        </DATA>
        <DATA>
          <VOLTS>4.680e-03</VOLTS>
          <CURRNT_NAMP>7.000e+05</CURRNT_NAMP>
          <TIME>2021-09-24 04:15:12</TIME>
          <TEMP_DEGC>21.300</TEMP_DEGC>
          <AIR_TEMP_DEGC>21.300</AIR_TEMP_DEGC>
          <RH_PRCNT>20.200</RH_PRCNT>
        </DATA>
        <DATA>
          <VOLTS>5.070e-03</VOLTS>
          <CURRNT_NAMP>7.500e+05</CURRNT_NAMP>
          <TIME>2021-09-24 04:15:13</TIME>
          <TEMP_DEGC>21.300</TEMP_DEGC>
          <AIR_TEMP_DEGC>21.300</AIR_TEMP_DEGC>
          <RH_PRCNT>20.200</RH_PRCNT>
        </DATA>
        <DATA>
          <VOLTS>5.450e-03</VOLTS>
          <CURRNT_NAMP>8.000e+05</CURRNT_NAMP>
          <TIME>2021-09-24 04:15:14</TIME>
          <TEMP_DEGC>21.300</TEMP_DEGC>
          <AIR_TEMP_DEGC>21.300</AIR_TEMP_DEGC>
          <RH_PRCNT>20.200</RH_PRCNT>
        </DATA>
        <DATA>
          <VOLTS>5.830e-03</VOLTS>
          <CURRNT_NAMP>8.500e+05</CURRNT_NAMP>
          <TIME>2021-09-24 04:15:15</TIME>
          <TEMP_DEGC>21.300</TEMP_DEGC>
          <AIR_TEMP_DEGC>21.300</AIR_TEMP_DEGC>
          <RH_PRCNT>20.200</RH_PRCNT>
        </DATA>
        <DATA>
          <VOLTS>6.220e-03</VOLTS>
          <CURRNT_NAMP>9.000e+05</CURRNT_NAMP>
          <TIME>2021-09-24 04:15:16</TIME>
          <TEMP_DEGC>21.300</TEMP_DEGC>
          <AIR_TEMP_DEGC>21.300</AIR_TEMP_DEGC>
          <RH_PRCNT>20.300</RH_PRCNT>
        </DATA>
        <DATA>
          <VOLTS>6.600e-03</VOLTS>
          <CURRNT_NAMP>9.500e+05</CURRNT_NAMP>
          <TIME>2021-09-24 04:15:17</TIME>
          <TEMP_DEGC>21.300</TEMP_DEGC>
          <AIR_TEMP_DEGC>21.300</AIR_TEMP_DEGC>
          <RH_PRCNT>20.300</RH_PRCNT>
        </DATA>
        <DATA>
          <VOLTS>6.990e-03</VOLTS>
          <CURRNT_NAMP>1.000e+06</CURRNT_NAMP>
          <TIME>2021-09-24 04:15:18</TIME>
          <TEMP_DEGC>21.300</TEMP_DEGC>
          <AIR_TEMP_DEGC>21.300</AIR_TEMP_DEGC>
          <RH_PRCNT>20.300</RH_PRCNT>
        </DATA>
        <CHILD_DATA_SET>
          <HEADER>
            <TYPE>
              <EXTENSION_TABLE_NAME>HALFMOON_IV_PAR</EXTENSION_TABLE_NAME>
              <NAME>Tracker Halfmoon IV Parameters</NAME>
            </TYPE>
          </HEADER>
          <DATA_SET>
            <COMMENT_DESCRIPTION>Test</COMMENT_DESCRIPTION>
            <VERSION>IV_measurement</VERSION>
            <PART>
              <NAME_LABEL>37400_006_2-S_HM_EE</NAME_LABEL>
              <KIND_OF_PART>2S Halfmoon E</KIND_OF_PART>
            </PART>
            <DATA>
              <RSH_OHMSQR>34.804</RSH_OHMSQR>
              <R_OHM>7.679</R_OHM>
            </DATA>
          </DATA_SET>
        </CHILD_DATA_SET>
      </DATA_SET>
    </CHILD_DATA_SET>
  </DATA_SET>
</ROOT>
