<?xml version="1.0"?>
<ROOT>
  <HEADER>
    <TYPE>
      <EXTENSION_TABLE_NAME>HALFMOON_METADATA</EXTENSION_TABLE_NAME>
      <NAME>Tracker Halfmoon Metadata</NAME>
    </TYPE>
    <RUN mode="SEQUENCE_NUMBER" sequence="TRK_OT_RUN_SEQ">
      <RUN_TYPE>PQC</RUN_TYPE>
      <LOCATION>Demokritos</LOCATION>
      <INITIATED_BY_USER>A. Kyriakis</INITIATED_BY_USER>
      <RUN_BEGIN_TIMESTAMP>2021-09-28 09:15:54</RUN_BEGIN_TIMESTAMP>
      <COMMENT_DESCRIPTION>Test</COMMENT_DESCRIPTION>
    </RUN>
  </HEADER>
  <DATA_SET>
    <COMMENT_DESCRIPTION>Metadata with flute and structure</COMMENT_DESCRIPTION>
    <VERSION>IV_measurement</VERSION>
    <PART>
      <NAME_LABEL>37400_049_2-S_HM_WW</NAME_LABEL>
      <KIND_OF_PART>2S Halfmoon W</KIND_OF_PART>
    </PART>
    <DATA>
      <KIND_OF_HM_FLUTE_ID>PQC1</KIND_OF_HM_FLUTE_ID>
      <KIND_OF_HM_STRUCT_ID>VDP_POLY</KIND_OF_HM_STRUCT_ID>
      <KIND_OF_HM_SET_ID>Left</KIND_OF_HM_SET_ID>
      <KIND_OF_HM_CONFIG_ID>Standard</KIND_OF_HM_CONFIG_ID>
      <EQUIPMENT>KEITHLEY 2410</EQUIPMENT>
      <WAITING_TIME_S>0.200</WAITING_TIME_S>
      <TEMP_SET_DEGC>20.400</TEMP_SET_DEGC>
      <AV_TEMP_DEGC>20.400</AV_TEMP_DEGC>
      <PROCEDURE_TYPE>VDP_POLY</PROCEDURE_TYPE>
      <FILE_NAME>Demokritos_VPX37400_049_2-S_HM_W_Left_PQC1_VDPPoly_s.xml</FILE_NAME>
    </DATA>
    <CHILD_DATA_SET>
      <HEADER>
        <TYPE>
          <EXTENSION_TABLE_NAME>TEST_SENSOR_IV</EXTENSION_TABLE_NAME>
          <NAME>Tracker Halfmoon IV Test</NAME>
        </TYPE>
      </HEADER>
      <DATA_SET>
        <COMMENT_DESCRIPTION>Test</COMMENT_DESCRIPTION>
        <VERSION>IV_measurement</VERSION>
        <PART>
          <NAME_LABEL>37400_049_2-S_HM_WW</NAME_LABEL>
          <KIND_OF_PART>2S Halfmoon W</KIND_OF_PART>
        </PART>
        <DATA>
          <VOLTS>-4.170e-03</VOLTS>
          <CURRNT_NAMP>-1.000e+04</CURRNT_NAMP>
          <TIME>2021-09-28 09:15:54</TIME>
          <TEMP_DEGC>20.400</TEMP_DEGC>
          <AIR_TEMP_DEGC>20.400</AIR_TEMP_DEGC>
          <RH_PRCNT>29.100</RH_PRCNT>
        </DATA>
        <DATA>
          <VOLTS>-4.150e-03</VOLTS>
          <CURRNT_NAMP>-9.500e+03</CURRNT_NAMP>
          <TIME>2021-09-28 09:15:55</TIME>
          <TEMP_DEGC>20.400</TEMP_DEGC>
          <AIR_TEMP_DEGC>20.400</AIR_TEMP_DEGC>
          <RH_PRCNT>29.100</RH_PRCNT>
        </DATA>
        <DATA>
          <VOLTS>-4.110e-03</VOLTS>
          <CURRNT_NAMP>-9.000e+03</CURRNT_NAMP>
          <TIME>2021-09-28 09:15:56</TIME>
          <TEMP_DEGC>20.400</TEMP_DEGC>
          <AIR_TEMP_DEGC>20.400</AIR_TEMP_DEGC>
          <RH_PRCNT>29.100</RH_PRCNT>
        </DATA>
        <DATA>
          <VOLTS>-3.960e-03</VOLTS>
          <CURRNT_NAMP>-8.500e+03</CURRNT_NAMP>
          <TIME>2021-09-28 09:15:57</TIME>
          <TEMP_DEGC>20.500</TEMP_DEGC>
          <AIR_TEMP_DEGC>20.500</AIR_TEMP_DEGC>
          <RH_PRCNT>29.000</RH_PRCNT>
        </DATA>
        <DATA>
          <VOLTS>-3.750e-03</VOLTS>
          <CURRNT_NAMP>-8.000e+03</CURRNT_NAMP>
          <TIME>2021-09-28 09:15:58</TIME>
          <TEMP_DEGC>20.400</TEMP_DEGC>
          <AIR_TEMP_DEGC>20.400</AIR_TEMP_DEGC>
          <RH_PRCNT>29.100</RH_PRCNT>
        </DATA>
        <DATA>
          <VOLTS>-3.610e-03</VOLTS>
          <CURRNT_NAMP>-7.500e+03</CURRNT_NAMP>
          <TIME>2021-09-28 09:15:59</TIME>
          <TEMP_DEGC>20.400</TEMP_DEGC>
          <AIR_TEMP_DEGC>20.400</AIR_TEMP_DEGC>
          <RH_PRCNT>29.000</RH_PRCNT>
        </DATA>
        <DATA>
          <VOLTS>-3.360e-03</VOLTS>
          <CURRNT_NAMP>-7.000e+03</CURRNT_NAMP>
          <TIME>2021-09-28 09:16:00</TIME>
          <TEMP_DEGC>20.400</TEMP_DEGC>
          <AIR_TEMP_DEGC>20.400</AIR_TEMP_DEGC>
          <RH_PRCNT>29.000</RH_PRCNT>
        </DATA>
        <DATA>
          <VOLTS>-3.130e-03</VOLTS>
          <CURRNT_NAMP>-6.500e+03</CURRNT_NAMP>
          <TIME>2021-09-28 09:16:01</TIME>
          <TEMP_DEGC>20.400</TEMP_DEGC>
          <AIR_TEMP_DEGC>20.400</AIR_TEMP_DEGC>
          <RH_PRCNT>29.000</RH_PRCNT>
        </DATA>
        <DATA>
          <VOLTS>-2.900e-03</VOLTS>
          <CURRNT_NAMP>-6.000e+03</CURRNT_NAMP>
          <TIME>2021-09-28 09:16:02</TIME>
          <TEMP_DEGC>20.400</TEMP_DEGC>
          <AIR_TEMP_DEGC>20.400</AIR_TEMP_DEGC>
          <RH_PRCNT>29.000</RH_PRCNT>
        </DATA>
        <DATA>
          <VOLTS>-2.670e-03</VOLTS>
          <CURRNT_NAMP>-5.500e+03</CURRNT_NAMP>
          <TIME>2021-09-28 09:16:03</TIME>
          <TEMP_DEGC>20.400</TEMP_DEGC>
          <AIR_TEMP_DEGC>20.400</AIR_TEMP_DEGC>
          <RH_PRCNT>29.000</RH_PRCNT>
        </DATA>
        <DATA>
          <VOLTS>-2.460e-03</VOLTS>
          <CURRNT_NAMP>-5.000e+03</CURRNT_NAMP>
          <TIME>2021-09-28 09:16:04</TIME>
          <TEMP_DEGC>20.400</TEMP_DEGC>
          <AIR_TEMP_DEGC>20.400</AIR_TEMP_DEGC>
          <RH_PRCNT>29.000</RH_PRCNT>
        </DATA>
        <DATA>
          <VOLTS>-2.250e-03</VOLTS>
          <CURRNT_NAMP>-4.500e+03</CURRNT_NAMP>
          <TIME>2021-09-28 09:16:05</TIME>
          <TEMP_DEGC>20.400</TEMP_DEGC>
          <AIR_TEMP_DEGC>20.400</AIR_TEMP_DEGC>
          <RH_PRCNT>29.000</RH_PRCNT>
        </DATA>
        <DATA>
          <VOLTS>-2.040e-03</VOLTS>
          <CURRNT_NAMP>-4.000e+03</CURRNT_NAMP>
          <TIME>2021-09-28 09:16:06</TIME>
          <TEMP_DEGC>20.400</TEMP_DEGC>
          <AIR_TEMP_DEGC>20.400</AIR_TEMP_DEGC>
          <RH_PRCNT>29.000</RH_PRCNT>
        </DATA>
        <DATA>
          <VOLTS>-1.830e-03</VOLTS>
          <CURRNT_NAMP>-3.500e+03</CURRNT_NAMP>
          <TIME>2021-09-28 09:16:07</TIME>
          <TEMP_DEGC>20.400</TEMP_DEGC>
          <AIR_TEMP_DEGC>20.400</AIR_TEMP_DEGC>
          <RH_PRCNT>29.000</RH_PRCNT>
        </DATA>
        <DATA>
          <VOLTS>-1.620e-03</VOLTS>
          <CURRNT_NAMP>-3.000e+03</CURRNT_NAMP>
          <TIME>2021-09-28 09:16:08</TIME>
          <TEMP_DEGC>20.400</TEMP_DEGC>
          <AIR_TEMP_DEGC>20.400</AIR_TEMP_DEGC>
          <RH_PRCNT>29.000</RH_PRCNT>
        </DATA>
        <DATA>
          <VOLTS>-1.410e-03</VOLTS>
          <CURRNT_NAMP>-2.500e+03</CURRNT_NAMP>
          <TIME>2021-09-28 09:16:10</TIME>
          <TEMP_DEGC>20.400</TEMP_DEGC>
          <AIR_TEMP_DEGC>20.400</AIR_TEMP_DEGC>
          <RH_PRCNT>29.000</RH_PRCNT>
        </DATA>
        <DATA>
          <VOLTS>-1.200e-03</VOLTS>
          <CURRNT_NAMP>-2.000e+03</CURRNT_NAMP>
          <TIME>2021-09-28 09:16:11</TIME>
          <TEMP_DEGC>20.500</TEMP_DEGC>
          <AIR_TEMP_DEGC>20.500</AIR_TEMP_DEGC>
          <RH_PRCNT>29.000</RH_PRCNT>
        </DATA>
        <DATA>
          <VOLTS>-1.000e-03</VOLTS>
          <CURRNT_NAMP>-1.500e+03</CURRNT_NAMP>
          <TIME>2021-09-28 09:16:12</TIME>
          <TEMP_DEGC>20.500</TEMP_DEGC>
          <AIR_TEMP_DEGC>20.500</AIR_TEMP_DEGC>
          <RH_PRCNT>29.000</RH_PRCNT>
        </DATA>
        <DATA>
          <VOLTS>-7.900e-04</VOLTS>
          <CURRNT_NAMP>-1.000e+03</CURRNT_NAMP>
          <TIME>2021-09-28 09:16:13</TIME>
          <TEMP_DEGC>20.400</TEMP_DEGC>
          <AIR_TEMP_DEGC>20.400</AIR_TEMP_DEGC>
          <RH_PRCNT>29.000</RH_PRCNT>
        </DATA>
        <DATA>
          <VOLTS>-5.800e-04</VOLTS>
          <CURRNT_NAMP>-5.000e+02</CURRNT_NAMP>
          <TIME>2021-09-28 09:16:14</TIME>
          <TEMP_DEGC>20.400</TEMP_DEGC>
          <AIR_TEMP_DEGC>20.400</AIR_TEMP_DEGC>
          <RH_PRCNT>29.000</RH_PRCNT>
        </DATA>
        <DATA>
          <VOLTS>-3.700e-04</VOLTS>
          <CURRNT_NAMP>-1.694e-12</CURRNT_NAMP>
          <TIME>2021-09-28 09:16:15</TIME>
          <TEMP_DEGC>20.400</TEMP_DEGC>
          <AIR_TEMP_DEGC>20.400</AIR_TEMP_DEGC>
          <RH_PRCNT>29.000</RH_PRCNT>
        </DATA>
        <DATA>
          <VOLTS>-1.600e-04</VOLTS>
          <CURRNT_NAMP>5.000e+02</CURRNT_NAMP>
          <TIME>2021-09-28 09:16:16</TIME>
          <TEMP_DEGC>20.400</TEMP_DEGC>
          <AIR_TEMP_DEGC>20.400</AIR_TEMP_DEGC>
          <RH_PRCNT>29.000</RH_PRCNT>
        </DATA>
        <DATA>
          <VOLTS>4.000e-05</VOLTS>
          <CURRNT_NAMP>1.000e+03</CURRNT_NAMP>
          <TIME>2021-09-28 09:16:17</TIME>
          <TEMP_DEGC>20.400</TEMP_DEGC>
          <AIR_TEMP_DEGC>20.400</AIR_TEMP_DEGC>
          <RH_PRCNT>29.000</RH_PRCNT>
        </DATA>
        <DATA>
          <VOLTS>2.500e-04</VOLTS>
          <CURRNT_NAMP>1.500e+03</CURRNT_NAMP>
          <TIME>2021-09-28 09:16:18</TIME>
          <TEMP_DEGC>20.400</TEMP_DEGC>
          <AIR_TEMP_DEGC>20.400</AIR_TEMP_DEGC>
          <RH_PRCNT>29.000</RH_PRCNT>
        </DATA>
        <DATA>
          <VOLTS>4.600e-04</VOLTS>
          <CURRNT_NAMP>2.000e+03</CURRNT_NAMP>
          <TIME>2021-09-28 09:16:19</TIME>
          <TEMP_DEGC>20.500</TEMP_DEGC>
          <AIR_TEMP_DEGC>20.500</AIR_TEMP_DEGC>
          <RH_PRCNT>29.000</RH_PRCNT>
        </DATA>
        <DATA>
          <VOLTS>6.700e-04</VOLTS>
          <CURRNT_NAMP>2.500e+03</CURRNT_NAMP>
          <TIME>2021-09-28 09:16:20</TIME>
          <TEMP_DEGC>20.500</TEMP_DEGC>
          <AIR_TEMP_DEGC>20.500</AIR_TEMP_DEGC>
          <RH_PRCNT>28.900</RH_PRCNT>
        </DATA>
        <DATA>
          <VOLTS>8.800e-04</VOLTS>
          <CURRNT_NAMP>3.000e+03</CURRNT_NAMP>
          <TIME>2021-09-28 09:16:21</TIME>
          <TEMP_DEGC>20.500</TEMP_DEGC>
          <AIR_TEMP_DEGC>20.500</AIR_TEMP_DEGC>
          <RH_PRCNT>28.900</RH_PRCNT>
        </DATA>
        <DATA>
          <VOLTS>1.090e-03</VOLTS>
          <CURRNT_NAMP>3.500e+03</CURRNT_NAMP>
          <TIME>2021-09-28 09:16:22</TIME>
          <TEMP_DEGC>20.400</TEMP_DEGC>
          <AIR_TEMP_DEGC>20.400</AIR_TEMP_DEGC>
          <RH_PRCNT>28.900</RH_PRCNT>
        </DATA>
        <DATA>
          <VOLTS>1.290e-03</VOLTS>
          <CURRNT_NAMP>4.000e+03</CURRNT_NAMP>
          <TIME>2021-09-28 09:16:24</TIME>
          <TEMP_DEGC>20.400</TEMP_DEGC>
          <AIR_TEMP_DEGC>20.400</AIR_TEMP_DEGC>
          <RH_PRCNT>28.900</RH_PRCNT>
        </DATA>
        <DATA>
          <VOLTS>1.500e-03</VOLTS>
          <CURRNT_NAMP>4.500e+03</CURRNT_NAMP>
          <TIME>2021-09-28 09:16:25</TIME>
          <TEMP_DEGC>20.400</TEMP_DEGC>
          <AIR_TEMP_DEGC>20.400</AIR_TEMP_DEGC>
          <RH_PRCNT>28.900</RH_PRCNT>
        </DATA>
        <DATA>
          <VOLTS>1.710e-03</VOLTS>
          <CURRNT_NAMP>5.000e+03</CURRNT_NAMP>
          <TIME>2021-09-28 09:16:26</TIME>
          <TEMP_DEGC>20.400</TEMP_DEGC>
          <AIR_TEMP_DEGC>20.400</AIR_TEMP_DEGC>
          <RH_PRCNT>28.900</RH_PRCNT>
        </DATA>
        <DATA>
          <VOLTS>1.920e-03</VOLTS>
          <CURRNT_NAMP>5.500e+03</CURRNT_NAMP>
          <TIME>2021-09-28 09:16:27</TIME>
          <TEMP_DEGC>20.400</TEMP_DEGC>
          <AIR_TEMP_DEGC>20.400</AIR_TEMP_DEGC>
          <RH_PRCNT>28.900</RH_PRCNT>
        </DATA>
        <DATA>
          <VOLTS>2.130e-03</VOLTS>
          <CURRNT_NAMP>6.000e+03</CURRNT_NAMP>
          <TIME>2021-09-28 09:16:28</TIME>
          <TEMP_DEGC>20.500</TEMP_DEGC>
          <AIR_TEMP_DEGC>20.500</AIR_TEMP_DEGC>
          <RH_PRCNT>28.900</RH_PRCNT>
        </DATA>
        <DATA>
          <VOLTS>2.340e-03</VOLTS>
          <CURRNT_NAMP>6.500e+03</CURRNT_NAMP>
          <TIME>2021-09-28 09:16:29</TIME>
          <TEMP_DEGC>20.500</TEMP_DEGC>
          <AIR_TEMP_DEGC>20.500</AIR_TEMP_DEGC>
          <RH_PRCNT>28.900</RH_PRCNT>
        </DATA>
        <DATA>
          <VOLTS>2.550e-03</VOLTS>
          <CURRNT_NAMP>7.000e+03</CURRNT_NAMP>
          <TIME>2021-09-28 09:16:30</TIME>
          <TEMP_DEGC>20.500</TEMP_DEGC>
          <AIR_TEMP_DEGC>20.500</AIR_TEMP_DEGC>
          <RH_PRCNT>28.900</RH_PRCNT>
        </DATA>
        <DATA>
          <VOLTS>2.750e-03</VOLTS>
          <CURRNT_NAMP>7.500e+03</CURRNT_NAMP>
          <TIME>2021-09-28 09:16:31</TIME>
          <TEMP_DEGC>20.500</TEMP_DEGC>
          <AIR_TEMP_DEGC>20.500</AIR_TEMP_DEGC>
          <RH_PRCNT>28.900</RH_PRCNT>
        </DATA>
        <DATA>
          <VOLTS>2.960e-03</VOLTS>
          <CURRNT_NAMP>8.000e+03</CURRNT_NAMP>
          <TIME>2021-09-28 09:16:32</TIME>
          <TEMP_DEGC>20.400</TEMP_DEGC>
          <AIR_TEMP_DEGC>20.400</AIR_TEMP_DEGC>
          <RH_PRCNT>28.900</RH_PRCNT>
        </DATA>
        <DATA>
          <VOLTS>3.090e-03</VOLTS>
          <CURRNT_NAMP>8.500e+03</CURRNT_NAMP>
          <TIME>2021-09-28 09:16:33</TIME>
          <TEMP_DEGC>20.500</TEMP_DEGC>
          <AIR_TEMP_DEGC>20.500</AIR_TEMP_DEGC>
          <RH_PRCNT>28.900</RH_PRCNT>
        </DATA>
        <DATA>
          <VOLTS>3.320e-03</VOLTS>
          <CURRNT_NAMP>9.000e+03</CURRNT_NAMP>
          <TIME>2021-09-28 09:16:34</TIME>
          <TEMP_DEGC>20.400</TEMP_DEGC>
          <AIR_TEMP_DEGC>20.400</AIR_TEMP_DEGC>
          <RH_PRCNT>28.900</RH_PRCNT>
        </DATA>
        <DATA>
          <VOLTS>3.550e-03</VOLTS>
          <CURRNT_NAMP>9.500e+03</CURRNT_NAMP>
          <TIME>2021-09-28 09:16:35</TIME>
          <TEMP_DEGC>20.400</TEMP_DEGC>
          <AIR_TEMP_DEGC>20.400</AIR_TEMP_DEGC>
          <RH_PRCNT>28.900</RH_PRCNT>
        </DATA>
        <DATA>
          <VOLTS>3.780e-03</VOLTS>
          <CURRNT_NAMP>1.000e+04</CURRNT_NAMP>
          <TIME>2021-09-28 09:16:36</TIME>
          <TEMP_DEGC>20.500</TEMP_DEGC>
          <AIR_TEMP_DEGC>20.500</AIR_TEMP_DEGC>
          <RH_PRCNT>28.900</RH_PRCNT>
        </DATA>
        <CHILD_DATA_SET>
          <HEADER>
            <TYPE>
              <EXTENSION_TABLE_NAME>HALFMOON_IV_PAR</EXTENSION_TABLE_NAME>
              <NAME>Tracker Halfmoon IV Parameters</NAME>
            </TYPE>
          </HEADER>
          <DATA_SET>
            <COMMENT_DESCRIPTION>Test</COMMENT_DESCRIPTION>
            <VERSION>IV_measurement</VERSION>
            <PART>
              <NAME_LABEL>37400_049_2-S_HM_WW</NAME_LABEL>
              <KIND_OF_PART>2S Halfmoon W</KIND_OF_PART>
            </PART>
            <DATA>
              <RSH_OHMSQR>1895.868</RSH_OHMSQR>
              <R_OHM>418.296</R_OHM>
            </DATA>
          </DATA_SET>
        </CHILD_DATA_SET>
      </DATA_SET>
    </CHILD_DATA_SET>
  </DATA_SET>
</ROOT>
