<?xml version="1.0"?>
<ROOT>
  <HEADER>
    <TYPE>
      <EXTENSION_TABLE_NAME>HALFMOON_METADATA</EXTENSION_TABLE_NAME>
      <NAME>Tracker Halfmoon Metadata</NAME>
    </TYPE>
    <RUN mode="SEQUENCE_NUMBER" sequence="TRK_OT_RUN_SEQ">
      <RUN_TYPE>PQC</RUN_TYPE>
      <LOCATION>Demokritos</LOCATION>
      <INITIATED_BY_USER>A. Kyriakis</INITIATED_BY_USER>
      <RUN_BEGIN_TIMESTAMP>2021-09-28 09:16:42</RUN_BEGIN_TIMESTAMP>
      <COMMENT_DESCRIPTION>Test</COMMENT_DESCRIPTION>
    </RUN>
  </HEADER>
  <DATA_SET>
    <COMMENT_DESCRIPTION>Metadata with flute and structure</COMMENT_DESCRIPTION>
    <VERSION>IV_measurement</VERSION>
    <PART>
      <NAME_LABEL>37400_049_2-S_HM_WW</NAME_LABEL>
      <KIND_OF_PART>2S Halfmoon W</KIND_OF_PART>
    </PART>
    <DATA>
      <KIND_OF_HM_FLUTE_ID>PQC1</KIND_OF_HM_FLUTE_ID>
      <KIND_OF_HM_STRUCT_ID>VDP_POLY</KIND_OF_HM_STRUCT_ID>
      <KIND_OF_HM_SET_ID>Left</KIND_OF_HM_SET_ID>
      <KIND_OF_HM_CONFIG_ID>Rotated</KIND_OF_HM_CONFIG_ID>
      <EQUIPMENT>KEITHLEY 2410</EQUIPMENT>
      <WAITING_TIME_S>0.200</WAITING_TIME_S>
      <TEMP_SET_DEGC>20.400</TEMP_SET_DEGC>
      <AV_TEMP_DEGC>20.400</AV_TEMP_DEGC>
      <PROCEDURE_TYPE>VDP_POLY</PROCEDURE_TYPE>
      <FILE_NAME>Demokritos_VPX37400_049_2-S_HM_W_Left_PQC1_VDPPoly_r.xml</FILE_NAME>
    </DATA>
    <CHILD_DATA_SET>
      <HEADER>
        <TYPE>
          <EXTENSION_TABLE_NAME>TEST_SENSOR_IV</EXTENSION_TABLE_NAME>
          <NAME>Tracker Halfmoon IV Test</NAME>
        </TYPE>
      </HEADER>
      <DATA_SET>
        <COMMENT_DESCRIPTION>Test</COMMENT_DESCRIPTION>
        <VERSION>IV_measurement</VERSION>
        <PART>
          <NAME_LABEL>37400_049_2-S_HM_WW</NAME_LABEL>
          <KIND_OF_PART>2S Halfmoon W</KIND_OF_PART>
        </PART>
        <DATA>
          <VOLTS>-4.150e-03</VOLTS>
          <CURRNT_NAMP>-1.000e+04</CURRNT_NAMP>
          <TIME>2021-09-28 09:16:42</TIME>
          <TEMP_DEGC>20.400</TEMP_DEGC>
          <AIR_TEMP_DEGC>20.400</AIR_TEMP_DEGC>
          <RH_PRCNT>28.900</RH_PRCNT>
        </DATA>
        <DATA>
          <VOLTS>-4.120e-03</VOLTS>
          <CURRNT_NAMP>-9.500e+03</CURRNT_NAMP>
          <TIME>2021-09-28 09:16:43</TIME>
          <TEMP_DEGC>20.400</TEMP_DEGC>
          <AIR_TEMP_DEGC>20.400</AIR_TEMP_DEGC>
          <RH_PRCNT>28.900</RH_PRCNT>
        </DATA>
        <DATA>
          <VOLTS>-4.080e-03</VOLTS>
          <CURRNT_NAMP>-9.000e+03</CURRNT_NAMP>
          <TIME>2021-09-28 09:16:44</TIME>
          <TEMP_DEGC>20.500</TEMP_DEGC>
          <AIR_TEMP_DEGC>20.500</AIR_TEMP_DEGC>
          <RH_PRCNT>28.900</RH_PRCNT>
        </DATA>
        <DATA>
          <VOLTS>-3.940e-03</VOLTS>
          <CURRNT_NAMP>-8.500e+03</CURRNT_NAMP>
          <TIME>2021-09-28 09:16:45</TIME>
          <TEMP_DEGC>20.500</TEMP_DEGC>
          <AIR_TEMP_DEGC>20.500</AIR_TEMP_DEGC>
          <RH_PRCNT>28.900</RH_PRCNT>
        </DATA>
        <DATA>
          <VOLTS>-3.730e-03</VOLTS>
          <CURRNT_NAMP>-8.000e+03</CURRNT_NAMP>
          <TIME>2021-09-28 09:16:46</TIME>
          <TEMP_DEGC>20.500</TEMP_DEGC>
          <AIR_TEMP_DEGC>20.500</AIR_TEMP_DEGC>
          <RH_PRCNT>28.900</RH_PRCNT>
        </DATA>
        <DATA>
          <VOLTS>-3.500e-03</VOLTS>
          <CURRNT_NAMP>-7.500e+03</CURRNT_NAMP>
          <TIME>2021-09-28 09:16:47</TIME>
          <TEMP_DEGC>20.500</TEMP_DEGC>
          <AIR_TEMP_DEGC>20.500</AIR_TEMP_DEGC>
          <RH_PRCNT>28.900</RH_PRCNT>
        </DATA>
        <DATA>
          <VOLTS>-3.270e-03</VOLTS>
          <CURRNT_NAMP>-7.000e+03</CURRNT_NAMP>
          <TIME>2021-09-28 09:16:48</TIME>
          <TEMP_DEGC>20.500</TEMP_DEGC>
          <AIR_TEMP_DEGC>20.500</AIR_TEMP_DEGC>
          <RH_PRCNT>28.900</RH_PRCNT>
        </DATA>
        <DATA>
          <VOLTS>-3.060e-03</VOLTS>
          <CURRNT_NAMP>-6.500e+03</CURRNT_NAMP>
          <TIME>2021-09-28 09:16:49</TIME>
          <TEMP_DEGC>20.500</TEMP_DEGC>
          <AIR_TEMP_DEGC>20.500</AIR_TEMP_DEGC>
          <RH_PRCNT>28.900</RH_PRCNT>
        </DATA>
        <DATA>
          <VOLTS>-2.860e-03</VOLTS>
          <CURRNT_NAMP>-6.000e+03</CURRNT_NAMP>
          <TIME>2021-09-28 09:16:50</TIME>
          <TEMP_DEGC>20.400</TEMP_DEGC>
          <AIR_TEMP_DEGC>20.400</AIR_TEMP_DEGC>
          <RH_PRCNT>28.800</RH_PRCNT>
        </DATA>
        <DATA>
          <VOLTS>-2.650e-03</VOLTS>
          <CURRNT_NAMP>-5.500e+03</CURRNT_NAMP>
          <TIME>2021-09-28 09:16:51</TIME>
          <TEMP_DEGC>20.500</TEMP_DEGC>
          <AIR_TEMP_DEGC>20.500</AIR_TEMP_DEGC>
          <RH_PRCNT>28.800</RH_PRCNT>
        </DATA>
        <DATA>
          <VOLTS>-2.530e-03</VOLTS>
          <CURRNT_NAMP>-5.000e+03</CURRNT_NAMP>
          <TIME>2021-09-28 09:16:52</TIME>
          <TEMP_DEGC>20.500</TEMP_DEGC>
          <AIR_TEMP_DEGC>20.500</AIR_TEMP_DEGC>
          <RH_PRCNT>28.800</RH_PRCNT>
        </DATA>
        <DATA>
          <VOLTS>-2.300e-03</VOLTS>
          <CURRNT_NAMP>-4.500e+03</CURRNT_NAMP>
          <TIME>2021-09-28 09:16:53</TIME>
          <TEMP_DEGC>20.500</TEMP_DEGC>
          <AIR_TEMP_DEGC>20.500</AIR_TEMP_DEGC>
          <RH_PRCNT>28.800</RH_PRCNT>
        </DATA>
        <DATA>
          <VOLTS>-2.070e-03</VOLTS>
          <CURRNT_NAMP>-4.000e+03</CURRNT_NAMP>
          <TIME>2021-09-28 09:16:54</TIME>
          <TEMP_DEGC>20.500</TEMP_DEGC>
          <AIR_TEMP_DEGC>20.500</AIR_TEMP_DEGC>
          <RH_PRCNT>28.800</RH_PRCNT>
        </DATA>
        <DATA>
          <VOLTS>-1.840e-03</VOLTS>
          <CURRNT_NAMP>-3.500e+03</CURRNT_NAMP>
          <TIME>2021-09-28 09:16:55</TIME>
          <TEMP_DEGC>20.500</TEMP_DEGC>
          <AIR_TEMP_DEGC>20.500</AIR_TEMP_DEGC>
          <RH_PRCNT>28.800</RH_PRCNT>
        </DATA>
        <DATA>
          <VOLTS>-1.610e-03</VOLTS>
          <CURRNT_NAMP>-3.000e+03</CURRNT_NAMP>
          <TIME>2021-09-28 09:16:56</TIME>
          <TEMP_DEGC>20.500</TEMP_DEGC>
          <AIR_TEMP_DEGC>20.500</AIR_TEMP_DEGC>
          <RH_PRCNT>28.800</RH_PRCNT>
        </DATA>
        <DATA>
          <VOLTS>-1.410e-03</VOLTS>
          <CURRNT_NAMP>-2.500e+03</CURRNT_NAMP>
          <TIME>2021-09-28 09:16:58</TIME>
          <TEMP_DEGC>20.400</TEMP_DEGC>
          <AIR_TEMP_DEGC>20.400</AIR_TEMP_DEGC>
          <RH_PRCNT>28.800</RH_PRCNT>
        </DATA>
        <DATA>
          <VOLTS>-1.200e-03</VOLTS>
          <CURRNT_NAMP>-2.000e+03</CURRNT_NAMP>
          <TIME>2021-09-28 09:16:59</TIME>
          <TEMP_DEGC>20.500</TEMP_DEGC>
          <AIR_TEMP_DEGC>20.500</AIR_TEMP_DEGC>
          <RH_PRCNT>28.800</RH_PRCNT>
        </DATA>
        <DATA>
          <VOLTS>-9.900e-04</VOLTS>
          <CURRNT_NAMP>-1.500e+03</CURRNT_NAMP>
          <TIME>2021-09-28 09:17:00</TIME>
          <TEMP_DEGC>20.500</TEMP_DEGC>
          <AIR_TEMP_DEGC>20.500</AIR_TEMP_DEGC>
          <RH_PRCNT>28.800</RH_PRCNT>
        </DATA>
        <DATA>
          <VOLTS>-7.800e-04</VOLTS>
          <CURRNT_NAMP>-1.000e+03</CURRNT_NAMP>
          <TIME>2021-09-28 09:17:01</TIME>
          <TEMP_DEGC>20.500</TEMP_DEGC>
          <AIR_TEMP_DEGC>20.500</AIR_TEMP_DEGC>
          <RH_PRCNT>28.800</RH_PRCNT>
        </DATA>
        <DATA>
          <VOLTS>-5.800e-04</VOLTS>
          <CURRNT_NAMP>-5.000e+02</CURRNT_NAMP>
          <TIME>2021-09-28 09:17:02</TIME>
          <TEMP_DEGC>20.500</TEMP_DEGC>
          <AIR_TEMP_DEGC>20.500</AIR_TEMP_DEGC>
          <RH_PRCNT>28.800</RH_PRCNT>
        </DATA>
        <DATA>
          <VOLTS>-3.700e-04</VOLTS>
          <CURRNT_NAMP>-1.694e-12</CURRNT_NAMP>
          <TIME>2021-09-28 09:17:03</TIME>
          <TEMP_DEGC>20.500</TEMP_DEGC>
          <AIR_TEMP_DEGC>20.500</AIR_TEMP_DEGC>
          <RH_PRCNT>28.800</RH_PRCNT>
        </DATA>
        <DATA>
          <VOLTS>-1.600e-04</VOLTS>
          <CURRNT_NAMP>5.000e+02</CURRNT_NAMP>
          <TIME>2021-09-28 09:17:04</TIME>
          <TEMP_DEGC>20.500</TEMP_DEGC>
          <AIR_TEMP_DEGC>20.500</AIR_TEMP_DEGC>
          <RH_PRCNT>28.800</RH_PRCNT>
        </DATA>
        <DATA>
          <VOLTS>3.000e-05</VOLTS>
          <CURRNT_NAMP>1.000e+03</CURRNT_NAMP>
          <TIME>2021-09-28 09:17:05</TIME>
          <TEMP_DEGC>20.500</TEMP_DEGC>
          <AIR_TEMP_DEGC>20.500</AIR_TEMP_DEGC>
          <RH_PRCNT>28.800</RH_PRCNT>
        </DATA>
        <DATA>
          <VOLTS>2.400e-04</VOLTS>
          <CURRNT_NAMP>1.500e+03</CURRNT_NAMP>
          <TIME>2021-09-28 09:17:06</TIME>
          <TEMP_DEGC>20.500</TEMP_DEGC>
          <AIR_TEMP_DEGC>20.500</AIR_TEMP_DEGC>
          <RH_PRCNT>28.800</RH_PRCNT>
        </DATA>
        <DATA>
          <VOLTS>4.500e-04</VOLTS>
          <CURRNT_NAMP>2.000e+03</CURRNT_NAMP>
          <TIME>2021-09-28 09:17:07</TIME>
          <TEMP_DEGC>20.500</TEMP_DEGC>
          <AIR_TEMP_DEGC>20.500</AIR_TEMP_DEGC>
          <RH_PRCNT>28.800</RH_PRCNT>
        </DATA>
        <DATA>
          <VOLTS>6.600e-04</VOLTS>
          <CURRNT_NAMP>2.500e+03</CURRNT_NAMP>
          <TIME>2021-09-28 09:17:08</TIME>
          <TEMP_DEGC>20.400</TEMP_DEGC>
          <AIR_TEMP_DEGC>20.400</AIR_TEMP_DEGC>
          <RH_PRCNT>28.800</RH_PRCNT>
        </DATA>
        <DATA>
          <VOLTS>8.600e-04</VOLTS>
          <CURRNT_NAMP>3.000e+03</CURRNT_NAMP>
          <TIME>2021-09-28 09:17:09</TIME>
          <TEMP_DEGC>20.500</TEMP_DEGC>
          <AIR_TEMP_DEGC>20.500</AIR_TEMP_DEGC>
          <RH_PRCNT>28.800</RH_PRCNT>
        </DATA>
        <DATA>
          <VOLTS>1.070e-03</VOLTS>
          <CURRNT_NAMP>3.500e+03</CURRNT_NAMP>
          <TIME>2021-09-28 09:17:10</TIME>
          <TEMP_DEGC>20.500</TEMP_DEGC>
          <AIR_TEMP_DEGC>20.500</AIR_TEMP_DEGC>
          <RH_PRCNT>28.800</RH_PRCNT>
        </DATA>
        <DATA>
          <VOLTS>1.280e-03</VOLTS>
          <CURRNT_NAMP>4.000e+03</CURRNT_NAMP>
          <TIME>2021-09-28 09:17:12</TIME>
          <TEMP_DEGC>20.500</TEMP_DEGC>
          <AIR_TEMP_DEGC>20.500</AIR_TEMP_DEGC>
          <RH_PRCNT>28.800</RH_PRCNT>
        </DATA>
        <DATA>
          <VOLTS>1.490e-03</VOLTS>
          <CURRNT_NAMP>4.500e+03</CURRNT_NAMP>
          <TIME>2021-09-28 09:17:13</TIME>
          <TEMP_DEGC>20.500</TEMP_DEGC>
          <AIR_TEMP_DEGC>20.500</AIR_TEMP_DEGC>
          <RH_PRCNT>28.800</RH_PRCNT>
        </DATA>
        <DATA>
          <VOLTS>1.690e-03</VOLTS>
          <CURRNT_NAMP>5.000e+03</CURRNT_NAMP>
          <TIME>2021-09-28 09:17:14</TIME>
          <TEMP_DEGC>20.500</TEMP_DEGC>
          <AIR_TEMP_DEGC>20.500</AIR_TEMP_DEGC>
          <RH_PRCNT>28.800</RH_PRCNT>
        </DATA>
        <DATA>
          <VOLTS>1.900e-03</VOLTS>
          <CURRNT_NAMP>5.500e+03</CURRNT_NAMP>
          <TIME>2021-09-28 09:17:15</TIME>
          <TEMP_DEGC>20.500</TEMP_DEGC>
          <AIR_TEMP_DEGC>20.500</AIR_TEMP_DEGC>
          <RH_PRCNT>28.800</RH_PRCNT>
        </DATA>
        <DATA>
          <VOLTS>2.110e-03</VOLTS>
          <CURRNT_NAMP>6.000e+03</CURRNT_NAMP>
          <TIME>2021-09-28 09:17:16</TIME>
          <TEMP_DEGC>20.500</TEMP_DEGC>
          <AIR_TEMP_DEGC>20.500</AIR_TEMP_DEGC>
          <RH_PRCNT>28.800</RH_PRCNT>
        </DATA>
        <DATA>
          <VOLTS>2.310e-03</VOLTS>
          <CURRNT_NAMP>6.500e+03</CURRNT_NAMP>
          <TIME>2021-09-28 09:17:17</TIME>
          <TEMP_DEGC>20.500</TEMP_DEGC>
          <AIR_TEMP_DEGC>20.500</AIR_TEMP_DEGC>
          <RH_PRCNT>28.800</RH_PRCNT>
        </DATA>
        <DATA>
          <VOLTS>2.520e-03</VOLTS>
          <CURRNT_NAMP>7.000e+03</CURRNT_NAMP>
          <TIME>2021-09-28 09:17:18</TIME>
          <TEMP_DEGC>20.500</TEMP_DEGC>
          <AIR_TEMP_DEGC>20.500</AIR_TEMP_DEGC>
          <RH_PRCNT>28.800</RH_PRCNT>
        </DATA>
        <DATA>
          <VOLTS>2.730e-03</VOLTS>
          <CURRNT_NAMP>7.500e+03</CURRNT_NAMP>
          <TIME>2021-09-28 09:17:19</TIME>
          <TEMP_DEGC>20.500</TEMP_DEGC>
          <AIR_TEMP_DEGC>20.500</AIR_TEMP_DEGC>
          <RH_PRCNT>28.800</RH_PRCNT>
        </DATA>
        <DATA>
          <VOLTS>2.940e-03</VOLTS>
          <CURRNT_NAMP>8.000e+03</CURRNT_NAMP>
          <TIME>2021-09-28 09:17:20</TIME>
          <TEMP_DEGC>20.500</TEMP_DEGC>
          <AIR_TEMP_DEGC>20.500</AIR_TEMP_DEGC>
          <RH_PRCNT>28.800</RH_PRCNT>
        </DATA>
        <DATA>
          <VOLTS>3.060e-03</VOLTS>
          <CURRNT_NAMP>8.500e+03</CURRNT_NAMP>
          <TIME>2021-09-28 09:17:21</TIME>
          <TEMP_DEGC>20.500</TEMP_DEGC>
          <AIR_TEMP_DEGC>20.500</AIR_TEMP_DEGC>
          <RH_PRCNT>28.700</RH_PRCNT>
        </DATA>
        <DATA>
          <VOLTS>3.210e-03</VOLTS>
          <CURRNT_NAMP>9.000e+03</CURRNT_NAMP>
          <TIME>2021-09-28 09:17:22</TIME>
          <TEMP_DEGC>20.500</TEMP_DEGC>
          <AIR_TEMP_DEGC>20.500</AIR_TEMP_DEGC>
          <RH_PRCNT>28.700</RH_PRCNT>
        </DATA>
        <DATA>
          <VOLTS>3.370e-03</VOLTS>
          <CURRNT_NAMP>9.500e+03</CURRNT_NAMP>
          <TIME>2021-09-28 09:17:23</TIME>
          <TEMP_DEGC>20.500</TEMP_DEGC>
          <AIR_TEMP_DEGC>20.500</AIR_TEMP_DEGC>
          <RH_PRCNT>28.700</RH_PRCNT>
        </DATA>
        <DATA>
          <VOLTS>3.640e-03</VOLTS>
          <CURRNT_NAMP>1.000e+04</CURRNT_NAMP>
          <TIME>2021-09-28 09:17:24</TIME>
          <TEMP_DEGC>20.500</TEMP_DEGC>
          <AIR_TEMP_DEGC>20.500</AIR_TEMP_DEGC>
          <RH_PRCNT>28.700</RH_PRCNT>
        </DATA>
        <CHILD_DATA_SET>
          <HEADER>
            <TYPE>
              <EXTENSION_TABLE_NAME>HALFMOON_IV_PAR</EXTENSION_TABLE_NAME>
              <NAME>Tracker Halfmoon IV Parameters</NAME>
            </TYPE>
          </HEADER>
          <DATA_SET>
            <COMMENT_DESCRIPTION>Test</COMMENT_DESCRIPTION>
            <VERSION>IV_measurement</VERSION>
            <PART>
              <NAME_LABEL>37400_049_2-S_HM_WW</NAME_LABEL>
              <KIND_OF_PART>2S Halfmoon W</KIND_OF_PART>
            </PART>
            <DATA>
              <RSH_OHMSQR>1875.102</RSH_OHMSQR>
              <R_OHM>413.714</R_OHM>
            </DATA>
          </DATA_SET>
        </CHILD_DATA_SET>
      </DATA_SET>
    </CHILD_DATA_SET>
  </DATA_SET>
</ROOT>
