<?xml version="1.0"?>
<ROOT>
  <HEADER>
    <TYPE>
      <EXTENSION_TABLE_NAME>HALFMOON_METADATA</EXTENSION_TABLE_NAME>
      <NAME>Tracker Halfmoon Metadata</NAME>
    </TYPE>
    <RUN mode="SEQUENCE_NUMBER" sequence="TRK_OT_RUN_SEQ">
      <RUN_TYPE>PQC</RUN_TYPE>
      <LOCATION>Demokritos</LOCATION>
      <INITIATED_BY_USER>A. Kyriakis</INITIATED_BY_USER>
      <RUN_BEGIN_TIMESTAMP>2021-09-28 15:42:52</RUN_BEGIN_TIMESTAMP>
      <COMMENT_DESCRIPTION>Test</COMMENT_DESCRIPTION>
    </RUN>
  </HEADER>
  <DATA_SET>
    <COMMENT_DESCRIPTION>Metadata with flute and structure</COMMENT_DESCRIPTION>
    <VERSION>IV_measurement</VERSION>
    <PART>
      <NAME_LABEL>37400_027_2-S_HM_WW</NAME_LABEL>
      <KIND_OF_PART>2S Halfmoon W</KIND_OF_PART>
    </PART>
    <DATA>
      <KIND_OF_HM_FLUTE_ID>PQC1</KIND_OF_HM_FLUTE_ID>
      <KIND_OF_HM_STRUCT_ID>VDP_POLY</KIND_OF_HM_STRUCT_ID>
      <KIND_OF_HM_SET_ID>Left</KIND_OF_HM_SET_ID>
      <KIND_OF_HM_CONFIG_ID>Standard</KIND_OF_HM_CONFIG_ID>
      <EQUIPMENT>KEITHLEY 2410</EQUIPMENT>
      <WAITING_TIME_S>0.200</WAITING_TIME_S>
      <TEMP_SET_DEGC>22.800</TEMP_SET_DEGC>
      <AV_TEMP_DEGC>22.800</AV_TEMP_DEGC>
      <PROCEDURE_TYPE>VDP_POLY</PROCEDURE_TYPE>
      <FILE_NAME>Demokritos_VPX37400_027_2-S_HM_W_Left_PQC1_VDPPoly_s.xml</FILE_NAME>
    </DATA>
    <CHILD_DATA_SET>
      <HEADER>
        <TYPE>
          <EXTENSION_TABLE_NAME>TEST_SENSOR_IV</EXTENSION_TABLE_NAME>
          <NAME>Tracker Halfmoon IV Test</NAME>
        </TYPE>
      </HEADER>
      <DATA_SET>
        <COMMENT_DESCRIPTION>Test</COMMENT_DESCRIPTION>
        <VERSION>IV_measurement</VERSION>
        <PART>
          <NAME_LABEL>37400_027_2-S_HM_WW</NAME_LABEL>
          <KIND_OF_PART>2S Halfmoon W</KIND_OF_PART>
        </PART>
        <DATA>
          <VOLTS>-4.380e-03</VOLTS>
          <CURRNT_NAMP>-1.000e+04</CURRNT_NAMP>
          <TIME>2021-09-28 03:42:52</TIME>
          <TEMP_DEGC>22.800</TEMP_DEGC>
          <AIR_TEMP_DEGC>22.800</AIR_TEMP_DEGC>
          <RH_PRCNT>29.100</RH_PRCNT>
        </DATA>
        <DATA>
          <VOLTS>-4.380e-03</VOLTS>
          <CURRNT_NAMP>-9.500e+03</CURRNT_NAMP>
          <TIME>2021-09-28 03:42:53</TIME>
          <TEMP_DEGC>22.800</TEMP_DEGC>
          <AIR_TEMP_DEGC>22.800</AIR_TEMP_DEGC>
          <RH_PRCNT>29.100</RH_PRCNT>
        </DATA>
        <DATA>
          <VOLTS>-4.290e-03</VOLTS>
          <CURRNT_NAMP>-9.000e+03</CURRNT_NAMP>
          <TIME>2021-09-28 03:42:54</TIME>
          <TEMP_DEGC>22.800</TEMP_DEGC>
          <AIR_TEMP_DEGC>22.800</AIR_TEMP_DEGC>
          <RH_PRCNT>29.000</RH_PRCNT>
        </DATA>
        <DATA>
          <VOLTS>-4.130e-03</VOLTS>
          <CURRNT_NAMP>-8.500e+03</CURRNT_NAMP>
          <TIME>2021-09-28 03:42:55</TIME>
          <TEMP_DEGC>22.800</TEMP_DEGC>
          <AIR_TEMP_DEGC>22.800</AIR_TEMP_DEGC>
          <RH_PRCNT>29.100</RH_PRCNT>
        </DATA>
        <DATA>
          <VOLTS>-3.920e-03</VOLTS>
          <CURRNT_NAMP>-8.000e+03</CURRNT_NAMP>
          <TIME>2021-09-28 03:42:56</TIME>
          <TEMP_DEGC>22.800</TEMP_DEGC>
          <AIR_TEMP_DEGC>22.800</AIR_TEMP_DEGC>
          <RH_PRCNT>29.000</RH_PRCNT>
        </DATA>
        <DATA>
          <VOLTS>-3.760e-03</VOLTS>
          <CURRNT_NAMP>-7.500e+03</CURRNT_NAMP>
          <TIME>2021-09-28 03:42:57</TIME>
          <TEMP_DEGC>22.800</TEMP_DEGC>
          <AIR_TEMP_DEGC>22.800</AIR_TEMP_DEGC>
          <RH_PRCNT>29.000</RH_PRCNT>
        </DATA>
        <DATA>
          <VOLTS>-3.520e-03</VOLTS>
          <CURRNT_NAMP>-7.000e+03</CURRNT_NAMP>
          <TIME>2021-09-28 03:42:58</TIME>
          <TEMP_DEGC>22.800</TEMP_DEGC>
          <AIR_TEMP_DEGC>22.800</AIR_TEMP_DEGC>
          <RH_PRCNT>29.000</RH_PRCNT>
        </DATA>
        <DATA>
          <VOLTS>-3.280e-03</VOLTS>
          <CURRNT_NAMP>-6.500e+03</CURRNT_NAMP>
          <TIME>2021-09-28 03:42:59</TIME>
          <TEMP_DEGC>22.800</TEMP_DEGC>
          <AIR_TEMP_DEGC>22.800</AIR_TEMP_DEGC>
          <RH_PRCNT>29.000</RH_PRCNT>
        </DATA>
        <DATA>
          <VOLTS>-3.040e-03</VOLTS>
          <CURRNT_NAMP>-6.000e+03</CURRNT_NAMP>
          <TIME>2021-09-28 03:43:00</TIME>
          <TEMP_DEGC>22.800</TEMP_DEGC>
          <AIR_TEMP_DEGC>22.800</AIR_TEMP_DEGC>
          <RH_PRCNT>29.000</RH_PRCNT>
        </DATA>
        <DATA>
          <VOLTS>-2.800e-03</VOLTS>
          <CURRNT_NAMP>-5.500e+03</CURRNT_NAMP>
          <TIME>2021-09-28 03:43:01</TIME>
          <TEMP_DEGC>22.700</TEMP_DEGC>
          <AIR_TEMP_DEGC>22.700</AIR_TEMP_DEGC>
          <RH_PRCNT>29.000</RH_PRCNT>
        </DATA>
        <DATA>
          <VOLTS>-2.580e-03</VOLTS>
          <CURRNT_NAMP>-5.000e+03</CURRNT_NAMP>
          <TIME>2021-09-28 03:43:02</TIME>
          <TEMP_DEGC>22.800</TEMP_DEGC>
          <AIR_TEMP_DEGC>22.800</AIR_TEMP_DEGC>
          <RH_PRCNT>29.000</RH_PRCNT>
        </DATA>
        <DATA>
          <VOLTS>-2.360e-03</VOLTS>
          <CURRNT_NAMP>-4.500e+03</CURRNT_NAMP>
          <TIME>2021-09-28 03:43:03</TIME>
          <TEMP_DEGC>22.800</TEMP_DEGC>
          <AIR_TEMP_DEGC>22.800</AIR_TEMP_DEGC>
          <RH_PRCNT>29.000</RH_PRCNT>
        </DATA>
        <DATA>
          <VOLTS>-2.140e-03</VOLTS>
          <CURRNT_NAMP>-4.000e+03</CURRNT_NAMP>
          <TIME>2021-09-28 03:43:04</TIME>
          <TEMP_DEGC>22.800</TEMP_DEGC>
          <AIR_TEMP_DEGC>22.800</AIR_TEMP_DEGC>
          <RH_PRCNT>29.000</RH_PRCNT>
        </DATA>
        <DATA>
          <VOLTS>-1.920e-03</VOLTS>
          <CURRNT_NAMP>-3.500e+03</CURRNT_NAMP>
          <TIME>2021-09-28 03:43:05</TIME>
          <TEMP_DEGC>22.800</TEMP_DEGC>
          <AIR_TEMP_DEGC>22.800</AIR_TEMP_DEGC>
          <RH_PRCNT>29.000</RH_PRCNT>
        </DATA>
        <DATA>
          <VOLTS>-1.700e-03</VOLTS>
          <CURRNT_NAMP>-3.000e+03</CURRNT_NAMP>
          <TIME>2021-09-28 03:43:06</TIME>
          <TEMP_DEGC>22.800</TEMP_DEGC>
          <AIR_TEMP_DEGC>22.800</AIR_TEMP_DEGC>
          <RH_PRCNT>29.000</RH_PRCNT>
        </DATA>
        <DATA>
          <VOLTS>-1.480e-03</VOLTS>
          <CURRNT_NAMP>-2.500e+03</CURRNT_NAMP>
          <TIME>2021-09-28 03:43:08</TIME>
          <TEMP_DEGC>22.800</TEMP_DEGC>
          <AIR_TEMP_DEGC>22.800</AIR_TEMP_DEGC>
          <RH_PRCNT>29.000</RH_PRCNT>
        </DATA>
        <DATA>
          <VOLTS>-1.260e-03</VOLTS>
          <CURRNT_NAMP>-2.000e+03</CURRNT_NAMP>
          <TIME>2021-09-28 03:43:09</TIME>
          <TEMP_DEGC>22.800</TEMP_DEGC>
          <AIR_TEMP_DEGC>22.800</AIR_TEMP_DEGC>
          <RH_PRCNT>29.000</RH_PRCNT>
        </DATA>
        <DATA>
          <VOLTS>-1.040e-03</VOLTS>
          <CURRNT_NAMP>-1.500e+03</CURRNT_NAMP>
          <TIME>2021-09-28 03:43:10</TIME>
          <TEMP_DEGC>22.800</TEMP_DEGC>
          <AIR_TEMP_DEGC>22.800</AIR_TEMP_DEGC>
          <RH_PRCNT>29.000</RH_PRCNT>
        </DATA>
        <DATA>
          <VOLTS>-8.300e-04</VOLTS>
          <CURRNT_NAMP>-1.000e+03</CURRNT_NAMP>
          <TIME>2021-09-28 03:43:11</TIME>
          <TEMP_DEGC>22.800</TEMP_DEGC>
          <AIR_TEMP_DEGC>22.800</AIR_TEMP_DEGC>
          <RH_PRCNT>29.000</RH_PRCNT>
        </DATA>
        <DATA>
          <VOLTS>-6.300e-04</VOLTS>
          <CURRNT_NAMP>-5.000e+02</CURRNT_NAMP>
          <TIME>2021-09-28 03:43:12</TIME>
          <TEMP_DEGC>22.800</TEMP_DEGC>
          <AIR_TEMP_DEGC>22.800</AIR_TEMP_DEGC>
          <RH_PRCNT>28.900</RH_PRCNT>
        </DATA>
        <DATA>
          <VOLTS>-4.100e-04</VOLTS>
          <CURRNT_NAMP>-1.694e-12</CURRNT_NAMP>
          <TIME>2021-09-28 03:43:13</TIME>
          <TEMP_DEGC>22.800</TEMP_DEGC>
          <AIR_TEMP_DEGC>22.800</AIR_TEMP_DEGC>
          <RH_PRCNT>28.900</RH_PRCNT>
        </DATA>
        <DATA>
          <VOLTS>-1.900e-04</VOLTS>
          <CURRNT_NAMP>5.000e+02</CURRNT_NAMP>
          <TIME>2021-09-28 03:43:14</TIME>
          <TEMP_DEGC>22.800</TEMP_DEGC>
          <AIR_TEMP_DEGC>22.800</AIR_TEMP_DEGC>
          <RH_PRCNT>28.900</RH_PRCNT>
        </DATA>
        <DATA>
          <VOLTS>2.000e-05</VOLTS>
          <CURRNT_NAMP>1.000e+03</CURRNT_NAMP>
          <TIME>2021-09-28 03:43:15</TIME>
          <TEMP_DEGC>22.800</TEMP_DEGC>
          <AIR_TEMP_DEGC>22.800</AIR_TEMP_DEGC>
          <RH_PRCNT>28.900</RH_PRCNT>
        </DATA>
        <DATA>
          <VOLTS>2.600e-04</VOLTS>
          <CURRNT_NAMP>1.500e+03</CURRNT_NAMP>
          <TIME>2021-09-28 03:43:16</TIME>
          <TEMP_DEGC>22.800</TEMP_DEGC>
          <AIR_TEMP_DEGC>22.800</AIR_TEMP_DEGC>
          <RH_PRCNT>28.900</RH_PRCNT>
        </DATA>
        <DATA>
          <VOLTS>4.800e-04</VOLTS>
          <CURRNT_NAMP>2.000e+03</CURRNT_NAMP>
          <TIME>2021-09-28 03:43:17</TIME>
          <TEMP_DEGC>22.800</TEMP_DEGC>
          <AIR_TEMP_DEGC>22.800</AIR_TEMP_DEGC>
          <RH_PRCNT>28.900</RH_PRCNT>
        </DATA>
        <DATA>
          <VOLTS>7.200e-04</VOLTS>
          <CURRNT_NAMP>2.500e+03</CURRNT_NAMP>
          <TIME>2021-09-28 03:43:18</TIME>
          <TEMP_DEGC>22.700</TEMP_DEGC>
          <AIR_TEMP_DEGC>22.700</AIR_TEMP_DEGC>
          <RH_PRCNT>28.900</RH_PRCNT>
        </DATA>
        <DATA>
          <VOLTS>9.400e-04</VOLTS>
          <CURRNT_NAMP>3.000e+03</CURRNT_NAMP>
          <TIME>2021-09-28 03:43:19</TIME>
          <TEMP_DEGC>22.800</TEMP_DEGC>
          <AIR_TEMP_DEGC>22.800</AIR_TEMP_DEGC>
          <RH_PRCNT>28.900</RH_PRCNT>
        </DATA>
        <DATA>
          <VOLTS>1.160e-03</VOLTS>
          <CURRNT_NAMP>3.500e+03</CURRNT_NAMP>
          <TIME>2021-09-28 03:43:20</TIME>
          <TEMP_DEGC>22.800</TEMP_DEGC>
          <AIR_TEMP_DEGC>22.800</AIR_TEMP_DEGC>
          <RH_PRCNT>28.900</RH_PRCNT>
        </DATA>
        <DATA>
          <VOLTS>1.350e-03</VOLTS>
          <CURRNT_NAMP>4.000e+03</CURRNT_NAMP>
          <TIME>2021-09-28 03:43:22</TIME>
          <TEMP_DEGC>22.800</TEMP_DEGC>
          <AIR_TEMP_DEGC>22.800</AIR_TEMP_DEGC>
          <RH_PRCNT>28.900</RH_PRCNT>
        </DATA>
        <DATA>
          <VOLTS>1.570e-03</VOLTS>
          <CURRNT_NAMP>4.500e+03</CURRNT_NAMP>
          <TIME>2021-09-28 03:43:23</TIME>
          <TEMP_DEGC>22.800</TEMP_DEGC>
          <AIR_TEMP_DEGC>22.800</AIR_TEMP_DEGC>
          <RH_PRCNT>28.900</RH_PRCNT>
        </DATA>
        <DATA>
          <VOLTS>1.790e-03</VOLTS>
          <CURRNT_NAMP>5.000e+03</CURRNT_NAMP>
          <TIME>2021-09-28 03:43:24</TIME>
          <TEMP_DEGC>22.800</TEMP_DEGC>
          <AIR_TEMP_DEGC>22.800</AIR_TEMP_DEGC>
          <RH_PRCNT>28.900</RH_PRCNT>
        </DATA>
        <DATA>
          <VOLTS>2.010e-03</VOLTS>
          <CURRNT_NAMP>5.500e+03</CURRNT_NAMP>
          <TIME>2021-09-28 03:43:25</TIME>
          <TEMP_DEGC>22.800</TEMP_DEGC>
          <AIR_TEMP_DEGC>22.800</AIR_TEMP_DEGC>
          <RH_PRCNT>28.900</RH_PRCNT>
        </DATA>
        <DATA>
          <VOLTS>2.230e-03</VOLTS>
          <CURRNT_NAMP>6.000e+03</CURRNT_NAMP>
          <TIME>2021-09-28 03:43:26</TIME>
          <TEMP_DEGC>22.800</TEMP_DEGC>
          <AIR_TEMP_DEGC>22.800</AIR_TEMP_DEGC>
          <RH_PRCNT>28.900</RH_PRCNT>
        </DATA>
        <DATA>
          <VOLTS>2.450e-03</VOLTS>
          <CURRNT_NAMP>6.500e+03</CURRNT_NAMP>
          <TIME>2021-09-28 03:43:27</TIME>
          <TEMP_DEGC>22.800</TEMP_DEGC>
          <AIR_TEMP_DEGC>22.800</AIR_TEMP_DEGC>
          <RH_PRCNT>28.900</RH_PRCNT>
        </DATA>
        <DATA>
          <VOLTS>2.670e-03</VOLTS>
          <CURRNT_NAMP>7.000e+03</CURRNT_NAMP>
          <TIME>2021-09-28 03:43:28</TIME>
          <TEMP_DEGC>22.700</TEMP_DEGC>
          <AIR_TEMP_DEGC>22.700</AIR_TEMP_DEGC>
          <RH_PRCNT>28.900</RH_PRCNT>
        </DATA>
        <DATA>
          <VOLTS>2.890e-03</VOLTS>
          <CURRNT_NAMP>7.500e+03</CURRNT_NAMP>
          <TIME>2021-09-28 03:43:29</TIME>
          <TEMP_DEGC>22.700</TEMP_DEGC>
          <AIR_TEMP_DEGC>22.700</AIR_TEMP_DEGC>
          <RH_PRCNT>28.900</RH_PRCNT>
        </DATA>
        <DATA>
          <VOLTS>3.110e-03</VOLTS>
          <CURRNT_NAMP>8.000e+03</CURRNT_NAMP>
          <TIME>2021-09-28 03:43:30</TIME>
          <TEMP_DEGC>22.700</TEMP_DEGC>
          <AIR_TEMP_DEGC>22.700</AIR_TEMP_DEGC>
          <RH_PRCNT>28.800</RH_PRCNT>
        </DATA>
        <DATA>
          <VOLTS>3.330e-03</VOLTS>
          <CURRNT_NAMP>8.500e+03</CURRNT_NAMP>
          <TIME>2021-09-28 03:43:31</TIME>
          <TEMP_DEGC>22.700</TEMP_DEGC>
          <AIR_TEMP_DEGC>22.700</AIR_TEMP_DEGC>
          <RH_PRCNT>28.800</RH_PRCNT>
        </DATA>
        <DATA>
          <VOLTS>3.550e-03</VOLTS>
          <CURRNT_NAMP>9.000e+03</CURRNT_NAMP>
          <TIME>2021-09-28 03:43:32</TIME>
          <TEMP_DEGC>22.800</TEMP_DEGC>
          <AIR_TEMP_DEGC>22.800</AIR_TEMP_DEGC>
          <RH_PRCNT>28.800</RH_PRCNT>
        </DATA>
        <DATA>
          <VOLTS>3.760e-03</VOLTS>
          <CURRNT_NAMP>9.500e+03</CURRNT_NAMP>
          <TIME>2021-09-28 03:43:33</TIME>
          <TEMP_DEGC>22.700</TEMP_DEGC>
          <AIR_TEMP_DEGC>22.700</AIR_TEMP_DEGC>
          <RH_PRCNT>28.800</RH_PRCNT>
        </DATA>
        <DATA>
          <VOLTS>3.980e-03</VOLTS>
          <CURRNT_NAMP>1.000e+04</CURRNT_NAMP>
          <TIME>2021-09-28 03:43:34</TIME>
          <TEMP_DEGC>22.700</TEMP_DEGC>
          <AIR_TEMP_DEGC>22.700</AIR_TEMP_DEGC>
          <RH_PRCNT>28.800</RH_PRCNT>
        </DATA>
        <CHILD_DATA_SET>
          <HEADER>
            <TYPE>
              <EXTENSION_TABLE_NAME>HALFMOON_IV_PAR</EXTENSION_TABLE_NAME>
              <NAME>Tracker Halfmoon IV Parameters</NAME>
            </TYPE>
          </HEADER>
          <DATA_SET>
            <COMMENT_DESCRIPTION>Test</COMMENT_DESCRIPTION>
            <VERSION>IV_measurement</VERSION>
            <PART>
              <NAME_LABEL>37400_027_2-S_HM_WW</NAME_LABEL>
              <KIND_OF_PART>2S Halfmoon W</KIND_OF_PART>
            </PART>
            <DATA>
              <RSH_OHMSQR>1992.302</RSH_OHMSQR>
              <R_OHM>439.573</R_OHM>
            </DATA>
          </DATA_SET>
        </CHILD_DATA_SET>
      </DATA_SET>
    </CHILD_DATA_SET>
  </DATA_SET>
</ROOT>
