<?xml version="1.0"?>
<ROOT>
  <HEADER>
    <TYPE>
      <EXTENSION_TABLE_NAME>HALFMOON_METADATA</EXTENSION_TABLE_NAME>
      <NAME>Tracker Halfmoon Metadata</NAME>
    </TYPE>
    <RUN mode="SEQUENCE_NUMBER" sequence="TRK_OT_RUN_SEQ">
      <RUN_TYPE>PQC</RUN_TYPE>
      <LOCATION>Demokritos</LOCATION>
      <INITIATED_BY_USER>A.Kyriakis</INITIATED_BY_USER>
      <RUN_BEGIN_TIMESTAMP>2021-09-28 12:33:23</RUN_BEGIN_TIMESTAMP>
      <COMMENT_DESCRIPTION>Test</COMMENT_DESCRIPTION>
    </RUN>
  </HEADER>
  <DATA_SET>
    <COMMENT_DESCRIPTION>Metadata with flute and structure</COMMENT_DESCRIPTION>
    <VERSION>CV-measurement</VERSION>
    <PART>
      <NAME_LABEL>37400_003_2-S_HM_WW</NAME_LABEL>
      <KIND_OF_PART>2S Halfmoon W</KIND_OF_PART>
    </PART>
    <DATA>
      <KIND_OF_HM_FLUTE_ID>PQC1</KIND_OF_HM_FLUTE_ID>
      <KIND_OF_HM_STRUCT_ID>CAP_W</KIND_OF_HM_STRUCT_ID>
      <KIND_OF_HM_SET_ID>Left</KIND_OF_HM_SET_ID>
      <KIND_OF_HM_CONFIG_ID>Not Used</KIND_OF_HM_CONFIG_ID>
      <EQUIPMENT>HP 4192A</EQUIPMENT>
      <WAITING_TIME_S>0.1000</WAITING_TIME_S>
      <AC_FREQ_HZ>10000.00000</AC_FREQ_HZ>
      <AC_AMPL_V>0.250</AC_AMPL_V>
      <TEMP_SET_DEGC>22.400</TEMP_SET_DEGC>
      <AV_TEMP_DEGC>22.400</AV_TEMP_DEGC>
      <PROCEDURE_TYPE>Cap1</PROCEDURE_TYPE>
      <FILE_NAME>Demokritos_VPX37400_003_2-S_HM_W_Left_PQC1_CapW_CV.xml</FILE_NAME>
    </DATA>
    <CHILD_DATA_SET>
      <HEADER>
        <TYPE>
          <EXTENSION_TABLE_NAME>TEST_SENSOR_CV</EXTENSION_TABLE_NAME>
          <NAME>Tracker Halfmoon CV Test</NAME>
        </TYPE>
      </HEADER>
      <DATA_SET>
        <COMMENT_DESCRIPTION>Test</COMMENT_DESCRIPTION>
        <VERSION>CV-measurement</VERSION>
        <PART>
          <NAME_LABEL>37400_003_2-S_HM_WW</NAME_LABEL>
          <KIND_OF_PART>2S Halfmoon W</KIND_OF_PART>
        </PART>
        <DATA>
          <VOLTS>-5.000</VOLTS>
          <CAPCTNC_PFRD>2.370</CAPCTNC_PFRD>
          <RESSTNC_MOHM>-83.333</RESSTNC_MOHM>
          <TIME>2021-09-28 12:33:23</TIME>
          <TEMP_DEGC>22.400</TEMP_DEGC>
          <AIR_TEMP_DEGC>22.400</AIR_TEMP_DEGC>
          <RH_PRCNT>28.300</RH_PRCNT>
        </DATA>
        <DATA>
          <VOLTS>-4.900</VOLTS>
          <CAPCTNC_PFRD>2.440</CAPCTNC_PFRD>
          <RESSTNC_MOHM>43.478</RESSTNC_MOHM>
          <TIME>2021-09-28 12:33:24</TIME>
          <TEMP_DEGC>22.400</TEMP_DEGC>
          <AIR_TEMP_DEGC>22.400</AIR_TEMP_DEGC>
          <RH_PRCNT>28.200</RH_PRCNT>
        </DATA>
        <DATA>
          <VOLTS>-4.800</VOLTS>
          <CAPCTNC_PFRD>2.480</CAPCTNC_PFRD>
          <RESSTNC_MOHM>0.000</RESSTNC_MOHM>
          <TIME>2021-09-28 12:33:25</TIME>
          <TEMP_DEGC>22.400</TEMP_DEGC>
          <AIR_TEMP_DEGC>22.400</AIR_TEMP_DEGC>
          <RH_PRCNT>28.200</RH_PRCNT>
        </DATA>
        <DATA>
          <VOLTS>-4.700</VOLTS>
          <CAPCTNC_PFRD>2.480</CAPCTNC_PFRD>
          <RESSTNC_MOHM>166.667</RESSTNC_MOHM>
          <TIME>2021-09-28 12:33:26</TIME>
          <TEMP_DEGC>22.400</TEMP_DEGC>
          <AIR_TEMP_DEGC>22.400</AIR_TEMP_DEGC>
          <RH_PRCNT>28.200</RH_PRCNT>
        </DATA>
        <DATA>
          <VOLTS>-4.600</VOLTS>
          <CAPCTNC_PFRD>2.330</CAPCTNC_PFRD>
          <RESSTNC_MOHM>125.000</RESSTNC_MOHM>
          <TIME>2021-09-28 12:33:28</TIME>
          <TEMP_DEGC>22.400</TEMP_DEGC>
          <AIR_TEMP_DEGC>22.400</AIR_TEMP_DEGC>
          <RH_PRCNT>28.200</RH_PRCNT>
        </DATA>
        <DATA>
          <VOLTS>-4.500</VOLTS>
          <CAPCTNC_PFRD>2.400</CAPCTNC_PFRD>
          <RESSTNC_MOHM>-166.667</RESSTNC_MOHM>
          <TIME>2021-09-28 12:33:29</TIME>
          <TEMP_DEGC>22.400</TEMP_DEGC>
          <AIR_TEMP_DEGC>22.400</AIR_TEMP_DEGC>
          <RH_PRCNT>28.200</RH_PRCNT>
        </DATA>
        <DATA>
          <VOLTS>-4.400</VOLTS>
          <CAPCTNC_PFRD>2.530</CAPCTNC_PFRD>
          <RESSTNC_MOHM>-200.000</RESSTNC_MOHM>
          <TIME>2021-09-28 12:33:30</TIME>
          <TEMP_DEGC>22.400</TEMP_DEGC>
          <AIR_TEMP_DEGC>22.400</AIR_TEMP_DEGC>
          <RH_PRCNT>28.200</RH_PRCNT>
        </DATA>
        <DATA>
          <VOLTS>-4.300</VOLTS>
          <CAPCTNC_PFRD>2.260</CAPCTNC_PFRD>
          <RESSTNC_MOHM>-333.333</RESSTNC_MOHM>
          <TIME>2021-09-28 12:33:31</TIME>
          <TEMP_DEGC>22.400</TEMP_DEGC>
          <AIR_TEMP_DEGC>22.400</AIR_TEMP_DEGC>
          <RH_PRCNT>28.200</RH_PRCNT>
        </DATA>
        <DATA>
          <VOLTS>-4.200</VOLTS>
          <CAPCTNC_PFRD>2.140</CAPCTNC_PFRD>
          <RESSTNC_MOHM>55.556</RESSTNC_MOHM>
          <TIME>2021-09-28 12:33:32</TIME>
          <TEMP_DEGC>22.400</TEMP_DEGC>
          <AIR_TEMP_DEGC>22.400</AIR_TEMP_DEGC>
          <RH_PRCNT>28.200</RH_PRCNT>
        </DATA>
        <DATA>
          <VOLTS>-4.100</VOLTS>
          <CAPCTNC_PFRD>2.630</CAPCTNC_PFRD>
          <RESSTNC_MOHM>-333.333</RESSTNC_MOHM>
          <TIME>2021-09-28 12:33:33</TIME>
          <TEMP_DEGC>22.400</TEMP_DEGC>
          <AIR_TEMP_DEGC>22.400</AIR_TEMP_DEGC>
          <RH_PRCNT>28.200</RH_PRCNT>
        </DATA>
        <DATA>
          <VOLTS>-4.000</VOLTS>
          <CAPCTNC_PFRD>2.810</CAPCTNC_PFRD>
          <RESSTNC_MOHM>47.619</RESSTNC_MOHM>
          <TIME>2021-09-28 12:33:34</TIME>
          <TEMP_DEGC>22.400</TEMP_DEGC>
          <AIR_TEMP_DEGC>22.400</AIR_TEMP_DEGC>
          <RH_PRCNT>28.200</RH_PRCNT>
        </DATA>
        <DATA>
          <VOLTS>-3.900</VOLTS>
          <CAPCTNC_PFRD>2.390</CAPCTNC_PFRD>
          <RESSTNC_MOHM>52.632</RESSTNC_MOHM>
          <TIME>2021-09-28 12:33:35</TIME>
          <TEMP_DEGC>22.400</TEMP_DEGC>
          <AIR_TEMP_DEGC>22.400</AIR_TEMP_DEGC>
          <RH_PRCNT>28.200</RH_PRCNT>
        </DATA>
        <DATA>
          <VOLTS>-3.800</VOLTS>
          <CAPCTNC_PFRD>2.440</CAPCTNC_PFRD>
          <RESSTNC_MOHM>-125.000</RESSTNC_MOHM>
          <TIME>2021-09-28 12:33:36</TIME>
          <TEMP_DEGC>22.400</TEMP_DEGC>
          <AIR_TEMP_DEGC>22.400</AIR_TEMP_DEGC>
          <RH_PRCNT>28.200</RH_PRCNT>
        </DATA>
        <DATA>
          <VOLTS>-3.700</VOLTS>
          <CAPCTNC_PFRD>2.470</CAPCTNC_PFRD>
          <RESSTNC_MOHM>250.000</RESSTNC_MOHM>
          <TIME>2021-09-28 12:33:37</TIME>
          <TEMP_DEGC>22.400</TEMP_DEGC>
          <AIR_TEMP_DEGC>22.400</AIR_TEMP_DEGC>
          <RH_PRCNT>28.200</RH_PRCNT>
        </DATA>
        <DATA>
          <VOLTS>-3.600</VOLTS>
          <CAPCTNC_PFRD>2.490</CAPCTNC_PFRD>
          <RESSTNC_MOHM>-333.333</RESSTNC_MOHM>
          <TIME>2021-09-28 12:33:38</TIME>
          <TEMP_DEGC>22.400</TEMP_DEGC>
          <AIR_TEMP_DEGC>22.400</AIR_TEMP_DEGC>
          <RH_PRCNT>28.100</RH_PRCNT>
        </DATA>
        <DATA>
          <VOLTS>-3.500</VOLTS>
          <CAPCTNC_PFRD>2.410</CAPCTNC_PFRD>
          <RESSTNC_MOHM>71.429</RESSTNC_MOHM>
          <TIME>2021-09-28 12:33:39</TIME>
          <TEMP_DEGC>22.400</TEMP_DEGC>
          <AIR_TEMP_DEGC>22.400</AIR_TEMP_DEGC>
          <RH_PRCNT>28.100</RH_PRCNT>
        </DATA>
        <DATA>
          <VOLTS>-3.400</VOLTS>
          <CAPCTNC_PFRD>2.300</CAPCTNC_PFRD>
          <RESSTNC_MOHM>90.909</RESSTNC_MOHM>
          <TIME>2021-09-28 12:33:40</TIME>
          <TEMP_DEGC>22.400</TEMP_DEGC>
          <AIR_TEMP_DEGC>22.400</AIR_TEMP_DEGC>
          <RH_PRCNT>28.100</RH_PRCNT>
        </DATA>
        <DATA>
          <VOLTS>-3.300</VOLTS>
          <CAPCTNC_PFRD>2.070</CAPCTNC_PFRD>
          <RESSTNC_MOHM>-71.429</RESSTNC_MOHM>
          <TIME>2021-09-28 12:33:41</TIME>
          <TEMP_DEGC>22.400</TEMP_DEGC>
          <AIR_TEMP_DEGC>22.400</AIR_TEMP_DEGC>
          <RH_PRCNT>28.100</RH_PRCNT>
        </DATA>
        <DATA>
          <VOLTS>-3.200</VOLTS>
          <CAPCTNC_PFRD>2.390</CAPCTNC_PFRD>
          <RESSTNC_MOHM>71.429</RESSTNC_MOHM>
          <TIME>2021-09-28 12:33:42</TIME>
          <TEMP_DEGC>22.400</TEMP_DEGC>
          <AIR_TEMP_DEGC>22.400</AIR_TEMP_DEGC>
          <RH_PRCNT>28.100</RH_PRCNT>
        </DATA>
        <DATA>
          <VOLTS>-3.100</VOLTS>
          <CAPCTNC_PFRD>2.550</CAPCTNC_PFRD>
          <RESSTNC_MOHM>-125.000</RESSTNC_MOHM>
          <TIME>2021-09-28 12:33:44</TIME>
          <TEMP_DEGC>22.400</TEMP_DEGC>
          <AIR_TEMP_DEGC>22.400</AIR_TEMP_DEGC>
          <RH_PRCNT>28.100</RH_PRCNT>
        </DATA>
        <DATA>
          <VOLTS>-3.000</VOLTS>
          <CAPCTNC_PFRD>2.430</CAPCTNC_PFRD>
          <RESSTNC_MOHM>37.037</RESSTNC_MOHM>
          <TIME>2021-09-28 12:33:45</TIME>
          <TEMP_DEGC>22.400</TEMP_DEGC>
          <AIR_TEMP_DEGC>22.400</AIR_TEMP_DEGC>
          <RH_PRCNT>28.100</RH_PRCNT>
        </DATA>
        <DATA>
          <VOLTS>-2.900</VOLTS>
          <CAPCTNC_PFRD>2.640</CAPCTNC_PFRD>
          <RESSTNC_MOHM>-83.333</RESSTNC_MOHM>
          <TIME>2021-09-28 12:33:46</TIME>
          <TEMP_DEGC>22.400</TEMP_DEGC>
          <AIR_TEMP_DEGC>22.400</AIR_TEMP_DEGC>
          <RH_PRCNT>28.100</RH_PRCNT>
        </DATA>
        <DATA>
          <VOLTS>-2.800</VOLTS>
          <CAPCTNC_PFRD>2.230</CAPCTNC_PFRD>
          <RESSTNC_MOHM>100.000</RESSTNC_MOHM>
          <TIME>2021-09-28 12:33:47</TIME>
          <TEMP_DEGC>22.500</TEMP_DEGC>
          <AIR_TEMP_DEGC>22.500</AIR_TEMP_DEGC>
          <RH_PRCNT>28.100</RH_PRCNT>
        </DATA>
        <DATA>
          <VOLTS>-2.700</VOLTS>
          <CAPCTNC_PFRD>2.620</CAPCTNC_PFRD>
          <RESSTNC_MOHM>-62.500</RESSTNC_MOHM>
          <TIME>2021-09-28 12:33:48</TIME>
          <TEMP_DEGC>22.400</TEMP_DEGC>
          <AIR_TEMP_DEGC>22.400</AIR_TEMP_DEGC>
          <RH_PRCNT>28.100</RH_PRCNT>
        </DATA>
        <DATA>
          <VOLTS>-2.600</VOLTS>
          <CAPCTNC_PFRD>2.460</CAPCTNC_PFRD>
          <RESSTNC_MOHM>1000.000</RESSTNC_MOHM>
          <TIME>2021-09-28 12:33:49</TIME>
          <TEMP_DEGC>22.500</TEMP_DEGC>
          <AIR_TEMP_DEGC>22.500</AIR_TEMP_DEGC>
          <RH_PRCNT>28.100</RH_PRCNT>
        </DATA>
        <DATA>
          <VOLTS>-2.500</VOLTS>
          <CAPCTNC_PFRD>2.480</CAPCTNC_PFRD>
          <RESSTNC_MOHM>-71.429</RESSTNC_MOHM>
          <TIME>2021-09-28 12:33:50</TIME>
          <TEMP_DEGC>22.500</TEMP_DEGC>
          <AIR_TEMP_DEGC>22.500</AIR_TEMP_DEGC>
          <RH_PRCNT>28.100</RH_PRCNT>
        </DATA>
        <DATA>
          <VOLTS>-2.400</VOLTS>
          <CAPCTNC_PFRD>2.590</CAPCTNC_PFRD>
          <RESSTNC_MOHM>50.000</RESSTNC_MOHM>
          <TIME>2021-09-28 12:33:51</TIME>
          <TEMP_DEGC>22.500</TEMP_DEGC>
          <AIR_TEMP_DEGC>22.500</AIR_TEMP_DEGC>
          <RH_PRCNT>28.100</RH_PRCNT>
        </DATA>
        <DATA>
          <VOLTS>-2.300</VOLTS>
          <CAPCTNC_PFRD>2.290</CAPCTNC_PFRD>
          <RESSTNC_MOHM>55.556</RESSTNC_MOHM>
          <TIME>2021-09-28 12:33:52</TIME>
          <TEMP_DEGC>22.500</TEMP_DEGC>
          <AIR_TEMP_DEGC>22.500</AIR_TEMP_DEGC>
          <RH_PRCNT>28.100</RH_PRCNT>
        </DATA>
        <DATA>
          <VOLTS>-2.200</VOLTS>
          <CAPCTNC_PFRD>2.630</CAPCTNC_PFRD>
          <RESSTNC_MOHM>41.667</RESSTNC_MOHM>
          <TIME>2021-09-28 12:33:53</TIME>
          <TEMP_DEGC>22.500</TEMP_DEGC>
          <AIR_TEMP_DEGC>22.500</AIR_TEMP_DEGC>
          <RH_PRCNT>28.100</RH_PRCNT>
        </DATA>
        <DATA>
          <VOLTS>-2.100</VOLTS>
          <CAPCTNC_PFRD>2.600</CAPCTNC_PFRD>
          <RESSTNC_MOHM>100.000</RESSTNC_MOHM>
          <TIME>2021-09-28 12:33:54</TIME>
          <TEMP_DEGC>22.500</TEMP_DEGC>
          <AIR_TEMP_DEGC>22.500</AIR_TEMP_DEGC>
          <RH_PRCNT>28.100</RH_PRCNT>
        </DATA>
        <DATA>
          <VOLTS>-2.000</VOLTS>
          <CAPCTNC_PFRD>2.830</CAPCTNC_PFRD>
          <RESSTNC_MOHM>-500.000</RESSTNC_MOHM>
          <TIME>2021-09-28 12:33:55</TIME>
          <TEMP_DEGC>22.500</TEMP_DEGC>
          <AIR_TEMP_DEGC>22.500</AIR_TEMP_DEGC>
          <RH_PRCNT>28.000</RH_PRCNT>
        </DATA>
        <DATA>
          <VOLTS>-1.900</VOLTS>
          <CAPCTNC_PFRD>2.470</CAPCTNC_PFRD>
          <RESSTNC_MOHM>200.000</RESSTNC_MOHM>
          <TIME>2021-09-28 12:33:56</TIME>
          <TEMP_DEGC>22.500</TEMP_DEGC>
          <AIR_TEMP_DEGC>22.500</AIR_TEMP_DEGC>
          <RH_PRCNT>28.000</RH_PRCNT>
        </DATA>
        <DATA>
          <VOLTS>-1.800</VOLTS>
          <CAPCTNC_PFRD>2.380</CAPCTNC_PFRD>
          <RESSTNC_MOHM>333.333</RESSTNC_MOHM>
          <TIME>2021-09-28 12:33:57</TIME>
          <TEMP_DEGC>22.500</TEMP_DEGC>
          <AIR_TEMP_DEGC>22.500</AIR_TEMP_DEGC>
          <RH_PRCNT>28.000</RH_PRCNT>
        </DATA>
        <DATA>
          <VOLTS>-1.700</VOLTS>
          <CAPCTNC_PFRD>2.440</CAPCTNC_PFRD>
          <RESSTNC_MOHM>-200.000</RESSTNC_MOHM>
          <TIME>2021-09-28 12:33:58</TIME>
          <TEMP_DEGC>22.500</TEMP_DEGC>
          <AIR_TEMP_DEGC>22.500</AIR_TEMP_DEGC>
          <RH_PRCNT>28.000</RH_PRCNT>
        </DATA>
        <DATA>
          <VOLTS>-1.600</VOLTS>
          <CAPCTNC_PFRD>2.760</CAPCTNC_PFRD>
          <RESSTNC_MOHM>66.667</RESSTNC_MOHM>
          <TIME>2021-09-28 12:34:00</TIME>
          <TEMP_DEGC>22.500</TEMP_DEGC>
          <AIR_TEMP_DEGC>22.500</AIR_TEMP_DEGC>
          <RH_PRCNT>28.000</RH_PRCNT>
        </DATA>
        <DATA>
          <VOLTS>-1.500</VOLTS>
          <CAPCTNC_PFRD>2.490</CAPCTNC_PFRD>
          <RESSTNC_MOHM>333.333</RESSTNC_MOHM>
          <TIME>2021-09-28 12:34:01</TIME>
          <TEMP_DEGC>22.500</TEMP_DEGC>
          <AIR_TEMP_DEGC>22.500</AIR_TEMP_DEGC>
          <RH_PRCNT>28.000</RH_PRCNT>
        </DATA>
        <DATA>
          <VOLTS>-1.400</VOLTS>
          <CAPCTNC_PFRD>2.240</CAPCTNC_PFRD>
          <RESSTNC_MOHM>-333.333</RESSTNC_MOHM>
          <TIME>2021-09-28 12:34:02</TIME>
          <TEMP_DEGC>22.500</TEMP_DEGC>
          <AIR_TEMP_DEGC>22.500</AIR_TEMP_DEGC>
          <RH_PRCNT>28.000</RH_PRCNT>
        </DATA>
        <DATA>
          <VOLTS>-1.300</VOLTS>
          <CAPCTNC_PFRD>2.720</CAPCTNC_PFRD>
          <RESSTNC_MOHM>76.923</RESSTNC_MOHM>
          <TIME>2021-09-28 12:34:03</TIME>
          <TEMP_DEGC>22.500</TEMP_DEGC>
          <AIR_TEMP_DEGC>22.500</AIR_TEMP_DEGC>
          <RH_PRCNT>28.000</RH_PRCNT>
        </DATA>
        <DATA>
          <VOLTS>-1.200</VOLTS>
          <CAPCTNC_PFRD>2.860</CAPCTNC_PFRD>
          <RESSTNC_MOHM>-1000.000</RESSTNC_MOHM>
          <TIME>2021-09-28 12:34:04</TIME>
          <TEMP_DEGC>22.500</TEMP_DEGC>
          <AIR_TEMP_DEGC>22.500</AIR_TEMP_DEGC>
          <RH_PRCNT>28.000</RH_PRCNT>
        </DATA>
        <DATA>
          <VOLTS>-1.100</VOLTS>
          <CAPCTNC_PFRD>2.610</CAPCTNC_PFRD>
          <RESSTNC_MOHM>-1000.000</RESSTNC_MOHM>
          <TIME>2021-09-28 12:34:05</TIME>
          <TEMP_DEGC>22.500</TEMP_DEGC>
          <AIR_TEMP_DEGC>22.500</AIR_TEMP_DEGC>
          <RH_PRCNT>28.000</RH_PRCNT>
        </DATA>
        <DATA>
          <VOLTS>-1.000</VOLTS>
          <CAPCTNC_PFRD>2.510</CAPCTNC_PFRD>
          <RESSTNC_MOHM>-1000.000</RESSTNC_MOHM>
          <TIME>2021-09-28 12:34:06</TIME>
          <TEMP_DEGC>22.500</TEMP_DEGC>
          <AIR_TEMP_DEGC>22.500</AIR_TEMP_DEGC>
          <RH_PRCNT>28.000</RH_PRCNT>
        </DATA>
        <DATA>
          <VOLTS>-0.900</VOLTS>
          <CAPCTNC_PFRD>2.460</CAPCTNC_PFRD>
          <RESSTNC_MOHM>142.857</RESSTNC_MOHM>
          <TIME>2021-09-28 12:34:07</TIME>
          <TEMP_DEGC>22.500</TEMP_DEGC>
          <AIR_TEMP_DEGC>22.500</AIR_TEMP_DEGC>
          <RH_PRCNT>28.000</RH_PRCNT>
        </DATA>
        <DATA>
          <VOLTS>-0.800</VOLTS>
          <CAPCTNC_PFRD>2.410</CAPCTNC_PFRD>
          <RESSTNC_MOHM>76.923</RESSTNC_MOHM>
          <TIME>2021-09-28 12:34:08</TIME>
          <TEMP_DEGC>22.500</TEMP_DEGC>
          <AIR_TEMP_DEGC>22.500</AIR_TEMP_DEGC>
          <RH_PRCNT>28.000</RH_PRCNT>
        </DATA>
        <DATA>
          <VOLTS>-0.700</VOLTS>
          <CAPCTNC_PFRD>2.400</CAPCTNC_PFRD>
          <RESSTNC_MOHM>41.667</RESSTNC_MOHM>
          <TIME>2021-09-28 12:34:09</TIME>
          <TEMP_DEGC>22.500</TEMP_DEGC>
          <AIR_TEMP_DEGC>22.500</AIR_TEMP_DEGC>
          <RH_PRCNT>28.000</RH_PRCNT>
        </DATA>
        <DATA>
          <VOLTS>-0.600</VOLTS>
          <CAPCTNC_PFRD>2.330</CAPCTNC_PFRD>
          <RESSTNC_MOHM>52.632</RESSTNC_MOHM>
          <TIME>2021-09-28 12:34:10</TIME>
          <TEMP_DEGC>22.500</TEMP_DEGC>
          <AIR_TEMP_DEGC>22.500</AIR_TEMP_DEGC>
          <RH_PRCNT>28.000</RH_PRCNT>
        </DATA>
        <DATA>
          <VOLTS>-0.500</VOLTS>
          <CAPCTNC_PFRD>2.550</CAPCTNC_PFRD>
          <RESSTNC_MOHM>500.000</RESSTNC_MOHM>
          <TIME>2021-09-28 12:34:11</TIME>
          <TEMP_DEGC>22.500</TEMP_DEGC>
          <AIR_TEMP_DEGC>22.500</AIR_TEMP_DEGC>
          <RH_PRCNT>27.900</RH_PRCNT>
        </DATA>
        <DATA>
          <VOLTS>-0.400</VOLTS>
          <CAPCTNC_PFRD>2.390</CAPCTNC_PFRD>
          <RESSTNC_MOHM>-333.333</RESSTNC_MOHM>
          <TIME>2021-09-28 12:34:12</TIME>
          <TEMP_DEGC>22.500</TEMP_DEGC>
          <AIR_TEMP_DEGC>22.500</AIR_TEMP_DEGC>
          <RH_PRCNT>27.900</RH_PRCNT>
        </DATA>
        <DATA>
          <VOLTS>-0.300</VOLTS>
          <CAPCTNC_PFRD>2.310</CAPCTNC_PFRD>
          <RESSTNC_MOHM>-90.909</RESSTNC_MOHM>
          <TIME>2021-09-28 12:34:13</TIME>
          <TEMP_DEGC>22.500</TEMP_DEGC>
          <AIR_TEMP_DEGC>22.500</AIR_TEMP_DEGC>
          <RH_PRCNT>27.900</RH_PRCNT>
        </DATA>
        <DATA>
          <VOLTS>-0.200</VOLTS>
          <CAPCTNC_PFRD>2.160</CAPCTNC_PFRD>
          <RESSTNC_MOHM>111.111</RESSTNC_MOHM>
          <TIME>2021-09-28 12:34:15</TIME>
          <TEMP_DEGC>22.500</TEMP_DEGC>
          <AIR_TEMP_DEGC>22.500</AIR_TEMP_DEGC>
          <RH_PRCNT>27.900</RH_PRCNT>
        </DATA>
        <DATA>
          <VOLTS>-0.100</VOLTS>
          <CAPCTNC_PFRD>2.610</CAPCTNC_PFRD>
          <RESSTNC_MOHM>125.000</RESSTNC_MOHM>
          <TIME>2021-09-28 12:34:16</TIME>
          <TEMP_DEGC>22.500</TEMP_DEGC>
          <AIR_TEMP_DEGC>22.500</AIR_TEMP_DEGC>
          <RH_PRCNT>27.900</RH_PRCNT>
        </DATA>
        <DATA>
          <VOLTS>0.000</VOLTS>
          <CAPCTNC_PFRD>2.700</CAPCTNC_PFRD>
          <RESSTNC_MOHM>-250.000</RESSTNC_MOHM>
          <TIME>2021-09-28 12:34:17</TIME>
          <TEMP_DEGC>22.500</TEMP_DEGC>
          <AIR_TEMP_DEGC>22.500</AIR_TEMP_DEGC>
          <RH_PRCNT>27.900</RH_PRCNT>
        </DATA>
        <DATA>
          <VOLTS>0.100</VOLTS>
          <CAPCTNC_PFRD>2.400</CAPCTNC_PFRD>
          <RESSTNC_MOHM>37.037</RESSTNC_MOHM>
          <TIME>2021-09-28 12:34:18</TIME>
          <TEMP_DEGC>22.500</TEMP_DEGC>
          <AIR_TEMP_DEGC>22.500</AIR_TEMP_DEGC>
          <RH_PRCNT>27.900</RH_PRCNT>
        </DATA>
        <DATA>
          <VOLTS>0.200</VOLTS>
          <CAPCTNC_PFRD>2.500</CAPCTNC_PFRD>
          <RESSTNC_MOHM>-71.429</RESSTNC_MOHM>
          <TIME>2021-09-28 12:34:19</TIME>
          <TEMP_DEGC>22.500</TEMP_DEGC>
          <AIR_TEMP_DEGC>22.500</AIR_TEMP_DEGC>
          <RH_PRCNT>27.900</RH_PRCNT>
        </DATA>
        <DATA>
          <VOLTS>0.300</VOLTS>
          <CAPCTNC_PFRD>2.350</CAPCTNC_PFRD>
          <RESSTNC_MOHM>111.111</RESSTNC_MOHM>
          <TIME>2021-09-28 12:34:20</TIME>
          <TEMP_DEGC>22.500</TEMP_DEGC>
          <AIR_TEMP_DEGC>22.500</AIR_TEMP_DEGC>
          <RH_PRCNT>27.900</RH_PRCNT>
        </DATA>
        <DATA>
          <VOLTS>0.400</VOLTS>
          <CAPCTNC_PFRD>2.500</CAPCTNC_PFRD>
          <RESSTNC_MOHM>-100.000</RESSTNC_MOHM>
          <TIME>2021-09-28 12:34:21</TIME>
          <TEMP_DEGC>22.500</TEMP_DEGC>
          <AIR_TEMP_DEGC>22.500</AIR_TEMP_DEGC>
          <RH_PRCNT>27.900</RH_PRCNT>
        </DATA>
        <DATA>
          <VOLTS>0.500</VOLTS>
          <CAPCTNC_PFRD>2.310</CAPCTNC_PFRD>
          <RESSTNC_MOHM>-71.429</RESSTNC_MOHM>
          <TIME>2021-09-28 12:34:22</TIME>
          <TEMP_DEGC>22.500</TEMP_DEGC>
          <AIR_TEMP_DEGC>22.500</AIR_TEMP_DEGC>
          <RH_PRCNT>27.900</RH_PRCNT>
        </DATA>
        <DATA>
          <VOLTS>0.600</VOLTS>
          <CAPCTNC_PFRD>2.830</CAPCTNC_PFRD>
          <RESSTNC_MOHM>55.556</RESSTNC_MOHM>
          <TIME>2021-09-28 12:34:23</TIME>
          <TEMP_DEGC>22.500</TEMP_DEGC>
          <AIR_TEMP_DEGC>22.500</AIR_TEMP_DEGC>
          <RH_PRCNT>27.900</RH_PRCNT>
        </DATA>
        <DATA>
          <VOLTS>0.700</VOLTS>
          <CAPCTNC_PFRD>2.870</CAPCTNC_PFRD>
          <RESSTNC_MOHM>500.000</RESSTNC_MOHM>
          <TIME>2021-09-28 12:34:24</TIME>
          <TEMP_DEGC>22.500</TEMP_DEGC>
          <AIR_TEMP_DEGC>22.500</AIR_TEMP_DEGC>
          <RH_PRCNT>27.900</RH_PRCNT>
        </DATA>
        <DATA>
          <VOLTS>0.800</VOLTS>
          <CAPCTNC_PFRD>2.460</CAPCTNC_PFRD>
          <RESSTNC_MOHM>111.111</RESSTNC_MOHM>
          <TIME>2021-09-28 12:34:25</TIME>
          <TEMP_DEGC>22.500</TEMP_DEGC>
          <AIR_TEMP_DEGC>22.500</AIR_TEMP_DEGC>
          <RH_PRCNT>27.800</RH_PRCNT>
        </DATA>
        <DATA>
          <VOLTS>0.900</VOLTS>
          <CAPCTNC_PFRD>2.020</CAPCTNC_PFRD>
          <RESSTNC_MOHM>125.000</RESSTNC_MOHM>
          <TIME>2021-09-28 12:34:26</TIME>
          <TEMP_DEGC>22.500</TEMP_DEGC>
          <AIR_TEMP_DEGC>22.500</AIR_TEMP_DEGC>
          <RH_PRCNT>27.800</RH_PRCNT>
        </DATA>
        <DATA>
          <VOLTS>1.000</VOLTS>
          <CAPCTNC_PFRD>2.650</CAPCTNC_PFRD>
          <RESSTNC_MOHM>47.619</RESSTNC_MOHM>
          <TIME>2021-09-28 12:34:27</TIME>
          <TEMP_DEGC>22.500</TEMP_DEGC>
          <AIR_TEMP_DEGC>22.500</AIR_TEMP_DEGC>
          <RH_PRCNT>27.800</RH_PRCNT>
        </DATA>
        <DATA>
          <VOLTS>1.100</VOLTS>
          <CAPCTNC_PFRD>2.350</CAPCTNC_PFRD>
          <RESSTNC_MOHM>-1000.000</RESSTNC_MOHM>
          <TIME>2021-09-28 12:34:28</TIME>
          <TEMP_DEGC>22.500</TEMP_DEGC>
          <AIR_TEMP_DEGC>22.500</AIR_TEMP_DEGC>
          <RH_PRCNT>27.800</RH_PRCNT>
        </DATA>
        <DATA>
          <VOLTS>1.200</VOLTS>
          <CAPCTNC_PFRD>2.340</CAPCTNC_PFRD>
          <RESSTNC_MOHM>100.000</RESSTNC_MOHM>
          <TIME>2021-09-28 12:34:29</TIME>
          <TEMP_DEGC>22.500</TEMP_DEGC>
          <AIR_TEMP_DEGC>22.500</AIR_TEMP_DEGC>
          <RH_PRCNT>27.800</RH_PRCNT>
        </DATA>
        <DATA>
          <VOLTS>1.300</VOLTS>
          <CAPCTNC_PFRD>2.730</CAPCTNC_PFRD>
          <RESSTNC_MOHM>-1000.000</RESSTNC_MOHM>
          <TIME>2021-09-28 12:34:31</TIME>
          <TEMP_DEGC>22.500</TEMP_DEGC>
          <AIR_TEMP_DEGC>22.500</AIR_TEMP_DEGC>
          <RH_PRCNT>27.800</RH_PRCNT>
        </DATA>
        <DATA>
          <VOLTS>1.400</VOLTS>
          <CAPCTNC_PFRD>3.060</CAPCTNC_PFRD>
          <RESSTNC_MOHM>1000.000</RESSTNC_MOHM>
          <TIME>2021-09-28 12:34:32</TIME>
          <TEMP_DEGC>22.500</TEMP_DEGC>
          <AIR_TEMP_DEGC>22.500</AIR_TEMP_DEGC>
          <RH_PRCNT>27.800</RH_PRCNT>
        </DATA>
        <DATA>
          <VOLTS>1.500</VOLTS>
          <CAPCTNC_PFRD>2.310</CAPCTNC_PFRD>
          <RESSTNC_MOHM>-52.632</RESSTNC_MOHM>
          <TIME>2021-09-28 12:34:33</TIME>
          <TEMP_DEGC>22.500</TEMP_DEGC>
          <AIR_TEMP_DEGC>22.500</AIR_TEMP_DEGC>
          <RH_PRCNT>27.800</RH_PRCNT>
        </DATA>
        <DATA>
          <VOLTS>1.600</VOLTS>
          <CAPCTNC_PFRD>2.480</CAPCTNC_PFRD>
          <RESSTNC_MOHM>90.909</RESSTNC_MOHM>
          <TIME>2021-09-28 12:34:34</TIME>
          <TEMP_DEGC>22.500</TEMP_DEGC>
          <AIR_TEMP_DEGC>22.500</AIR_TEMP_DEGC>
          <RH_PRCNT>27.800</RH_PRCNT>
        </DATA>
        <DATA>
          <VOLTS>1.700</VOLTS>
          <CAPCTNC_PFRD>2.380</CAPCTNC_PFRD>
          <RESSTNC_MOHM>-333.333</RESSTNC_MOHM>
          <TIME>2021-09-28 12:34:35</TIME>
          <TEMP_DEGC>22.500</TEMP_DEGC>
          <AIR_TEMP_DEGC>22.500</AIR_TEMP_DEGC>
          <RH_PRCNT>27.800</RH_PRCNT>
        </DATA>
        <DATA>
          <VOLTS>1.800</VOLTS>
          <CAPCTNC_PFRD>1.940</CAPCTNC_PFRD>
          <RESSTNC_MOHM>250.000</RESSTNC_MOHM>
          <TIME>2021-09-28 12:34:36</TIME>
          <TEMP_DEGC>22.500</TEMP_DEGC>
          <AIR_TEMP_DEGC>22.500</AIR_TEMP_DEGC>
          <RH_PRCNT>27.800</RH_PRCNT>
        </DATA>
        <DATA>
          <VOLTS>1.900</VOLTS>
          <CAPCTNC_PFRD>2.540</CAPCTNC_PFRD>
          <RESSTNC_MOHM>66.667</RESSTNC_MOHM>
          <TIME>2021-09-28 12:34:37</TIME>
          <TEMP_DEGC>22.500</TEMP_DEGC>
          <AIR_TEMP_DEGC>22.500</AIR_TEMP_DEGC>
          <RH_PRCNT>27.800</RH_PRCNT>
        </DATA>
        <DATA>
          <VOLTS>2.000</VOLTS>
          <CAPCTNC_PFRD>2.590</CAPCTNC_PFRD>
          <RESSTNC_MOHM>43.478</RESSTNC_MOHM>
          <TIME>2021-09-28 12:34:38</TIME>
          <TEMP_DEGC>22.500</TEMP_DEGC>
          <AIR_TEMP_DEGC>22.500</AIR_TEMP_DEGC>
          <RH_PRCNT>27.800</RH_PRCNT>
        </DATA>
        <DATA>
          <VOLTS>2.100</VOLTS>
          <CAPCTNC_PFRD>2.310</CAPCTNC_PFRD>
          <RESSTNC_MOHM>166.667</RESSTNC_MOHM>
          <TIME>2021-09-28 12:34:39</TIME>
          <TEMP_DEGC>22.500</TEMP_DEGC>
          <AIR_TEMP_DEGC>22.500</AIR_TEMP_DEGC>
          <RH_PRCNT>27.800</RH_PRCNT>
        </DATA>
        <DATA>
          <VOLTS>2.200</VOLTS>
          <CAPCTNC_PFRD>2.590</CAPCTNC_PFRD>
          <RESSTNC_MOHM>142.857</RESSTNC_MOHM>
          <TIME>2021-09-28 12:34:40</TIME>
          <TEMP_DEGC>22.500</TEMP_DEGC>
          <AIR_TEMP_DEGC>22.500</AIR_TEMP_DEGC>
          <RH_PRCNT>27.800</RH_PRCNT>
        </DATA>
        <DATA>
          <VOLTS>2.300</VOLTS>
          <CAPCTNC_PFRD>2.830</CAPCTNC_PFRD>
          <RESSTNC_MOHM>83.333</RESSTNC_MOHM>
          <TIME>2021-09-28 12:34:41</TIME>
          <TEMP_DEGC>22.500</TEMP_DEGC>
          <AIR_TEMP_DEGC>22.500</AIR_TEMP_DEGC>
          <RH_PRCNT>27.800</RH_PRCNT>
        </DATA>
        <DATA>
          <VOLTS>2.400</VOLTS>
          <CAPCTNC_PFRD>2.540</CAPCTNC_PFRD>
          <RESSTNC_MOHM>66.667</RESSTNC_MOHM>
          <TIME>2021-09-28 12:34:42</TIME>
          <TEMP_DEGC>22.500</TEMP_DEGC>
          <AIR_TEMP_DEGC>22.500</AIR_TEMP_DEGC>
          <RH_PRCNT>27.800</RH_PRCNT>
        </DATA>
        <DATA>
          <VOLTS>2.500</VOLTS>
          <CAPCTNC_PFRD>2.900</CAPCTNC_PFRD>
          <RESSTNC_MOHM>66.667</RESSTNC_MOHM>
          <TIME>2021-09-28 12:34:43</TIME>
          <TEMP_DEGC>22.500</TEMP_DEGC>
          <AIR_TEMP_DEGC>22.500</AIR_TEMP_DEGC>
          <RH_PRCNT>27.800</RH_PRCNT>
        </DATA>
        <DATA>
          <VOLTS>2.600</VOLTS>
          <CAPCTNC_PFRD>2.680</CAPCTNC_PFRD>
          <RESSTNC_MOHM>83.333</RESSTNC_MOHM>
          <TIME>2021-09-28 12:34:44</TIME>
          <TEMP_DEGC>22.500</TEMP_DEGC>
          <AIR_TEMP_DEGC>22.500</AIR_TEMP_DEGC>
          <RH_PRCNT>27.800</RH_PRCNT>
        </DATA>
        <DATA>
          <VOLTS>2.700</VOLTS>
          <CAPCTNC_PFRD>2.570</CAPCTNC_PFRD>
          <RESSTNC_MOHM>-200.000</RESSTNC_MOHM>
          <TIME>2021-09-28 12:34:45</TIME>
          <TEMP_DEGC>22.500</TEMP_DEGC>
          <AIR_TEMP_DEGC>22.500</AIR_TEMP_DEGC>
          <RH_PRCNT>27.800</RH_PRCNT>
        </DATA>
        <DATA>
          <VOLTS>2.800</VOLTS>
          <CAPCTNC_PFRD>2.340</CAPCTNC_PFRD>
          <RESSTNC_MOHM>43.478</RESSTNC_MOHM>
          <TIME>2021-09-28 12:34:47</TIME>
          <TEMP_DEGC>22.500</TEMP_DEGC>
          <AIR_TEMP_DEGC>22.500</AIR_TEMP_DEGC>
          <RH_PRCNT>27.800</RH_PRCNT>
        </DATA>
        <DATA>
          <VOLTS>2.900</VOLTS>
          <CAPCTNC_PFRD>2.340</CAPCTNC_PFRD>
          <RESSTNC_MOHM>62.500</RESSTNC_MOHM>
          <TIME>2021-09-28 12:34:48</TIME>
          <TEMP_DEGC>22.500</TEMP_DEGC>
          <AIR_TEMP_DEGC>22.500</AIR_TEMP_DEGC>
          <RH_PRCNT>27.800</RH_PRCNT>
        </DATA>
        <DATA>
          <VOLTS>3.000</VOLTS>
          <CAPCTNC_PFRD>2.390</CAPCTNC_PFRD>
          <RESSTNC_MOHM>166.667</RESSTNC_MOHM>
          <TIME>2021-09-28 12:34:49</TIME>
          <TEMP_DEGC>22.500</TEMP_DEGC>
          <AIR_TEMP_DEGC>22.500</AIR_TEMP_DEGC>
          <RH_PRCNT>27.800</RH_PRCNT>
        </DATA>
        <DATA>
          <VOLTS>3.100</VOLTS>
          <CAPCTNC_PFRD>2.260</CAPCTNC_PFRD>
          <RESSTNC_MOHM>100.000</RESSTNC_MOHM>
          <TIME>2021-09-28 12:34:50</TIME>
          <TEMP_DEGC>22.500</TEMP_DEGC>
          <AIR_TEMP_DEGC>22.500</AIR_TEMP_DEGC>
          <RH_PRCNT>27.800</RH_PRCNT>
        </DATA>
        <DATA>
          <VOLTS>3.200</VOLTS>
          <CAPCTNC_PFRD>2.240</CAPCTNC_PFRD>
          <RESSTNC_MOHM>-58.824</RESSTNC_MOHM>
          <TIME>2021-09-28 12:34:51</TIME>
          <TEMP_DEGC>22.500</TEMP_DEGC>
          <AIR_TEMP_DEGC>22.500</AIR_TEMP_DEGC>
          <RH_PRCNT>27.800</RH_PRCNT>
        </DATA>
        <DATA>
          <VOLTS>3.300</VOLTS>
          <CAPCTNC_PFRD>2.220</CAPCTNC_PFRD>
          <RESSTNC_MOHM>66.667</RESSTNC_MOHM>
          <TIME>2021-09-28 12:34:52</TIME>
          <TEMP_DEGC>22.500</TEMP_DEGC>
          <AIR_TEMP_DEGC>22.500</AIR_TEMP_DEGC>
          <RH_PRCNT>27.800</RH_PRCNT>
        </DATA>
        <DATA>
          <VOLTS>3.400</VOLTS>
          <CAPCTNC_PFRD>2.470</CAPCTNC_PFRD>
          <RESSTNC_MOHM>83.333</RESSTNC_MOHM>
          <TIME>2021-09-28 12:34:53</TIME>
          <TEMP_DEGC>22.500</TEMP_DEGC>
          <AIR_TEMP_DEGC>22.500</AIR_TEMP_DEGC>
          <RH_PRCNT>27.800</RH_PRCNT>
        </DATA>
        <DATA>
          <VOLTS>3.500</VOLTS>
          <CAPCTNC_PFRD>2.220</CAPCTNC_PFRD>
          <RESSTNC_MOHM>30.303</RESSTNC_MOHM>
          <TIME>2021-09-28 12:34:54</TIME>
          <TEMP_DEGC>22.500</TEMP_DEGC>
          <AIR_TEMP_DEGC>22.500</AIR_TEMP_DEGC>
          <RH_PRCNT>27.800</RH_PRCNT>
        </DATA>
        <DATA>
          <VOLTS>3.600</VOLTS>
          <CAPCTNC_PFRD>2.450</CAPCTNC_PFRD>
          <RESSTNC_MOHM>-200.000</RESSTNC_MOHM>
          <TIME>2021-09-28 12:34:55</TIME>
          <TEMP_DEGC>22.500</TEMP_DEGC>
          <AIR_TEMP_DEGC>22.500</AIR_TEMP_DEGC>
          <RH_PRCNT>27.800</RH_PRCNT>
        </DATA>
        <DATA>
          <VOLTS>3.700</VOLTS>
          <CAPCTNC_PFRD>2.410</CAPCTNC_PFRD>
          <RESSTNC_MOHM>-62.500</RESSTNC_MOHM>
          <TIME>2021-09-28 12:34:56</TIME>
          <TEMP_DEGC>22.500</TEMP_DEGC>
          <AIR_TEMP_DEGC>22.500</AIR_TEMP_DEGC>
          <RH_PRCNT>27.800</RH_PRCNT>
        </DATA>
        <DATA>
          <VOLTS>3.800</VOLTS>
          <CAPCTNC_PFRD>2.610</CAPCTNC_PFRD>
          <RESSTNC_MOHM>-500.000</RESSTNC_MOHM>
          <TIME>2021-09-28 12:34:57</TIME>
          <TEMP_DEGC>22.500</TEMP_DEGC>
          <AIR_TEMP_DEGC>22.500</AIR_TEMP_DEGC>
          <RH_PRCNT>27.800</RH_PRCNT>
        </DATA>
        <DATA>
          <VOLTS>3.900</VOLTS>
          <CAPCTNC_PFRD>2.720</CAPCTNC_PFRD>
          <RESSTNC_MOHM>125.000</RESSTNC_MOHM>
          <TIME>2021-09-28 12:34:58</TIME>
          <TEMP_DEGC>22.500</TEMP_DEGC>
          <AIR_TEMP_DEGC>22.500</AIR_TEMP_DEGC>
          <RH_PRCNT>27.800</RH_PRCNT>
        </DATA>
        <DATA>
          <VOLTS>4.000</VOLTS>
          <CAPCTNC_PFRD>2.240</CAPCTNC_PFRD>
          <RESSTNC_MOHM>-166.667</RESSTNC_MOHM>
          <TIME>2021-09-28 12:34:59</TIME>
          <TEMP_DEGC>22.500</TEMP_DEGC>
          <AIR_TEMP_DEGC>22.500</AIR_TEMP_DEGC>
          <RH_PRCNT>27.700</RH_PRCNT>
        </DATA>
        <DATA>
          <VOLTS>4.100</VOLTS>
          <CAPCTNC_PFRD>2.550</CAPCTNC_PFRD>
          <RESSTNC_MOHM>100.000</RESSTNC_MOHM>
          <TIME>2021-09-28 12:35:00</TIME>
          <TEMP_DEGC>22.500</TEMP_DEGC>
          <AIR_TEMP_DEGC>22.500</AIR_TEMP_DEGC>
          <RH_PRCNT>27.700</RH_PRCNT>
        </DATA>
        <DATA>
          <VOLTS>4.200</VOLTS>
          <CAPCTNC_PFRD>2.510</CAPCTNC_PFRD>
          <RESSTNC_MOHM>-83.333</RESSTNC_MOHM>
          <TIME>2021-09-28 12:35:02</TIME>
          <TEMP_DEGC>22.500</TEMP_DEGC>
          <AIR_TEMP_DEGC>22.500</AIR_TEMP_DEGC>
          <RH_PRCNT>27.700</RH_PRCNT>
        </DATA>
        <DATA>
          <VOLTS>4.300</VOLTS>
          <CAPCTNC_PFRD>2.320</CAPCTNC_PFRD>
          <RESSTNC_MOHM>0.000</RESSTNC_MOHM>
          <TIME>2021-09-28 12:35:03</TIME>
          <TEMP_DEGC>22.500</TEMP_DEGC>
          <AIR_TEMP_DEGC>22.500</AIR_TEMP_DEGC>
          <RH_PRCNT>27.700</RH_PRCNT>
        </DATA>
        <DATA>
          <VOLTS>4.400</VOLTS>
          <CAPCTNC_PFRD>2.850</CAPCTNC_PFRD>
          <RESSTNC_MOHM>47.619</RESSTNC_MOHM>
          <TIME>2021-09-28 12:35:04</TIME>
          <TEMP_DEGC>22.500</TEMP_DEGC>
          <AIR_TEMP_DEGC>22.500</AIR_TEMP_DEGC>
          <RH_PRCNT>27.700</RH_PRCNT>
        </DATA>
        <DATA>
          <VOLTS>4.500</VOLTS>
          <CAPCTNC_PFRD>2.230</CAPCTNC_PFRD>
          <RESSTNC_MOHM>-200.000</RESSTNC_MOHM>
          <TIME>2021-09-28 12:35:05</TIME>
          <TEMP_DEGC>22.500</TEMP_DEGC>
          <AIR_TEMP_DEGC>22.500</AIR_TEMP_DEGC>
          <RH_PRCNT>27.700</RH_PRCNT>
        </DATA>
        <DATA>
          <VOLTS>4.600</VOLTS>
          <CAPCTNC_PFRD>2.160</CAPCTNC_PFRD>
          <RESSTNC_MOHM>35.714</RESSTNC_MOHM>
          <TIME>2021-09-28 12:35:06</TIME>
          <TEMP_DEGC>22.500</TEMP_DEGC>
          <AIR_TEMP_DEGC>22.500</AIR_TEMP_DEGC>
          <RH_PRCNT>27.700</RH_PRCNT>
        </DATA>
        <DATA>
          <VOLTS>4.700</VOLTS>
          <CAPCTNC_PFRD>2.460</CAPCTNC_PFRD>
          <RESSTNC_MOHM>52.632</RESSTNC_MOHM>
          <TIME>2021-09-28 12:35:07</TIME>
          <TEMP_DEGC>22.500</TEMP_DEGC>
          <AIR_TEMP_DEGC>22.500</AIR_TEMP_DEGC>
          <RH_PRCNT>27.700</RH_PRCNT>
        </DATA>
        <DATA>
          <VOLTS>4.800</VOLTS>
          <CAPCTNC_PFRD>2.000</CAPCTNC_PFRD>
          <RESSTNC_MOHM>30.303</RESSTNC_MOHM>
          <TIME>2021-09-28 12:35:08</TIME>
          <TEMP_DEGC>22.500</TEMP_DEGC>
          <AIR_TEMP_DEGC>22.500</AIR_TEMP_DEGC>
          <RH_PRCNT>27.600</RH_PRCNT>
        </DATA>
        <DATA>
          <VOLTS>4.900</VOLTS>
          <CAPCTNC_PFRD>2.660</CAPCTNC_PFRD>
          <RESSTNC_MOHM>-90.909</RESSTNC_MOHM>
          <TIME>2021-09-28 12:35:09</TIME>
          <TEMP_DEGC>22.500</TEMP_DEGC>
          <AIR_TEMP_DEGC>22.500</AIR_TEMP_DEGC>
          <RH_PRCNT>27.600</RH_PRCNT>
        </DATA>
        <DATA>
          <VOLTS>5.000</VOLTS>
          <CAPCTNC_PFRD>2.650</CAPCTNC_PFRD>
          <RESSTNC_MOHM>250.000</RESSTNC_MOHM>
          <TIME>2021-09-28 12:35:10</TIME>
          <TEMP_DEGC>22.500</TEMP_DEGC>
          <AIR_TEMP_DEGC>22.500</AIR_TEMP_DEGC>
          <RH_PRCNT>27.600</RH_PRCNT>
        </DATA>
        <CHILD_DATA_SET>
          <HEADER>
            <TYPE>
              <EXTENSION_TABLE_NAME>HALFMOON_CV_PAR</EXTENSION_TABLE_NAME>
              <NAME>Tracker Halfmoon CV Parameters</NAME>
            </TYPE>
          </HEADER>
          <DATA_SET>
            <COMMENT_DESCRIPTION>Test</COMMENT_DESCRIPTION>
            <VERSION>CV-measurement</VERSION>
            <PART>
              <NAME_LABEL>37400_003_2-S_HM_WW</NAME_LABEL>
              <KIND_OF_PART>2S Halfmoon W</KIND_OF_PART>
            </PART>
            <DATA>
              <CAC_PFRD>2.47020</CAC_PFRD>
              <DOX_NM>707.53326</DOX_NM>
            </DATA>
          </DATA_SET>
        </CHILD_DATA_SET>
      </DATA_SET>
    </CHILD_DATA_SET>
  </DATA_SET>
</ROOT>
