<?xml version="1.0"?>
<ROOT>
  <HEADER>
    <TYPE>
      <EXTENSION_TABLE_NAME>HALFMOON_METADATA</EXTENSION_TABLE_NAME>
      <NAME>Tracker Halfmoon Metadata</NAME>
    </TYPE>
    <RUN mode="SEQUENCE_NUMBER" sequence="TRK_OT_RUN_SEQ">
      <RUN_TYPE>PQC</RUN_TYPE>
      <LOCATION>Demokritos</LOCATION>
      <INITIATED_BY_USER>A. Kyriakis</INITIATED_BY_USER>
      <RUN_BEGIN_TIMESTAMP>2021-09-27 11:59:20</RUN_BEGIN_TIMESTAMP>
      <COMMENT_DESCRIPTION>Test</COMMENT_DESCRIPTION>
    </RUN>
  </HEADER>
  <DATA_SET>
    <COMMENT_DESCRIPTION>Metadata with flute and structure</COMMENT_DESCRIPTION>
    <VERSION>IV_measurement</VERSION>
    <PART>
      <NAME_LABEL>37400_006_2-S_HM_WW</NAME_LABEL>
      <KIND_OF_PART>2S Halfmoon W</KIND_OF_PART>
    </PART>
    <DATA>
      <KIND_OF_HM_FLUTE_ID>PQC3</KIND_OF_HM_FLUTE_ID>
      <KIND_OF_HM_STRUCT_ID>CLOVER_METAL</KIND_OF_HM_STRUCT_ID>
      <KIND_OF_HM_SET_ID>Left</KIND_OF_HM_SET_ID>
      <KIND_OF_HM_CONFIG_ID>Rotated</KIND_OF_HM_CONFIG_ID>
      <EQUIPMENT>KEITHLEY 2410</EQUIPMENT>
      <WAITING_TIME_S>0.200</WAITING_TIME_S>
      <TEMP_SET_DEGC>22.000</TEMP_SET_DEGC>
      <AV_TEMP_DEGC>22.000</AV_TEMP_DEGC>
      <PROCEDURE_TYPE>CLOVER_METAL</PROCEDURE_TYPE>
      <FILE_NAME>Demokritos_VPX37400_006_2-S_HM_W_Left_PQC3_CloverMetal_r.xml</FILE_NAME>
    </DATA>
    <CHILD_DATA_SET>
      <HEADER>
        <TYPE>
          <EXTENSION_TABLE_NAME>TEST_SENSOR_IV</EXTENSION_TABLE_NAME>
          <NAME>Tracker Halfmoon IV Test</NAME>
        </TYPE>
      </HEADER>
      <DATA_SET>
        <COMMENT_DESCRIPTION>Test</COMMENT_DESCRIPTION>
        <VERSION>IV_measurement</VERSION>
        <PART>
          <NAME_LABEL>37400_006_2-S_HM_WW</NAME_LABEL>
          <KIND_OF_PART>2S Halfmoon W</KIND_OF_PART>
        </PART>
        <DATA>
          <VOLTS>-3.900e-04</VOLTS>
          <CURRNT_NAMP>-1.000e+08</CURRNT_NAMP>
          <TIME>2021-09-27 11:59:20</TIME>
          <TEMP_DEGC>22.000</TEMP_DEGC>
          <AIR_TEMP_DEGC>22.000</AIR_TEMP_DEGC>
          <RH_PRCNT>22.200</RH_PRCNT>
        </DATA>
        <DATA>
          <VOLTS>-3.900e-04</VOLTS>
          <CURRNT_NAMP>-9.500e+07</CURRNT_NAMP>
          <TIME>2021-09-27 11:59:21</TIME>
          <TEMP_DEGC>22.000</TEMP_DEGC>
          <AIR_TEMP_DEGC>22.000</AIR_TEMP_DEGC>
          <RH_PRCNT>22.200</RH_PRCNT>
        </DATA>
        <DATA>
          <VOLTS>-3.800e-04</VOLTS>
          <CURRNT_NAMP>-9.000e+07</CURRNT_NAMP>
          <TIME>2021-09-27 11:59:22</TIME>
          <TEMP_DEGC>22.000</TEMP_DEGC>
          <AIR_TEMP_DEGC>22.000</AIR_TEMP_DEGC>
          <RH_PRCNT>22.200</RH_PRCNT>
        </DATA>
        <DATA>
          <VOLTS>-3.600e-04</VOLTS>
          <CURRNT_NAMP>-8.500e+07</CURRNT_NAMP>
          <TIME>2021-09-27 11:59:23</TIME>
          <TEMP_DEGC>22.000</TEMP_DEGC>
          <AIR_TEMP_DEGC>22.000</AIR_TEMP_DEGC>
          <RH_PRCNT>22.300</RH_PRCNT>
        </DATA>
        <DATA>
          <VOLTS>-3.400e-04</VOLTS>
          <CURRNT_NAMP>-8.000e+07</CURRNT_NAMP>
          <TIME>2021-09-27 11:59:24</TIME>
          <TEMP_DEGC>22.000</TEMP_DEGC>
          <AIR_TEMP_DEGC>22.000</AIR_TEMP_DEGC>
          <RH_PRCNT>22.200</RH_PRCNT>
        </DATA>
        <DATA>
          <VOLTS>-3.200e-04</VOLTS>
          <CURRNT_NAMP>-7.500e+07</CURRNT_NAMP>
          <TIME>2021-09-27 11:59:25</TIME>
          <TEMP_DEGC>22.000</TEMP_DEGC>
          <AIR_TEMP_DEGC>22.000</AIR_TEMP_DEGC>
          <RH_PRCNT>22.200</RH_PRCNT>
        </DATA>
        <DATA>
          <VOLTS>-3.000e-04</VOLTS>
          <CURRNT_NAMP>-7.000e+07</CURRNT_NAMP>
          <TIME>2021-09-27 11:59:26</TIME>
          <TEMP_DEGC>22.000</TEMP_DEGC>
          <AIR_TEMP_DEGC>22.000</AIR_TEMP_DEGC>
          <RH_PRCNT>22.200</RH_PRCNT>
        </DATA>
        <DATA>
          <VOLTS>-2.900e-04</VOLTS>
          <CURRNT_NAMP>-6.500e+07</CURRNT_NAMP>
          <TIME>2021-09-27 11:59:27</TIME>
          <TEMP_DEGC>22.000</TEMP_DEGC>
          <AIR_TEMP_DEGC>22.000</AIR_TEMP_DEGC>
          <RH_PRCNT>22.200</RH_PRCNT>
        </DATA>
        <DATA>
          <VOLTS>-2.700e-04</VOLTS>
          <CURRNT_NAMP>-6.000e+07</CURRNT_NAMP>
          <TIME>2021-09-27 11:59:28</TIME>
          <TEMP_DEGC>22.000</TEMP_DEGC>
          <AIR_TEMP_DEGC>22.000</AIR_TEMP_DEGC>
          <RH_PRCNT>22.200</RH_PRCNT>
        </DATA>
        <DATA>
          <VOLTS>-2.500e-04</VOLTS>
          <CURRNT_NAMP>-5.500e+07</CURRNT_NAMP>
          <TIME>2021-09-27 11:59:29</TIME>
          <TEMP_DEGC>22.000</TEMP_DEGC>
          <AIR_TEMP_DEGC>22.000</AIR_TEMP_DEGC>
          <RH_PRCNT>22.200</RH_PRCNT>
        </DATA>
        <DATA>
          <VOLTS>-2.300e-04</VOLTS>
          <CURRNT_NAMP>-5.000e+07</CURRNT_NAMP>
          <TIME>2021-09-27 11:59:30</TIME>
          <TEMP_DEGC>22.000</TEMP_DEGC>
          <AIR_TEMP_DEGC>22.000</AIR_TEMP_DEGC>
          <RH_PRCNT>22.300</RH_PRCNT>
        </DATA>
        <DATA>
          <VOLTS>-2.100e-04</VOLTS>
          <CURRNT_NAMP>-4.500e+07</CURRNT_NAMP>
          <TIME>2021-09-27 11:59:31</TIME>
          <TEMP_DEGC>22.000</TEMP_DEGC>
          <AIR_TEMP_DEGC>22.000</AIR_TEMP_DEGC>
          <RH_PRCNT>22.200</RH_PRCNT>
        </DATA>
        <DATA>
          <VOLTS>-1.900e-04</VOLTS>
          <CURRNT_NAMP>-4.000e+07</CURRNT_NAMP>
          <TIME>2021-09-27 11:59:32</TIME>
          <TEMP_DEGC>22.000</TEMP_DEGC>
          <AIR_TEMP_DEGC>22.000</AIR_TEMP_DEGC>
          <RH_PRCNT>22.200</RH_PRCNT>
        </DATA>
        <DATA>
          <VOLTS>-1.700e-04</VOLTS>
          <CURRNT_NAMP>-3.500e+07</CURRNT_NAMP>
          <TIME>2021-09-27 11:59:33</TIME>
          <TEMP_DEGC>22.100</TEMP_DEGC>
          <AIR_TEMP_DEGC>22.100</AIR_TEMP_DEGC>
          <RH_PRCNT>22.200</RH_PRCNT>
        </DATA>
        <DATA>
          <VOLTS>-1.500e-04</VOLTS>
          <CURRNT_NAMP>-3.000e+07</CURRNT_NAMP>
          <TIME>2021-09-27 11:59:35</TIME>
          <TEMP_DEGC>22.100</TEMP_DEGC>
          <AIR_TEMP_DEGC>22.100</AIR_TEMP_DEGC>
          <RH_PRCNT>22.200</RH_PRCNT>
        </DATA>
        <DATA>
          <VOLTS>-1.300e-04</VOLTS>
          <CURRNT_NAMP>-2.500e+07</CURRNT_NAMP>
          <TIME>2021-09-27 11:59:36</TIME>
          <TEMP_DEGC>22.100</TEMP_DEGC>
          <AIR_TEMP_DEGC>22.100</AIR_TEMP_DEGC>
          <RH_PRCNT>22.200</RH_PRCNT>
        </DATA>
        <DATA>
          <VOLTS>-1.100e-04</VOLTS>
          <CURRNT_NAMP>-2.000e+07</CURRNT_NAMP>
          <TIME>2021-09-27 11:59:37</TIME>
          <TEMP_DEGC>22.000</TEMP_DEGC>
          <AIR_TEMP_DEGC>22.000</AIR_TEMP_DEGC>
          <RH_PRCNT>22.200</RH_PRCNT>
        </DATA>
        <DATA>
          <VOLTS>-9.000e-05</VOLTS>
          <CURRNT_NAMP>-1.500e+07</CURRNT_NAMP>
          <TIME>2021-09-27 11:59:38</TIME>
          <TEMP_DEGC>22.100</TEMP_DEGC>
          <AIR_TEMP_DEGC>22.100</AIR_TEMP_DEGC>
          <RH_PRCNT>22.200</RH_PRCNT>
        </DATA>
        <DATA>
          <VOLTS>-7.000e-05</VOLTS>
          <CURRNT_NAMP>-1.000e+07</CURRNT_NAMP>
          <TIME>2021-09-27 11:59:39</TIME>
          <TEMP_DEGC>22.000</TEMP_DEGC>
          <AIR_TEMP_DEGC>22.000</AIR_TEMP_DEGC>
          <RH_PRCNT>22.200</RH_PRCNT>
        </DATA>
        <DATA>
          <VOLTS>-5.000e-05</VOLTS>
          <CURRNT_NAMP>-5.000e+06</CURRNT_NAMP>
          <TIME>2021-09-27 11:59:40</TIME>
          <TEMP_DEGC>22.100</TEMP_DEGC>
          <AIR_TEMP_DEGC>22.100</AIR_TEMP_DEGC>
          <RH_PRCNT>22.200</RH_PRCNT>
        </DATA>
        <DATA>
          <VOLTS>-3.000e-05</VOLTS>
          <CURRNT_NAMP>0.000e+00</CURRNT_NAMP>
          <TIME>2021-09-27 11:59:41</TIME>
          <TEMP_DEGC>22.000</TEMP_DEGC>
          <AIR_TEMP_DEGC>22.000</AIR_TEMP_DEGC>
          <RH_PRCNT>22.200</RH_PRCNT>
        </DATA>
        <DATA>
          <VOLTS>-1.000e-05</VOLTS>
          <CURRNT_NAMP>5.000e+06</CURRNT_NAMP>
          <TIME>2021-09-27 11:59:42</TIME>
          <TEMP_DEGC>22.000</TEMP_DEGC>
          <AIR_TEMP_DEGC>22.000</AIR_TEMP_DEGC>
          <RH_PRCNT>22.200</RH_PRCNT>
        </DATA>
        <DATA>
          <VOLTS>0.000e+00</VOLTS>
          <CURRNT_NAMP>1.000e+07</CURRNT_NAMP>
          <TIME>2021-09-27 11:59:43</TIME>
          <TEMP_DEGC>22.100</TEMP_DEGC>
          <AIR_TEMP_DEGC>22.100</AIR_TEMP_DEGC>
          <RH_PRCNT>22.200</RH_PRCNT>
        </DATA>
        <DATA>
          <VOLTS>1.000e-05</VOLTS>
          <CURRNT_NAMP>1.500e+07</CURRNT_NAMP>
          <TIME>2021-09-27 11:59:44</TIME>
          <TEMP_DEGC>22.100</TEMP_DEGC>
          <AIR_TEMP_DEGC>22.100</AIR_TEMP_DEGC>
          <RH_PRCNT>22.200</RH_PRCNT>
        </DATA>
        <DATA>
          <VOLTS>3.000e-05</VOLTS>
          <CURRNT_NAMP>2.000e+07</CURRNT_NAMP>
          <TIME>2021-09-27 11:59:45</TIME>
          <TEMP_DEGC>22.100</TEMP_DEGC>
          <AIR_TEMP_DEGC>22.100</AIR_TEMP_DEGC>
          <RH_PRCNT>22.200</RH_PRCNT>
        </DATA>
        <DATA>
          <VOLTS>5.000e-05</VOLTS>
          <CURRNT_NAMP>2.500e+07</CURRNT_NAMP>
          <TIME>2021-09-27 11:59:46</TIME>
          <TEMP_DEGC>22.100</TEMP_DEGC>
          <AIR_TEMP_DEGC>22.100</AIR_TEMP_DEGC>
          <RH_PRCNT>22.200</RH_PRCNT>
        </DATA>
        <DATA>
          <VOLTS>7.000e-05</VOLTS>
          <CURRNT_NAMP>3.000e+07</CURRNT_NAMP>
          <TIME>2021-09-27 11:59:47</TIME>
          <TEMP_DEGC>22.100</TEMP_DEGC>
          <AIR_TEMP_DEGC>22.100</AIR_TEMP_DEGC>
          <RH_PRCNT>22.200</RH_PRCNT>
        </DATA>
        <DATA>
          <VOLTS>9.000e-05</VOLTS>
          <CURRNT_NAMP>3.500e+07</CURRNT_NAMP>
          <TIME>2021-09-27 11:59:49</TIME>
          <TEMP_DEGC>22.100</TEMP_DEGC>
          <AIR_TEMP_DEGC>22.100</AIR_TEMP_DEGC>
          <RH_PRCNT>22.200</RH_PRCNT>
        </DATA>
        <DATA>
          <VOLTS>1.100e-04</VOLTS>
          <CURRNT_NAMP>4.000e+07</CURRNT_NAMP>
          <TIME>2021-09-27 11:59:50</TIME>
          <TEMP_DEGC>22.000</TEMP_DEGC>
          <AIR_TEMP_DEGC>22.000</AIR_TEMP_DEGC>
          <RH_PRCNT>22.200</RH_PRCNT>
        </DATA>
        <DATA>
          <VOLTS>1.300e-04</VOLTS>
          <CURRNT_NAMP>4.500e+07</CURRNT_NAMP>
          <TIME>2021-09-27 11:59:51</TIME>
          <TEMP_DEGC>22.100</TEMP_DEGC>
          <AIR_TEMP_DEGC>22.100</AIR_TEMP_DEGC>
          <RH_PRCNT>22.200</RH_PRCNT>
        </DATA>
        <DATA>
          <VOLTS>1.500e-04</VOLTS>
          <CURRNT_NAMP>5.000e+07</CURRNT_NAMP>
          <TIME>2021-09-27 11:59:52</TIME>
          <TEMP_DEGC>22.100</TEMP_DEGC>
          <AIR_TEMP_DEGC>22.100</AIR_TEMP_DEGC>
          <RH_PRCNT>22.200</RH_PRCNT>
        </DATA>
        <DATA>
          <VOLTS>1.700e-04</VOLTS>
          <CURRNT_NAMP>5.500e+07</CURRNT_NAMP>
          <TIME>2021-09-27 11:59:53</TIME>
          <TEMP_DEGC>22.100</TEMP_DEGC>
          <AIR_TEMP_DEGC>22.100</AIR_TEMP_DEGC>
          <RH_PRCNT>22.200</RH_PRCNT>
        </DATA>
        <DATA>
          <VOLTS>1.900e-04</VOLTS>
          <CURRNT_NAMP>6.000e+07</CURRNT_NAMP>
          <TIME>2021-09-27 11:59:54</TIME>
          <TEMP_DEGC>22.100</TEMP_DEGC>
          <AIR_TEMP_DEGC>22.100</AIR_TEMP_DEGC>
          <RH_PRCNT>22.200</RH_PRCNT>
        </DATA>
        <DATA>
          <VOLTS>2.100e-04</VOLTS>
          <CURRNT_NAMP>6.500e+07</CURRNT_NAMP>
          <TIME>2021-09-27 11:59:55</TIME>
          <TEMP_DEGC>22.100</TEMP_DEGC>
          <AIR_TEMP_DEGC>22.100</AIR_TEMP_DEGC>
          <RH_PRCNT>22.200</RH_PRCNT>
        </DATA>
        <DATA>
          <VOLTS>2.300e-04</VOLTS>
          <CURRNT_NAMP>7.000e+07</CURRNT_NAMP>
          <TIME>2021-09-27 11:59:56</TIME>
          <TEMP_DEGC>22.100</TEMP_DEGC>
          <AIR_TEMP_DEGC>22.100</AIR_TEMP_DEGC>
          <RH_PRCNT>22.200</RH_PRCNT>
        </DATA>
        <DATA>
          <VOLTS>2.500e-04</VOLTS>
          <CURRNT_NAMP>7.500e+07</CURRNT_NAMP>
          <TIME>2021-09-27 11:59:57</TIME>
          <TEMP_DEGC>22.000</TEMP_DEGC>
          <AIR_TEMP_DEGC>22.000</AIR_TEMP_DEGC>
          <RH_PRCNT>22.200</RH_PRCNT>
        </DATA>
        <DATA>
          <VOLTS>2.700e-04</VOLTS>
          <CURRNT_NAMP>8.000e+07</CURRNT_NAMP>
          <TIME>2021-09-27 11:59:58</TIME>
          <TEMP_DEGC>22.000</TEMP_DEGC>
          <AIR_TEMP_DEGC>22.000</AIR_TEMP_DEGC>
          <RH_PRCNT>22.200</RH_PRCNT>
        </DATA>
        <DATA>
          <VOLTS>2.900e-04</VOLTS>
          <CURRNT_NAMP>8.500e+07</CURRNT_NAMP>
          <TIME>2021-09-27 11:59:59</TIME>
          <TEMP_DEGC>22.000</TEMP_DEGC>
          <AIR_TEMP_DEGC>22.000</AIR_TEMP_DEGC>
          <RH_PRCNT>22.200</RH_PRCNT>
        </DATA>
        <DATA>
          <VOLTS>3.100e-04</VOLTS>
          <CURRNT_NAMP>9.000e+07</CURRNT_NAMP>
          <TIME>2021-09-27 12:00:00</TIME>
          <TEMP_DEGC>22.000</TEMP_DEGC>
          <AIR_TEMP_DEGC>22.000</AIR_TEMP_DEGC>
          <RH_PRCNT>22.200</RH_PRCNT>
        </DATA>
        <DATA>
          <VOLTS>3.300e-04</VOLTS>
          <CURRNT_NAMP>9.500e+07</CURRNT_NAMP>
          <TIME>2021-09-27 12:00:01</TIME>
          <TEMP_DEGC>22.000</TEMP_DEGC>
          <AIR_TEMP_DEGC>22.000</AIR_TEMP_DEGC>
          <RH_PRCNT>22.200</RH_PRCNT>
        </DATA>
        <DATA>
          <VOLTS>3.500e-04</VOLTS>
          <CURRNT_NAMP>1.000e+08</CURRNT_NAMP>
          <TIME>2021-09-27 12:00:02</TIME>
          <TEMP_DEGC>22.000</TEMP_DEGC>
          <AIR_TEMP_DEGC>22.000</AIR_TEMP_DEGC>
          <RH_PRCNT>22.200</RH_PRCNT>
        </DATA>
        <CHILD_DATA_SET>
          <HEADER>
            <TYPE>
              <EXTENSION_TABLE_NAME>HALFMOON_IV_PAR</EXTENSION_TABLE_NAME>
              <NAME>Tracker Halfmoon IV Parameters</NAME>
            </TYPE>
          </HEADER>
          <DATA_SET>
            <COMMENT_DESCRIPTION>Test</COMMENT_DESCRIPTION>
            <VERSION>IV_measurement</VERSION>
            <PART>
              <NAME_LABEL>37400_006_2-S_HM_WW</NAME_LABEL>
              <KIND_OF_PART>2S Halfmoon W</KIND_OF_PART>
            </PART>
            <DATA>
              <RSH_OHMSQR>1.723e-02</RSH_OHMSQR>
              <R_OHM>3.802e-03</R_OHM>
            </DATA>
          </DATA_SET>
        </CHILD_DATA_SET>
      </DATA_SET>
    </CHILD_DATA_SET>
  </DATA_SET>
</ROOT>
