<?xml version="1.0"?>
<ROOT>
  <HEADER>
    <TYPE>
      <EXTENSION_TABLE_NAME>HALFMOON_METADATA</EXTENSION_TABLE_NAME>
      <NAME>Tracker Halfmoon Metadata</NAME>
    </TYPE>
    <RUN mode="SEQUENCE_NUMBER" sequence="TRK_OT_RUN_SEQ">
      <RUN_TYPE>PQC</RUN_TYPE>
      <LOCATION>Demokritos</LOCATION>
      <INITIATED_BY_USER>A. Kyriakis</INITIATED_BY_USER>
      <RUN_BEGIN_TIMESTAMP>2021-09-28 15:21:35</RUN_BEGIN_TIMESTAMP>
      <COMMENT_DESCRIPTION>Test</COMMENT_DESCRIPTION>
    </RUN>
  </HEADER>
  <DATA_SET>
    <COMMENT_DESCRIPTION>Metadata with flute and structure</COMMENT_DESCRIPTION>
    <VERSION>v2</VERSION>
    <PART>
      <NAME_LABEL>37400_027_2-S_HM_EE</NAME_LABEL>
      <KIND_OF_PART>2S Halfmoon E</KIND_OF_PART>
    </PART>
    <DATA>
      <KIND_OF_HM_FLUTE_ID>PQC3</KIND_OF_HM_FLUTE_ID>
      <KIND_OF_HM_STRUCT_ID>DIODE_HALF</KIND_OF_HM_STRUCT_ID>
      <KIND_OF_HM_SET_ID>Left</KIND_OF_HM_SET_ID>
      <KIND_OF_HM_CONFIG_ID>Not Used</KIND_OF_HM_CONFIG_ID>
      <EQUIPMENT>KEITHLEY 2410</EQUIPMENT>
      <WAITING_TIME_S>1.000</WAITING_TIME_S>
      <TEMP_SET_DEGC>22.800</TEMP_SET_DEGC>
      <AV_TEMP_DEGC>22.800</AV_TEMP_DEGC>
      <PROCEDURE_TYPE>Diode_IV1</PROCEDURE_TYPE>
      <FILE_NAME>Demokritos_VPX37400_027_2-S_HM_E_Left_PQC3_DiodeHalf_IV.xml</FILE_NAME>
    </DATA>
    <CHILD_DATA_SET>
      <HEADER>
        <TYPE>
          <EXTENSION_TABLE_NAME>TEST_SENSOR_IV</EXTENSION_TABLE_NAME>
          <NAME>Tracker Halfmoon IV Test</NAME>
        </TYPE>
      </HEADER>
      <DATA_SET>
        <COMMENT_DESCRIPTION>Test</COMMENT_DESCRIPTION>
        <VERSION>V2</VERSION>
        <PART>
          <NAME_LABEL>37400_027_2-S_HM_EE</NAME_LABEL>
          <KIND_OF_PART>2S Halfmoon E</KIND_OF_PART>
        </PART>
        <DATA>
          <VOLTS>-0.000</VOLTS>
          <CURRNT_NAMP>7.224e+01</CURRNT_NAMP>
          <TIME>2021-09-28 03:21:40</TIME>
          <TEMP_DEGC>22.700</TEMP_DEGC>
          <AIR_TEMP_DEGC>22.700</AIR_TEMP_DEGC>
          <RH_PRCNT>24.600</RH_PRCNT>
        </DATA>
        <DATA>
          <VOLTS>10.000</VOLTS>
          <CURRNT_NAMP>1.050e+03</CURRNT_NAMP>
          <TIME>2021-09-28 03:21:44</TIME>
          <TEMP_DEGC>22.700</TEMP_DEGC>
          <AIR_TEMP_DEGC>22.700</AIR_TEMP_DEGC>
          <RH_PRCNT>24.600</RH_PRCNT>
        </DATA>
        <DATA>
          <VOLTS>20.000</VOLTS>
          <CURRNT_NAMP>7.856e+02</CURRNT_NAMP>
          <TIME>2021-09-28 03:21:46</TIME>
          <TEMP_DEGC>22.700</TEMP_DEGC>
          <AIR_TEMP_DEGC>22.700</AIR_TEMP_DEGC>
          <RH_PRCNT>24.600</RH_PRCNT>
        </DATA>
        <DATA>
          <VOLTS>30.000</VOLTS>
          <CURRNT_NAMP>4.501e+02</CURRNT_NAMP>
          <TIME>2021-09-28 03:21:48</TIME>
          <TEMP_DEGC>22.700</TEMP_DEGC>
          <AIR_TEMP_DEGC>22.700</AIR_TEMP_DEGC>
          <RH_PRCNT>24.600</RH_PRCNT>
        </DATA>
        <DATA>
          <VOLTS>40.000</VOLTS>
          <CURRNT_NAMP>1.405e+02</CURRNT_NAMP>
          <TIME>2021-09-28 03:21:50</TIME>
          <TEMP_DEGC>22.800</TEMP_DEGC>
          <AIR_TEMP_DEGC>22.800</AIR_TEMP_DEGC>
          <RH_PRCNT>24.600</RH_PRCNT>
        </DATA>
        <DATA>
          <VOLTS>50.000</VOLTS>
          <CURRNT_NAMP>1.146e+00</CURRNT_NAMP>
          <TIME>2021-09-28 03:21:52</TIME>
          <TEMP_DEGC>22.700</TEMP_DEGC>
          <AIR_TEMP_DEGC>22.700</AIR_TEMP_DEGC>
          <RH_PRCNT>24.600</RH_PRCNT>
        </DATA>
        <DATA>
          <VOLTS>60.000</VOLTS>
          <CURRNT_NAMP>7.643e-02</CURRNT_NAMP>
          <TIME>2021-09-28 03:21:54</TIME>
          <TEMP_DEGC>22.700</TEMP_DEGC>
          <AIR_TEMP_DEGC>22.700</AIR_TEMP_DEGC>
          <RH_PRCNT>24.700</RH_PRCNT>
        </DATA>
        <DATA>
          <VOLTS>70.000</VOLTS>
          <CURRNT_NAMP>4.308e-02</CURRNT_NAMP>
          <TIME>2021-09-28 03:21:56</TIME>
          <TEMP_DEGC>22.700</TEMP_DEGC>
          <AIR_TEMP_DEGC>22.700</AIR_TEMP_DEGC>
          <RH_PRCNT>24.700</RH_PRCNT>
        </DATA>
        <DATA>
          <VOLTS>80.000</VOLTS>
          <CURRNT_NAMP>3.398e-02</CURRNT_NAMP>
          <TIME>2021-09-28 03:21:59</TIME>
          <TEMP_DEGC>22.800</TEMP_DEGC>
          <AIR_TEMP_DEGC>22.800</AIR_TEMP_DEGC>
          <RH_PRCNT>24.600</RH_PRCNT>
        </DATA>
        <DATA>
          <VOLTS>90.000</VOLTS>
          <CURRNT_NAMP>3.296e-02</CURRNT_NAMP>
          <TIME>2021-09-28 03:22:01</TIME>
          <TEMP_DEGC>22.700</TEMP_DEGC>
          <AIR_TEMP_DEGC>22.700</AIR_TEMP_DEGC>
          <RH_PRCNT>24.700</RH_PRCNT>
        </DATA>
        <DATA>
          <VOLTS>100.000</VOLTS>
          <CURRNT_NAMP>3.278e-02</CURRNT_NAMP>
          <TIME>2021-09-28 03:22:03</TIME>
          <TEMP_DEGC>22.700</TEMP_DEGC>
          <AIR_TEMP_DEGC>22.700</AIR_TEMP_DEGC>
          <RH_PRCNT>24.700</RH_PRCNT>
        </DATA>
        <DATA>
          <VOLTS>110.000</VOLTS>
          <CURRNT_NAMP>3.276e-02</CURRNT_NAMP>
          <TIME>2021-09-28 03:22:05</TIME>
          <TEMP_DEGC>22.700</TEMP_DEGC>
          <AIR_TEMP_DEGC>22.700</AIR_TEMP_DEGC>
          <RH_PRCNT>24.700</RH_PRCNT>
        </DATA>
        <DATA>
          <VOLTS>120.000</VOLTS>
          <CURRNT_NAMP>3.271e-02</CURRNT_NAMP>
          <TIME>2021-09-28 03:22:07</TIME>
          <TEMP_DEGC>22.700</TEMP_DEGC>
          <AIR_TEMP_DEGC>22.700</AIR_TEMP_DEGC>
          <RH_PRCNT>24.700</RH_PRCNT>
        </DATA>
        <DATA>
          <VOLTS>130.000</VOLTS>
          <CURRNT_NAMP>3.289e-02</CURRNT_NAMP>
          <TIME>2021-09-28 03:22:09</TIME>
          <TEMP_DEGC>22.700</TEMP_DEGC>
          <AIR_TEMP_DEGC>22.700</AIR_TEMP_DEGC>
          <RH_PRCNT>24.700</RH_PRCNT>
        </DATA>
        <DATA>
          <VOLTS>140.000</VOLTS>
          <CURRNT_NAMP>3.288e-02</CURRNT_NAMP>
          <TIME>2021-09-28 03:22:11</TIME>
          <TEMP_DEGC>22.700</TEMP_DEGC>
          <AIR_TEMP_DEGC>22.700</AIR_TEMP_DEGC>
          <RH_PRCNT>24.700</RH_PRCNT>
        </DATA>
        <DATA>
          <VOLTS>150.000</VOLTS>
          <CURRNT_NAMP>3.311e-02</CURRNT_NAMP>
          <TIME>2021-09-28 03:22:14</TIME>
          <TEMP_DEGC>22.700</TEMP_DEGC>
          <AIR_TEMP_DEGC>22.700</AIR_TEMP_DEGC>
          <RH_PRCNT>24.700</RH_PRCNT>
        </DATA>
        <DATA>
          <VOLTS>160.000</VOLTS>
          <CURRNT_NAMP>3.326e-02</CURRNT_NAMP>
          <TIME>2021-09-28 03:22:16</TIME>
          <TEMP_DEGC>22.700</TEMP_DEGC>
          <AIR_TEMP_DEGC>22.700</AIR_TEMP_DEGC>
          <RH_PRCNT>24.700</RH_PRCNT>
        </DATA>
        <DATA>
          <VOLTS>170.000</VOLTS>
          <CURRNT_NAMP>3.364e-02</CURRNT_NAMP>
          <TIME>2021-09-28 03:22:18</TIME>
          <TEMP_DEGC>22.700</TEMP_DEGC>
          <AIR_TEMP_DEGC>22.700</AIR_TEMP_DEGC>
          <RH_PRCNT>24.700</RH_PRCNT>
        </DATA>
        <DATA>
          <VOLTS>180.000</VOLTS>
          <CURRNT_NAMP>3.405e-02</CURRNT_NAMP>
          <TIME>2021-09-28 03:22:20</TIME>
          <TEMP_DEGC>22.700</TEMP_DEGC>
          <AIR_TEMP_DEGC>22.700</AIR_TEMP_DEGC>
          <RH_PRCNT>24.700</RH_PRCNT>
        </DATA>
        <DATA>
          <VOLTS>190.000</VOLTS>
          <CURRNT_NAMP>3.483e-02</CURRNT_NAMP>
          <TIME>2021-09-28 03:22:22</TIME>
          <TEMP_DEGC>22.700</TEMP_DEGC>
          <AIR_TEMP_DEGC>22.700</AIR_TEMP_DEGC>
          <RH_PRCNT>24.700</RH_PRCNT>
        </DATA>
        <DATA>
          <VOLTS>200.000</VOLTS>
          <CURRNT_NAMP>3.598e-02</CURRNT_NAMP>
          <TIME>2021-09-28 03:22:24</TIME>
          <TEMP_DEGC>22.700</TEMP_DEGC>
          <AIR_TEMP_DEGC>22.700</AIR_TEMP_DEGC>
          <RH_PRCNT>24.700</RH_PRCNT>
        </DATA>
        <DATA>
          <VOLTS>210.000</VOLTS>
          <CURRNT_NAMP>3.770e-02</CURRNT_NAMP>
          <TIME>2021-09-28 03:22:26</TIME>
          <TEMP_DEGC>22.700</TEMP_DEGC>
          <AIR_TEMP_DEGC>22.700</AIR_TEMP_DEGC>
          <RH_PRCNT>24.700</RH_PRCNT>
        </DATA>
        <DATA>
          <VOLTS>220.000</VOLTS>
          <CURRNT_NAMP>4.007e-02</CURRNT_NAMP>
          <TIME>2021-09-28 03:22:29</TIME>
          <TEMP_DEGC>22.700</TEMP_DEGC>
          <AIR_TEMP_DEGC>22.700</AIR_TEMP_DEGC>
          <RH_PRCNT>24.700</RH_PRCNT>
        </DATA>
        <DATA>
          <VOLTS>230.000</VOLTS>
          <CURRNT_NAMP>4.267e-02</CURRNT_NAMP>
          <TIME>2021-09-28 03:22:31</TIME>
          <TEMP_DEGC>22.700</TEMP_DEGC>
          <AIR_TEMP_DEGC>22.700</AIR_TEMP_DEGC>
          <RH_PRCNT>24.700</RH_PRCNT>
        </DATA>
        <DATA>
          <VOLTS>240.000</VOLTS>
          <CURRNT_NAMP>4.493e-02</CURRNT_NAMP>
          <TIME>2021-09-28 03:22:33</TIME>
          <TEMP_DEGC>22.700</TEMP_DEGC>
          <AIR_TEMP_DEGC>22.700</AIR_TEMP_DEGC>
          <RH_PRCNT>24.700</RH_PRCNT>
        </DATA>
        <DATA>
          <VOLTS>250.000</VOLTS>
          <CURRNT_NAMP>4.670e-02</CURRNT_NAMP>
          <TIME>2021-09-28 03:22:35</TIME>
          <TEMP_DEGC>22.700</TEMP_DEGC>
          <AIR_TEMP_DEGC>22.700</AIR_TEMP_DEGC>
          <RH_PRCNT>24.600</RH_PRCNT>
        </DATA>
        <DATA>
          <VOLTS>260.000</VOLTS>
          <CURRNT_NAMP>4.820e-02</CURRNT_NAMP>
          <TIME>2021-09-28 03:22:37</TIME>
          <TEMP_DEGC>22.700</TEMP_DEGC>
          <AIR_TEMP_DEGC>22.700</AIR_TEMP_DEGC>
          <RH_PRCNT>24.700</RH_PRCNT>
        </DATA>
        <DATA>
          <VOLTS>270.000</VOLTS>
          <CURRNT_NAMP>4.928e-02</CURRNT_NAMP>
          <TIME>2021-09-28 03:22:39</TIME>
          <TEMP_DEGC>22.700</TEMP_DEGC>
          <AIR_TEMP_DEGC>22.700</AIR_TEMP_DEGC>
          <RH_PRCNT>24.600</RH_PRCNT>
        </DATA>
        <DATA>
          <VOLTS>280.000</VOLTS>
          <CURRNT_NAMP>5.022e-02</CURRNT_NAMP>
          <TIME>2021-09-28 03:22:41</TIME>
          <TEMP_DEGC>22.700</TEMP_DEGC>
          <AIR_TEMP_DEGC>22.700</AIR_TEMP_DEGC>
          <RH_PRCNT>24.600</RH_PRCNT>
        </DATA>
        <DATA>
          <VOLTS>290.000</VOLTS>
          <CURRNT_NAMP>5.110e-02</CURRNT_NAMP>
          <TIME>2021-09-28 03:22:44</TIME>
          <TEMP_DEGC>22.700</TEMP_DEGC>
          <AIR_TEMP_DEGC>22.700</AIR_TEMP_DEGC>
          <RH_PRCNT>24.600</RH_PRCNT>
        </DATA>
        <DATA>
          <VOLTS>300.000</VOLTS>
          <CURRNT_NAMP>5.178e-02</CURRNT_NAMP>
          <TIME>2021-09-28 03:22:46</TIME>
          <TEMP_DEGC>22.700</TEMP_DEGC>
          <AIR_TEMP_DEGC>22.700</AIR_TEMP_DEGC>
          <RH_PRCNT>24.600</RH_PRCNT>
        </DATA>
        <DATA>
          <VOLTS>310.000</VOLTS>
          <CURRNT_NAMP>5.248e-02</CURRNT_NAMP>
          <TIME>2021-09-28 03:22:48</TIME>
          <TEMP_DEGC>22.700</TEMP_DEGC>
          <AIR_TEMP_DEGC>22.700</AIR_TEMP_DEGC>
          <RH_PRCNT>24.600</RH_PRCNT>
        </DATA>
        <DATA>
          <VOLTS>320.000</VOLTS>
          <CURRNT_NAMP>5.304e-02</CURRNT_NAMP>
          <TIME>2021-09-28 03:22:50</TIME>
          <TEMP_DEGC>22.700</TEMP_DEGC>
          <AIR_TEMP_DEGC>22.700</AIR_TEMP_DEGC>
          <RH_PRCNT>24.600</RH_PRCNT>
        </DATA>
        <DATA>
          <VOLTS>330.000</VOLTS>
          <CURRNT_NAMP>5.364e-02</CURRNT_NAMP>
          <TIME>2021-09-28 03:22:52</TIME>
          <TEMP_DEGC>22.700</TEMP_DEGC>
          <AIR_TEMP_DEGC>22.700</AIR_TEMP_DEGC>
          <RH_PRCNT>24.600</RH_PRCNT>
        </DATA>
        <DATA>
          <VOLTS>340.000</VOLTS>
          <CURRNT_NAMP>5.420e-02</CURRNT_NAMP>
          <TIME>2021-09-28 03:22:54</TIME>
          <TEMP_DEGC>22.700</TEMP_DEGC>
          <AIR_TEMP_DEGC>22.700</AIR_TEMP_DEGC>
          <RH_PRCNT>24.600</RH_PRCNT>
        </DATA>
        <DATA>
          <VOLTS>350.000</VOLTS>
          <CURRNT_NAMP>5.474e-02</CURRNT_NAMP>
          <TIME>2021-09-28 03:22:56</TIME>
          <TEMP_DEGC>22.700</TEMP_DEGC>
          <AIR_TEMP_DEGC>22.700</AIR_TEMP_DEGC>
          <RH_PRCNT>24.600</RH_PRCNT>
        </DATA>
        <DATA>
          <VOLTS>360.000</VOLTS>
          <CURRNT_NAMP>5.536e-02</CURRNT_NAMP>
          <TIME>2021-09-28 03:22:58</TIME>
          <TEMP_DEGC>22.700</TEMP_DEGC>
          <AIR_TEMP_DEGC>22.700</AIR_TEMP_DEGC>
          <RH_PRCNT>24.600</RH_PRCNT>
        </DATA>
        <DATA>
          <VOLTS>370.000</VOLTS>
          <CURRNT_NAMP>5.601e-02</CURRNT_NAMP>
          <TIME>2021-09-28 03:23:01</TIME>
          <TEMP_DEGC>22.700</TEMP_DEGC>
          <AIR_TEMP_DEGC>22.700</AIR_TEMP_DEGC>
          <RH_PRCNT>24.600</RH_PRCNT>
        </DATA>
        <DATA>
          <VOLTS>380.000</VOLTS>
          <CURRNT_NAMP>5.670e-02</CURRNT_NAMP>
          <TIME>2021-09-28 03:23:03</TIME>
          <TEMP_DEGC>22.700</TEMP_DEGC>
          <AIR_TEMP_DEGC>22.700</AIR_TEMP_DEGC>
          <RH_PRCNT>24.600</RH_PRCNT>
        </DATA>
        <DATA>
          <VOLTS>390.000</VOLTS>
          <CURRNT_NAMP>5.753e-02</CURRNT_NAMP>
          <TIME>2021-09-28 03:23:05</TIME>
          <TEMP_DEGC>22.700</TEMP_DEGC>
          <AIR_TEMP_DEGC>22.700</AIR_TEMP_DEGC>
          <RH_PRCNT>24.600</RH_PRCNT>
        </DATA>
        <DATA>
          <VOLTS>400.000</VOLTS>
          <CURRNT_NAMP>5.859e-02</CURRNT_NAMP>
          <TIME>2021-09-28 03:23:07</TIME>
          <TEMP_DEGC>22.700</TEMP_DEGC>
          <AIR_TEMP_DEGC>22.700</AIR_TEMP_DEGC>
          <RH_PRCNT>24.600</RH_PRCNT>
        </DATA>
        <DATA>
          <VOLTS>410.000</VOLTS>
          <CURRNT_NAMP>5.974e-02</CURRNT_NAMP>
          <TIME>2021-09-28 03:23:09</TIME>
          <TEMP_DEGC>22.800</TEMP_DEGC>
          <AIR_TEMP_DEGC>22.800</AIR_TEMP_DEGC>
          <RH_PRCNT>24.600</RH_PRCNT>
        </DATA>
        <DATA>
          <VOLTS>420.000</VOLTS>
          <CURRNT_NAMP>6.123e-02</CURRNT_NAMP>
          <TIME>2021-09-28 03:23:11</TIME>
          <TEMP_DEGC>22.700</TEMP_DEGC>
          <AIR_TEMP_DEGC>22.700</AIR_TEMP_DEGC>
          <RH_PRCNT>24.600</RH_PRCNT>
        </DATA>
        <DATA>
          <VOLTS>430.000</VOLTS>
          <CURRNT_NAMP>6.311e-02</CURRNT_NAMP>
          <TIME>2021-09-28 03:23:13</TIME>
          <TEMP_DEGC>22.700</TEMP_DEGC>
          <AIR_TEMP_DEGC>22.700</AIR_TEMP_DEGC>
          <RH_PRCNT>24.600</RH_PRCNT>
        </DATA>
        <DATA>
          <VOLTS>440.000</VOLTS>
          <CURRNT_NAMP>6.548e-02</CURRNT_NAMP>
          <TIME>2021-09-28 03:23:16</TIME>
          <TEMP_DEGC>22.800</TEMP_DEGC>
          <AIR_TEMP_DEGC>22.800</AIR_TEMP_DEGC>
          <RH_PRCNT>24.600</RH_PRCNT>
        </DATA>
        <DATA>
          <VOLTS>450.000</VOLTS>
          <CURRNT_NAMP>6.855e-02</CURRNT_NAMP>
          <TIME>2021-09-28 03:23:18</TIME>
          <TEMP_DEGC>22.700</TEMP_DEGC>
          <AIR_TEMP_DEGC>22.700</AIR_TEMP_DEGC>
          <RH_PRCNT>24.600</RH_PRCNT>
        </DATA>
        <DATA>
          <VOLTS>460.000</VOLTS>
          <CURRNT_NAMP>7.241e-02</CURRNT_NAMP>
          <TIME>2021-09-28 03:23:20</TIME>
          <TEMP_DEGC>22.700</TEMP_DEGC>
          <AIR_TEMP_DEGC>22.700</AIR_TEMP_DEGC>
          <RH_PRCNT>24.600</RH_PRCNT>
        </DATA>
        <DATA>
          <VOLTS>470.000</VOLTS>
          <CURRNT_NAMP>7.747e-02</CURRNT_NAMP>
          <TIME>2021-09-28 03:23:22</TIME>
          <TEMP_DEGC>22.700</TEMP_DEGC>
          <AIR_TEMP_DEGC>22.700</AIR_TEMP_DEGC>
          <RH_PRCNT>24.600</RH_PRCNT>
        </DATA>
        <DATA>
          <VOLTS>480.000</VOLTS>
          <CURRNT_NAMP>8.386e-02</CURRNT_NAMP>
          <TIME>2021-09-28 03:23:24</TIME>
          <TEMP_DEGC>22.700</TEMP_DEGC>
          <AIR_TEMP_DEGC>22.700</AIR_TEMP_DEGC>
          <RH_PRCNT>24.600</RH_PRCNT>
        </DATA>
        <DATA>
          <VOLTS>490.000</VOLTS>
          <CURRNT_NAMP>9.242e-02</CURRNT_NAMP>
          <TIME>2021-09-28 03:23:26</TIME>
          <TEMP_DEGC>22.700</TEMP_DEGC>
          <AIR_TEMP_DEGC>22.700</AIR_TEMP_DEGC>
          <RH_PRCNT>24.600</RH_PRCNT>
        </DATA>
        <DATA>
          <VOLTS>500.000</VOLTS>
          <CURRNT_NAMP>1.035e-01</CURRNT_NAMP>
          <TIME>2021-09-28 03:23:28</TIME>
          <TEMP_DEGC>22.700</TEMP_DEGC>
          <AIR_TEMP_DEGC>22.700</AIR_TEMP_DEGC>
          <RH_PRCNT>24.600</RH_PRCNT>
        </DATA>
        <DATA>
          <VOLTS>510.000</VOLTS>
          <CURRNT_NAMP>1.181e-01</CURRNT_NAMP>
          <TIME>2021-09-28 03:23:31</TIME>
          <TEMP_DEGC>22.700</TEMP_DEGC>
          <AIR_TEMP_DEGC>22.700</AIR_TEMP_DEGC>
          <RH_PRCNT>24.600</RH_PRCNT>
        </DATA>
        <DATA>
          <VOLTS>520.000</VOLTS>
          <CURRNT_NAMP>1.353e-01</CURRNT_NAMP>
          <TIME>2021-09-28 03:23:33</TIME>
          <TEMP_DEGC>22.800</TEMP_DEGC>
          <AIR_TEMP_DEGC>22.800</AIR_TEMP_DEGC>
          <RH_PRCNT>24.600</RH_PRCNT>
        </DATA>
        <DATA>
          <VOLTS>530.000</VOLTS>
          <CURRNT_NAMP>1.560e-01</CURRNT_NAMP>
          <TIME>2021-09-28 03:23:35</TIME>
          <TEMP_DEGC>22.800</TEMP_DEGC>
          <AIR_TEMP_DEGC>22.800</AIR_TEMP_DEGC>
          <RH_PRCNT>24.600</RH_PRCNT>
        </DATA>
        <DATA>
          <VOLTS>540.000</VOLTS>
          <CURRNT_NAMP>1.789e-01</CURRNT_NAMP>
          <TIME>2021-09-28 03:23:37</TIME>
          <TEMP_DEGC>22.800</TEMP_DEGC>
          <AIR_TEMP_DEGC>22.800</AIR_TEMP_DEGC>
          <RH_PRCNT>24.600</RH_PRCNT>
        </DATA>
        <DATA>
          <VOLTS>550.000</VOLTS>
          <CURRNT_NAMP>8.726e-02</CURRNT_NAMP>
          <TIME>2021-09-28 03:23:39</TIME>
          <TEMP_DEGC>22.800</TEMP_DEGC>
          <AIR_TEMP_DEGC>22.800</AIR_TEMP_DEGC>
          <RH_PRCNT>24.600</RH_PRCNT>
        </DATA>
        <DATA>
          <VOLTS>560.000</VOLTS>
          <CURRNT_NAMP>5.766e-01</CURRNT_NAMP>
          <TIME>2021-09-28 03:23:42</TIME>
          <TEMP_DEGC>22.800</TEMP_DEGC>
          <AIR_TEMP_DEGC>22.800</AIR_TEMP_DEGC>
          <RH_PRCNT>24.600</RH_PRCNT>
        </DATA>
        <DATA>
          <VOLTS>570.000</VOLTS>
          <CURRNT_NAMP>6.117e-01</CURRNT_NAMP>
          <TIME>2021-09-28 03:23:45</TIME>
          <TEMP_DEGC>22.700</TEMP_DEGC>
          <AIR_TEMP_DEGC>22.700</AIR_TEMP_DEGC>
          <RH_PRCNT>24.600</RH_PRCNT>
        </DATA>
        <DATA>
          <VOLTS>580.000</VOLTS>
          <CURRNT_NAMP>2.660e-01</CURRNT_NAMP>
          <TIME>2021-09-28 03:23:47</TIME>
          <TEMP_DEGC>22.700</TEMP_DEGC>
          <AIR_TEMP_DEGC>22.700</AIR_TEMP_DEGC>
          <RH_PRCNT>24.600</RH_PRCNT>
        </DATA>
        <DATA>
          <VOLTS>590.000</VOLTS>
          <CURRNT_NAMP>3.090e-01</CURRNT_NAMP>
          <TIME>2021-09-28 03:23:49</TIME>
          <TEMP_DEGC>22.700</TEMP_DEGC>
          <AIR_TEMP_DEGC>22.700</AIR_TEMP_DEGC>
          <RH_PRCNT>24.600</RH_PRCNT>
        </DATA>
        <DATA>
          <VOLTS>600.000</VOLTS>
          <CURRNT_NAMP>3.469e-01</CURRNT_NAMP>
          <TIME>2021-09-28 03:23:51</TIME>
          <TEMP_DEGC>22.700</TEMP_DEGC>
          <AIR_TEMP_DEGC>22.700</AIR_TEMP_DEGC>
          <RH_PRCNT>24.600</RH_PRCNT>
        </DATA>
        <DATA>
          <VOLTS>610.000</VOLTS>
          <CURRNT_NAMP>3.975e-01</CURRNT_NAMP>
          <TIME>2021-09-28 03:23:53</TIME>
          <TEMP_DEGC>22.700</TEMP_DEGC>
          <AIR_TEMP_DEGC>22.700</AIR_TEMP_DEGC>
          <RH_PRCNT>24.600</RH_PRCNT>
        </DATA>
        <DATA>
          <VOLTS>620.000</VOLTS>
          <CURRNT_NAMP>4.685e-01</CURRNT_NAMP>
          <TIME>2021-09-28 03:23:56</TIME>
          <TEMP_DEGC>22.700</TEMP_DEGC>
          <AIR_TEMP_DEGC>22.700</AIR_TEMP_DEGC>
          <RH_PRCNT>24.600</RH_PRCNT>
        </DATA>
        <DATA>
          <VOLTS>630.000</VOLTS>
          <CURRNT_NAMP>5.132e-01</CURRNT_NAMP>
          <TIME>2021-09-28 03:23:58</TIME>
          <TEMP_DEGC>22.700</TEMP_DEGC>
          <AIR_TEMP_DEGC>22.700</AIR_TEMP_DEGC>
          <RH_PRCNT>24.600</RH_PRCNT>
        </DATA>
        <DATA>
          <VOLTS>640.000</VOLTS>
          <CURRNT_NAMP>5.837e-01</CURRNT_NAMP>
          <TIME>2021-09-28 03:24:00</TIME>
          <TEMP_DEGC>22.700</TEMP_DEGC>
          <AIR_TEMP_DEGC>22.700</AIR_TEMP_DEGC>
          <RH_PRCNT>24.600</RH_PRCNT>
        </DATA>
        <DATA>
          <VOLTS>650.000</VOLTS>
          <CURRNT_NAMP>6.215e-01</CURRNT_NAMP>
          <TIME>2021-09-28 03:24:02</TIME>
          <TEMP_DEGC>22.700</TEMP_DEGC>
          <AIR_TEMP_DEGC>22.700</AIR_TEMP_DEGC>
          <RH_PRCNT>24.600</RH_PRCNT>
        </DATA>
        <DATA>
          <VOLTS>660.000</VOLTS>
          <CURRNT_NAMP>6.993e-01</CURRNT_NAMP>
          <TIME>2021-09-28 03:24:04</TIME>
          <TEMP_DEGC>22.700</TEMP_DEGC>
          <AIR_TEMP_DEGC>22.700</AIR_TEMP_DEGC>
          <RH_PRCNT>24.600</RH_PRCNT>
        </DATA>
        <DATA>
          <VOLTS>670.000</VOLTS>
          <CURRNT_NAMP>7.805e-01</CURRNT_NAMP>
          <TIME>2021-09-28 03:24:06</TIME>
          <TEMP_DEGC>22.700</TEMP_DEGC>
          <AIR_TEMP_DEGC>22.700</AIR_TEMP_DEGC>
          <RH_PRCNT>24.500</RH_PRCNT>
        </DATA>
        <DATA>
          <VOLTS>680.000</VOLTS>
          <CURRNT_NAMP>8.433e-01</CURRNT_NAMP>
          <TIME>2021-09-28 03:24:08</TIME>
          <TEMP_DEGC>22.700</TEMP_DEGC>
          <AIR_TEMP_DEGC>22.700</AIR_TEMP_DEGC>
          <RH_PRCNT>24.500</RH_PRCNT>
        </DATA>
        <DATA>
          <VOLTS>690.000</VOLTS>
          <CURRNT_NAMP>9.351e-01</CURRNT_NAMP>
          <TIME>2021-09-28 03:24:10</TIME>
          <TEMP_DEGC>22.700</TEMP_DEGC>
          <AIR_TEMP_DEGC>22.700</AIR_TEMP_DEGC>
          <RH_PRCNT>24.600</RH_PRCNT>
        </DATA>
        <DATA>
          <VOLTS>700.000</VOLTS>
          <CURRNT_NAMP>1.018e+00</CURRNT_NAMP>
          <TIME>2021-09-28 03:24:13</TIME>
          <TEMP_DEGC>22.700</TEMP_DEGC>
          <AIR_TEMP_DEGC>22.700</AIR_TEMP_DEGC>
          <RH_PRCNT>24.500</RH_PRCNT>
        </DATA>
        <CHILD_DATA_SET>
          <HEADER>
            <TYPE>
              <EXTENSION_TABLE_NAME>HALFMOON_IV_PAR</EXTENSION_TABLE_NAME>
              <NAME>Tracker Halfmoon IV Parameters</NAME>
            </TYPE>
          </HEADER>
          <DATA_SET>
            <COMMENT_DESCRIPTION>Test</COMMENT_DESCRIPTION>
            <VERSION>IV_measurement-004</VERSION>
            <PART>
              <NAME_LABEL>37400_027_2-S_HM_EE</NAME_LABEL>
              <KIND_OF_PART>2S Halfmoon E</KIND_OF_PART>
            </PART>
            <DATA>
              <VBD_V>1000.000</VBD_V>
              <I600_PAMPR>346.910</I600_PAMPR>
              <VI600_NAMPRMM3>0.185</VI600_NAMPRMM3>
            </DATA>
          </DATA_SET>
        </CHILD_DATA_SET>
      </DATA_SET>
    </CHILD_DATA_SET>
  </DATA_SET>
</ROOT>
