<?xml version="1.0"?>
<ROOT>
  <HEADER>
    <TYPE>
      <EXTENSION_TABLE_NAME>HALFMOON_METADATA</EXTENSION_TABLE_NAME>
      <NAME>Tracker Halfmoon Metadata</NAME>
    </TYPE>
    <RUN mode="SEQUENCE_NUMBER" sequence="TRK_OT_RUN_SEQ">
      <RUN_TYPE>PQC</RUN_TYPE>
      <LOCATION>Demokritos</LOCATION>
      <INITIATED_BY_USER>A. Kyriakis</INITIATED_BY_USER>
      <RUN_BEGIN_TIMESTAMP>2021-09-28 14:25:23</RUN_BEGIN_TIMESTAMP>
      <COMMENT_DESCRIPTION>Test</COMMENT_DESCRIPTION>
    </RUN>
  </HEADER>
  <DATA_SET>
    <COMMENT_DESCRIPTION>Metadata with flute and structure</COMMENT_DESCRIPTION>
    <VERSION>v2</VERSION>
    <PART>
      <NAME_LABEL>37400_015_2-S_HM_EE</NAME_LABEL>
      <KIND_OF_PART>2S Halfmoon E</KIND_OF_PART>
    </PART>
    <DATA>
      <KIND_OF_HM_FLUTE_ID>PQC3</KIND_OF_HM_FLUTE_ID>
      <KIND_OF_HM_STRUCT_ID>DIODE_HALF</KIND_OF_HM_STRUCT_ID>
      <KIND_OF_HM_SET_ID>Left</KIND_OF_HM_SET_ID>
      <KIND_OF_HM_CONFIG_ID>Not Used</KIND_OF_HM_CONFIG_ID>
      <EQUIPMENT>KEITHLEY 2410</EQUIPMENT>
      <WAITING_TIME_S>1.000</WAITING_TIME_S>
      <TEMP_SET_DEGC>22.700</TEMP_SET_DEGC>
      <AV_TEMP_DEGC>22.700</AV_TEMP_DEGC>
      <PROCEDURE_TYPE>Diode_IV1</PROCEDURE_TYPE>
      <FILE_NAME>Demokritos_VPX37400_015_2-S_HM_E_Left_PQC3_DiodeHalf_IV.xml</FILE_NAME>
    </DATA>
    <CHILD_DATA_SET>
      <HEADER>
        <TYPE>
          <EXTENSION_TABLE_NAME>TEST_SENSOR_IV</EXTENSION_TABLE_NAME>
          <NAME>Tracker Halfmoon IV Test</NAME>
        </TYPE>
      </HEADER>
      <DATA_SET>
        <COMMENT_DESCRIPTION>Test</COMMENT_DESCRIPTION>
        <VERSION>V2</VERSION>
        <PART>
          <NAME_LABEL>37400_015_2-S_HM_EE</NAME_LABEL>
          <KIND_OF_PART>2S Halfmoon E</KIND_OF_PART>
        </PART>
        <DATA>
          <VOLTS>-0.000</VOLTS>
          <CURRNT_NAMP>7.792e+01</CURRNT_NAMP>
          <TIME>2021-09-28 02:25:28</TIME>
          <TEMP_DEGC>22.700</TEMP_DEGC>
          <AIR_TEMP_DEGC>22.700</AIR_TEMP_DEGC>
          <RH_PRCNT>24.700</RH_PRCNT>
        </DATA>
        <DATA>
          <VOLTS>10.000</VOLTS>
          <CURRNT_NAMP>1.269e+03</CURRNT_NAMP>
          <TIME>2021-09-28 02:25:32</TIME>
          <TEMP_DEGC>22.700</TEMP_DEGC>
          <AIR_TEMP_DEGC>22.700</AIR_TEMP_DEGC>
          <RH_PRCNT>24.700</RH_PRCNT>
        </DATA>
        <DATA>
          <VOLTS>20.000</VOLTS>
          <CURRNT_NAMP>1.062e+03</CURRNT_NAMP>
          <TIME>2021-09-28 02:25:34</TIME>
          <TEMP_DEGC>22.700</TEMP_DEGC>
          <AIR_TEMP_DEGC>22.700</AIR_TEMP_DEGC>
          <RH_PRCNT>24.700</RH_PRCNT>
        </DATA>
        <DATA>
          <VOLTS>30.000</VOLTS>
          <CURRNT_NAMP>7.386e+02</CURRNT_NAMP>
          <TIME>2021-09-28 02:25:36</TIME>
          <TEMP_DEGC>22.700</TEMP_DEGC>
          <AIR_TEMP_DEGC>22.700</AIR_TEMP_DEGC>
          <RH_PRCNT>24.700</RH_PRCNT>
        </DATA>
        <DATA>
          <VOLTS>40.000</VOLTS>
          <CURRNT_NAMP>3.981e+02</CURRNT_NAMP>
          <TIME>2021-09-28 02:25:38</TIME>
          <TEMP_DEGC>22.700</TEMP_DEGC>
          <AIR_TEMP_DEGC>22.700</AIR_TEMP_DEGC>
          <RH_PRCNT>24.700</RH_PRCNT>
        </DATA>
        <DATA>
          <VOLTS>50.000</VOLTS>
          <CURRNT_NAMP>1.042e+02</CURRNT_NAMP>
          <TIME>2021-09-28 02:25:40</TIME>
          <TEMP_DEGC>22.700</TEMP_DEGC>
          <AIR_TEMP_DEGC>22.700</AIR_TEMP_DEGC>
          <RH_PRCNT>24.700</RH_PRCNT>
        </DATA>
        <DATA>
          <VOLTS>60.000</VOLTS>
          <CURRNT_NAMP>1.343e+00</CURRNT_NAMP>
          <TIME>2021-09-28 02:25:42</TIME>
          <TEMP_DEGC>22.700</TEMP_DEGC>
          <AIR_TEMP_DEGC>22.700</AIR_TEMP_DEGC>
          <RH_PRCNT>24.700</RH_PRCNT>
        </DATA>
        <DATA>
          <VOLTS>70.000</VOLTS>
          <CURRNT_NAMP>1.401e-01</CURRNT_NAMP>
          <TIME>2021-09-28 02:25:44</TIME>
          <TEMP_DEGC>22.700</TEMP_DEGC>
          <AIR_TEMP_DEGC>22.700</AIR_TEMP_DEGC>
          <RH_PRCNT>24.700</RH_PRCNT>
        </DATA>
        <DATA>
          <VOLTS>80.000</VOLTS>
          <CURRNT_NAMP>6.229e-02</CURRNT_NAMP>
          <TIME>2021-09-28 02:25:47</TIME>
          <TEMP_DEGC>22.700</TEMP_DEGC>
          <AIR_TEMP_DEGC>22.700</AIR_TEMP_DEGC>
          <RH_PRCNT>24.600</RH_PRCNT>
        </DATA>
        <DATA>
          <VOLTS>90.000</VOLTS>
          <CURRNT_NAMP>4.307e-02</CURRNT_NAMP>
          <TIME>2021-09-28 02:25:49</TIME>
          <TEMP_DEGC>22.700</TEMP_DEGC>
          <AIR_TEMP_DEGC>22.700</AIR_TEMP_DEGC>
          <RH_PRCNT>24.600</RH_PRCNT>
        </DATA>
        <DATA>
          <VOLTS>100.000</VOLTS>
          <CURRNT_NAMP>4.110e-02</CURRNT_NAMP>
          <TIME>2021-09-28 02:25:51</TIME>
          <TEMP_DEGC>22.700</TEMP_DEGC>
          <AIR_TEMP_DEGC>22.700</AIR_TEMP_DEGC>
          <RH_PRCNT>24.700</RH_PRCNT>
        </DATA>
        <DATA>
          <VOLTS>110.000</VOLTS>
          <CURRNT_NAMP>4.132e-02</CURRNT_NAMP>
          <TIME>2021-09-28 02:25:53</TIME>
          <TEMP_DEGC>22.700</TEMP_DEGC>
          <AIR_TEMP_DEGC>22.700</AIR_TEMP_DEGC>
          <RH_PRCNT>24.600</RH_PRCNT>
        </DATA>
        <DATA>
          <VOLTS>120.000</VOLTS>
          <CURRNT_NAMP>4.153e-02</CURRNT_NAMP>
          <TIME>2021-09-28 02:25:55</TIME>
          <TEMP_DEGC>22.700</TEMP_DEGC>
          <AIR_TEMP_DEGC>22.700</AIR_TEMP_DEGC>
          <RH_PRCNT>24.600</RH_PRCNT>
        </DATA>
        <DATA>
          <VOLTS>130.000</VOLTS>
          <CURRNT_NAMP>4.187e-02</CURRNT_NAMP>
          <TIME>2021-09-28 02:25:57</TIME>
          <TEMP_DEGC>22.700</TEMP_DEGC>
          <AIR_TEMP_DEGC>22.700</AIR_TEMP_DEGC>
          <RH_PRCNT>24.600</RH_PRCNT>
        </DATA>
        <DATA>
          <VOLTS>140.000</VOLTS>
          <CURRNT_NAMP>4.205e-02</CURRNT_NAMP>
          <TIME>2021-09-28 02:25:59</TIME>
          <TEMP_DEGC>22.700</TEMP_DEGC>
          <AIR_TEMP_DEGC>22.700</AIR_TEMP_DEGC>
          <RH_PRCNT>24.600</RH_PRCNT>
        </DATA>
        <DATA>
          <VOLTS>150.000</VOLTS>
          <CURRNT_NAMP>4.258e-02</CURRNT_NAMP>
          <TIME>2021-09-28 02:26:02</TIME>
          <TEMP_DEGC>22.700</TEMP_DEGC>
          <AIR_TEMP_DEGC>22.700</AIR_TEMP_DEGC>
          <RH_PRCNT>24.600</RH_PRCNT>
        </DATA>
        <DATA>
          <VOLTS>160.000</VOLTS>
          <CURRNT_NAMP>4.290e-02</CURRNT_NAMP>
          <TIME>2021-09-28 02:26:04</TIME>
          <TEMP_DEGC>22.700</TEMP_DEGC>
          <AIR_TEMP_DEGC>22.700</AIR_TEMP_DEGC>
          <RH_PRCNT>24.600</RH_PRCNT>
        </DATA>
        <DATA>
          <VOLTS>170.000</VOLTS>
          <CURRNT_NAMP>4.354e-02</CURRNT_NAMP>
          <TIME>2021-09-28 02:26:06</TIME>
          <TEMP_DEGC>22.700</TEMP_DEGC>
          <AIR_TEMP_DEGC>22.700</AIR_TEMP_DEGC>
          <RH_PRCNT>24.600</RH_PRCNT>
        </DATA>
        <DATA>
          <VOLTS>180.000</VOLTS>
          <CURRNT_NAMP>4.434e-02</CURRNT_NAMP>
          <TIME>2021-09-28 02:26:08</TIME>
          <TEMP_DEGC>22.700</TEMP_DEGC>
          <AIR_TEMP_DEGC>22.700</AIR_TEMP_DEGC>
          <RH_PRCNT>24.600</RH_PRCNT>
        </DATA>
        <DATA>
          <VOLTS>190.000</VOLTS>
          <CURRNT_NAMP>4.530e-02</CURRNT_NAMP>
          <TIME>2021-09-28 02:26:10</TIME>
          <TEMP_DEGC>22.700</TEMP_DEGC>
          <AIR_TEMP_DEGC>22.700</AIR_TEMP_DEGC>
          <RH_PRCNT>24.600</RH_PRCNT>
        </DATA>
        <DATA>
          <VOLTS>200.000</VOLTS>
          <CURRNT_NAMP>4.695e-02</CURRNT_NAMP>
          <TIME>2021-09-28 02:26:12</TIME>
          <TEMP_DEGC>22.700</TEMP_DEGC>
          <AIR_TEMP_DEGC>22.700</AIR_TEMP_DEGC>
          <RH_PRCNT>24.600</RH_PRCNT>
        </DATA>
        <DATA>
          <VOLTS>210.000</VOLTS>
          <CURRNT_NAMP>4.918e-02</CURRNT_NAMP>
          <TIME>2021-09-28 02:26:14</TIME>
          <TEMP_DEGC>22.700</TEMP_DEGC>
          <AIR_TEMP_DEGC>22.700</AIR_TEMP_DEGC>
          <RH_PRCNT>24.500</RH_PRCNT>
        </DATA>
        <DATA>
          <VOLTS>220.000</VOLTS>
          <CURRNT_NAMP>5.205e-02</CURRNT_NAMP>
          <TIME>2021-09-28 02:26:16</TIME>
          <TEMP_DEGC>22.700</TEMP_DEGC>
          <AIR_TEMP_DEGC>22.700</AIR_TEMP_DEGC>
          <RH_PRCNT>24.500</RH_PRCNT>
        </DATA>
        <DATA>
          <VOLTS>230.000</VOLTS>
          <CURRNT_NAMP>5.541e-02</CURRNT_NAMP>
          <TIME>2021-09-28 02:26:19</TIME>
          <TEMP_DEGC>22.700</TEMP_DEGC>
          <AIR_TEMP_DEGC>22.700</AIR_TEMP_DEGC>
          <RH_PRCNT>24.500</RH_PRCNT>
        </DATA>
        <DATA>
          <VOLTS>240.000</VOLTS>
          <CURRNT_NAMP>5.897e-02</CURRNT_NAMP>
          <TIME>2021-09-28 02:26:21</TIME>
          <TEMP_DEGC>22.700</TEMP_DEGC>
          <AIR_TEMP_DEGC>22.700</AIR_TEMP_DEGC>
          <RH_PRCNT>24.500</RH_PRCNT>
        </DATA>
        <DATA>
          <VOLTS>250.000</VOLTS>
          <CURRNT_NAMP>6.203e-02</CURRNT_NAMP>
          <TIME>2021-09-28 02:26:23</TIME>
          <TEMP_DEGC>22.700</TEMP_DEGC>
          <AIR_TEMP_DEGC>22.700</AIR_TEMP_DEGC>
          <RH_PRCNT>24.500</RH_PRCNT>
        </DATA>
        <DATA>
          <VOLTS>260.000</VOLTS>
          <CURRNT_NAMP>6.453e-02</CURRNT_NAMP>
          <TIME>2021-09-28 02:26:25</TIME>
          <TEMP_DEGC>22.700</TEMP_DEGC>
          <AIR_TEMP_DEGC>22.700</AIR_TEMP_DEGC>
          <RH_PRCNT>24.500</RH_PRCNT>
        </DATA>
        <DATA>
          <VOLTS>270.000</VOLTS>
          <CURRNT_NAMP>6.661e-02</CURRNT_NAMP>
          <TIME>2021-09-28 02:26:27</TIME>
          <TEMP_DEGC>22.700</TEMP_DEGC>
          <AIR_TEMP_DEGC>22.700</AIR_TEMP_DEGC>
          <RH_PRCNT>24.500</RH_PRCNT>
        </DATA>
        <DATA>
          <VOLTS>280.000</VOLTS>
          <CURRNT_NAMP>6.818e-02</CURRNT_NAMP>
          <TIME>2021-09-28 02:26:29</TIME>
          <TEMP_DEGC>22.700</TEMP_DEGC>
          <AIR_TEMP_DEGC>22.700</AIR_TEMP_DEGC>
          <RH_PRCNT>24.500</RH_PRCNT>
        </DATA>
        <DATA>
          <VOLTS>290.000</VOLTS>
          <CURRNT_NAMP>6.956e-02</CURRNT_NAMP>
          <TIME>2021-09-28 02:26:31</TIME>
          <TEMP_DEGC>22.700</TEMP_DEGC>
          <AIR_TEMP_DEGC>22.700</AIR_TEMP_DEGC>
          <RH_PRCNT>24.500</RH_PRCNT>
        </DATA>
        <DATA>
          <VOLTS>300.000</VOLTS>
          <CURRNT_NAMP>7.068e-02</CURRNT_NAMP>
          <TIME>2021-09-28 02:26:34</TIME>
          <TEMP_DEGC>22.700</TEMP_DEGC>
          <AIR_TEMP_DEGC>22.700</AIR_TEMP_DEGC>
          <RH_PRCNT>24.500</RH_PRCNT>
        </DATA>
        <DATA>
          <VOLTS>310.000</VOLTS>
          <CURRNT_NAMP>7.176e-02</CURRNT_NAMP>
          <TIME>2021-09-28 02:26:36</TIME>
          <TEMP_DEGC>22.700</TEMP_DEGC>
          <AIR_TEMP_DEGC>22.700</AIR_TEMP_DEGC>
          <RH_PRCNT>24.500</RH_PRCNT>
        </DATA>
        <DATA>
          <VOLTS>320.000</VOLTS>
          <CURRNT_NAMP>7.271e-02</CURRNT_NAMP>
          <TIME>2021-09-28 02:26:38</TIME>
          <TEMP_DEGC>22.700</TEMP_DEGC>
          <AIR_TEMP_DEGC>22.700</AIR_TEMP_DEGC>
          <RH_PRCNT>24.500</RH_PRCNT>
        </DATA>
        <DATA>
          <VOLTS>330.000</VOLTS>
          <CURRNT_NAMP>7.358e-02</CURRNT_NAMP>
          <TIME>2021-09-28 02:26:40</TIME>
          <TEMP_DEGC>22.700</TEMP_DEGC>
          <AIR_TEMP_DEGC>22.700</AIR_TEMP_DEGC>
          <RH_PRCNT>24.500</RH_PRCNT>
        </DATA>
        <DATA>
          <VOLTS>340.000</VOLTS>
          <CURRNT_NAMP>7.447e-02</CURRNT_NAMP>
          <TIME>2021-09-28 02:26:42</TIME>
          <TEMP_DEGC>22.700</TEMP_DEGC>
          <AIR_TEMP_DEGC>22.700</AIR_TEMP_DEGC>
          <RH_PRCNT>24.500</RH_PRCNT>
        </DATA>
        <DATA>
          <VOLTS>350.000</VOLTS>
          <CURRNT_NAMP>7.535e-02</CURRNT_NAMP>
          <TIME>2021-09-28 02:26:44</TIME>
          <TEMP_DEGC>22.700</TEMP_DEGC>
          <AIR_TEMP_DEGC>22.700</AIR_TEMP_DEGC>
          <RH_PRCNT>24.500</RH_PRCNT>
        </DATA>
        <DATA>
          <VOLTS>360.000</VOLTS>
          <CURRNT_NAMP>7.625e-02</CURRNT_NAMP>
          <TIME>2021-09-28 02:26:46</TIME>
          <TEMP_DEGC>22.700</TEMP_DEGC>
          <AIR_TEMP_DEGC>22.700</AIR_TEMP_DEGC>
          <RH_PRCNT>24.500</RH_PRCNT>
        </DATA>
        <DATA>
          <VOLTS>370.000</VOLTS>
          <CURRNT_NAMP>7.732e-02</CURRNT_NAMP>
          <TIME>2021-09-28 02:26:49</TIME>
          <TEMP_DEGC>22.700</TEMP_DEGC>
          <AIR_TEMP_DEGC>22.700</AIR_TEMP_DEGC>
          <RH_PRCNT>24.500</RH_PRCNT>
        </DATA>
        <DATA>
          <VOLTS>380.000</VOLTS>
          <CURRNT_NAMP>7.850e-02</CURRNT_NAMP>
          <TIME>2021-09-28 02:26:51</TIME>
          <TEMP_DEGC>22.700</TEMP_DEGC>
          <AIR_TEMP_DEGC>22.700</AIR_TEMP_DEGC>
          <RH_PRCNT>24.500</RH_PRCNT>
        </DATA>
        <DATA>
          <VOLTS>390.000</VOLTS>
          <CURRNT_NAMP>7.983e-02</CURRNT_NAMP>
          <TIME>2021-09-28 02:26:53</TIME>
          <TEMP_DEGC>22.700</TEMP_DEGC>
          <AIR_TEMP_DEGC>22.700</AIR_TEMP_DEGC>
          <RH_PRCNT>24.500</RH_PRCNT>
        </DATA>
        <DATA>
          <VOLTS>400.000</VOLTS>
          <CURRNT_NAMP>8.149e-02</CURRNT_NAMP>
          <TIME>2021-09-28 02:26:55</TIME>
          <TEMP_DEGC>22.700</TEMP_DEGC>
          <AIR_TEMP_DEGC>22.700</AIR_TEMP_DEGC>
          <RH_PRCNT>24.500</RH_PRCNT>
        </DATA>
        <DATA>
          <VOLTS>410.000</VOLTS>
          <CURRNT_NAMP>8.325e-02</CURRNT_NAMP>
          <TIME>2021-09-28 02:26:57</TIME>
          <TEMP_DEGC>22.700</TEMP_DEGC>
          <AIR_TEMP_DEGC>22.700</AIR_TEMP_DEGC>
          <RH_PRCNT>24.500</RH_PRCNT>
        </DATA>
        <DATA>
          <VOLTS>420.000</VOLTS>
          <CURRNT_NAMP>8.543e-02</CURRNT_NAMP>
          <TIME>2021-09-28 02:26:59</TIME>
          <TEMP_DEGC>22.700</TEMP_DEGC>
          <AIR_TEMP_DEGC>22.700</AIR_TEMP_DEGC>
          <RH_PRCNT>24.500</RH_PRCNT>
        </DATA>
        <DATA>
          <VOLTS>430.000</VOLTS>
          <CURRNT_NAMP>8.798e-02</CURRNT_NAMP>
          <TIME>2021-09-28 02:27:01</TIME>
          <TEMP_DEGC>22.700</TEMP_DEGC>
          <AIR_TEMP_DEGC>22.700</AIR_TEMP_DEGC>
          <RH_PRCNT>24.500</RH_PRCNT>
        </DATA>
        <DATA>
          <VOLTS>440.000</VOLTS>
          <CURRNT_NAMP>9.099e-02</CURRNT_NAMP>
          <TIME>2021-09-28 02:27:04</TIME>
          <TEMP_DEGC>22.700</TEMP_DEGC>
          <AIR_TEMP_DEGC>22.700</AIR_TEMP_DEGC>
          <RH_PRCNT>24.500</RH_PRCNT>
        </DATA>
        <DATA>
          <VOLTS>450.000</VOLTS>
          <CURRNT_NAMP>9.461e-02</CURRNT_NAMP>
          <TIME>2021-09-28 02:27:06</TIME>
          <TEMP_DEGC>22.700</TEMP_DEGC>
          <AIR_TEMP_DEGC>22.700</AIR_TEMP_DEGC>
          <RH_PRCNT>24.500</RH_PRCNT>
        </DATA>
        <DATA>
          <VOLTS>460.000</VOLTS>
          <CURRNT_NAMP>9.877e-02</CURRNT_NAMP>
          <TIME>2021-09-28 02:27:08</TIME>
          <TEMP_DEGC>22.700</TEMP_DEGC>
          <AIR_TEMP_DEGC>22.700</AIR_TEMP_DEGC>
          <RH_PRCNT>24.500</RH_PRCNT>
        </DATA>
        <DATA>
          <VOLTS>470.000</VOLTS>
          <CURRNT_NAMP>1.040e-01</CURRNT_NAMP>
          <TIME>2021-09-28 02:27:10</TIME>
          <TEMP_DEGC>22.700</TEMP_DEGC>
          <AIR_TEMP_DEGC>22.700</AIR_TEMP_DEGC>
          <RH_PRCNT>24.500</RH_PRCNT>
        </DATA>
        <DATA>
          <VOLTS>480.000</VOLTS>
          <CURRNT_NAMP>1.098e-01</CURRNT_NAMP>
          <TIME>2021-09-28 02:27:12</TIME>
          <TEMP_DEGC>22.700</TEMP_DEGC>
          <AIR_TEMP_DEGC>22.700</AIR_TEMP_DEGC>
          <RH_PRCNT>24.500</RH_PRCNT>
        </DATA>
        <DATA>
          <VOLTS>490.000</VOLTS>
          <CURRNT_NAMP>1.172e-01</CURRNT_NAMP>
          <TIME>2021-09-28 02:27:14</TIME>
          <TEMP_DEGC>22.700</TEMP_DEGC>
          <AIR_TEMP_DEGC>22.700</AIR_TEMP_DEGC>
          <RH_PRCNT>24.500</RH_PRCNT>
        </DATA>
        <DATA>
          <VOLTS>500.000</VOLTS>
          <CURRNT_NAMP>1.260e-01</CURRNT_NAMP>
          <TIME>2021-09-28 02:27:16</TIME>
          <TEMP_DEGC>22.700</TEMP_DEGC>
          <AIR_TEMP_DEGC>22.700</AIR_TEMP_DEGC>
          <RH_PRCNT>24.500</RH_PRCNT>
        </DATA>
        <DATA>
          <VOLTS>510.000</VOLTS>
          <CURRNT_NAMP>1.365e-01</CURRNT_NAMP>
          <TIME>2021-09-28 02:27:19</TIME>
          <TEMP_DEGC>22.700</TEMP_DEGC>
          <AIR_TEMP_DEGC>22.700</AIR_TEMP_DEGC>
          <RH_PRCNT>24.500</RH_PRCNT>
        </DATA>
        <DATA>
          <VOLTS>520.000</VOLTS>
          <CURRNT_NAMP>1.492e-01</CURRNT_NAMP>
          <TIME>2021-09-28 02:27:21</TIME>
          <TEMP_DEGC>22.700</TEMP_DEGC>
          <AIR_TEMP_DEGC>22.700</AIR_TEMP_DEGC>
          <RH_PRCNT>24.400</RH_PRCNT>
        </DATA>
        <DATA>
          <VOLTS>530.000</VOLTS>
          <CURRNT_NAMP>1.638e-01</CURRNT_NAMP>
          <TIME>2021-09-28 02:27:23</TIME>
          <TEMP_DEGC>22.700</TEMP_DEGC>
          <AIR_TEMP_DEGC>22.700</AIR_TEMP_DEGC>
          <RH_PRCNT>24.500</RH_PRCNT>
        </DATA>
        <DATA>
          <VOLTS>540.000</VOLTS>
          <CURRNT_NAMP>1.809e-01</CURRNT_NAMP>
          <TIME>2021-09-28 02:27:25</TIME>
          <TEMP_DEGC>22.700</TEMP_DEGC>
          <AIR_TEMP_DEGC>22.700</AIR_TEMP_DEGC>
          <RH_PRCNT>24.400</RH_PRCNT>
        </DATA>
        <DATA>
          <VOLTS>550.000</VOLTS>
          <CURRNT_NAMP>1.056e-01</CURRNT_NAMP>
          <TIME>2021-09-28 02:27:27</TIME>
          <TEMP_DEGC>22.700</TEMP_DEGC>
          <AIR_TEMP_DEGC>22.700</AIR_TEMP_DEGC>
          <RH_PRCNT>24.400</RH_PRCNT>
        </DATA>
        <DATA>
          <VOLTS>560.000</VOLTS>
          <CURRNT_NAMP>5.580e-01</CURRNT_NAMP>
          <TIME>2021-09-28 02:27:29</TIME>
          <TEMP_DEGC>22.700</TEMP_DEGC>
          <AIR_TEMP_DEGC>22.700</AIR_TEMP_DEGC>
          <RH_PRCNT>24.500</RH_PRCNT>
        </DATA>
        <DATA>
          <VOLTS>570.000</VOLTS>
          <CURRNT_NAMP>2.406e-01</CURRNT_NAMP>
          <TIME>2021-09-28 02:27:32</TIME>
          <TEMP_DEGC>22.700</TEMP_DEGC>
          <AIR_TEMP_DEGC>22.700</AIR_TEMP_DEGC>
          <RH_PRCNT>24.500</RH_PRCNT>
        </DATA>
        <DATA>
          <VOLTS>580.000</VOLTS>
          <CURRNT_NAMP>2.693e-01</CURRNT_NAMP>
          <TIME>2021-09-28 02:27:34</TIME>
          <TEMP_DEGC>22.700</TEMP_DEGC>
          <AIR_TEMP_DEGC>22.700</AIR_TEMP_DEGC>
          <RH_PRCNT>24.400</RH_PRCNT>
        </DATA>
        <DATA>
          <VOLTS>590.000</VOLTS>
          <CURRNT_NAMP>2.795e-01</CURRNT_NAMP>
          <TIME>2021-09-28 02:27:36</TIME>
          <TEMP_DEGC>22.700</TEMP_DEGC>
          <AIR_TEMP_DEGC>22.700</AIR_TEMP_DEGC>
          <RH_PRCNT>24.400</RH_PRCNT>
        </DATA>
        <DATA>
          <VOLTS>600.000</VOLTS>
          <CURRNT_NAMP>3.439e-01</CURRNT_NAMP>
          <TIME>2021-09-28 02:27:38</TIME>
          <TEMP_DEGC>22.700</TEMP_DEGC>
          <AIR_TEMP_DEGC>22.700</AIR_TEMP_DEGC>
          <RH_PRCNT>24.400</RH_PRCNT>
        </DATA>
        <DATA>
          <VOLTS>610.000</VOLTS>
          <CURRNT_NAMP>3.766e-01</CURRNT_NAMP>
          <TIME>2021-09-28 02:27:40</TIME>
          <TEMP_DEGC>22.700</TEMP_DEGC>
          <AIR_TEMP_DEGC>22.700</AIR_TEMP_DEGC>
          <RH_PRCNT>24.400</RH_PRCNT>
        </DATA>
        <DATA>
          <VOLTS>620.000</VOLTS>
          <CURRNT_NAMP>4.041e-01</CURRNT_NAMP>
          <TIME>2021-09-28 02:27:42</TIME>
          <TEMP_DEGC>22.700</TEMP_DEGC>
          <AIR_TEMP_DEGC>22.700</AIR_TEMP_DEGC>
          <RH_PRCNT>24.400</RH_PRCNT>
        </DATA>
        <DATA>
          <VOLTS>630.000</VOLTS>
          <CURRNT_NAMP>4.721e-01</CURRNT_NAMP>
          <TIME>2021-09-28 02:27:45</TIME>
          <TEMP_DEGC>22.700</TEMP_DEGC>
          <AIR_TEMP_DEGC>22.700</AIR_TEMP_DEGC>
          <RH_PRCNT>24.400</RH_PRCNT>
        </DATA>
        <DATA>
          <VOLTS>640.000</VOLTS>
          <CURRNT_NAMP>5.060e-01</CURRNT_NAMP>
          <TIME>2021-09-28 02:27:47</TIME>
          <TEMP_DEGC>22.700</TEMP_DEGC>
          <AIR_TEMP_DEGC>22.700</AIR_TEMP_DEGC>
          <RH_PRCNT>24.500</RH_PRCNT>
        </DATA>
        <DATA>
          <VOLTS>650.000</VOLTS>
          <CURRNT_NAMP>5.386e-01</CURRNT_NAMP>
          <TIME>2021-09-28 02:27:49</TIME>
          <TEMP_DEGC>22.700</TEMP_DEGC>
          <AIR_TEMP_DEGC>22.700</AIR_TEMP_DEGC>
          <RH_PRCNT>24.400</RH_PRCNT>
        </DATA>
        <DATA>
          <VOLTS>660.000</VOLTS>
          <CURRNT_NAMP>6.674e-01</CURRNT_NAMP>
          <TIME>2021-09-28 02:27:51</TIME>
          <TEMP_DEGC>22.700</TEMP_DEGC>
          <AIR_TEMP_DEGC>22.700</AIR_TEMP_DEGC>
          <RH_PRCNT>24.400</RH_PRCNT>
        </DATA>
        <DATA>
          <VOLTS>670.000</VOLTS>
          <CURRNT_NAMP>7.210e-01</CURRNT_NAMP>
          <TIME>2021-09-28 02:27:53</TIME>
          <TEMP_DEGC>22.700</TEMP_DEGC>
          <AIR_TEMP_DEGC>22.700</AIR_TEMP_DEGC>
          <RH_PRCNT>24.500</RH_PRCNT>
        </DATA>
        <DATA>
          <VOLTS>680.000</VOLTS>
          <CURRNT_NAMP>7.738e-01</CURRNT_NAMP>
          <TIME>2021-09-28 02:27:55</TIME>
          <TEMP_DEGC>22.700</TEMP_DEGC>
          <AIR_TEMP_DEGC>22.700</AIR_TEMP_DEGC>
          <RH_PRCNT>24.400</RH_PRCNT>
        </DATA>
        <DATA>
          <VOLTS>690.000</VOLTS>
          <CURRNT_NAMP>8.666e-01</CURRNT_NAMP>
          <TIME>2021-09-28 02:27:57</TIME>
          <TEMP_DEGC>22.700</TEMP_DEGC>
          <AIR_TEMP_DEGC>22.700</AIR_TEMP_DEGC>
          <RH_PRCNT>24.400</RH_PRCNT>
        </DATA>
        <DATA>
          <VOLTS>700.000</VOLTS>
          <CURRNT_NAMP>9.689e-01</CURRNT_NAMP>
          <TIME>2021-09-28 02:28:00</TIME>
          <TEMP_DEGC>22.700</TEMP_DEGC>
          <AIR_TEMP_DEGC>22.700</AIR_TEMP_DEGC>
          <RH_PRCNT>24.500</RH_PRCNT>
        </DATA>
        <CHILD_DATA_SET>
          <HEADER>
            <TYPE>
              <EXTENSION_TABLE_NAME>HALFMOON_IV_PAR</EXTENSION_TABLE_NAME>
              <NAME>Tracker Halfmoon IV Parameters</NAME>
            </TYPE>
          </HEADER>
          <DATA_SET>
            <COMMENT_DESCRIPTION>Test</COMMENT_DESCRIPTION>
            <VERSION>IV_measurement-004</VERSION>
            <PART>
              <NAME_LABEL>37400_015_2-S_HM_EE</NAME_LABEL>
              <KIND_OF_PART>2S Halfmoon E</KIND_OF_PART>
            </PART>
            <DATA>
              <VBD_V>1000.000</VBD_V>
              <I600_PAMPR>343.854</I600_PAMPR>
              <VI600_NAMPRMM3>0.183</VI600_NAMPRMM3>
            </DATA>
          </DATA_SET>
        </CHILD_DATA_SET>
      </DATA_SET>
    </CHILD_DATA_SET>
  </DATA_SET>
</ROOT>
