<?xml version="1.0"?>
<ROOT>
  <HEADER>
    <TYPE>
      <EXTENSION_TABLE_NAME>HALFMOON_METADATA</EXTENSION_TABLE_NAME>
      <NAME>Tracker Halfmoon Metadata</NAME>
    </TYPE>
    <RUN mode="SEQUENCE_NUMBER" sequence="TRK_OT_RUN_SEQ">
      <RUN_TYPE>PQC</RUN_TYPE>
      <LOCATION>Demokritos</LOCATION>
      <INITIATED_BY_USER>A. Kyriakis</INITIATED_BY_USER>
      <RUN_BEGIN_TIMESTAMP>2021-09-29 09:48:16</RUN_BEGIN_TIMESTAMP>
      <COMMENT_DESCRIPTION>Test</COMMENT_DESCRIPTION>
    </RUN>
  </HEADER>
  <DATA_SET>
    <COMMENT_DESCRIPTION>Metadata with flute and structure</COMMENT_DESCRIPTION>
    <VERSION>v2</VERSION>
    <PART>
      <NAME_LABEL>37400_037_2-S_HM_EE</NAME_LABEL>
      <KIND_OF_PART>2S Halfmoon E</KIND_OF_PART>
    </PART>
    <DATA>
      <KIND_OF_HM_FLUTE_ID>PQC1</KIND_OF_HM_FLUTE_ID>
      <KIND_OF_HM_STRUCT_ID>DIODE_HALF</KIND_OF_HM_STRUCT_ID>
      <KIND_OF_HM_SET_ID>Left</KIND_OF_HM_SET_ID>
      <KIND_OF_HM_CONFIG_ID>Not Used</KIND_OF_HM_CONFIG_ID>
      <EQUIPMENT>HP 4192A</EQUIPMENT>
      <WAITING_TIME_S>0.500</WAITING_TIME_S>
      <AC_FREQ_HZ>1.00e+05</AC_FREQ_HZ>
      <AC_AMPL_V>0.250</AC_AMPL_V>
      <TEMP_SET_DEGC>21.300</TEMP_SET_DEGC>
      <AV_TEMP_DEGC>21.300</AV_TEMP_DEGC>
      <PROCEDURE_TYPE>Diode_CV1</PROCEDURE_TYPE>
      <FILE_NAME>Demokritos_VPX37400_037_2-S_HM_E_Left_PQC3_DiodeHalf_CV.xml</FILE_NAME>
    </DATA>
    <CHILD_DATA_SET>
      <HEADER>
        <TYPE>
          <EXTENSION_TABLE_NAME>TEST_SENSOR_CV</EXTENSION_TABLE_NAME>
          <NAME>Tracker Halfmoon CV Test</NAME>
        </TYPE>
      </HEADER>
      <DATA_SET>
        <COMMENT_DESCRIPTION>Test</COMMENT_DESCRIPTION>
        <VERSION>V2</VERSION>
        <PART>
          <NAME_LABEL>37400_037_2-S_HM_EE</NAME_LABEL>
          <KIND_OF_PART>2S Halfmoon E</KIND_OF_PART>
        </PART>
        <DATA>
          <VOLTS>-0.000</VOLTS>
          <CAPCTNC_PFRD>114.780</CAPCTNC_PFRD>
          <RESSTNC_MOHM>0.024</RESSTNC_MOHM>
          <TIME>2021-09-29 09:48:17</TIME>
          <TEMP_DEGC>21.300</TEMP_DEGC>
          <AIR_TEMP_DEGC>21.300</AIR_TEMP_DEGC>
          <RH_PRCNT>23.000</RH_PRCNT>
        </DATA>
        <DATA>
          <VOLTS>5.000</VOLTS>
          <CAPCTNC_PFRD>20.870</CAPCTNC_PFRD>
          <RESSTNC_MOHM>2.273</RESSTNC_MOHM>
          <TIME>2021-09-29 09:48:19</TIME>
          <TEMP_DEGC>21.300</TEMP_DEGC>
          <AIR_TEMP_DEGC>21.300</AIR_TEMP_DEGC>
          <RH_PRCNT>23.000</RH_PRCNT>
        </DATA>
        <DATA>
          <VOLTS>10.000</VOLTS>
          <CAPCTNC_PFRD>14.735</CAPCTNC_PFRD>
          <RESSTNC_MOHM>7.143</RESSTNC_MOHM>
          <TIME>2021-09-29 09:48:20</TIME>
          <TEMP_DEGC>21.300</TEMP_DEGC>
          <AIR_TEMP_DEGC>21.300</AIR_TEMP_DEGC>
          <RH_PRCNT>23.000</RH_PRCNT>
        </DATA>
        <DATA>
          <VOLTS>15.000</VOLTS>
          <CAPCTNC_PFRD>12.213</CAPCTNC_PFRD>
          <RESSTNC_MOHM>6.711</RESSTNC_MOHM>
          <TIME>2021-09-29 09:48:22</TIME>
          <TEMP_DEGC>21.300</TEMP_DEGC>
          <AIR_TEMP_DEGC>21.300</AIR_TEMP_DEGC>
          <RH_PRCNT>23.000</RH_PRCNT>
        </DATA>
        <DATA>
          <VOLTS>20.000</VOLTS>
          <CAPCTNC_PFRD>10.547</CAPCTNC_PFRD>
          <RESSTNC_MOHM>7.874</RESSTNC_MOHM>
          <TIME>2021-09-29 09:48:23</TIME>
          <TEMP_DEGC>21.300</TEMP_DEGC>
          <AIR_TEMP_DEGC>21.300</AIR_TEMP_DEGC>
          <RH_PRCNT>23.000</RH_PRCNT>
        </DATA>
        <DATA>
          <VOLTS>25.000</VOLTS>
          <CAPCTNC_PFRD>9.355</CAPCTNC_PFRD>
          <RESSTNC_MOHM>8.065</RESSTNC_MOHM>
          <TIME>2021-09-29 09:48:24</TIME>
          <TEMP_DEGC>21.300</TEMP_DEGC>
          <AIR_TEMP_DEGC>21.300</AIR_TEMP_DEGC>
          <RH_PRCNT>23.000</RH_PRCNT>
        </DATA>
        <DATA>
          <VOLTS>30.000</VOLTS>
          <CAPCTNC_PFRD>8.444</CAPCTNC_PFRD>
          <RESSTNC_MOHM>9.174</RESSTNC_MOHM>
          <TIME>2021-09-29 09:48:25</TIME>
          <TEMP_DEGC>21.300</TEMP_DEGC>
          <AIR_TEMP_DEGC>21.300</AIR_TEMP_DEGC>
          <RH_PRCNT>23.000</RH_PRCNT>
        </DATA>
        <DATA>
          <VOLTS>35.000</VOLTS>
          <CAPCTNC_PFRD>7.727</CAPCTNC_PFRD>
          <RESSTNC_MOHM>11.765</RESSTNC_MOHM>
          <TIME>2021-09-29 09:48:26</TIME>
          <TEMP_DEGC>21.300</TEMP_DEGC>
          <AIR_TEMP_DEGC>21.300</AIR_TEMP_DEGC>
          <RH_PRCNT>23.000</RH_PRCNT>
        </DATA>
        <DATA>
          <VOLTS>40.000</VOLTS>
          <CAPCTNC_PFRD>7.005</CAPCTNC_PFRD>
          <RESSTNC_MOHM>21.739</RESSTNC_MOHM>
          <TIME>2021-09-29 09:48:27</TIME>
          <TEMP_DEGC>21.300</TEMP_DEGC>
          <AIR_TEMP_DEGC>21.300</AIR_TEMP_DEGC>
          <RH_PRCNT>23.000</RH_PRCNT>
        </DATA>
        <DATA>
          <VOLTS>45.000</VOLTS>
          <CAPCTNC_PFRD>6.296</CAPCTNC_PFRD>
          <RESSTNC_MOHM>-27.027</RESSTNC_MOHM>
          <TIME>2021-09-29 09:48:28</TIME>
          <TEMP_DEGC>21.300</TEMP_DEGC>
          <AIR_TEMP_DEGC>21.300</AIR_TEMP_DEGC>
          <RH_PRCNT>23.000</RH_PRCNT>
        </DATA>
        <DATA>
          <VOLTS>50.000</VOLTS>
          <CAPCTNC_PFRD>5.778</CAPCTNC_PFRD>
          <RESSTNC_MOHM>-7.937</RESSTNC_MOHM>
          <TIME>2021-09-29 09:48:29</TIME>
          <TEMP_DEGC>21.300</TEMP_DEGC>
          <AIR_TEMP_DEGC>21.300</AIR_TEMP_DEGC>
          <RH_PRCNT>23.000</RH_PRCNT>
        </DATA>
        <DATA>
          <VOLTS>55.000</VOLTS>
          <CAPCTNC_PFRD>5.299</CAPCTNC_PFRD>
          <RESSTNC_MOHM>-6.623</RESSTNC_MOHM>
          <TIME>2021-09-29 09:48:30</TIME>
          <TEMP_DEGC>21.300</TEMP_DEGC>
          <AIR_TEMP_DEGC>21.300</AIR_TEMP_DEGC>
          <RH_PRCNT>23.000</RH_PRCNT>
        </DATA>
        <DATA>
          <VOLTS>60.000</VOLTS>
          <CAPCTNC_PFRD>5.269</CAPCTNC_PFRD>
          <RESSTNC_MOHM>-7.353</RESSTNC_MOHM>
          <TIME>2021-09-29 09:48:32</TIME>
          <TEMP_DEGC>21.300</TEMP_DEGC>
          <AIR_TEMP_DEGC>21.300</AIR_TEMP_DEGC>
          <RH_PRCNT>23.000</RH_PRCNT>
        </DATA>
        <DATA>
          <VOLTS>65.000</VOLTS>
          <CAPCTNC_PFRD>5.252</CAPCTNC_PFRD>
          <RESSTNC_MOHM>-25.641</RESSTNC_MOHM>
          <TIME>2021-09-29 09:48:33</TIME>
          <TEMP_DEGC>21.300</TEMP_DEGC>
          <AIR_TEMP_DEGC>21.300</AIR_TEMP_DEGC>
          <RH_PRCNT>23.000</RH_PRCNT>
        </DATA>
        <DATA>
          <VOLTS>70.000</VOLTS>
          <CAPCTNC_PFRD>5.023</CAPCTNC_PFRD>
          <RESSTNC_MOHM>-21.277</RESSTNC_MOHM>
          <TIME>2021-09-29 09:48:34</TIME>
          <TEMP_DEGC>21.300</TEMP_DEGC>
          <AIR_TEMP_DEGC>21.300</AIR_TEMP_DEGC>
          <RH_PRCNT>23.000</RH_PRCNT>
        </DATA>
        <DATA>
          <VOLTS>75.000</VOLTS>
          <CAPCTNC_PFRD>4.790</CAPCTNC_PFRD>
          <RESSTNC_MOHM>-17.544</RESSTNC_MOHM>
          <TIME>2021-09-29 09:48:35</TIME>
          <TEMP_DEGC>21.300</TEMP_DEGC>
          <AIR_TEMP_DEGC>21.300</AIR_TEMP_DEGC>
          <RH_PRCNT>23.000</RH_PRCNT>
        </DATA>
        <DATA>
          <VOLTS>80.000</VOLTS>
          <CAPCTNC_PFRD>4.649</CAPCTNC_PFRD>
          <RESSTNC_MOHM>-19.231</RESSTNC_MOHM>
          <TIME>2021-09-29 09:48:36</TIME>
          <TEMP_DEGC>21.300</TEMP_DEGC>
          <AIR_TEMP_DEGC>21.300</AIR_TEMP_DEGC>
          <RH_PRCNT>23.000</RH_PRCNT>
        </DATA>
        <DATA>
          <VOLTS>85.000</VOLTS>
          <CAPCTNC_PFRD>4.419</CAPCTNC_PFRD>
          <RESSTNC_MOHM>-14.493</RESSTNC_MOHM>
          <TIME>2021-09-29 09:48:37</TIME>
          <TEMP_DEGC>21.300</TEMP_DEGC>
          <AIR_TEMP_DEGC>21.300</AIR_TEMP_DEGC>
          <RH_PRCNT>23.000</RH_PRCNT>
        </DATA>
        <DATA>
          <VOLTS>90.000</VOLTS>
          <CAPCTNC_PFRD>4.231</CAPCTNC_PFRD>
          <RESSTNC_MOHM>-11.494</RESSTNC_MOHM>
          <TIME>2021-09-29 09:48:38</TIME>
          <TEMP_DEGC>21.300</TEMP_DEGC>
          <AIR_TEMP_DEGC>21.300</AIR_TEMP_DEGC>
          <RH_PRCNT>23.000</RH_PRCNT>
        </DATA>
        <DATA>
          <VOLTS>95.000</VOLTS>
          <CAPCTNC_PFRD>4.106</CAPCTNC_PFRD>
          <RESSTNC_MOHM>-8.772</RESSTNC_MOHM>
          <TIME>2021-09-29 09:48:39</TIME>
          <TEMP_DEGC>21.300</TEMP_DEGC>
          <AIR_TEMP_DEGC>21.300</AIR_TEMP_DEGC>
          <RH_PRCNT>23.000</RH_PRCNT>
        </DATA>
        <DATA>
          <VOLTS>100.000</VOLTS>
          <CAPCTNC_PFRD>3.986</CAPCTNC_PFRD>
          <RESSTNC_MOHM>-10.309</RESSTNC_MOHM>
          <TIME>2021-09-29 09:48:40</TIME>
          <TEMP_DEGC>21.300</TEMP_DEGC>
          <AIR_TEMP_DEGC>21.300</AIR_TEMP_DEGC>
          <RH_PRCNT>23.000</RH_PRCNT>
        </DATA>
        <DATA>
          <VOLTS>105.000</VOLTS>
          <CAPCTNC_PFRD>3.885</CAPCTNC_PFRD>
          <RESSTNC_MOHM>-9.259</RESSTNC_MOHM>
          <TIME>2021-09-29 09:48:41</TIME>
          <TEMP_DEGC>21.300</TEMP_DEGC>
          <AIR_TEMP_DEGC>21.300</AIR_TEMP_DEGC>
          <RH_PRCNT>23.000</RH_PRCNT>
        </DATA>
        <DATA>
          <VOLTS>110.000</VOLTS>
          <CAPCTNC_PFRD>3.806</CAPCTNC_PFRD>
          <RESSTNC_MOHM>-10.989</RESSTNC_MOHM>
          <TIME>2021-09-29 09:48:42</TIME>
          <TEMP_DEGC>21.300</TEMP_DEGC>
          <AIR_TEMP_DEGC>21.300</AIR_TEMP_DEGC>
          <RH_PRCNT>23.000</RH_PRCNT>
        </DATA>
        <DATA>
          <VOLTS>115.000</VOLTS>
          <CAPCTNC_PFRD>3.740</CAPCTNC_PFRD>
          <RESSTNC_MOHM>-8.850</RESSTNC_MOHM>
          <TIME>2021-09-29 09:48:43</TIME>
          <TEMP_DEGC>21.300</TEMP_DEGC>
          <AIR_TEMP_DEGC>21.300</AIR_TEMP_DEGC>
          <RH_PRCNT>23.000</RH_PRCNT>
        </DATA>
        <DATA>
          <VOLTS>120.000</VOLTS>
          <CAPCTNC_PFRD>3.649</CAPCTNC_PFRD>
          <RESSTNC_MOHM>-10.638</RESSTNC_MOHM>
          <TIME>2021-09-29 09:48:44</TIME>
          <TEMP_DEGC>21.300</TEMP_DEGC>
          <AIR_TEMP_DEGC>21.300</AIR_TEMP_DEGC>
          <RH_PRCNT>23.000</RH_PRCNT>
        </DATA>
        <DATA>
          <VOLTS>125.000</VOLTS>
          <CAPCTNC_PFRD>3.621</CAPCTNC_PFRD>
          <RESSTNC_MOHM>-9.804</RESSTNC_MOHM>
          <TIME>2021-09-29 09:48:45</TIME>
          <TEMP_DEGC>21.300</TEMP_DEGC>
          <AIR_TEMP_DEGC>21.300</AIR_TEMP_DEGC>
          <RH_PRCNT>23.000</RH_PRCNT>
        </DATA>
        <DATA>
          <VOLTS>130.000</VOLTS>
          <CAPCTNC_PFRD>3.542</CAPCTNC_PFRD>
          <RESSTNC_MOHM>-8.696</RESSTNC_MOHM>
          <TIME>2021-09-29 09:48:47</TIME>
          <TEMP_DEGC>21.300</TEMP_DEGC>
          <AIR_TEMP_DEGC>21.300</AIR_TEMP_DEGC>
          <RH_PRCNT>23.000</RH_PRCNT>
        </DATA>
        <DATA>
          <VOLTS>135.000</VOLTS>
          <CAPCTNC_PFRD>3.478</CAPCTNC_PFRD>
          <RESSTNC_MOHM>-10.417</RESSTNC_MOHM>
          <TIME>2021-09-29 09:48:48</TIME>
          <TEMP_DEGC>21.300</TEMP_DEGC>
          <AIR_TEMP_DEGC>21.300</AIR_TEMP_DEGC>
          <RH_PRCNT>23.000</RH_PRCNT>
        </DATA>
        <DATA>
          <VOLTS>140.000</VOLTS>
          <CAPCTNC_PFRD>3.416</CAPCTNC_PFRD>
          <RESSTNC_MOHM>-8.333</RESSTNC_MOHM>
          <TIME>2021-09-29 09:48:49</TIME>
          <TEMP_DEGC>21.300</TEMP_DEGC>
          <AIR_TEMP_DEGC>21.300</AIR_TEMP_DEGC>
          <RH_PRCNT>23.000</RH_PRCNT>
        </DATA>
        <DATA>
          <VOLTS>145.000</VOLTS>
          <CAPCTNC_PFRD>3.366</CAPCTNC_PFRD>
          <RESSTNC_MOHM>-12.658</RESSTNC_MOHM>
          <TIME>2021-09-29 09:48:50</TIME>
          <TEMP_DEGC>21.300</TEMP_DEGC>
          <AIR_TEMP_DEGC>21.300</AIR_TEMP_DEGC>
          <RH_PRCNT>23.000</RH_PRCNT>
        </DATA>
        <DATA>
          <VOLTS>150.000</VOLTS>
          <CAPCTNC_PFRD>3.310</CAPCTNC_PFRD>
          <RESSTNC_MOHM>-9.346</RESSTNC_MOHM>
          <TIME>2021-09-29 09:48:51</TIME>
          <TEMP_DEGC>21.300</TEMP_DEGC>
          <AIR_TEMP_DEGC>21.300</AIR_TEMP_DEGC>
          <RH_PRCNT>23.000</RH_PRCNT>
        </DATA>
        <DATA>
          <VOLTS>155.000</VOLTS>
          <CAPCTNC_PFRD>3.273</CAPCTNC_PFRD>
          <RESSTNC_MOHM>-10.417</RESSTNC_MOHM>
          <TIME>2021-09-29 09:48:52</TIME>
          <TEMP_DEGC>21.300</TEMP_DEGC>
          <AIR_TEMP_DEGC>21.300</AIR_TEMP_DEGC>
          <RH_PRCNT>23.000</RH_PRCNT>
        </DATA>
        <DATA>
          <VOLTS>160.000</VOLTS>
          <CAPCTNC_PFRD>3.243</CAPCTNC_PFRD>
          <RESSTNC_MOHM>-9.615</RESSTNC_MOHM>
          <TIME>2021-09-29 09:48:53</TIME>
          <TEMP_DEGC>21.300</TEMP_DEGC>
          <AIR_TEMP_DEGC>21.300</AIR_TEMP_DEGC>
          <RH_PRCNT>23.000</RH_PRCNT>
        </DATA>
        <DATA>
          <VOLTS>165.000</VOLTS>
          <CAPCTNC_PFRD>3.202</CAPCTNC_PFRD>
          <RESSTNC_MOHM>-10.101</RESSTNC_MOHM>
          <TIME>2021-09-29 09:48:54</TIME>
          <TEMP_DEGC>21.300</TEMP_DEGC>
          <AIR_TEMP_DEGC>21.300</AIR_TEMP_DEGC>
          <RH_PRCNT>23.000</RH_PRCNT>
        </DATA>
        <DATA>
          <VOLTS>170.000</VOLTS>
          <CAPCTNC_PFRD>3.124</CAPCTNC_PFRD>
          <RESSTNC_MOHM>-9.091</RESSTNC_MOHM>
          <TIME>2021-09-29 09:48:55</TIME>
          <TEMP_DEGC>21.300</TEMP_DEGC>
          <AIR_TEMP_DEGC>21.300</AIR_TEMP_DEGC>
          <RH_PRCNT>23.000</RH_PRCNT>
        </DATA>
        <DATA>
          <VOLTS>175.000</VOLTS>
          <CAPCTNC_PFRD>3.105</CAPCTNC_PFRD>
          <RESSTNC_MOHM>-9.901</RESSTNC_MOHM>
          <TIME>2021-09-29 09:48:56</TIME>
          <TEMP_DEGC>21.300</TEMP_DEGC>
          <AIR_TEMP_DEGC>21.300</AIR_TEMP_DEGC>
          <RH_PRCNT>23.000</RH_PRCNT>
        </DATA>
        <DATA>
          <VOLTS>180.000</VOLTS>
          <CAPCTNC_PFRD>3.055</CAPCTNC_PFRD>
          <RESSTNC_MOHM>-8.197</RESSTNC_MOHM>
          <TIME>2021-09-29 09:48:57</TIME>
          <TEMP_DEGC>21.300</TEMP_DEGC>
          <AIR_TEMP_DEGC>21.300</AIR_TEMP_DEGC>
          <RH_PRCNT>23.000</RH_PRCNT>
        </DATA>
        <DATA>
          <VOLTS>185.000</VOLTS>
          <CAPCTNC_PFRD>3.040</CAPCTNC_PFRD>
          <RESSTNC_MOHM>-10.204</RESSTNC_MOHM>
          <TIME>2021-09-29 09:48:58</TIME>
          <TEMP_DEGC>21.300</TEMP_DEGC>
          <AIR_TEMP_DEGC>21.300</AIR_TEMP_DEGC>
          <RH_PRCNT>23.000</RH_PRCNT>
        </DATA>
        <DATA>
          <VOLTS>190.000</VOLTS>
          <CAPCTNC_PFRD>3.006</CAPCTNC_PFRD>
          <RESSTNC_MOHM>-10.101</RESSTNC_MOHM>
          <TIME>2021-09-29 09:48:59</TIME>
          <TEMP_DEGC>21.300</TEMP_DEGC>
          <AIR_TEMP_DEGC>21.300</AIR_TEMP_DEGC>
          <RH_PRCNT>23.000</RH_PRCNT>
        </DATA>
        <DATA>
          <VOLTS>195.000</VOLTS>
          <CAPCTNC_PFRD>2.943</CAPCTNC_PFRD>
          <RESSTNC_MOHM>-9.091</RESSTNC_MOHM>
          <TIME>2021-09-29 09:49:00</TIME>
          <TEMP_DEGC>21.300</TEMP_DEGC>
          <AIR_TEMP_DEGC>21.300</AIR_TEMP_DEGC>
          <RH_PRCNT>23.000</RH_PRCNT>
        </DATA>
        <DATA>
          <VOLTS>200.000</VOLTS>
          <CAPCTNC_PFRD>2.945</CAPCTNC_PFRD>
          <RESSTNC_MOHM>-9.615</RESSTNC_MOHM>
          <TIME>2021-09-29 09:49:01</TIME>
          <TEMP_DEGC>21.300</TEMP_DEGC>
          <AIR_TEMP_DEGC>21.300</AIR_TEMP_DEGC>
          <RH_PRCNT>23.000</RH_PRCNT>
        </DATA>
        <DATA>
          <VOLTS>205.000</VOLTS>
          <CAPCTNC_PFRD>2.917</CAPCTNC_PFRD>
          <RESSTNC_MOHM>-8.475</RESSTNC_MOHM>
          <TIME>2021-09-29 09:49:03</TIME>
          <TEMP_DEGC>21.300</TEMP_DEGC>
          <AIR_TEMP_DEGC>21.300</AIR_TEMP_DEGC>
          <RH_PRCNT>23.000</RH_PRCNT>
        </DATA>
        <DATA>
          <VOLTS>210.000</VOLTS>
          <CAPCTNC_PFRD>2.870</CAPCTNC_PFRD>
          <RESSTNC_MOHM>-12.048</RESSTNC_MOHM>
          <TIME>2021-09-29 09:49:04</TIME>
          <TEMP_DEGC>21.300</TEMP_DEGC>
          <AIR_TEMP_DEGC>21.300</AIR_TEMP_DEGC>
          <RH_PRCNT>23.000</RH_PRCNT>
        </DATA>
        <DATA>
          <VOLTS>215.000</VOLTS>
          <CAPCTNC_PFRD>2.866</CAPCTNC_PFRD>
          <RESSTNC_MOHM>-9.615</RESSTNC_MOHM>
          <TIME>2021-09-29 09:49:05</TIME>
          <TEMP_DEGC>21.300</TEMP_DEGC>
          <AIR_TEMP_DEGC>21.300</AIR_TEMP_DEGC>
          <RH_PRCNT>23.000</RH_PRCNT>
        </DATA>
        <DATA>
          <VOLTS>220.000</VOLTS>
          <CAPCTNC_PFRD>2.813</CAPCTNC_PFRD>
          <RESSTNC_MOHM>-10.989</RESSTNC_MOHM>
          <TIME>2021-09-29 09:49:06</TIME>
          <TEMP_DEGC>21.300</TEMP_DEGC>
          <AIR_TEMP_DEGC>21.300</AIR_TEMP_DEGC>
          <RH_PRCNT>23.000</RH_PRCNT>
        </DATA>
        <DATA>
          <VOLTS>225.000</VOLTS>
          <CAPCTNC_PFRD>2.804</CAPCTNC_PFRD>
          <RESSTNC_MOHM>-10.526</RESSTNC_MOHM>
          <TIME>2021-09-29 09:49:07</TIME>
          <TEMP_DEGC>21.300</TEMP_DEGC>
          <AIR_TEMP_DEGC>21.300</AIR_TEMP_DEGC>
          <RH_PRCNT>23.000</RH_PRCNT>
        </DATA>
        <DATA>
          <VOLTS>230.000</VOLTS>
          <CAPCTNC_PFRD>2.774</CAPCTNC_PFRD>
          <RESSTNC_MOHM>-8.696</RESSTNC_MOHM>
          <TIME>2021-09-29 09:49:08</TIME>
          <TEMP_DEGC>21.300</TEMP_DEGC>
          <AIR_TEMP_DEGC>21.300</AIR_TEMP_DEGC>
          <RH_PRCNT>23.000</RH_PRCNT>
        </DATA>
        <DATA>
          <VOLTS>235.000</VOLTS>
          <CAPCTNC_PFRD>2.814</CAPCTNC_PFRD>
          <RESSTNC_MOHM>-9.259</RESSTNC_MOHM>
          <TIME>2021-09-29 09:49:09</TIME>
          <TEMP_DEGC>21.300</TEMP_DEGC>
          <AIR_TEMP_DEGC>21.300</AIR_TEMP_DEGC>
          <RH_PRCNT>23.000</RH_PRCNT>
        </DATA>
        <DATA>
          <VOLTS>240.000</VOLTS>
          <CAPCTNC_PFRD>2.787</CAPCTNC_PFRD>
          <RESSTNC_MOHM>-12.346</RESSTNC_MOHM>
          <TIME>2021-09-29 09:49:10</TIME>
          <TEMP_DEGC>21.300</TEMP_DEGC>
          <AIR_TEMP_DEGC>21.300</AIR_TEMP_DEGC>
          <RH_PRCNT>23.000</RH_PRCNT>
        </DATA>
        <DATA>
          <VOLTS>245.000</VOLTS>
          <CAPCTNC_PFRD>2.787</CAPCTNC_PFRD>
          <RESSTNC_MOHM>-12.346</RESSTNC_MOHM>
          <TIME>2021-09-29 09:49:11</TIME>
          <TEMP_DEGC>21.300</TEMP_DEGC>
          <AIR_TEMP_DEGC>21.300</AIR_TEMP_DEGC>
          <RH_PRCNT>23.000</RH_PRCNT>
        </DATA>
        <DATA>
          <VOLTS>250.000</VOLTS>
          <CAPCTNC_PFRD>2.762</CAPCTNC_PFRD>
          <RESSTNC_MOHM>-9.804</RESSTNC_MOHM>
          <TIME>2021-09-29 09:49:12</TIME>
          <TEMP_DEGC>21.300</TEMP_DEGC>
          <AIR_TEMP_DEGC>21.300</AIR_TEMP_DEGC>
          <RH_PRCNT>23.000</RH_PRCNT>
        </DATA>
        <DATA>
          <VOLTS>255.000</VOLTS>
          <CAPCTNC_PFRD>2.761</CAPCTNC_PFRD>
          <RESSTNC_MOHM>-10.638</RESSTNC_MOHM>
          <TIME>2021-09-29 09:49:13</TIME>
          <TEMP_DEGC>21.300</TEMP_DEGC>
          <AIR_TEMP_DEGC>21.300</AIR_TEMP_DEGC>
          <RH_PRCNT>23.000</RH_PRCNT>
        </DATA>
        <DATA>
          <VOLTS>260.000</VOLTS>
          <CAPCTNC_PFRD>2.777</CAPCTNC_PFRD>
          <RESSTNC_MOHM>-10.870</RESSTNC_MOHM>
          <TIME>2021-09-29 09:49:14</TIME>
          <TEMP_DEGC>21.300</TEMP_DEGC>
          <AIR_TEMP_DEGC>21.300</AIR_TEMP_DEGC>
          <RH_PRCNT>23.000</RH_PRCNT>
        </DATA>
        <DATA>
          <VOLTS>265.000</VOLTS>
          <CAPCTNC_PFRD>2.781</CAPCTNC_PFRD>
          <RESSTNC_MOHM>-11.905</RESSTNC_MOHM>
          <TIME>2021-09-29 09:49:15</TIME>
          <TEMP_DEGC>21.300</TEMP_DEGC>
          <AIR_TEMP_DEGC>21.300</AIR_TEMP_DEGC>
          <RH_PRCNT>23.000</RH_PRCNT>
        </DATA>
        <DATA>
          <VOLTS>270.000</VOLTS>
          <CAPCTNC_PFRD>2.783</CAPCTNC_PFRD>
          <RESSTNC_MOHM>-9.346</RESSTNC_MOHM>
          <TIME>2021-09-29 09:49:16</TIME>
          <TEMP_DEGC>21.300</TEMP_DEGC>
          <AIR_TEMP_DEGC>21.300</AIR_TEMP_DEGC>
          <RH_PRCNT>23.000</RH_PRCNT>
        </DATA>
        <DATA>
          <VOLTS>275.000</VOLTS>
          <CAPCTNC_PFRD>2.785</CAPCTNC_PFRD>
          <RESSTNC_MOHM>-10.526</RESSTNC_MOHM>
          <TIME>2021-09-29 09:49:18</TIME>
          <TEMP_DEGC>21.300</TEMP_DEGC>
          <AIR_TEMP_DEGC>21.300</AIR_TEMP_DEGC>
          <RH_PRCNT>23.000</RH_PRCNT>
        </DATA>
        <DATA>
          <VOLTS>280.000</VOLTS>
          <CAPCTNC_PFRD>2.750</CAPCTNC_PFRD>
          <RESSTNC_MOHM>-11.905</RESSTNC_MOHM>
          <TIME>2021-09-29 09:49:19</TIME>
          <TEMP_DEGC>21.300</TEMP_DEGC>
          <AIR_TEMP_DEGC>21.300</AIR_TEMP_DEGC>
          <RH_PRCNT>23.000</RH_PRCNT>
        </DATA>
        <DATA>
          <VOLTS>285.000</VOLTS>
          <CAPCTNC_PFRD>2.784</CAPCTNC_PFRD>
          <RESSTNC_MOHM>-10.753</RESSTNC_MOHM>
          <TIME>2021-09-29 09:49:20</TIME>
          <TEMP_DEGC>21.300</TEMP_DEGC>
          <AIR_TEMP_DEGC>21.300</AIR_TEMP_DEGC>
          <RH_PRCNT>23.000</RH_PRCNT>
        </DATA>
        <DATA>
          <VOLTS>290.000</VOLTS>
          <CAPCTNC_PFRD>2.781</CAPCTNC_PFRD>
          <RESSTNC_MOHM>-10.870</RESSTNC_MOHM>
          <TIME>2021-09-29 09:49:21</TIME>
          <TEMP_DEGC>21.300</TEMP_DEGC>
          <AIR_TEMP_DEGC>21.300</AIR_TEMP_DEGC>
          <RH_PRCNT>23.000</RH_PRCNT>
        </DATA>
        <DATA>
          <VOLTS>295.000</VOLTS>
          <CAPCTNC_PFRD>2.752</CAPCTNC_PFRD>
          <RESSTNC_MOHM>-9.709</RESSTNC_MOHM>
          <TIME>2021-09-29 09:49:22</TIME>
          <TEMP_DEGC>21.300</TEMP_DEGC>
          <AIR_TEMP_DEGC>21.300</AIR_TEMP_DEGC>
          <RH_PRCNT>23.000</RH_PRCNT>
        </DATA>
        <DATA>
          <VOLTS>300.000</VOLTS>
          <CAPCTNC_PFRD>2.766</CAPCTNC_PFRD>
          <RESSTNC_MOHM>-10.638</RESSTNC_MOHM>
          <TIME>2021-09-29 09:49:23</TIME>
          <TEMP_DEGC>21.300</TEMP_DEGC>
          <AIR_TEMP_DEGC>21.300</AIR_TEMP_DEGC>
          <RH_PRCNT>23.000</RH_PRCNT>
        </DATA>
        <DATA>
          <VOLTS>305.000</VOLTS>
          <CAPCTNC_PFRD>2.760</CAPCTNC_PFRD>
          <RESSTNC_MOHM>-12.048</RESSTNC_MOHM>
          <TIME>2021-09-29 09:49:24</TIME>
          <TEMP_DEGC>21.300</TEMP_DEGC>
          <AIR_TEMP_DEGC>21.300</AIR_TEMP_DEGC>
          <RH_PRCNT>23.000</RH_PRCNT>
        </DATA>
        <DATA>
          <VOLTS>310.000</VOLTS>
          <CAPCTNC_PFRD>2.788</CAPCTNC_PFRD>
          <RESSTNC_MOHM>-9.615</RESSTNC_MOHM>
          <TIME>2021-09-29 09:49:25</TIME>
          <TEMP_DEGC>21.300</TEMP_DEGC>
          <AIR_TEMP_DEGC>21.300</AIR_TEMP_DEGC>
          <RH_PRCNT>23.000</RH_PRCNT>
        </DATA>
        <DATA>
          <VOLTS>315.000</VOLTS>
          <CAPCTNC_PFRD>2.794</CAPCTNC_PFRD>
          <RESSTNC_MOHM>-11.905</RESSTNC_MOHM>
          <TIME>2021-09-29 09:49:26</TIME>
          <TEMP_DEGC>21.300</TEMP_DEGC>
          <AIR_TEMP_DEGC>21.300</AIR_TEMP_DEGC>
          <RH_PRCNT>23.000</RH_PRCNT>
        </DATA>
        <DATA>
          <VOLTS>320.000</VOLTS>
          <CAPCTNC_PFRD>2.773</CAPCTNC_PFRD>
          <RESSTNC_MOHM>-11.236</RESSTNC_MOHM>
          <TIME>2021-09-29 09:49:27</TIME>
          <TEMP_DEGC>21.300</TEMP_DEGC>
          <AIR_TEMP_DEGC>21.300</AIR_TEMP_DEGC>
          <RH_PRCNT>23.000</RH_PRCNT>
        </DATA>
        <DATA>
          <VOLTS>325.000</VOLTS>
          <CAPCTNC_PFRD>2.794</CAPCTNC_PFRD>
          <RESSTNC_MOHM>-10.309</RESSTNC_MOHM>
          <TIME>2021-09-29 09:49:28</TIME>
          <TEMP_DEGC>21.300</TEMP_DEGC>
          <AIR_TEMP_DEGC>21.300</AIR_TEMP_DEGC>
          <RH_PRCNT>23.000</RH_PRCNT>
        </DATA>
        <DATA>
          <VOLTS>330.000</VOLTS>
          <CAPCTNC_PFRD>2.804</CAPCTNC_PFRD>
          <RESSTNC_MOHM>-9.524</RESSTNC_MOHM>
          <TIME>2021-09-29 09:49:29</TIME>
          <TEMP_DEGC>21.300</TEMP_DEGC>
          <AIR_TEMP_DEGC>21.300</AIR_TEMP_DEGC>
          <RH_PRCNT>23.000</RH_PRCNT>
        </DATA>
        <DATA>
          <VOLTS>335.000</VOLTS>
          <CAPCTNC_PFRD>2.783</CAPCTNC_PFRD>
          <RESSTNC_MOHM>-12.987</RESSTNC_MOHM>
          <TIME>2021-09-29 09:49:30</TIME>
          <TEMP_DEGC>21.300</TEMP_DEGC>
          <AIR_TEMP_DEGC>21.300</AIR_TEMP_DEGC>
          <RH_PRCNT>23.000</RH_PRCNT>
        </DATA>
        <DATA>
          <VOLTS>340.000</VOLTS>
          <CAPCTNC_PFRD>2.777</CAPCTNC_PFRD>
          <RESSTNC_MOHM>-15.625</RESSTNC_MOHM>
          <TIME>2021-09-29 09:49:31</TIME>
          <TEMP_DEGC>21.300</TEMP_DEGC>
          <AIR_TEMP_DEGC>21.300</AIR_TEMP_DEGC>
          <RH_PRCNT>23.000</RH_PRCNT>
        </DATA>
        <DATA>
          <VOLTS>345.000</VOLTS>
          <CAPCTNC_PFRD>2.780</CAPCTNC_PFRD>
          <RESSTNC_MOHM>-11.111</RESSTNC_MOHM>
          <TIME>2021-09-29 09:49:33</TIME>
          <TEMP_DEGC>21.300</TEMP_DEGC>
          <AIR_TEMP_DEGC>21.300</AIR_TEMP_DEGC>
          <RH_PRCNT>23.000</RH_PRCNT>
        </DATA>
        <DATA>
          <VOLTS>350.000</VOLTS>
          <CAPCTNC_PFRD>2.790</CAPCTNC_PFRD>
          <RESSTNC_MOHM>-10.526</RESSTNC_MOHM>
          <TIME>2021-09-29 09:49:34</TIME>
          <TEMP_DEGC>21.300</TEMP_DEGC>
          <AIR_TEMP_DEGC>21.300</AIR_TEMP_DEGC>
          <RH_PRCNT>23.000</RH_PRCNT>
        </DATA>
        <DATA>
          <VOLTS>355.000</VOLTS>
          <CAPCTNC_PFRD>2.779</CAPCTNC_PFRD>
          <RESSTNC_MOHM>-10.204</RESSTNC_MOHM>
          <TIME>2021-09-29 09:49:35</TIME>
          <TEMP_DEGC>21.300</TEMP_DEGC>
          <AIR_TEMP_DEGC>21.300</AIR_TEMP_DEGC>
          <RH_PRCNT>23.000</RH_PRCNT>
        </DATA>
        <DATA>
          <VOLTS>360.000</VOLTS>
          <CAPCTNC_PFRD>2.756</CAPCTNC_PFRD>
          <RESSTNC_MOHM>-10.870</RESSTNC_MOHM>
          <TIME>2021-09-29 09:49:36</TIME>
          <TEMP_DEGC>21.300</TEMP_DEGC>
          <AIR_TEMP_DEGC>21.300</AIR_TEMP_DEGC>
          <RH_PRCNT>23.000</RH_PRCNT>
        </DATA>
        <DATA>
          <VOLTS>365.000</VOLTS>
          <CAPCTNC_PFRD>2.808</CAPCTNC_PFRD>
          <RESSTNC_MOHM>-12.500</RESSTNC_MOHM>
          <TIME>2021-09-29 09:49:37</TIME>
          <TEMP_DEGC>21.300</TEMP_DEGC>
          <AIR_TEMP_DEGC>21.300</AIR_TEMP_DEGC>
          <RH_PRCNT>23.000</RH_PRCNT>
        </DATA>
        <DATA>
          <VOLTS>370.000</VOLTS>
          <CAPCTNC_PFRD>2.783</CAPCTNC_PFRD>
          <RESSTNC_MOHM>-10.309</RESSTNC_MOHM>
          <TIME>2021-09-29 09:49:38</TIME>
          <TEMP_DEGC>21.300</TEMP_DEGC>
          <AIR_TEMP_DEGC>21.300</AIR_TEMP_DEGC>
          <RH_PRCNT>23.000</RH_PRCNT>
        </DATA>
        <DATA>
          <VOLTS>375.000</VOLTS>
          <CAPCTNC_PFRD>2.795</CAPCTNC_PFRD>
          <RESSTNC_MOHM>-11.111</RESSTNC_MOHM>
          <TIME>2021-09-29 09:49:39</TIME>
          <TEMP_DEGC>21.300</TEMP_DEGC>
          <AIR_TEMP_DEGC>21.300</AIR_TEMP_DEGC>
          <RH_PRCNT>23.000</RH_PRCNT>
        </DATA>
        <DATA>
          <VOLTS>380.000</VOLTS>
          <CAPCTNC_PFRD>2.792</CAPCTNC_PFRD>
          <RESSTNC_MOHM>-12.987</RESSTNC_MOHM>
          <TIME>2021-09-29 09:49:40</TIME>
          <TEMP_DEGC>21.300</TEMP_DEGC>
          <AIR_TEMP_DEGC>21.300</AIR_TEMP_DEGC>
          <RH_PRCNT>23.000</RH_PRCNT>
        </DATA>
        <DATA>
          <VOLTS>385.000</VOLTS>
          <CAPCTNC_PFRD>2.784</CAPCTNC_PFRD>
          <RESSTNC_MOHM>-11.628</RESSTNC_MOHM>
          <TIME>2021-09-29 09:49:41</TIME>
          <TEMP_DEGC>21.300</TEMP_DEGC>
          <AIR_TEMP_DEGC>21.300</AIR_TEMP_DEGC>
          <RH_PRCNT>23.000</RH_PRCNT>
        </DATA>
        <DATA>
          <VOLTS>390.000</VOLTS>
          <CAPCTNC_PFRD>2.810</CAPCTNC_PFRD>
          <RESSTNC_MOHM>-13.158</RESSTNC_MOHM>
          <TIME>2021-09-29 09:49:42</TIME>
          <TEMP_DEGC>21.300</TEMP_DEGC>
          <AIR_TEMP_DEGC>21.300</AIR_TEMP_DEGC>
          <RH_PRCNT>23.000</RH_PRCNT>
        </DATA>
        <DATA>
          <VOLTS>395.000</VOLTS>
          <CAPCTNC_PFRD>2.812</CAPCTNC_PFRD>
          <RESSTNC_MOHM>-11.765</RESSTNC_MOHM>
          <TIME>2021-09-29 09:49:43</TIME>
          <TEMP_DEGC>21.300</TEMP_DEGC>
          <AIR_TEMP_DEGC>21.300</AIR_TEMP_DEGC>
          <RH_PRCNT>23.000</RH_PRCNT>
        </DATA>
        <DATA>
          <VOLTS>400.000</VOLTS>
          <CAPCTNC_PFRD>2.783</CAPCTNC_PFRD>
          <RESSTNC_MOHM>-11.628</RESSTNC_MOHM>
          <TIME>2021-09-29 09:49:44</TIME>
          <TEMP_DEGC>21.300</TEMP_DEGC>
          <AIR_TEMP_DEGC>21.300</AIR_TEMP_DEGC>
          <RH_PRCNT>22.900</RH_PRCNT>
        </DATA>
        <DATA>
          <VOLTS>405.000</VOLTS>
          <CAPCTNC_PFRD>2.841</CAPCTNC_PFRD>
          <RESSTNC_MOHM>-9.709</RESSTNC_MOHM>
          <TIME>2021-09-29 09:49:45</TIME>
          <TEMP_DEGC>21.300</TEMP_DEGC>
          <AIR_TEMP_DEGC>21.300</AIR_TEMP_DEGC>
          <RH_PRCNT>23.000</RH_PRCNT>
        </DATA>
        <DATA>
          <VOLTS>410.000</VOLTS>
          <CAPCTNC_PFRD>2.801</CAPCTNC_PFRD>
          <RESSTNC_MOHM>-12.195</RESSTNC_MOHM>
          <TIME>2021-09-29 09:49:46</TIME>
          <TEMP_DEGC>21.300</TEMP_DEGC>
          <AIR_TEMP_DEGC>21.300</AIR_TEMP_DEGC>
          <RH_PRCNT>23.000</RH_PRCNT>
        </DATA>
        <DATA>
          <VOLTS>415.000</VOLTS>
          <CAPCTNC_PFRD>2.802</CAPCTNC_PFRD>
          <RESSTNC_MOHM>-11.628</RESSTNC_MOHM>
          <TIME>2021-09-29 09:49:47</TIME>
          <TEMP_DEGC>21.300</TEMP_DEGC>
          <AIR_TEMP_DEGC>21.300</AIR_TEMP_DEGC>
          <RH_PRCNT>22.900</RH_PRCNT>
        </DATA>
        <DATA>
          <VOLTS>420.000</VOLTS>
          <CAPCTNC_PFRD>2.791</CAPCTNC_PFRD>
          <RESSTNC_MOHM>-12.500</RESSTNC_MOHM>
          <TIME>2021-09-29 09:49:49</TIME>
          <TEMP_DEGC>21.300</TEMP_DEGC>
          <AIR_TEMP_DEGC>21.300</AIR_TEMP_DEGC>
          <RH_PRCNT>22.900</RH_PRCNT>
        </DATA>
        <DATA>
          <VOLTS>425.000</VOLTS>
          <CAPCTNC_PFRD>2.806</CAPCTNC_PFRD>
          <RESSTNC_MOHM>-10.000</RESSTNC_MOHM>
          <TIME>2021-09-29 09:49:50</TIME>
          <TEMP_DEGC>21.300</TEMP_DEGC>
          <AIR_TEMP_DEGC>21.300</AIR_TEMP_DEGC>
          <RH_PRCNT>22.900</RH_PRCNT>
        </DATA>
        <DATA>
          <VOLTS>430.000</VOLTS>
          <CAPCTNC_PFRD>2.765</CAPCTNC_PFRD>
          <RESSTNC_MOHM>-11.236</RESSTNC_MOHM>
          <TIME>2021-09-29 09:49:51</TIME>
          <TEMP_DEGC>21.300</TEMP_DEGC>
          <AIR_TEMP_DEGC>21.300</AIR_TEMP_DEGC>
          <RH_PRCNT>22.900</RH_PRCNT>
        </DATA>
        <DATA>
          <VOLTS>435.000</VOLTS>
          <CAPCTNC_PFRD>2.812</CAPCTNC_PFRD>
          <RESSTNC_MOHM>-10.309</RESSTNC_MOHM>
          <TIME>2021-09-29 09:49:52</TIME>
          <TEMP_DEGC>21.300</TEMP_DEGC>
          <AIR_TEMP_DEGC>21.300</AIR_TEMP_DEGC>
          <RH_PRCNT>22.900</RH_PRCNT>
        </DATA>
        <DATA>
          <VOLTS>440.000</VOLTS>
          <CAPCTNC_PFRD>2.776</CAPCTNC_PFRD>
          <RESSTNC_MOHM>-10.638</RESSTNC_MOHM>
          <TIME>2021-09-29 09:49:53</TIME>
          <TEMP_DEGC>21.300</TEMP_DEGC>
          <AIR_TEMP_DEGC>21.300</AIR_TEMP_DEGC>
          <RH_PRCNT>22.900</RH_PRCNT>
        </DATA>
        <DATA>
          <VOLTS>445.000</VOLTS>
          <CAPCTNC_PFRD>2.799</CAPCTNC_PFRD>
          <RESSTNC_MOHM>-10.417</RESSTNC_MOHM>
          <TIME>2021-09-29 09:49:54</TIME>
          <TEMP_DEGC>21.300</TEMP_DEGC>
          <AIR_TEMP_DEGC>21.300</AIR_TEMP_DEGC>
          <RH_PRCNT>22.900</RH_PRCNT>
        </DATA>
        <DATA>
          <VOLTS>450.000</VOLTS>
          <CAPCTNC_PFRD>2.796</CAPCTNC_PFRD>
          <RESSTNC_MOHM>-13.158</RESSTNC_MOHM>
          <TIME>2021-09-29 09:49:55</TIME>
          <TEMP_DEGC>21.300</TEMP_DEGC>
          <AIR_TEMP_DEGC>21.300</AIR_TEMP_DEGC>
          <RH_PRCNT>22.900</RH_PRCNT>
        </DATA>
        <DATA>
          <VOLTS>455.000</VOLTS>
          <CAPCTNC_PFRD>2.784</CAPCTNC_PFRD>
          <RESSTNC_MOHM>-13.158</RESSTNC_MOHM>
          <TIME>2021-09-29 09:49:56</TIME>
          <TEMP_DEGC>21.300</TEMP_DEGC>
          <AIR_TEMP_DEGC>21.300</AIR_TEMP_DEGC>
          <RH_PRCNT>22.900</RH_PRCNT>
        </DATA>
        <DATA>
          <VOLTS>460.000</VOLTS>
          <CAPCTNC_PFRD>2.832</CAPCTNC_PFRD>
          <RESSTNC_MOHM>-13.333</RESSTNC_MOHM>
          <TIME>2021-09-29 09:49:57</TIME>
          <TEMP_DEGC>21.300</TEMP_DEGC>
          <AIR_TEMP_DEGC>21.300</AIR_TEMP_DEGC>
          <RH_PRCNT>22.900</RH_PRCNT>
        </DATA>
        <DATA>
          <VOLTS>465.000</VOLTS>
          <CAPCTNC_PFRD>2.760</CAPCTNC_PFRD>
          <RESSTNC_MOHM>-10.000</RESSTNC_MOHM>
          <TIME>2021-09-29 09:49:58</TIME>
          <TEMP_DEGC>21.300</TEMP_DEGC>
          <AIR_TEMP_DEGC>21.300</AIR_TEMP_DEGC>
          <RH_PRCNT>22.900</RH_PRCNT>
        </DATA>
        <DATA>
          <VOLTS>470.000</VOLTS>
          <CAPCTNC_PFRD>2.789</CAPCTNC_PFRD>
          <RESSTNC_MOHM>-12.500</RESSTNC_MOHM>
          <TIME>2021-09-29 09:49:59</TIME>
          <TEMP_DEGC>21.300</TEMP_DEGC>
          <AIR_TEMP_DEGC>21.300</AIR_TEMP_DEGC>
          <RH_PRCNT>22.900</RH_PRCNT>
        </DATA>
        <DATA>
          <VOLTS>475.000</VOLTS>
          <CAPCTNC_PFRD>2.777</CAPCTNC_PFRD>
          <RESSTNC_MOHM>-12.987</RESSTNC_MOHM>
          <TIME>2021-09-29 09:50:00</TIME>
          <TEMP_DEGC>21.300</TEMP_DEGC>
          <AIR_TEMP_DEGC>21.300</AIR_TEMP_DEGC>
          <RH_PRCNT>22.900</RH_PRCNT>
        </DATA>
        <DATA>
          <VOLTS>480.000</VOLTS>
          <CAPCTNC_PFRD>2.791</CAPCTNC_PFRD>
          <RESSTNC_MOHM>-10.204</RESSTNC_MOHM>
          <TIME>2021-09-29 09:50:01</TIME>
          <TEMP_DEGC>21.300</TEMP_DEGC>
          <AIR_TEMP_DEGC>21.300</AIR_TEMP_DEGC>
          <RH_PRCNT>22.900</RH_PRCNT>
        </DATA>
        <DATA>
          <VOLTS>485.000</VOLTS>
          <CAPCTNC_PFRD>2.812</CAPCTNC_PFRD>
          <RESSTNC_MOHM>-9.804</RESSTNC_MOHM>
          <TIME>2021-09-29 09:50:02</TIME>
          <TEMP_DEGC>21.300</TEMP_DEGC>
          <AIR_TEMP_DEGC>21.300</AIR_TEMP_DEGC>
          <RH_PRCNT>22.900</RH_PRCNT>
        </DATA>
        <DATA>
          <VOLTS>490.000</VOLTS>
          <CAPCTNC_PFRD>2.799</CAPCTNC_PFRD>
          <RESSTNC_MOHM>-11.364</RESSTNC_MOHM>
          <TIME>2021-09-29 09:50:04</TIME>
          <TEMP_DEGC>21.300</TEMP_DEGC>
          <AIR_TEMP_DEGC>21.300</AIR_TEMP_DEGC>
          <RH_PRCNT>22.900</RH_PRCNT>
        </DATA>
        <DATA>
          <VOLTS>495.000</VOLTS>
          <CAPCTNC_PFRD>2.841</CAPCTNC_PFRD>
          <RESSTNC_MOHM>-10.753</RESSTNC_MOHM>
          <TIME>2021-09-29 09:50:05</TIME>
          <TEMP_DEGC>21.300</TEMP_DEGC>
          <AIR_TEMP_DEGC>21.300</AIR_TEMP_DEGC>
          <RH_PRCNT>22.900</RH_PRCNT>
        </DATA>
        <DATA>
          <VOLTS>500.000</VOLTS>
          <CAPCTNC_PFRD>2.760</CAPCTNC_PFRD>
          <RESSTNC_MOHM>-11.628</RESSTNC_MOHM>
          <TIME>2021-09-29 09:50:06</TIME>
          <TEMP_DEGC>21.300</TEMP_DEGC>
          <AIR_TEMP_DEGC>21.300</AIR_TEMP_DEGC>
          <RH_PRCNT>22.900</RH_PRCNT>
        </DATA>
        <CHILD_DATA_SET>
          <HEADER>
            <TYPE>
              <EXTENSION_TABLE_NAME>HALFMOON_CV_PAR</EXTENSION_TABLE_NAME>
              <NAME>Tracker Halfmoon CV Parameters</NAME>
            </TYPE>
          </HEADER>
          <DATA_SET>
            <COMMENT_DESCRIPTION>Test</COMMENT_DESCRIPTION>
            <VERSION>CV_measurement-004</VERSION>
            <PART>
              <NAME_LABEL>37400_037_2-S_HM_EE</NAME_LABEL>
              <KIND_OF_PART>2S Halfmoon E</KIND_OF_PART>
            </PART>
            <DATA>
              <VD_V>215.520</VD_V>
              <CMIN_PFRD>2.791</CMIN_PFRD>
              <RHO_KOHMCM>3.934</RHO_KOHMCM>
              <NA>5.088e+12</NA>
              <D_UM>2.316e+02</D_UM>
            </DATA>
          </DATA_SET>
        </CHILD_DATA_SET>
      </DATA_SET>
    </CHILD_DATA_SET>
  </DATA_SET>
</ROOT>
