<?xml version="1.0"?>
<ROOT>
  <HEADER>
    <TYPE>
      <EXTENSION_TABLE_NAME>HALFMOON_METADATA</EXTENSION_TABLE_NAME>
      <NAME>Tracker Halfmoon Metadata</NAME>
    </TYPE>
    <RUN mode="SEQUENCE_NUMBER" sequence="TRK_OT_RUN_SEQ">
      <RUN_TYPE>PQC</RUN_TYPE>
      <LOCATION>Demokritos</LOCATION>
      <INITIATED_BY_USER>A. Kyriakis</INITIATED_BY_USER>
      <RUN_BEGIN_TIMESTAMP>2021-09-28 15:13:40</RUN_BEGIN_TIMESTAMP>
      <COMMENT_DESCRIPTION>Test</COMMENT_DESCRIPTION>
    </RUN>
  </HEADER>
  <DATA_SET>
    <COMMENT_DESCRIPTION>Metadata with flute and structure</COMMENT_DESCRIPTION>
    <VERSION>v2</VERSION>
    <PART>
      <NAME_LABEL>37400_027_2-S_HM_EE</NAME_LABEL>
      <KIND_OF_PART>2S Halfmoon E</KIND_OF_PART>
    </PART>
    <DATA>
      <KIND_OF_HM_FLUTE_ID>PQC1</KIND_OF_HM_FLUTE_ID>
      <KIND_OF_HM_STRUCT_ID>DIODE_HALF</KIND_OF_HM_STRUCT_ID>
      <KIND_OF_HM_SET_ID>Left</KIND_OF_HM_SET_ID>
      <KIND_OF_HM_CONFIG_ID>Not Used</KIND_OF_HM_CONFIG_ID>
      <EQUIPMENT>HP 4192A</EQUIPMENT>
      <WAITING_TIME_S>0.500</WAITING_TIME_S>
      <AC_FREQ_HZ>1.00e+05</AC_FREQ_HZ>
      <AC_AMPL_V>0.250</AC_AMPL_V>
      <TEMP_SET_DEGC>22.700</TEMP_SET_DEGC>
      <AV_TEMP_DEGC>22.700</AV_TEMP_DEGC>
      <PROCEDURE_TYPE>Diode_CV1</PROCEDURE_TYPE>
      <FILE_NAME>Demokritos_VPX37400_027_2-S_HM_E_Left_PQC3_DiodeHalf_CV.xml</FILE_NAME>
    </DATA>
    <CHILD_DATA_SET>
      <HEADER>
        <TYPE>
          <EXTENSION_TABLE_NAME>TEST_SENSOR_CV</EXTENSION_TABLE_NAME>
          <NAME>Tracker Halfmoon CV Test</NAME>
        </TYPE>
      </HEADER>
      <DATA_SET>
        <COMMENT_DESCRIPTION>Test</COMMENT_DESCRIPTION>
        <VERSION>V2</VERSION>
        <PART>
          <NAME_LABEL>37400_027_2-S_HM_EE</NAME_LABEL>
          <KIND_OF_PART>2S Halfmoon E</KIND_OF_PART>
        </PART>
        <DATA>
          <VOLTS>-0.000</VOLTS>
          <CAPCTNC_PFRD>117.340</CAPCTNC_PFRD>
          <RESSTNC_MOHM>0.028</RESSTNC_MOHM>
          <TIME>2021-09-28 03:13:41</TIME>
          <TEMP_DEGC>22.700</TEMP_DEGC>
          <AIR_TEMP_DEGC>22.700</AIR_TEMP_DEGC>
          <RH_PRCNT>24.200</RH_PRCNT>
        </DATA>
        <DATA>
          <VOLTS>5.000</VOLTS>
          <CAPCTNC_PFRD>31.830</CAPCTNC_PFRD>
          <RESSTNC_MOHM>0.585</RESSTNC_MOHM>
          <TIME>2021-09-28 03:13:43</TIME>
          <TEMP_DEGC>22.700</TEMP_DEGC>
          <AIR_TEMP_DEGC>22.700</AIR_TEMP_DEGC>
          <RH_PRCNT>24.200</RH_PRCNT>
        </DATA>
        <DATA>
          <VOLTS>10.000</VOLTS>
          <CAPCTNC_PFRD>23.870</CAPCTNC_PFRD>
          <RESSTNC_MOHM>0.637</RESSTNC_MOHM>
          <TIME>2021-09-28 03:13:44</TIME>
          <TEMP_DEGC>22.700</TEMP_DEGC>
          <AIR_TEMP_DEGC>22.700</AIR_TEMP_DEGC>
          <RH_PRCNT>24.200</RH_PRCNT>
        </DATA>
        <DATA>
          <VOLTS>15.000</VOLTS>
          <CAPCTNC_PFRD>19.250</CAPCTNC_PFRD>
          <RESSTNC_MOHM>0.926</RESSTNC_MOHM>
          <TIME>2021-09-28 03:13:45</TIME>
          <TEMP_DEGC>22.700</TEMP_DEGC>
          <AIR_TEMP_DEGC>22.700</AIR_TEMP_DEGC>
          <RH_PRCNT>24.200</RH_PRCNT>
        </DATA>
        <DATA>
          <VOLTS>20.000</VOLTS>
          <CAPCTNC_PFRD>16.530</CAPCTNC_PFRD>
          <RESSTNC_MOHM>1.220</RESSTNC_MOHM>
          <TIME>2021-09-28 03:13:46</TIME>
          <TEMP_DEGC>22.700</TEMP_DEGC>
          <AIR_TEMP_DEGC>22.700</AIR_TEMP_DEGC>
          <RH_PRCNT>24.200</RH_PRCNT>
        </DATA>
        <DATA>
          <VOLTS>25.000</VOLTS>
          <CAPCTNC_PFRD>14.310</CAPCTNC_PFRD>
          <RESSTNC_MOHM>2.045</RESSTNC_MOHM>
          <TIME>2021-09-28 03:13:47</TIME>
          <TEMP_DEGC>22.700</TEMP_DEGC>
          <AIR_TEMP_DEGC>22.700</AIR_TEMP_DEGC>
          <RH_PRCNT>24.200</RH_PRCNT>
        </DATA>
        <DATA>
          <VOLTS>30.000</VOLTS>
          <CAPCTNC_PFRD>12.613</CAPCTNC_PFRD>
          <RESSTNC_MOHM>2.874</RESSTNC_MOHM>
          <TIME>2021-09-28 03:13:49</TIME>
          <TEMP_DEGC>22.700</TEMP_DEGC>
          <AIR_TEMP_DEGC>22.700</AIR_TEMP_DEGC>
          <RH_PRCNT>24.200</RH_PRCNT>
        </DATA>
        <DATA>
          <VOLTS>35.000</VOLTS>
          <CAPCTNC_PFRD>10.900</CAPCTNC_PFRD>
          <RESSTNC_MOHM>9.174</RESSTNC_MOHM>
          <TIME>2021-09-28 03:13:50</TIME>
          <TEMP_DEGC>22.700</TEMP_DEGC>
          <AIR_TEMP_DEGC>22.700</AIR_TEMP_DEGC>
          <RH_PRCNT>24.200</RH_PRCNT>
        </DATA>
        <DATA>
          <VOLTS>40.000</VOLTS>
          <CAPCTNC_PFRD>8.980</CAPCTNC_PFRD>
          <RESSTNC_MOHM>-3.030</RESSTNC_MOHM>
          <TIME>2021-09-28 03:13:51</TIME>
          <TEMP_DEGC>22.700</TEMP_DEGC>
          <AIR_TEMP_DEGC>22.700</AIR_TEMP_DEGC>
          <RH_PRCNT>24.200</RH_PRCNT>
        </DATA>
        <DATA>
          <VOLTS>45.000</VOLTS>
          <CAPCTNC_PFRD>6.567</CAPCTNC_PFRD>
          <RESSTNC_MOHM>-0.595</RESSTNC_MOHM>
          <TIME>2021-09-28 03:13:52</TIME>
          <TEMP_DEGC>22.700</TEMP_DEGC>
          <AIR_TEMP_DEGC>22.700</AIR_TEMP_DEGC>
          <RH_PRCNT>24.200</RH_PRCNT>
        </DATA>
        <DATA>
          <VOLTS>50.000</VOLTS>
          <CAPCTNC_PFRD>5.609</CAPCTNC_PFRD>
          <RESSTNC_MOHM>-5.181</RESSTNC_MOHM>
          <TIME>2021-09-28 03:13:53</TIME>
          <TEMP_DEGC>22.700</TEMP_DEGC>
          <AIR_TEMP_DEGC>22.700</AIR_TEMP_DEGC>
          <RH_PRCNT>24.200</RH_PRCNT>
        </DATA>
        <DATA>
          <VOLTS>55.000</VOLTS>
          <CAPCTNC_PFRD>5.437</CAPCTNC_PFRD>
          <RESSTNC_MOHM>-4.673</RESSTNC_MOHM>
          <TIME>2021-09-28 03:13:54</TIME>
          <TEMP_DEGC>22.700</TEMP_DEGC>
          <AIR_TEMP_DEGC>22.700</AIR_TEMP_DEGC>
          <RH_PRCNT>24.200</RH_PRCNT>
        </DATA>
        <DATA>
          <VOLTS>60.000</VOLTS>
          <CAPCTNC_PFRD>5.392</CAPCTNC_PFRD>
          <RESSTNC_MOHM>-9.615</RESSTNC_MOHM>
          <TIME>2021-09-28 03:13:56</TIME>
          <TEMP_DEGC>22.700</TEMP_DEGC>
          <AIR_TEMP_DEGC>22.700</AIR_TEMP_DEGC>
          <RH_PRCNT>24.200</RH_PRCNT>
        </DATA>
        <DATA>
          <VOLTS>65.000</VOLTS>
          <CAPCTNC_PFRD>5.160</CAPCTNC_PFRD>
          <RESSTNC_MOHM>-9.091</RESSTNC_MOHM>
          <TIME>2021-09-28 03:13:57</TIME>
          <TEMP_DEGC>22.700</TEMP_DEGC>
          <AIR_TEMP_DEGC>22.700</AIR_TEMP_DEGC>
          <RH_PRCNT>24.200</RH_PRCNT>
        </DATA>
        <DATA>
          <VOLTS>70.000</VOLTS>
          <CAPCTNC_PFRD>4.938</CAPCTNC_PFRD>
          <RESSTNC_MOHM>-12.987</RESSTNC_MOHM>
          <TIME>2021-09-28 03:13:58</TIME>
          <TEMP_DEGC>22.700</TEMP_DEGC>
          <AIR_TEMP_DEGC>22.700</AIR_TEMP_DEGC>
          <RH_PRCNT>24.200</RH_PRCNT>
        </DATA>
        <DATA>
          <VOLTS>75.000</VOLTS>
          <CAPCTNC_PFRD>4.699</CAPCTNC_PFRD>
          <RESSTNC_MOHM>-12.195</RESSTNC_MOHM>
          <TIME>2021-09-28 03:13:59</TIME>
          <TEMP_DEGC>22.700</TEMP_DEGC>
          <AIR_TEMP_DEGC>22.700</AIR_TEMP_DEGC>
          <RH_PRCNT>24.200</RH_PRCNT>
        </DATA>
        <DATA>
          <VOLTS>80.000</VOLTS>
          <CAPCTNC_PFRD>4.432</CAPCTNC_PFRD>
          <RESSTNC_MOHM>-6.803</RESSTNC_MOHM>
          <TIME>2021-09-28 03:14:00</TIME>
          <TEMP_DEGC>22.700</TEMP_DEGC>
          <AIR_TEMP_DEGC>22.700</AIR_TEMP_DEGC>
          <RH_PRCNT>24.200</RH_PRCNT>
        </DATA>
        <DATA>
          <VOLTS>85.000</VOLTS>
          <CAPCTNC_PFRD>4.307</CAPCTNC_PFRD>
          <RESSTNC_MOHM>-9.524</RESSTNC_MOHM>
          <TIME>2021-09-28 03:14:01</TIME>
          <TEMP_DEGC>22.700</TEMP_DEGC>
          <AIR_TEMP_DEGC>22.700</AIR_TEMP_DEGC>
          <RH_PRCNT>24.200</RH_PRCNT>
        </DATA>
        <DATA>
          <VOLTS>90.000</VOLTS>
          <CAPCTNC_PFRD>4.144</CAPCTNC_PFRD>
          <RESSTNC_MOHM>-6.944</RESSTNC_MOHM>
          <TIME>2021-09-28 03:14:02</TIME>
          <TEMP_DEGC>22.700</TEMP_DEGC>
          <AIR_TEMP_DEGC>22.700</AIR_TEMP_DEGC>
          <RH_PRCNT>24.200</RH_PRCNT>
        </DATA>
        <DATA>
          <VOLTS>95.000</VOLTS>
          <CAPCTNC_PFRD>4.072</CAPCTNC_PFRD>
          <RESSTNC_MOHM>-6.369</RESSTNC_MOHM>
          <TIME>2021-09-28 03:14:03</TIME>
          <TEMP_DEGC>22.700</TEMP_DEGC>
          <AIR_TEMP_DEGC>22.700</AIR_TEMP_DEGC>
          <RH_PRCNT>24.200</RH_PRCNT>
        </DATA>
        <DATA>
          <VOLTS>100.000</VOLTS>
          <CAPCTNC_PFRD>3.990</CAPCTNC_PFRD>
          <RESSTNC_MOHM>-11.628</RESSTNC_MOHM>
          <TIME>2021-09-28 03:14:04</TIME>
          <TEMP_DEGC>22.700</TEMP_DEGC>
          <AIR_TEMP_DEGC>22.700</AIR_TEMP_DEGC>
          <RH_PRCNT>24.200</RH_PRCNT>
        </DATA>
        <DATA>
          <VOLTS>105.000</VOLTS>
          <CAPCTNC_PFRD>3.877</CAPCTNC_PFRD>
          <RESSTNC_MOHM>-9.174</RESSTNC_MOHM>
          <TIME>2021-09-28 03:14:05</TIME>
          <TEMP_DEGC>22.700</TEMP_DEGC>
          <AIR_TEMP_DEGC>22.700</AIR_TEMP_DEGC>
          <RH_PRCNT>24.200</RH_PRCNT>
        </DATA>
        <DATA>
          <VOLTS>110.000</VOLTS>
          <CAPCTNC_PFRD>3.799</CAPCTNC_PFRD>
          <RESSTNC_MOHM>-9.615</RESSTNC_MOHM>
          <TIME>2021-09-28 03:14:06</TIME>
          <TEMP_DEGC>22.700</TEMP_DEGC>
          <AIR_TEMP_DEGC>22.700</AIR_TEMP_DEGC>
          <RH_PRCNT>24.200</RH_PRCNT>
        </DATA>
        <DATA>
          <VOLTS>115.000</VOLTS>
          <CAPCTNC_PFRD>3.775</CAPCTNC_PFRD>
          <RESSTNC_MOHM>-11.236</RESSTNC_MOHM>
          <TIME>2021-09-28 03:14:07</TIME>
          <TEMP_DEGC>22.700</TEMP_DEGC>
          <AIR_TEMP_DEGC>22.700</AIR_TEMP_DEGC>
          <RH_PRCNT>24.200</RH_PRCNT>
        </DATA>
        <DATA>
          <VOLTS>120.000</VOLTS>
          <CAPCTNC_PFRD>3.641</CAPCTNC_PFRD>
          <RESSTNC_MOHM>-12.195</RESSTNC_MOHM>
          <TIME>2021-09-28 03:14:08</TIME>
          <TEMP_DEGC>22.700</TEMP_DEGC>
          <AIR_TEMP_DEGC>22.700</AIR_TEMP_DEGC>
          <RH_PRCNT>24.200</RH_PRCNT>
        </DATA>
        <DATA>
          <VOLTS>125.000</VOLTS>
          <CAPCTNC_PFRD>3.618</CAPCTNC_PFRD>
          <RESSTNC_MOHM>-10.417</RESSTNC_MOHM>
          <TIME>2021-09-28 03:14:09</TIME>
          <TEMP_DEGC>22.700</TEMP_DEGC>
          <AIR_TEMP_DEGC>22.700</AIR_TEMP_DEGC>
          <RH_PRCNT>24.200</RH_PRCNT>
        </DATA>
        <DATA>
          <VOLTS>130.000</VOLTS>
          <CAPCTNC_PFRD>3.581</CAPCTNC_PFRD>
          <RESSTNC_MOHM>-12.821</RESSTNC_MOHM>
          <TIME>2021-09-28 03:14:11</TIME>
          <TEMP_DEGC>22.700</TEMP_DEGC>
          <AIR_TEMP_DEGC>22.700</AIR_TEMP_DEGC>
          <RH_PRCNT>24.200</RH_PRCNT>
        </DATA>
        <DATA>
          <VOLTS>135.000</VOLTS>
          <CAPCTNC_PFRD>3.491</CAPCTNC_PFRD>
          <RESSTNC_MOHM>-8.475</RESSTNC_MOHM>
          <TIME>2021-09-28 03:14:12</TIME>
          <TEMP_DEGC>22.700</TEMP_DEGC>
          <AIR_TEMP_DEGC>22.700</AIR_TEMP_DEGC>
          <RH_PRCNT>24.200</RH_PRCNT>
        </DATA>
        <DATA>
          <VOLTS>140.000</VOLTS>
          <CAPCTNC_PFRD>3.395</CAPCTNC_PFRD>
          <RESSTNC_MOHM>-13.514</RESSTNC_MOHM>
          <TIME>2021-09-28 03:14:13</TIME>
          <TEMP_DEGC>22.700</TEMP_DEGC>
          <AIR_TEMP_DEGC>22.700</AIR_TEMP_DEGC>
          <RH_PRCNT>24.200</RH_PRCNT>
        </DATA>
        <DATA>
          <VOLTS>145.000</VOLTS>
          <CAPCTNC_PFRD>3.393</CAPCTNC_PFRD>
          <RESSTNC_MOHM>-10.526</RESSTNC_MOHM>
          <TIME>2021-09-28 03:14:14</TIME>
          <TEMP_DEGC>22.700</TEMP_DEGC>
          <AIR_TEMP_DEGC>22.700</AIR_TEMP_DEGC>
          <RH_PRCNT>24.200</RH_PRCNT>
        </DATA>
        <DATA>
          <VOLTS>150.000</VOLTS>
          <CAPCTNC_PFRD>3.377</CAPCTNC_PFRD>
          <RESSTNC_MOHM>-12.195</RESSTNC_MOHM>
          <TIME>2021-09-28 03:14:15</TIME>
          <TEMP_DEGC>22.700</TEMP_DEGC>
          <AIR_TEMP_DEGC>22.700</AIR_TEMP_DEGC>
          <RH_PRCNT>24.200</RH_PRCNT>
        </DATA>
        <DATA>
          <VOLTS>155.000</VOLTS>
          <CAPCTNC_PFRD>3.323</CAPCTNC_PFRD>
          <RESSTNC_MOHM>-8.929</RESSTNC_MOHM>
          <TIME>2021-09-28 03:14:16</TIME>
          <TEMP_DEGC>22.700</TEMP_DEGC>
          <AIR_TEMP_DEGC>22.700</AIR_TEMP_DEGC>
          <RH_PRCNT>24.200</RH_PRCNT>
        </DATA>
        <DATA>
          <VOLTS>160.000</VOLTS>
          <CAPCTNC_PFRD>3.248</CAPCTNC_PFRD>
          <RESSTNC_MOHM>-10.309</RESSTNC_MOHM>
          <TIME>2021-09-28 03:14:17</TIME>
          <TEMP_DEGC>22.700</TEMP_DEGC>
          <AIR_TEMP_DEGC>22.700</AIR_TEMP_DEGC>
          <RH_PRCNT>24.200</RH_PRCNT>
        </DATA>
        <DATA>
          <VOLTS>165.000</VOLTS>
          <CAPCTNC_PFRD>3.173</CAPCTNC_PFRD>
          <RESSTNC_MOHM>-11.494</RESSTNC_MOHM>
          <TIME>2021-09-28 03:14:18</TIME>
          <TEMP_DEGC>22.700</TEMP_DEGC>
          <AIR_TEMP_DEGC>22.700</AIR_TEMP_DEGC>
          <RH_PRCNT>24.200</RH_PRCNT>
        </DATA>
        <DATA>
          <VOLTS>170.000</VOLTS>
          <CAPCTNC_PFRD>3.195</CAPCTNC_PFRD>
          <RESSTNC_MOHM>-11.905</RESSTNC_MOHM>
          <TIME>2021-09-28 03:14:19</TIME>
          <TEMP_DEGC>22.700</TEMP_DEGC>
          <AIR_TEMP_DEGC>22.700</AIR_TEMP_DEGC>
          <RH_PRCNT>24.200</RH_PRCNT>
        </DATA>
        <DATA>
          <VOLTS>175.000</VOLTS>
          <CAPCTNC_PFRD>3.142</CAPCTNC_PFRD>
          <RESSTNC_MOHM>-10.753</RESSTNC_MOHM>
          <TIME>2021-09-28 03:14:20</TIME>
          <TEMP_DEGC>22.700</TEMP_DEGC>
          <AIR_TEMP_DEGC>22.700</AIR_TEMP_DEGC>
          <RH_PRCNT>24.200</RH_PRCNT>
        </DATA>
        <DATA>
          <VOLTS>180.000</VOLTS>
          <CAPCTNC_PFRD>3.090</CAPCTNC_PFRD>
          <RESSTNC_MOHM>-8.621</RESSTNC_MOHM>
          <TIME>2021-09-28 03:14:21</TIME>
          <TEMP_DEGC>22.700</TEMP_DEGC>
          <AIR_TEMP_DEGC>22.700</AIR_TEMP_DEGC>
          <RH_PRCNT>24.200</RH_PRCNT>
        </DATA>
        <DATA>
          <VOLTS>185.000</VOLTS>
          <CAPCTNC_PFRD>3.081</CAPCTNC_PFRD>
          <RESSTNC_MOHM>-10.417</RESSTNC_MOHM>
          <TIME>2021-09-28 03:14:22</TIME>
          <TEMP_DEGC>22.700</TEMP_DEGC>
          <AIR_TEMP_DEGC>22.700</AIR_TEMP_DEGC>
          <RH_PRCNT>24.200</RH_PRCNT>
        </DATA>
        <DATA>
          <VOLTS>190.000</VOLTS>
          <CAPCTNC_PFRD>3.056</CAPCTNC_PFRD>
          <RESSTNC_MOHM>-9.901</RESSTNC_MOHM>
          <TIME>2021-09-28 03:14:23</TIME>
          <TEMP_DEGC>22.700</TEMP_DEGC>
          <AIR_TEMP_DEGC>22.700</AIR_TEMP_DEGC>
          <RH_PRCNT>24.200</RH_PRCNT>
        </DATA>
        <DATA>
          <VOLTS>195.000</VOLTS>
          <CAPCTNC_PFRD>3.015</CAPCTNC_PFRD>
          <RESSTNC_MOHM>-11.364</RESSTNC_MOHM>
          <TIME>2021-09-28 03:14:24</TIME>
          <TEMP_DEGC>22.700</TEMP_DEGC>
          <AIR_TEMP_DEGC>22.700</AIR_TEMP_DEGC>
          <RH_PRCNT>24.200</RH_PRCNT>
        </DATA>
        <DATA>
          <VOLTS>200.000</VOLTS>
          <CAPCTNC_PFRD>3.003</CAPCTNC_PFRD>
          <RESSTNC_MOHM>-11.364</RESSTNC_MOHM>
          <TIME>2021-09-28 03:14:25</TIME>
          <TEMP_DEGC>22.700</TEMP_DEGC>
          <AIR_TEMP_DEGC>22.700</AIR_TEMP_DEGC>
          <RH_PRCNT>24.200</RH_PRCNT>
        </DATA>
        <DATA>
          <VOLTS>205.000</VOLTS>
          <CAPCTNC_PFRD>2.999</CAPCTNC_PFRD>
          <RESSTNC_MOHM>-15.385</RESSTNC_MOHM>
          <TIME>2021-09-28 03:14:27</TIME>
          <TEMP_DEGC>22.700</TEMP_DEGC>
          <AIR_TEMP_DEGC>22.700</AIR_TEMP_DEGC>
          <RH_PRCNT>24.200</RH_PRCNT>
        </DATA>
        <DATA>
          <VOLTS>210.000</VOLTS>
          <CAPCTNC_PFRD>2.921</CAPCTNC_PFRD>
          <RESSTNC_MOHM>-11.111</RESSTNC_MOHM>
          <TIME>2021-09-28 03:14:28</TIME>
          <TEMP_DEGC>22.700</TEMP_DEGC>
          <AIR_TEMP_DEGC>22.700</AIR_TEMP_DEGC>
          <RH_PRCNT>24.200</RH_PRCNT>
        </DATA>
        <DATA>
          <VOLTS>215.000</VOLTS>
          <CAPCTNC_PFRD>2.887</CAPCTNC_PFRD>
          <RESSTNC_MOHM>-10.000</RESSTNC_MOHM>
          <TIME>2021-09-28 03:14:29</TIME>
          <TEMP_DEGC>22.700</TEMP_DEGC>
          <AIR_TEMP_DEGC>22.700</AIR_TEMP_DEGC>
          <RH_PRCNT>24.200</RH_PRCNT>
        </DATA>
        <DATA>
          <VOLTS>220.000</VOLTS>
          <CAPCTNC_PFRD>2.848</CAPCTNC_PFRD>
          <RESSTNC_MOHM>-14.493</RESSTNC_MOHM>
          <TIME>2021-09-28 03:14:30</TIME>
          <TEMP_DEGC>22.700</TEMP_DEGC>
          <AIR_TEMP_DEGC>22.700</AIR_TEMP_DEGC>
          <RH_PRCNT>24.100</RH_PRCNT>
        </DATA>
        <DATA>
          <VOLTS>225.000</VOLTS>
          <CAPCTNC_PFRD>2.891</CAPCTNC_PFRD>
          <RESSTNC_MOHM>-12.987</RESSTNC_MOHM>
          <TIME>2021-09-28 03:14:31</TIME>
          <TEMP_DEGC>22.700</TEMP_DEGC>
          <AIR_TEMP_DEGC>22.700</AIR_TEMP_DEGC>
          <RH_PRCNT>24.100</RH_PRCNT>
        </DATA>
        <DATA>
          <VOLTS>230.000</VOLTS>
          <CAPCTNC_PFRD>2.838</CAPCTNC_PFRD>
          <RESSTNC_MOHM>-9.434</RESSTNC_MOHM>
          <TIME>2021-09-28 03:14:32</TIME>
          <TEMP_DEGC>22.700</TEMP_DEGC>
          <AIR_TEMP_DEGC>22.700</AIR_TEMP_DEGC>
          <RH_PRCNT>24.100</RH_PRCNT>
        </DATA>
        <DATA>
          <VOLTS>235.000</VOLTS>
          <CAPCTNC_PFRD>2.795</CAPCTNC_PFRD>
          <RESSTNC_MOHM>-13.699</RESSTNC_MOHM>
          <TIME>2021-09-28 03:14:33</TIME>
          <TEMP_DEGC>22.700</TEMP_DEGC>
          <AIR_TEMP_DEGC>22.700</AIR_TEMP_DEGC>
          <RH_PRCNT>24.200</RH_PRCNT>
        </DATA>
        <DATA>
          <VOLTS>240.000</VOLTS>
          <CAPCTNC_PFRD>2.769</CAPCTNC_PFRD>
          <RESSTNC_MOHM>-10.870</RESSTNC_MOHM>
          <TIME>2021-09-28 03:14:34</TIME>
          <TEMP_DEGC>22.700</TEMP_DEGC>
          <AIR_TEMP_DEGC>22.700</AIR_TEMP_DEGC>
          <RH_PRCNT>24.100</RH_PRCNT>
        </DATA>
        <DATA>
          <VOLTS>245.000</VOLTS>
          <CAPCTNC_PFRD>2.786</CAPCTNC_PFRD>
          <RESSTNC_MOHM>-13.158</RESSTNC_MOHM>
          <TIME>2021-09-28 03:14:35</TIME>
          <TEMP_DEGC>22.700</TEMP_DEGC>
          <AIR_TEMP_DEGC>22.700</AIR_TEMP_DEGC>
          <RH_PRCNT>24.100</RH_PRCNT>
        </DATA>
        <DATA>
          <VOLTS>250.000</VOLTS>
          <CAPCTNC_PFRD>2.802</CAPCTNC_PFRD>
          <RESSTNC_MOHM>-9.804</RESSTNC_MOHM>
          <TIME>2021-09-28 03:14:36</TIME>
          <TEMP_DEGC>22.700</TEMP_DEGC>
          <AIR_TEMP_DEGC>22.700</AIR_TEMP_DEGC>
          <RH_PRCNT>24.100</RH_PRCNT>
        </DATA>
        <DATA>
          <VOLTS>255.000</VOLTS>
          <CAPCTNC_PFRD>2.766</CAPCTNC_PFRD>
          <RESSTNC_MOHM>-7.752</RESSTNC_MOHM>
          <TIME>2021-09-28 03:14:37</TIME>
          <TEMP_DEGC>22.700</TEMP_DEGC>
          <AIR_TEMP_DEGC>22.700</AIR_TEMP_DEGC>
          <RH_PRCNT>24.100</RH_PRCNT>
        </DATA>
        <DATA>
          <VOLTS>260.000</VOLTS>
          <CAPCTNC_PFRD>2.784</CAPCTNC_PFRD>
          <RESSTNC_MOHM>-14.706</RESSTNC_MOHM>
          <TIME>2021-09-28 03:14:38</TIME>
          <TEMP_DEGC>22.700</TEMP_DEGC>
          <AIR_TEMP_DEGC>22.700</AIR_TEMP_DEGC>
          <RH_PRCNT>24.100</RH_PRCNT>
        </DATA>
        <DATA>
          <VOLTS>265.000</VOLTS>
          <CAPCTNC_PFRD>2.834</CAPCTNC_PFRD>
          <RESSTNC_MOHM>-10.000</RESSTNC_MOHM>
          <TIME>2021-09-28 03:14:39</TIME>
          <TEMP_DEGC>22.700</TEMP_DEGC>
          <AIR_TEMP_DEGC>22.700</AIR_TEMP_DEGC>
          <RH_PRCNT>24.100</RH_PRCNT>
        </DATA>
        <DATA>
          <VOLTS>270.000</VOLTS>
          <CAPCTNC_PFRD>2.795</CAPCTNC_PFRD>
          <RESSTNC_MOHM>-10.417</RESSTNC_MOHM>
          <TIME>2021-09-28 03:14:40</TIME>
          <TEMP_DEGC>22.700</TEMP_DEGC>
          <AIR_TEMP_DEGC>22.700</AIR_TEMP_DEGC>
          <RH_PRCNT>24.100</RH_PRCNT>
        </DATA>
        <DATA>
          <VOLTS>275.000</VOLTS>
          <CAPCTNC_PFRD>2.801</CAPCTNC_PFRD>
          <RESSTNC_MOHM>-13.333</RESSTNC_MOHM>
          <TIME>2021-09-28 03:14:42</TIME>
          <TEMP_DEGC>22.700</TEMP_DEGC>
          <AIR_TEMP_DEGC>22.700</AIR_TEMP_DEGC>
          <RH_PRCNT>24.100</RH_PRCNT>
        </DATA>
        <DATA>
          <VOLTS>280.000</VOLTS>
          <CAPCTNC_PFRD>2.790</CAPCTNC_PFRD>
          <RESSTNC_MOHM>-12.346</RESSTNC_MOHM>
          <TIME>2021-09-28 03:14:43</TIME>
          <TEMP_DEGC>22.700</TEMP_DEGC>
          <AIR_TEMP_DEGC>22.700</AIR_TEMP_DEGC>
          <RH_PRCNT>24.100</RH_PRCNT>
        </DATA>
        <DATA>
          <VOLTS>285.000</VOLTS>
          <CAPCTNC_PFRD>2.802</CAPCTNC_PFRD>
          <RESSTNC_MOHM>-9.434</RESSTNC_MOHM>
          <TIME>2021-09-28 03:14:44</TIME>
          <TEMP_DEGC>22.700</TEMP_DEGC>
          <AIR_TEMP_DEGC>22.700</AIR_TEMP_DEGC>
          <RH_PRCNT>24.100</RH_PRCNT>
        </DATA>
        <DATA>
          <VOLTS>290.000</VOLTS>
          <CAPCTNC_PFRD>2.799</CAPCTNC_PFRD>
          <RESSTNC_MOHM>-10.753</RESSTNC_MOHM>
          <TIME>2021-09-28 03:14:45</TIME>
          <TEMP_DEGC>22.700</TEMP_DEGC>
          <AIR_TEMP_DEGC>22.700</AIR_TEMP_DEGC>
          <RH_PRCNT>24.100</RH_PRCNT>
        </DATA>
        <DATA>
          <VOLTS>295.000</VOLTS>
          <CAPCTNC_PFRD>2.776</CAPCTNC_PFRD>
          <RESSTNC_MOHM>-17.241</RESSTNC_MOHM>
          <TIME>2021-09-28 03:14:46</TIME>
          <TEMP_DEGC>22.700</TEMP_DEGC>
          <AIR_TEMP_DEGC>22.700</AIR_TEMP_DEGC>
          <RH_PRCNT>24.100</RH_PRCNT>
        </DATA>
        <DATA>
          <VOLTS>300.000</VOLTS>
          <CAPCTNC_PFRD>2.809</CAPCTNC_PFRD>
          <RESSTNC_MOHM>-12.048</RESSTNC_MOHM>
          <TIME>2021-09-28 03:14:47</TIME>
          <TEMP_DEGC>22.700</TEMP_DEGC>
          <AIR_TEMP_DEGC>22.700</AIR_TEMP_DEGC>
          <RH_PRCNT>24.100</RH_PRCNT>
        </DATA>
        <DATA>
          <VOLTS>305.000</VOLTS>
          <CAPCTNC_PFRD>2.842</CAPCTNC_PFRD>
          <RESSTNC_MOHM>-12.500</RESSTNC_MOHM>
          <TIME>2021-09-28 03:14:48</TIME>
          <TEMP_DEGC>22.700</TEMP_DEGC>
          <AIR_TEMP_DEGC>22.700</AIR_TEMP_DEGC>
          <RH_PRCNT>24.100</RH_PRCNT>
        </DATA>
        <DATA>
          <VOLTS>310.000</VOLTS>
          <CAPCTNC_PFRD>2.833</CAPCTNC_PFRD>
          <RESSTNC_MOHM>-10.526</RESSTNC_MOHM>
          <TIME>2021-09-28 03:14:49</TIME>
          <TEMP_DEGC>22.700</TEMP_DEGC>
          <AIR_TEMP_DEGC>22.700</AIR_TEMP_DEGC>
          <RH_PRCNT>24.100</RH_PRCNT>
        </DATA>
        <DATA>
          <VOLTS>315.000</VOLTS>
          <CAPCTNC_PFRD>2.771</CAPCTNC_PFRD>
          <RESSTNC_MOHM>-12.987</RESSTNC_MOHM>
          <TIME>2021-09-28 03:14:50</TIME>
          <TEMP_DEGC>22.700</TEMP_DEGC>
          <AIR_TEMP_DEGC>22.700</AIR_TEMP_DEGC>
          <RH_PRCNT>24.100</RH_PRCNT>
        </DATA>
        <DATA>
          <VOLTS>320.000</VOLTS>
          <CAPCTNC_PFRD>2.832</CAPCTNC_PFRD>
          <RESSTNC_MOHM>-13.333</RESSTNC_MOHM>
          <TIME>2021-09-28 03:14:51</TIME>
          <TEMP_DEGC>22.700</TEMP_DEGC>
          <AIR_TEMP_DEGC>22.700</AIR_TEMP_DEGC>
          <RH_PRCNT>24.100</RH_PRCNT>
        </DATA>
        <DATA>
          <VOLTS>325.000</VOLTS>
          <CAPCTNC_PFRD>2.803</CAPCTNC_PFRD>
          <RESSTNC_MOHM>-10.204</RESSTNC_MOHM>
          <TIME>2021-09-28 03:14:52</TIME>
          <TEMP_DEGC>22.700</TEMP_DEGC>
          <AIR_TEMP_DEGC>22.700</AIR_TEMP_DEGC>
          <RH_PRCNT>24.100</RH_PRCNT>
        </DATA>
        <DATA>
          <VOLTS>330.000</VOLTS>
          <CAPCTNC_PFRD>2.809</CAPCTNC_PFRD>
          <RESSTNC_MOHM>-15.385</RESSTNC_MOHM>
          <TIME>2021-09-28 03:14:53</TIME>
          <TEMP_DEGC>22.700</TEMP_DEGC>
          <AIR_TEMP_DEGC>22.700</AIR_TEMP_DEGC>
          <RH_PRCNT>24.100</RH_PRCNT>
        </DATA>
        <DATA>
          <VOLTS>335.000</VOLTS>
          <CAPCTNC_PFRD>2.800</CAPCTNC_PFRD>
          <RESSTNC_MOHM>-10.989</RESSTNC_MOHM>
          <TIME>2021-09-28 03:14:54</TIME>
          <TEMP_DEGC>22.700</TEMP_DEGC>
          <AIR_TEMP_DEGC>22.700</AIR_TEMP_DEGC>
          <RH_PRCNT>24.100</RH_PRCNT>
        </DATA>
        <DATA>
          <VOLTS>340.000</VOLTS>
          <CAPCTNC_PFRD>2.728</CAPCTNC_PFRD>
          <RESSTNC_MOHM>-9.709</RESSTNC_MOHM>
          <TIME>2021-09-28 03:14:55</TIME>
          <TEMP_DEGC>22.700</TEMP_DEGC>
          <AIR_TEMP_DEGC>22.700</AIR_TEMP_DEGC>
          <RH_PRCNT>24.100</RH_PRCNT>
        </DATA>
        <DATA>
          <VOLTS>345.000</VOLTS>
          <CAPCTNC_PFRD>2.834</CAPCTNC_PFRD>
          <RESSTNC_MOHM>-17.857</RESSTNC_MOHM>
          <TIME>2021-09-28 03:14:57</TIME>
          <TEMP_DEGC>22.700</TEMP_DEGC>
          <AIR_TEMP_DEGC>22.700</AIR_TEMP_DEGC>
          <RH_PRCNT>24.100</RH_PRCNT>
        </DATA>
        <DATA>
          <VOLTS>350.000</VOLTS>
          <CAPCTNC_PFRD>2.893</CAPCTNC_PFRD>
          <RESSTNC_MOHM>-15.152</RESSTNC_MOHM>
          <TIME>2021-09-28 03:14:58</TIME>
          <TEMP_DEGC>22.700</TEMP_DEGC>
          <AIR_TEMP_DEGC>22.700</AIR_TEMP_DEGC>
          <RH_PRCNT>24.100</RH_PRCNT>
        </DATA>
        <DATA>
          <VOLTS>355.000</VOLTS>
          <CAPCTNC_PFRD>2.800</CAPCTNC_PFRD>
          <RESSTNC_MOHM>-9.709</RESSTNC_MOHM>
          <TIME>2021-09-28 03:14:59</TIME>
          <TEMP_DEGC>22.700</TEMP_DEGC>
          <AIR_TEMP_DEGC>22.700</AIR_TEMP_DEGC>
          <RH_PRCNT>24.100</RH_PRCNT>
        </DATA>
        <DATA>
          <VOLTS>360.000</VOLTS>
          <CAPCTNC_PFRD>2.825</CAPCTNC_PFRD>
          <RESSTNC_MOHM>-13.158</RESSTNC_MOHM>
          <TIME>2021-09-28 03:15:00</TIME>
          <TEMP_DEGC>22.700</TEMP_DEGC>
          <AIR_TEMP_DEGC>22.700</AIR_TEMP_DEGC>
          <RH_PRCNT>24.100</RH_PRCNT>
        </DATA>
        <DATA>
          <VOLTS>365.000</VOLTS>
          <CAPCTNC_PFRD>2.887</CAPCTNC_PFRD>
          <RESSTNC_MOHM>-11.236</RESSTNC_MOHM>
          <TIME>2021-09-28 03:15:01</TIME>
          <TEMP_DEGC>22.700</TEMP_DEGC>
          <AIR_TEMP_DEGC>22.700</AIR_TEMP_DEGC>
          <RH_PRCNT>24.100</RH_PRCNT>
        </DATA>
        <DATA>
          <VOLTS>370.000</VOLTS>
          <CAPCTNC_PFRD>2.833</CAPCTNC_PFRD>
          <RESSTNC_MOHM>-11.111</RESSTNC_MOHM>
          <TIME>2021-09-28 03:15:02</TIME>
          <TEMP_DEGC>22.700</TEMP_DEGC>
          <AIR_TEMP_DEGC>22.700</AIR_TEMP_DEGC>
          <RH_PRCNT>24.100</RH_PRCNT>
        </DATA>
        <DATA>
          <VOLTS>375.000</VOLTS>
          <CAPCTNC_PFRD>2.846</CAPCTNC_PFRD>
          <RESSTNC_MOHM>-10.870</RESSTNC_MOHM>
          <TIME>2021-09-28 03:15:03</TIME>
          <TEMP_DEGC>22.700</TEMP_DEGC>
          <AIR_TEMP_DEGC>22.700</AIR_TEMP_DEGC>
          <RH_PRCNT>24.100</RH_PRCNT>
        </DATA>
        <DATA>
          <VOLTS>380.000</VOLTS>
          <CAPCTNC_PFRD>2.815</CAPCTNC_PFRD>
          <RESSTNC_MOHM>-11.494</RESSTNC_MOHM>
          <TIME>2021-09-28 03:15:04</TIME>
          <TEMP_DEGC>22.700</TEMP_DEGC>
          <AIR_TEMP_DEGC>22.700</AIR_TEMP_DEGC>
          <RH_PRCNT>24.100</RH_PRCNT>
        </DATA>
        <DATA>
          <VOLTS>385.000</VOLTS>
          <CAPCTNC_PFRD>2.785</CAPCTNC_PFRD>
          <RESSTNC_MOHM>-12.658</RESSTNC_MOHM>
          <TIME>2021-09-28 03:15:05</TIME>
          <TEMP_DEGC>22.700</TEMP_DEGC>
          <AIR_TEMP_DEGC>22.700</AIR_TEMP_DEGC>
          <RH_PRCNT>24.100</RH_PRCNT>
        </DATA>
        <DATA>
          <VOLTS>390.000</VOLTS>
          <CAPCTNC_PFRD>2.819</CAPCTNC_PFRD>
          <RESSTNC_MOHM>-9.804</RESSTNC_MOHM>
          <TIME>2021-09-28 03:15:06</TIME>
          <TEMP_DEGC>22.700</TEMP_DEGC>
          <AIR_TEMP_DEGC>22.700</AIR_TEMP_DEGC>
          <RH_PRCNT>24.100</RH_PRCNT>
        </DATA>
        <DATA>
          <VOLTS>395.000</VOLTS>
          <CAPCTNC_PFRD>2.756</CAPCTNC_PFRD>
          <RESSTNC_MOHM>-13.889</RESSTNC_MOHM>
          <TIME>2021-09-28 03:15:07</TIME>
          <TEMP_DEGC>22.700</TEMP_DEGC>
          <AIR_TEMP_DEGC>22.700</AIR_TEMP_DEGC>
          <RH_PRCNT>24.100</RH_PRCNT>
        </DATA>
        <DATA>
          <VOLTS>400.000</VOLTS>
          <CAPCTNC_PFRD>2.813</CAPCTNC_PFRD>
          <RESSTNC_MOHM>-7.874</RESSTNC_MOHM>
          <TIME>2021-09-28 03:15:08</TIME>
          <TEMP_DEGC>22.700</TEMP_DEGC>
          <AIR_TEMP_DEGC>22.700</AIR_TEMP_DEGC>
          <RH_PRCNT>24.100</RH_PRCNT>
        </DATA>
        <DATA>
          <VOLTS>405.000</VOLTS>
          <CAPCTNC_PFRD>2.876</CAPCTNC_PFRD>
          <RESSTNC_MOHM>-14.925</RESSTNC_MOHM>
          <TIME>2021-09-28 03:15:09</TIME>
          <TEMP_DEGC>22.700</TEMP_DEGC>
          <AIR_TEMP_DEGC>22.700</AIR_TEMP_DEGC>
          <RH_PRCNT>24.100</RH_PRCNT>
        </DATA>
        <DATA>
          <VOLTS>410.000</VOLTS>
          <CAPCTNC_PFRD>2.844</CAPCTNC_PFRD>
          <RESSTNC_MOHM>-9.524</RESSTNC_MOHM>
          <TIME>2021-09-28 03:15:10</TIME>
          <TEMP_DEGC>22.700</TEMP_DEGC>
          <AIR_TEMP_DEGC>22.700</AIR_TEMP_DEGC>
          <RH_PRCNT>24.100</RH_PRCNT>
        </DATA>
        <DATA>
          <VOLTS>415.000</VOLTS>
          <CAPCTNC_PFRD>2.814</CAPCTNC_PFRD>
          <RESSTNC_MOHM>-11.905</RESSTNC_MOHM>
          <TIME>2021-09-28 03:15:12</TIME>
          <TEMP_DEGC>22.700</TEMP_DEGC>
          <AIR_TEMP_DEGC>22.700</AIR_TEMP_DEGC>
          <RH_PRCNT>24.100</RH_PRCNT>
        </DATA>
        <DATA>
          <VOLTS>420.000</VOLTS>
          <CAPCTNC_PFRD>2.779</CAPCTNC_PFRD>
          <RESSTNC_MOHM>-12.048</RESSTNC_MOHM>
          <TIME>2021-09-28 03:15:13</TIME>
          <TEMP_DEGC>22.700</TEMP_DEGC>
          <AIR_TEMP_DEGC>22.700</AIR_TEMP_DEGC>
          <RH_PRCNT>24.100</RH_PRCNT>
        </DATA>
        <DATA>
          <VOLTS>425.000</VOLTS>
          <CAPCTNC_PFRD>2.737</CAPCTNC_PFRD>
          <RESSTNC_MOHM>-12.500</RESSTNC_MOHM>
          <TIME>2021-09-28 03:15:14</TIME>
          <TEMP_DEGC>22.700</TEMP_DEGC>
          <AIR_TEMP_DEGC>22.700</AIR_TEMP_DEGC>
          <RH_PRCNT>24.100</RH_PRCNT>
        </DATA>
        <DATA>
          <VOLTS>430.000</VOLTS>
          <CAPCTNC_PFRD>2.862</CAPCTNC_PFRD>
          <RESSTNC_MOHM>-13.333</RESSTNC_MOHM>
          <TIME>2021-09-28 03:15:15</TIME>
          <TEMP_DEGC>22.700</TEMP_DEGC>
          <AIR_TEMP_DEGC>22.700</AIR_TEMP_DEGC>
          <RH_PRCNT>24.100</RH_PRCNT>
        </DATA>
        <DATA>
          <VOLTS>435.000</VOLTS>
          <CAPCTNC_PFRD>2.874</CAPCTNC_PFRD>
          <RESSTNC_MOHM>-11.905</RESSTNC_MOHM>
          <TIME>2021-09-28 03:15:16</TIME>
          <TEMP_DEGC>22.700</TEMP_DEGC>
          <AIR_TEMP_DEGC>22.700</AIR_TEMP_DEGC>
          <RH_PRCNT>24.100</RH_PRCNT>
        </DATA>
        <DATA>
          <VOLTS>440.000</VOLTS>
          <CAPCTNC_PFRD>2.816</CAPCTNC_PFRD>
          <RESSTNC_MOHM>-12.821</RESSTNC_MOHM>
          <TIME>2021-09-28 03:15:17</TIME>
          <TEMP_DEGC>22.700</TEMP_DEGC>
          <AIR_TEMP_DEGC>22.700</AIR_TEMP_DEGC>
          <RH_PRCNT>24.100</RH_PRCNT>
        </DATA>
        <DATA>
          <VOLTS>445.000</VOLTS>
          <CAPCTNC_PFRD>2.857</CAPCTNC_PFRD>
          <RESSTNC_MOHM>-9.615</RESSTNC_MOHM>
          <TIME>2021-09-28 03:15:18</TIME>
          <TEMP_DEGC>22.700</TEMP_DEGC>
          <AIR_TEMP_DEGC>22.700</AIR_TEMP_DEGC>
          <RH_PRCNT>24.100</RH_PRCNT>
        </DATA>
        <DATA>
          <VOLTS>450.000</VOLTS>
          <CAPCTNC_PFRD>2.828</CAPCTNC_PFRD>
          <RESSTNC_MOHM>-9.615</RESSTNC_MOHM>
          <TIME>2021-09-28 03:15:19</TIME>
          <TEMP_DEGC>22.700</TEMP_DEGC>
          <AIR_TEMP_DEGC>22.700</AIR_TEMP_DEGC>
          <RH_PRCNT>24.100</RH_PRCNT>
        </DATA>
        <DATA>
          <VOLTS>455.000</VOLTS>
          <CAPCTNC_PFRD>2.816</CAPCTNC_PFRD>
          <RESSTNC_MOHM>-10.101</RESSTNC_MOHM>
          <TIME>2021-09-28 03:15:20</TIME>
          <TEMP_DEGC>22.700</TEMP_DEGC>
          <AIR_TEMP_DEGC>22.700</AIR_TEMP_DEGC>
          <RH_PRCNT>24.100</RH_PRCNT>
        </DATA>
        <DATA>
          <VOLTS>460.000</VOLTS>
          <CAPCTNC_PFRD>2.832</CAPCTNC_PFRD>
          <RESSTNC_MOHM>-8.000</RESSTNC_MOHM>
          <TIME>2021-09-28 03:15:21</TIME>
          <TEMP_DEGC>22.700</TEMP_DEGC>
          <AIR_TEMP_DEGC>22.700</AIR_TEMP_DEGC>
          <RH_PRCNT>24.100</RH_PRCNT>
        </DATA>
        <DATA>
          <VOLTS>465.000</VOLTS>
          <CAPCTNC_PFRD>2.751</CAPCTNC_PFRD>
          <RESSTNC_MOHM>-9.091</RESSTNC_MOHM>
          <TIME>2021-09-28 03:15:22</TIME>
          <TEMP_DEGC>22.700</TEMP_DEGC>
          <AIR_TEMP_DEGC>22.700</AIR_TEMP_DEGC>
          <RH_PRCNT>24.100</RH_PRCNT>
        </DATA>
        <DATA>
          <VOLTS>470.000</VOLTS>
          <CAPCTNC_PFRD>2.796</CAPCTNC_PFRD>
          <RESSTNC_MOHM>-8.696</RESSTNC_MOHM>
          <TIME>2021-09-28 03:15:23</TIME>
          <TEMP_DEGC>22.700</TEMP_DEGC>
          <AIR_TEMP_DEGC>22.700</AIR_TEMP_DEGC>
          <RH_PRCNT>24.100</RH_PRCNT>
        </DATA>
        <DATA>
          <VOLTS>475.000</VOLTS>
          <CAPCTNC_PFRD>2.813</CAPCTNC_PFRD>
          <RESSTNC_MOHM>-13.333</RESSTNC_MOHM>
          <TIME>2021-09-28 03:15:24</TIME>
          <TEMP_DEGC>22.700</TEMP_DEGC>
          <AIR_TEMP_DEGC>22.700</AIR_TEMP_DEGC>
          <RH_PRCNT>24.100</RH_PRCNT>
        </DATA>
        <DATA>
          <VOLTS>480.000</VOLTS>
          <CAPCTNC_PFRD>2.840</CAPCTNC_PFRD>
          <RESSTNC_MOHM>-11.905</RESSTNC_MOHM>
          <TIME>2021-09-28 03:15:25</TIME>
          <TEMP_DEGC>22.700</TEMP_DEGC>
          <AIR_TEMP_DEGC>22.700</AIR_TEMP_DEGC>
          <RH_PRCNT>24.100</RH_PRCNT>
        </DATA>
        <DATA>
          <VOLTS>485.000</VOLTS>
          <CAPCTNC_PFRD>2.839</CAPCTNC_PFRD>
          <RESSTNC_MOHM>-8.929</RESSTNC_MOHM>
          <TIME>2021-09-28 03:15:26</TIME>
          <TEMP_DEGC>22.700</TEMP_DEGC>
          <AIR_TEMP_DEGC>22.700</AIR_TEMP_DEGC>
          <RH_PRCNT>24.100</RH_PRCNT>
        </DATA>
        <DATA>
          <VOLTS>490.000</VOLTS>
          <CAPCTNC_PFRD>2.782</CAPCTNC_PFRD>
          <RESSTNC_MOHM>-9.259</RESSTNC_MOHM>
          <TIME>2021-09-28 03:15:28</TIME>
          <TEMP_DEGC>22.700</TEMP_DEGC>
          <AIR_TEMP_DEGC>22.700</AIR_TEMP_DEGC>
          <RH_PRCNT>24.100</RH_PRCNT>
        </DATA>
        <DATA>
          <VOLTS>495.000</VOLTS>
          <CAPCTNC_PFRD>2.825</CAPCTNC_PFRD>
          <RESSTNC_MOHM>-11.494</RESSTNC_MOHM>
          <TIME>2021-09-28 03:15:29</TIME>
          <TEMP_DEGC>22.700</TEMP_DEGC>
          <AIR_TEMP_DEGC>22.700</AIR_TEMP_DEGC>
          <RH_PRCNT>24.100</RH_PRCNT>
        </DATA>
        <DATA>
          <VOLTS>500.000</VOLTS>
          <CAPCTNC_PFRD>2.770</CAPCTNC_PFRD>
          <RESSTNC_MOHM>-8.621</RESSTNC_MOHM>
          <TIME>2021-09-28 03:15:30</TIME>
          <TEMP_DEGC>22.700</TEMP_DEGC>
          <AIR_TEMP_DEGC>22.700</AIR_TEMP_DEGC>
          <RH_PRCNT>24.100</RH_PRCNT>
        </DATA>
        <CHILD_DATA_SET>
          <HEADER>
            <TYPE>
              <EXTENSION_TABLE_NAME>HALFMOON_CV_PAR</EXTENSION_TABLE_NAME>
              <NAME>Tracker Halfmoon CV Parameters</NAME>
            </TYPE>
          </HEADER>
          <DATA_SET>
            <COMMENT_DESCRIPTION>Test</COMMENT_DESCRIPTION>
            <VERSION>CV_measurement-004</VERSION>
            <PART>
              <NAME_LABEL>37400_027_2-S_HM_EE</NAME_LABEL>
              <KIND_OF_PART>2S Halfmoon E</KIND_OF_PART>
            </PART>
            <DATA>
              <VD_V>202.227</VD_V>
              <CMIN_PFRD>2.816</CMIN_PFRD>
              <RHO_KOHMCM>4.234</RHO_KOHMCM>
              <NA>4.698e+12</NA>
              <D_UM>2.296e+02</D_UM>
            </DATA>
          </DATA_SET>
        </CHILD_DATA_SET>
      </DATA_SET>
    </CHILD_DATA_SET>
  </DATA_SET>
</ROOT>
