<?xml version="1.0"?>
<ROOT>
  <HEADER>
    <TYPE>
      <EXTENSION_TABLE_NAME>HALFMOON_METADATA</EXTENSION_TABLE_NAME>
      <NAME>Tracker Halfmoon Metadata</NAME>
    </TYPE>
    <RUN mode="SEQUENCE_NUMBER" sequence="TRK_OT_RUN_SEQ">
      <RUN_TYPE>PQC</RUN_TYPE>
      <LOCATION>Demokritos</LOCATION>
      <INITIATED_BY_USER>A. Kyriakis</INITIATED_BY_USER>
      <RUN_BEGIN_TIMESTAMP>2021-09-27 11:05:46</RUN_BEGIN_TIMESTAMP>
      <COMMENT_DESCRIPTION>Test</COMMENT_DESCRIPTION>
    </RUN>
  </HEADER>
  <DATA_SET>
    <COMMENT_DESCRIPTION>Metadata with flute and structure</COMMENT_DESCRIPTION>
    <VERSION>v2</VERSION>
    <PART>
      <NAME_LABEL>37400_006_2-S_HM_WW</NAME_LABEL>
      <KIND_OF_PART>2S Halfmoon W</KIND_OF_PART>
    </PART>
    <DATA>
      <KIND_OF_HM_FLUTE_ID>PQC3</KIND_OF_HM_FLUTE_ID>
      <KIND_OF_HM_STRUCT_ID>DIODE_HALF</KIND_OF_HM_STRUCT_ID>
      <KIND_OF_HM_SET_ID>Left</KIND_OF_HM_SET_ID>
      <KIND_OF_HM_CONFIG_ID>Not Used</KIND_OF_HM_CONFIG_ID>
      <EQUIPMENT>KEITHLEY 2410</EQUIPMENT>
      <WAITING_TIME_S>1.000</WAITING_TIME_S>
      <TEMP_SET_DEGC>21.500</TEMP_SET_DEGC>
      <AV_TEMP_DEGC>21.500</AV_TEMP_DEGC>
      <PROCEDURE_TYPE>Diode_IV1</PROCEDURE_TYPE>
      <FILE_NAME>Demokritos_VPX37400_006_2-S_HM_W_Left_PQC3_DiodeHalf_IV.xml</FILE_NAME>
    </DATA>
    <CHILD_DATA_SET>
      <HEADER>
        <TYPE>
          <EXTENSION_TABLE_NAME>TEST_SENSOR_IV</EXTENSION_TABLE_NAME>
          <NAME>Tracker Halfmoon IV Test</NAME>
        </TYPE>
      </HEADER>
      <DATA_SET>
        <COMMENT_DESCRIPTION>Test</COMMENT_DESCRIPTION>
        <VERSION>V2</VERSION>
        <PART>
          <NAME_LABEL>37400_006_2-S_HM_WW</NAME_LABEL>
          <KIND_OF_PART>2S Halfmoon W</KIND_OF_PART>
        </PART>
        <DATA>
          <VOLTS>-0.000</VOLTS>
          <CURRNT_NAMP>2.804e+01</CURRNT_NAMP>
          <TIME>2021-09-27 11:05:51</TIME>
          <TEMP_DEGC>21.500</TEMP_DEGC>
          <AIR_TEMP_DEGC>21.500</AIR_TEMP_DEGC>
          <RH_PRCNT>23.100</RH_PRCNT>
        </DATA>
        <DATA>
          <VOLTS>10.000</VOLTS>
          <CURRNT_NAMP>2.020e+03</CURRNT_NAMP>
          <TIME>2021-09-27 11:05:55</TIME>
          <TEMP_DEGC>21.500</TEMP_DEGC>
          <AIR_TEMP_DEGC>21.500</AIR_TEMP_DEGC>
          <RH_PRCNT>23.100</RH_PRCNT>
        </DATA>
        <DATA>
          <VOLTS>20.000</VOLTS>
          <CURRNT_NAMP>1.876e+03</CURRNT_NAMP>
          <TIME>2021-09-27 11:05:57</TIME>
          <TEMP_DEGC>21.500</TEMP_DEGC>
          <AIR_TEMP_DEGC>21.500</AIR_TEMP_DEGC>
          <RH_PRCNT>23.100</RH_PRCNT>
        </DATA>
        <DATA>
          <VOLTS>30.000</VOLTS>
          <CURRNT_NAMP>1.342e+03</CURRNT_NAMP>
          <TIME>2021-09-27 11:05:59</TIME>
          <TEMP_DEGC>21.500</TEMP_DEGC>
          <AIR_TEMP_DEGC>21.500</AIR_TEMP_DEGC>
          <RH_PRCNT>23.100</RH_PRCNT>
        </DATA>
        <DATA>
          <VOLTS>40.000</VOLTS>
          <CURRNT_NAMP>6.972e+02</CURRNT_NAMP>
          <TIME>2021-09-27 11:06:01</TIME>
          <TEMP_DEGC>21.500</TEMP_DEGC>
          <AIR_TEMP_DEGC>21.500</AIR_TEMP_DEGC>
          <RH_PRCNT>23.100</RH_PRCNT>
        </DATA>
        <DATA>
          <VOLTS>50.000</VOLTS>
          <CURRNT_NAMP>8.759e+01</CURRNT_NAMP>
          <TIME>2021-09-27 11:06:03</TIME>
          <TEMP_DEGC>21.500</TEMP_DEGC>
          <AIR_TEMP_DEGC>21.500</AIR_TEMP_DEGC>
          <RH_PRCNT>23.100</RH_PRCNT>
        </DATA>
        <DATA>
          <VOLTS>60.000</VOLTS>
          <CURRNT_NAMP>2.290e+00</CURRNT_NAMP>
          <TIME>2021-09-27 11:06:05</TIME>
          <TEMP_DEGC>21.500</TEMP_DEGC>
          <AIR_TEMP_DEGC>21.500</AIR_TEMP_DEGC>
          <RH_PRCNT>23.100</RH_PRCNT>
        </DATA>
        <DATA>
          <VOLTS>70.000</VOLTS>
          <CURRNT_NAMP>2.089e-01</CURRNT_NAMP>
          <TIME>2021-09-27 11:06:07</TIME>
          <TEMP_DEGC>21.500</TEMP_DEGC>
          <AIR_TEMP_DEGC>21.500</AIR_TEMP_DEGC>
          <RH_PRCNT>23.000</RH_PRCNT>
        </DATA>
        <DATA>
          <VOLTS>80.000</VOLTS>
          <CURRNT_NAMP>2.372e-02</CURRNT_NAMP>
          <TIME>2021-09-27 11:06:10</TIME>
          <TEMP_DEGC>21.500</TEMP_DEGC>
          <AIR_TEMP_DEGC>21.500</AIR_TEMP_DEGC>
          <RH_PRCNT>23.000</RH_PRCNT>
        </DATA>
        <DATA>
          <VOLTS>90.000</VOLTS>
          <CURRNT_NAMP>3.740e-02</CURRNT_NAMP>
          <TIME>2021-09-27 11:06:12</TIME>
          <TEMP_DEGC>21.500</TEMP_DEGC>
          <AIR_TEMP_DEGC>21.500</AIR_TEMP_DEGC>
          <RH_PRCNT>23.100</RH_PRCNT>
        </DATA>
        <DATA>
          <VOLTS>100.000</VOLTS>
          <CURRNT_NAMP>3.863e-02</CURRNT_NAMP>
          <TIME>2021-09-27 11:06:14</TIME>
          <TEMP_DEGC>21.500</TEMP_DEGC>
          <AIR_TEMP_DEGC>21.500</AIR_TEMP_DEGC>
          <RH_PRCNT>23.100</RH_PRCNT>
        </DATA>
        <DATA>
          <VOLTS>110.000</VOLTS>
          <CURRNT_NAMP>3.914e-02</CURRNT_NAMP>
          <TIME>2021-09-27 11:06:16</TIME>
          <TEMP_DEGC>21.500</TEMP_DEGC>
          <AIR_TEMP_DEGC>21.500</AIR_TEMP_DEGC>
          <RH_PRCNT>23.000</RH_PRCNT>
        </DATA>
        <DATA>
          <VOLTS>120.000</VOLTS>
          <CURRNT_NAMP>3.931e-02</CURRNT_NAMP>
          <TIME>2021-09-27 11:06:18</TIME>
          <TEMP_DEGC>21.500</TEMP_DEGC>
          <AIR_TEMP_DEGC>21.500</AIR_TEMP_DEGC>
          <RH_PRCNT>23.100</RH_PRCNT>
        </DATA>
        <DATA>
          <VOLTS>130.000</VOLTS>
          <CURRNT_NAMP>3.969e-02</CURRNT_NAMP>
          <TIME>2021-09-27 11:06:21</TIME>
          <TEMP_DEGC>21.500</TEMP_DEGC>
          <AIR_TEMP_DEGC>21.500</AIR_TEMP_DEGC>
          <RH_PRCNT>23.100</RH_PRCNT>
        </DATA>
        <DATA>
          <VOLTS>140.000</VOLTS>
          <CURRNT_NAMP>3.988e-02</CURRNT_NAMP>
          <TIME>2021-09-27 11:06:23</TIME>
          <TEMP_DEGC>21.500</TEMP_DEGC>
          <AIR_TEMP_DEGC>21.500</AIR_TEMP_DEGC>
          <RH_PRCNT>23.000</RH_PRCNT>
        </DATA>
        <DATA>
          <VOLTS>150.000</VOLTS>
          <CURRNT_NAMP>4.033e-02</CURRNT_NAMP>
          <TIME>2021-09-27 11:06:25</TIME>
          <TEMP_DEGC>21.500</TEMP_DEGC>
          <AIR_TEMP_DEGC>21.500</AIR_TEMP_DEGC>
          <RH_PRCNT>23.000</RH_PRCNT>
        </DATA>
        <DATA>
          <VOLTS>160.000</VOLTS>
          <CURRNT_NAMP>4.096e-02</CURRNT_NAMP>
          <TIME>2021-09-27 11:06:27</TIME>
          <TEMP_DEGC>21.500</TEMP_DEGC>
          <AIR_TEMP_DEGC>21.500</AIR_TEMP_DEGC>
          <RH_PRCNT>23.100</RH_PRCNT>
        </DATA>
        <DATA>
          <VOLTS>170.000</VOLTS>
          <CURRNT_NAMP>4.164e-02</CURRNT_NAMP>
          <TIME>2021-09-27 11:06:29</TIME>
          <TEMP_DEGC>21.500</TEMP_DEGC>
          <AIR_TEMP_DEGC>21.500</AIR_TEMP_DEGC>
          <RH_PRCNT>23.000</RH_PRCNT>
        </DATA>
        <DATA>
          <VOLTS>180.000</VOLTS>
          <CURRNT_NAMP>4.252e-02</CURRNT_NAMP>
          <TIME>2021-09-27 11:06:31</TIME>
          <TEMP_DEGC>21.500</TEMP_DEGC>
          <AIR_TEMP_DEGC>21.500</AIR_TEMP_DEGC>
          <RH_PRCNT>23.000</RH_PRCNT>
        </DATA>
        <DATA>
          <VOLTS>190.000</VOLTS>
          <CURRNT_NAMP>4.386e-02</CURRNT_NAMP>
          <TIME>2021-09-27 11:06:33</TIME>
          <TEMP_DEGC>21.500</TEMP_DEGC>
          <AIR_TEMP_DEGC>21.500</AIR_TEMP_DEGC>
          <RH_PRCNT>23.100</RH_PRCNT>
        </DATA>
        <DATA>
          <VOLTS>200.000</VOLTS>
          <CURRNT_NAMP>4.559e-02</CURRNT_NAMP>
          <TIME>2021-09-27 11:06:36</TIME>
          <TEMP_DEGC>21.500</TEMP_DEGC>
          <AIR_TEMP_DEGC>21.500</AIR_TEMP_DEGC>
          <RH_PRCNT>23.100</RH_PRCNT>
        </DATA>
        <DATA>
          <VOLTS>210.000</VOLTS>
          <CURRNT_NAMP>4.790e-02</CURRNT_NAMP>
          <TIME>2021-09-27 11:06:38</TIME>
          <TEMP_DEGC>21.500</TEMP_DEGC>
          <AIR_TEMP_DEGC>21.500</AIR_TEMP_DEGC>
          <RH_PRCNT>23.100</RH_PRCNT>
        </DATA>
        <DATA>
          <VOLTS>220.000</VOLTS>
          <CURRNT_NAMP>5.075e-02</CURRNT_NAMP>
          <TIME>2021-09-27 11:06:40</TIME>
          <TEMP_DEGC>21.500</TEMP_DEGC>
          <AIR_TEMP_DEGC>21.500</AIR_TEMP_DEGC>
          <RH_PRCNT>23.100</RH_PRCNT>
        </DATA>
        <DATA>
          <VOLTS>230.000</VOLTS>
          <CURRNT_NAMP>5.420e-02</CURRNT_NAMP>
          <TIME>2021-09-27 11:06:42</TIME>
          <TEMP_DEGC>21.500</TEMP_DEGC>
          <AIR_TEMP_DEGC>21.500</AIR_TEMP_DEGC>
          <RH_PRCNT>23.100</RH_PRCNT>
        </DATA>
        <DATA>
          <VOLTS>240.000</VOLTS>
          <CURRNT_NAMP>5.776e-02</CURRNT_NAMP>
          <TIME>2021-09-27 11:06:44</TIME>
          <TEMP_DEGC>21.500</TEMP_DEGC>
          <AIR_TEMP_DEGC>21.500</AIR_TEMP_DEGC>
          <RH_PRCNT>23.100</RH_PRCNT>
        </DATA>
        <DATA>
          <VOLTS>250.000</VOLTS>
          <CURRNT_NAMP>6.086e-02</CURRNT_NAMP>
          <TIME>2021-09-27 11:06:46</TIME>
          <TEMP_DEGC>21.500</TEMP_DEGC>
          <AIR_TEMP_DEGC>21.500</AIR_TEMP_DEGC>
          <RH_PRCNT>23.100</RH_PRCNT>
        </DATA>
        <DATA>
          <VOLTS>260.000</VOLTS>
          <CURRNT_NAMP>6.328e-02</CURRNT_NAMP>
          <TIME>2021-09-27 11:06:48</TIME>
          <TEMP_DEGC>21.500</TEMP_DEGC>
          <AIR_TEMP_DEGC>21.500</AIR_TEMP_DEGC>
          <RH_PRCNT>23.100</RH_PRCNT>
        </DATA>
        <DATA>
          <VOLTS>270.000</VOLTS>
          <CURRNT_NAMP>6.522e-02</CURRNT_NAMP>
          <TIME>2021-09-27 11:06:51</TIME>
          <TEMP_DEGC>21.500</TEMP_DEGC>
          <AIR_TEMP_DEGC>21.500</AIR_TEMP_DEGC>
          <RH_PRCNT>23.100</RH_PRCNT>
        </DATA>
        <DATA>
          <VOLTS>280.000</VOLTS>
          <CURRNT_NAMP>6.677e-02</CURRNT_NAMP>
          <TIME>2021-09-27 11:06:53</TIME>
          <TEMP_DEGC>21.500</TEMP_DEGC>
          <AIR_TEMP_DEGC>21.500</AIR_TEMP_DEGC>
          <RH_PRCNT>23.100</RH_PRCNT>
        </DATA>
        <DATA>
          <VOLTS>290.000</VOLTS>
          <CURRNT_NAMP>6.813e-02</CURRNT_NAMP>
          <TIME>2021-09-27 11:06:55</TIME>
          <TEMP_DEGC>21.500</TEMP_DEGC>
          <AIR_TEMP_DEGC>21.500</AIR_TEMP_DEGC>
          <RH_PRCNT>23.100</RH_PRCNT>
        </DATA>
        <DATA>
          <VOLTS>300.000</VOLTS>
          <CURRNT_NAMP>6.915e-02</CURRNT_NAMP>
          <TIME>2021-09-27 11:06:57</TIME>
          <TEMP_DEGC>21.500</TEMP_DEGC>
          <AIR_TEMP_DEGC>21.500</AIR_TEMP_DEGC>
          <RH_PRCNT>23.100</RH_PRCNT>
        </DATA>
        <DATA>
          <VOLTS>310.000</VOLTS>
          <CURRNT_NAMP>7.021e-02</CURRNT_NAMP>
          <TIME>2021-09-27 11:06:59</TIME>
          <TEMP_DEGC>21.500</TEMP_DEGC>
          <AIR_TEMP_DEGC>21.500</AIR_TEMP_DEGC>
          <RH_PRCNT>23.100</RH_PRCNT>
        </DATA>
        <DATA>
          <VOLTS>320.000</VOLTS>
          <CURRNT_NAMP>7.105e-02</CURRNT_NAMP>
          <TIME>2021-09-27 11:07:01</TIME>
          <TEMP_DEGC>21.500</TEMP_DEGC>
          <AIR_TEMP_DEGC>21.500</AIR_TEMP_DEGC>
          <RH_PRCNT>23.100</RH_PRCNT>
        </DATA>
        <DATA>
          <VOLTS>330.000</VOLTS>
          <CURRNT_NAMP>7.199e-02</CURRNT_NAMP>
          <TIME>2021-09-27 11:07:03</TIME>
          <TEMP_DEGC>21.500</TEMP_DEGC>
          <AIR_TEMP_DEGC>21.500</AIR_TEMP_DEGC>
          <RH_PRCNT>23.100</RH_PRCNT>
        </DATA>
        <DATA>
          <VOLTS>340.000</VOLTS>
          <CURRNT_NAMP>7.269e-02</CURRNT_NAMP>
          <TIME>2021-09-27 11:07:05</TIME>
          <TEMP_DEGC>21.500</TEMP_DEGC>
          <AIR_TEMP_DEGC>21.500</AIR_TEMP_DEGC>
          <RH_PRCNT>23.100</RH_PRCNT>
        </DATA>
        <DATA>
          <VOLTS>350.000</VOLTS>
          <CURRNT_NAMP>7.350e-02</CURRNT_NAMP>
          <TIME>2021-09-27 11:07:08</TIME>
          <TEMP_DEGC>21.500</TEMP_DEGC>
          <AIR_TEMP_DEGC>21.500</AIR_TEMP_DEGC>
          <RH_PRCNT>23.100</RH_PRCNT>
        </DATA>
        <DATA>
          <VOLTS>360.000</VOLTS>
          <CURRNT_NAMP>7.432e-02</CURRNT_NAMP>
          <TIME>2021-09-27 11:07:10</TIME>
          <TEMP_DEGC>21.500</TEMP_DEGC>
          <AIR_TEMP_DEGC>21.500</AIR_TEMP_DEGC>
          <RH_PRCNT>23.100</RH_PRCNT>
        </DATA>
        <DATA>
          <VOLTS>370.000</VOLTS>
          <CURRNT_NAMP>7.522e-02</CURRNT_NAMP>
          <TIME>2021-09-27 11:07:12</TIME>
          <TEMP_DEGC>21.500</TEMP_DEGC>
          <AIR_TEMP_DEGC>21.500</AIR_TEMP_DEGC>
          <RH_PRCNT>23.100</RH_PRCNT>
        </DATA>
        <DATA>
          <VOLTS>380.000</VOLTS>
          <CURRNT_NAMP>7.631e-02</CURRNT_NAMP>
          <TIME>2021-09-27 11:07:14</TIME>
          <TEMP_DEGC>21.500</TEMP_DEGC>
          <AIR_TEMP_DEGC>21.500</AIR_TEMP_DEGC>
          <RH_PRCNT>23.100</RH_PRCNT>
        </DATA>
        <DATA>
          <VOLTS>390.000</VOLTS>
          <CURRNT_NAMP>7.751e-02</CURRNT_NAMP>
          <TIME>2021-09-27 11:07:16</TIME>
          <TEMP_DEGC>21.500</TEMP_DEGC>
          <AIR_TEMP_DEGC>21.500</AIR_TEMP_DEGC>
          <RH_PRCNT>23.100</RH_PRCNT>
        </DATA>
        <DATA>
          <VOLTS>400.000</VOLTS>
          <CURRNT_NAMP>7.891e-02</CURRNT_NAMP>
          <TIME>2021-09-27 11:07:18</TIME>
          <TEMP_DEGC>21.500</TEMP_DEGC>
          <AIR_TEMP_DEGC>21.500</AIR_TEMP_DEGC>
          <RH_PRCNT>23.100</RH_PRCNT>
        </DATA>
        <DATA>
          <VOLTS>410.000</VOLTS>
          <CURRNT_NAMP>8.057e-02</CURRNT_NAMP>
          <TIME>2021-09-27 11:07:20</TIME>
          <TEMP_DEGC>21.500</TEMP_DEGC>
          <AIR_TEMP_DEGC>21.500</AIR_TEMP_DEGC>
          <RH_PRCNT>23.100</RH_PRCNT>
        </DATA>
        <DATA>
          <VOLTS>420.000</VOLTS>
          <CURRNT_NAMP>8.266e-02</CURRNT_NAMP>
          <TIME>2021-09-27 11:07:23</TIME>
          <TEMP_DEGC>21.500</TEMP_DEGC>
          <AIR_TEMP_DEGC>21.500</AIR_TEMP_DEGC>
          <RH_PRCNT>23.100</RH_PRCNT>
        </DATA>
        <DATA>
          <VOLTS>430.000</VOLTS>
          <CURRNT_NAMP>8.497e-02</CURRNT_NAMP>
          <TIME>2021-09-27 11:07:25</TIME>
          <TEMP_DEGC>21.500</TEMP_DEGC>
          <AIR_TEMP_DEGC>21.500</AIR_TEMP_DEGC>
          <RH_PRCNT>23.100</RH_PRCNT>
        </DATA>
        <DATA>
          <VOLTS>440.000</VOLTS>
          <CURRNT_NAMP>8.776e-02</CURRNT_NAMP>
          <TIME>2021-09-27 11:07:27</TIME>
          <TEMP_DEGC>21.500</TEMP_DEGC>
          <AIR_TEMP_DEGC>21.500</AIR_TEMP_DEGC>
          <RH_PRCNT>23.100</RH_PRCNT>
        </DATA>
        <DATA>
          <VOLTS>450.000</VOLTS>
          <CURRNT_NAMP>9.112e-02</CURRNT_NAMP>
          <TIME>2021-09-27 11:07:29</TIME>
          <TEMP_DEGC>21.500</TEMP_DEGC>
          <AIR_TEMP_DEGC>21.500</AIR_TEMP_DEGC>
          <RH_PRCNT>23.100</RH_PRCNT>
        </DATA>
        <DATA>
          <VOLTS>460.000</VOLTS>
          <CURRNT_NAMP>9.521e-02</CURRNT_NAMP>
          <TIME>2021-09-27 11:07:31</TIME>
          <TEMP_DEGC>21.500</TEMP_DEGC>
          <AIR_TEMP_DEGC>21.500</AIR_TEMP_DEGC>
          <RH_PRCNT>23.100</RH_PRCNT>
        </DATA>
        <DATA>
          <VOLTS>470.000</VOLTS>
          <CURRNT_NAMP>9.987e-02</CURRNT_NAMP>
          <TIME>2021-09-27 11:07:33</TIME>
          <TEMP_DEGC>21.500</TEMP_DEGC>
          <AIR_TEMP_DEGC>21.500</AIR_TEMP_DEGC>
          <RH_PRCNT>23.100</RH_PRCNT>
        </DATA>
        <DATA>
          <VOLTS>480.000</VOLTS>
          <CURRNT_NAMP>1.055e-01</CURRNT_NAMP>
          <TIME>2021-09-27 11:07:35</TIME>
          <TEMP_DEGC>21.500</TEMP_DEGC>
          <AIR_TEMP_DEGC>21.500</AIR_TEMP_DEGC>
          <RH_PRCNT>23.100</RH_PRCNT>
        </DATA>
        <DATA>
          <VOLTS>490.000</VOLTS>
          <CURRNT_NAMP>1.125e-01</CURRNT_NAMP>
          <TIME>2021-09-27 11:07:38</TIME>
          <TEMP_DEGC>21.500</TEMP_DEGC>
          <AIR_TEMP_DEGC>21.500</AIR_TEMP_DEGC>
          <RH_PRCNT>23.100</RH_PRCNT>
        </DATA>
        <DATA>
          <VOLTS>500.000</VOLTS>
          <CURRNT_NAMP>1.207e-01</CURRNT_NAMP>
          <TIME>2021-09-27 11:07:40</TIME>
          <TEMP_DEGC>21.500</TEMP_DEGC>
          <AIR_TEMP_DEGC>21.500</AIR_TEMP_DEGC>
          <RH_PRCNT>23.100</RH_PRCNT>
        </DATA>
        <DATA>
          <VOLTS>510.000</VOLTS>
          <CURRNT_NAMP>1.306e-01</CURRNT_NAMP>
          <TIME>2021-09-27 11:07:42</TIME>
          <TEMP_DEGC>21.500</TEMP_DEGC>
          <AIR_TEMP_DEGC>21.500</AIR_TEMP_DEGC>
          <RH_PRCNT>23.100</RH_PRCNT>
        </DATA>
        <DATA>
          <VOLTS>520.000</VOLTS>
          <CURRNT_NAMP>1.425e-01</CURRNT_NAMP>
          <TIME>2021-09-27 11:07:44</TIME>
          <TEMP_DEGC>21.500</TEMP_DEGC>
          <AIR_TEMP_DEGC>21.500</AIR_TEMP_DEGC>
          <RH_PRCNT>23.100</RH_PRCNT>
        </DATA>
        <DATA>
          <VOLTS>530.000</VOLTS>
          <CURRNT_NAMP>1.563e-01</CURRNT_NAMP>
          <TIME>2021-09-27 11:07:46</TIME>
          <TEMP_DEGC>21.500</TEMP_DEGC>
          <AIR_TEMP_DEGC>21.500</AIR_TEMP_DEGC>
          <RH_PRCNT>23.100</RH_PRCNT>
        </DATA>
        <DATA>
          <VOLTS>540.000</VOLTS>
          <CURRNT_NAMP>1.728e-01</CURRNT_NAMP>
          <TIME>2021-09-27 11:07:48</TIME>
          <TEMP_DEGC>21.500</TEMP_DEGC>
          <AIR_TEMP_DEGC>21.500</AIR_TEMP_DEGC>
          <RH_PRCNT>23.100</RH_PRCNT>
        </DATA>
        <DATA>
          <VOLTS>550.000</VOLTS>
          <CURRNT_NAMP>1.914e-01</CURRNT_NAMP>
          <TIME>2021-09-27 11:07:50</TIME>
          <TEMP_DEGC>21.500</TEMP_DEGC>
          <AIR_TEMP_DEGC>21.500</AIR_TEMP_DEGC>
          <RH_PRCNT>23.100</RH_PRCNT>
        </DATA>
        <DATA>
          <VOLTS>560.000</VOLTS>
          <CURRNT_NAMP>1.120e-01</CURRNT_NAMP>
          <TIME>2021-09-27 11:07:53</TIME>
          <TEMP_DEGC>21.500</TEMP_DEGC>
          <AIR_TEMP_DEGC>21.500</AIR_TEMP_DEGC>
          <RH_PRCNT>23.100</RH_PRCNT>
        </DATA>
        <DATA>
          <VOLTS>570.000</VOLTS>
          <CURRNT_NAMP>2.122e-01</CURRNT_NAMP>
          <TIME>2021-09-27 11:07:55</TIME>
          <TEMP_DEGC>21.500</TEMP_DEGC>
          <AIR_TEMP_DEGC>21.500</AIR_TEMP_DEGC>
          <RH_PRCNT>23.100</RH_PRCNT>
        </DATA>
        <DATA>
          <VOLTS>580.000</VOLTS>
          <CURRNT_NAMP>2.498e-01</CURRNT_NAMP>
          <TIME>2021-09-27 11:07:57</TIME>
          <TEMP_DEGC>21.500</TEMP_DEGC>
          <AIR_TEMP_DEGC>21.500</AIR_TEMP_DEGC>
          <RH_PRCNT>23.100</RH_PRCNT>
        </DATA>
        <DATA>
          <VOLTS>590.000</VOLTS>
          <CURRNT_NAMP>2.418e-01</CURRNT_NAMP>
          <TIME>2021-09-27 11:07:59</TIME>
          <TEMP_DEGC>21.500</TEMP_DEGC>
          <AIR_TEMP_DEGC>21.500</AIR_TEMP_DEGC>
          <RH_PRCNT>23.100</RH_PRCNT>
        </DATA>
        <DATA>
          <VOLTS>600.000</VOLTS>
          <CURRNT_NAMP>3.342e-01</CURRNT_NAMP>
          <TIME>2021-09-27 11:08:01</TIME>
          <TEMP_DEGC>21.500</TEMP_DEGC>
          <AIR_TEMP_DEGC>21.500</AIR_TEMP_DEGC>
          <RH_PRCNT>23.100</RH_PRCNT>
        </DATA>
        <DATA>
          <VOLTS>610.000</VOLTS>
          <CURRNT_NAMP>3.370e-01</CURRNT_NAMP>
          <TIME>2021-09-27 11:08:03</TIME>
          <TEMP_DEGC>21.500</TEMP_DEGC>
          <AIR_TEMP_DEGC>21.500</AIR_TEMP_DEGC>
          <RH_PRCNT>23.100</RH_PRCNT>
        </DATA>
        <DATA>
          <VOLTS>620.000</VOLTS>
          <CURRNT_NAMP>3.690e-01</CURRNT_NAMP>
          <TIME>2021-09-27 11:08:05</TIME>
          <TEMP_DEGC>21.500</TEMP_DEGC>
          <AIR_TEMP_DEGC>21.500</AIR_TEMP_DEGC>
          <RH_PRCNT>23.100</RH_PRCNT>
        </DATA>
        <DATA>
          <VOLTS>630.000</VOLTS>
          <CURRNT_NAMP>4.064e-01</CURRNT_NAMP>
          <TIME>2021-09-27 11:08:08</TIME>
          <TEMP_DEGC>21.500</TEMP_DEGC>
          <AIR_TEMP_DEGC>21.500</AIR_TEMP_DEGC>
          <RH_PRCNT>23.100</RH_PRCNT>
        </DATA>
        <DATA>
          <VOLTS>640.000</VOLTS>
          <CURRNT_NAMP>4.830e-01</CURRNT_NAMP>
          <TIME>2021-09-27 11:08:10</TIME>
          <TEMP_DEGC>21.500</TEMP_DEGC>
          <AIR_TEMP_DEGC>21.500</AIR_TEMP_DEGC>
          <RH_PRCNT>23.100</RH_PRCNT>
        </DATA>
        <DATA>
          <VOLTS>650.000</VOLTS>
          <CURRNT_NAMP>5.697e-01</CURRNT_NAMP>
          <TIME>2021-09-27 11:08:12</TIME>
          <TEMP_DEGC>21.500</TEMP_DEGC>
          <AIR_TEMP_DEGC>21.500</AIR_TEMP_DEGC>
          <RH_PRCNT>23.100</RH_PRCNT>
        </DATA>
        <DATA>
          <VOLTS>660.000</VOLTS>
          <CURRNT_NAMP>6.052e-01</CURRNT_NAMP>
          <TIME>2021-09-27 11:08:14</TIME>
          <TEMP_DEGC>21.500</TEMP_DEGC>
          <AIR_TEMP_DEGC>21.500</AIR_TEMP_DEGC>
          <RH_PRCNT>23.100</RH_PRCNT>
        </DATA>
        <DATA>
          <VOLTS>670.000</VOLTS>
          <CURRNT_NAMP>6.483e-01</CURRNT_NAMP>
          <TIME>2021-09-27 11:08:16</TIME>
          <TEMP_DEGC>21.500</TEMP_DEGC>
          <AIR_TEMP_DEGC>21.500</AIR_TEMP_DEGC>
          <RH_PRCNT>23.100</RH_PRCNT>
        </DATA>
        <DATA>
          <VOLTS>680.000</VOLTS>
          <CURRNT_NAMP>7.431e-01</CURRNT_NAMP>
          <TIME>2021-09-27 11:08:18</TIME>
          <TEMP_DEGC>21.500</TEMP_DEGC>
          <AIR_TEMP_DEGC>21.500</AIR_TEMP_DEGC>
          <RH_PRCNT>23.100</RH_PRCNT>
        </DATA>
        <DATA>
          <VOLTS>690.000</VOLTS>
          <CURRNT_NAMP>8.049e-01</CURRNT_NAMP>
          <TIME>2021-09-27 11:08:20</TIME>
          <TEMP_DEGC>21.500</TEMP_DEGC>
          <AIR_TEMP_DEGC>21.500</AIR_TEMP_DEGC>
          <RH_PRCNT>23.100</RH_PRCNT>
        </DATA>
        <DATA>
          <VOLTS>700.000</VOLTS>
          <CURRNT_NAMP>8.793e-01</CURRNT_NAMP>
          <TIME>2021-09-27 11:08:23</TIME>
          <TEMP_DEGC>21.500</TEMP_DEGC>
          <AIR_TEMP_DEGC>21.500</AIR_TEMP_DEGC>
          <RH_PRCNT>23.000</RH_PRCNT>
        </DATA>
        <CHILD_DATA_SET>
          <HEADER>
            <TYPE>
              <EXTENSION_TABLE_NAME>HALFMOON_IV_PAR</EXTENSION_TABLE_NAME>
              <NAME>Tracker Halfmoon IV Parameters</NAME>
            </TYPE>
          </HEADER>
          <DATA_SET>
            <COMMENT_DESCRIPTION>Test</COMMENT_DESCRIPTION>
            <VERSION>IV_measurement-004</VERSION>
            <PART>
              <NAME_LABEL>37400_006_2-S_HM_WW</NAME_LABEL>
              <KIND_OF_PART>2S Halfmoon W</KIND_OF_PART>
            </PART>
            <DATA>
              <VBD_V>1000.000</VBD_V>
              <I600_PAMPR>334.221</I600_PAMPR>
              <VI600_NAMPRMM3>0.178</VI600_NAMPRMM3>
            </DATA>
          </DATA_SET>
        </CHILD_DATA_SET>
      </DATA_SET>
    </CHILD_DATA_SET>
  </DATA_SET>
</ROOT>
