<?xml version="1.0"?>
<ROOT>
  <HEADER>
    <TYPE>
      <EXTENSION_TABLE_NAME>HALFMOON_METADATA</EXTENSION_TABLE_NAME>
      <NAME>Tracker Halfmoon Metadata</NAME>
    </TYPE>
    <RUN mode="SEQUENCE_NUMBER" sequence="TRK_OT_RUN_SEQ">
      <RUN_TYPE>PQC</RUN_TYPE>
      <LOCATION>Demokritos</LOCATION>
      <INITIATED_BY_USER>A. Kyriakis</INITIATED_BY_USER>
      <RUN_BEGIN_TIMESTAMP>2021-09-27 11:04:09</RUN_BEGIN_TIMESTAMP>
      <COMMENT_DESCRIPTION>Test</COMMENT_DESCRIPTION>
    </RUN>
  </HEADER>
  <DATA_SET>
    <COMMENT_DESCRIPTION>Metadata with flute and structure</COMMENT_DESCRIPTION>
    <VERSION>IV_measurement</VERSION>
    <PART>
      <NAME_LABEL>37400_006_2-S_HM_WW</NAME_LABEL>
      <KIND_OF_PART>2S Halfmoon W</KIND_OF_PART>
    </PART>
    <DATA>
      <KIND_OF_HM_FLUTE_ID>PQC3</KIND_OF_HM_FLUTE_ID>
      <KIND_OF_HM_STRUCT_ID>VDP_EDGE</KIND_OF_HM_STRUCT_ID>
      <KIND_OF_HM_SET_ID>Left</KIND_OF_HM_SET_ID>
      <KIND_OF_HM_CONFIG_ID>Linewidth</KIND_OF_HM_CONFIG_ID>
      <EQUIPMENT>KEITHLEY 2410</EQUIPMENT>
      <WAITING_TIME_S>0.200</WAITING_TIME_S>
      <TEMP_SET_DEGC>21.400</TEMP_SET_DEGC>
      <AV_TEMP_DEGC>21.400</AV_TEMP_DEGC>
      <PROCEDURE_TYPE>VDP_EDGE</PROCEDURE_TYPE>
      <FILE_NAME>Demokritos_VPX37400_006_2-S_HM_W_Left_PQC3_VDPEdge_linewidth.xml</FILE_NAME>
    </DATA>
    <CHILD_DATA_SET>
      <HEADER>
        <TYPE>
          <EXTENSION_TABLE_NAME>TEST_SENSOR_IV</EXTENSION_TABLE_NAME>
          <NAME>Tracker Halfmoon IV Test</NAME>
        </TYPE>
      </HEADER>
      <DATA_SET>
        <COMMENT_DESCRIPTION>Test</COMMENT_DESCRIPTION>
        <VERSION>IV_measurement</VERSION>
        <PART>
          <NAME_LABEL>37400_006_2-S_HM_WW</NAME_LABEL>
          <KIND_OF_PART>2S Halfmoon W</KIND_OF_PART>
        </PART>
        <DATA>
          <VOLTS>-3.185e-02</VOLTS>
          <CURRNT_NAMP>-1.000e+04</CURRNT_NAMP>
          <TIME>2021-09-27 11:04:09</TIME>
          <TEMP_DEGC>21.400</TEMP_DEGC>
          <AIR_TEMP_DEGC>21.400</AIR_TEMP_DEGC>
          <RH_PRCNT>23.200</RH_PRCNT>
        </DATA>
        <DATA>
          <VOLTS>-3.185e-02</VOLTS>
          <CURRNT_NAMP>-9.500e+03</CURRNT_NAMP>
          <TIME>2021-09-27 11:04:10</TIME>
          <TEMP_DEGC>21.400</TEMP_DEGC>
          <AIR_TEMP_DEGC>21.400</AIR_TEMP_DEGC>
          <RH_PRCNT>23.200</RH_PRCNT>
        </DATA>
        <DATA>
          <VOLTS>-3.122e-02</VOLTS>
          <CURRNT_NAMP>-9.000e+03</CURRNT_NAMP>
          <TIME>2021-09-27 11:04:11</TIME>
          <TEMP_DEGC>21.400</TEMP_DEGC>
          <AIR_TEMP_DEGC>21.400</AIR_TEMP_DEGC>
          <RH_PRCNT>23.200</RH_PRCNT>
        </DATA>
        <DATA>
          <VOLTS>-3.012e-02</VOLTS>
          <CURRNT_NAMP>-8.500e+03</CURRNT_NAMP>
          <TIME>2021-09-27 11:04:12</TIME>
          <TEMP_DEGC>21.400</TEMP_DEGC>
          <AIR_TEMP_DEGC>21.400</AIR_TEMP_DEGC>
          <RH_PRCNT>23.200</RH_PRCNT>
        </DATA>
        <DATA>
          <VOLTS>-2.917e-02</VOLTS>
          <CURRNT_NAMP>-8.000e+03</CURRNT_NAMP>
          <TIME>2021-09-27 11:04:13</TIME>
          <TEMP_DEGC>21.400</TEMP_DEGC>
          <AIR_TEMP_DEGC>21.400</AIR_TEMP_DEGC>
          <RH_PRCNT>23.200</RH_PRCNT>
        </DATA>
        <DATA>
          <VOLTS>-2.790e-02</VOLTS>
          <CURRNT_NAMP>-7.500e+03</CURRNT_NAMP>
          <TIME>2021-09-27 11:04:14</TIME>
          <TEMP_DEGC>21.400</TEMP_DEGC>
          <AIR_TEMP_DEGC>21.400</AIR_TEMP_DEGC>
          <RH_PRCNT>23.200</RH_PRCNT>
        </DATA>
        <DATA>
          <VOLTS>-2.600e-02</VOLTS>
          <CURRNT_NAMP>-7.000e+03</CURRNT_NAMP>
          <TIME>2021-09-27 11:04:15</TIME>
          <TEMP_DEGC>21.400</TEMP_DEGC>
          <AIR_TEMP_DEGC>21.400</AIR_TEMP_DEGC>
          <RH_PRCNT>23.200</RH_PRCNT>
        </DATA>
        <DATA>
          <VOLTS>-2.407e-02</VOLTS>
          <CURRNT_NAMP>-6.500e+03</CURRNT_NAMP>
          <TIME>2021-09-27 11:04:16</TIME>
          <TEMP_DEGC>21.500</TEMP_DEGC>
          <AIR_TEMP_DEGC>21.500</AIR_TEMP_DEGC>
          <RH_PRCNT>23.200</RH_PRCNT>
        </DATA>
        <DATA>
          <VOLTS>-2.216e-02</VOLTS>
          <CURRNT_NAMP>-6.000e+03</CURRNT_NAMP>
          <TIME>2021-09-27 11:04:17</TIME>
          <TEMP_DEGC>21.500</TEMP_DEGC>
          <AIR_TEMP_DEGC>21.500</AIR_TEMP_DEGC>
          <RH_PRCNT>23.200</RH_PRCNT>
        </DATA>
        <DATA>
          <VOLTS>-2.041e-02</VOLTS>
          <CURRNT_NAMP>-5.500e+03</CURRNT_NAMP>
          <TIME>2021-09-27 11:04:18</TIME>
          <TEMP_DEGC>21.500</TEMP_DEGC>
          <AIR_TEMP_DEGC>21.500</AIR_TEMP_DEGC>
          <RH_PRCNT>23.200</RH_PRCNT>
        </DATA>
        <DATA>
          <VOLTS>-1.885e-02</VOLTS>
          <CURRNT_NAMP>-5.000e+03</CURRNT_NAMP>
          <TIME>2021-09-27 11:04:19</TIME>
          <TEMP_DEGC>21.500</TEMP_DEGC>
          <AIR_TEMP_DEGC>21.500</AIR_TEMP_DEGC>
          <RH_PRCNT>23.200</RH_PRCNT>
        </DATA>
        <DATA>
          <VOLTS>-1.728e-02</VOLTS>
          <CURRNT_NAMP>-4.500e+03</CURRNT_NAMP>
          <TIME>2021-09-27 11:04:20</TIME>
          <TEMP_DEGC>21.500</TEMP_DEGC>
          <AIR_TEMP_DEGC>21.500</AIR_TEMP_DEGC>
          <RH_PRCNT>23.200</RH_PRCNT>
        </DATA>
        <DATA>
          <VOLTS>-1.570e-02</VOLTS>
          <CURRNT_NAMP>-4.000e+03</CURRNT_NAMP>
          <TIME>2021-09-27 11:04:21</TIME>
          <TEMP_DEGC>21.500</TEMP_DEGC>
          <AIR_TEMP_DEGC>21.500</AIR_TEMP_DEGC>
          <RH_PRCNT>23.200</RH_PRCNT>
        </DATA>
        <DATA>
          <VOLTS>-1.408e-02</VOLTS>
          <CURRNT_NAMP>-3.500e+03</CURRNT_NAMP>
          <TIME>2021-09-27 11:04:22</TIME>
          <TEMP_DEGC>21.400</TEMP_DEGC>
          <AIR_TEMP_DEGC>21.400</AIR_TEMP_DEGC>
          <RH_PRCNT>23.200</RH_PRCNT>
        </DATA>
        <DATA>
          <VOLTS>-1.247e-02</VOLTS>
          <CURRNT_NAMP>-3.000e+03</CURRNT_NAMP>
          <TIME>2021-09-27 11:04:23</TIME>
          <TEMP_DEGC>21.400</TEMP_DEGC>
          <AIR_TEMP_DEGC>21.400</AIR_TEMP_DEGC>
          <RH_PRCNT>23.200</RH_PRCNT>
        </DATA>
        <DATA>
          <VOLTS>-1.151e-02</VOLTS>
          <CURRNT_NAMP>-2.500e+03</CURRNT_NAMP>
          <TIME>2021-09-27 11:04:24</TIME>
          <TEMP_DEGC>21.400</TEMP_DEGC>
          <AIR_TEMP_DEGC>21.400</AIR_TEMP_DEGC>
          <RH_PRCNT>23.200</RH_PRCNT>
        </DATA>
        <DATA>
          <VOLTS>-9.750e-03</VOLTS>
          <CURRNT_NAMP>-2.000e+03</CURRNT_NAMP>
          <TIME>2021-09-27 11:04:26</TIME>
          <TEMP_DEGC>21.400</TEMP_DEGC>
          <AIR_TEMP_DEGC>21.400</AIR_TEMP_DEGC>
          <RH_PRCNT>23.200</RH_PRCNT>
        </DATA>
        <DATA>
          <VOLTS>-7.980e-03</VOLTS>
          <CURRNT_NAMP>-1.500e+03</CURRNT_NAMP>
          <TIME>2021-09-27 11:04:27</TIME>
          <TEMP_DEGC>21.400</TEMP_DEGC>
          <AIR_TEMP_DEGC>21.400</AIR_TEMP_DEGC>
          <RH_PRCNT>23.200</RH_PRCNT>
        </DATA>
        <DATA>
          <VOLTS>-6.220e-03</VOLTS>
          <CURRNT_NAMP>-1.000e+03</CURRNT_NAMP>
          <TIME>2021-09-27 11:04:28</TIME>
          <TEMP_DEGC>21.500</TEMP_DEGC>
          <AIR_TEMP_DEGC>21.500</AIR_TEMP_DEGC>
          <RH_PRCNT>23.200</RH_PRCNT>
        </DATA>
        <DATA>
          <VOLTS>-4.460e-03</VOLTS>
          <CURRNT_NAMP>-5.000e+02</CURRNT_NAMP>
          <TIME>2021-09-27 11:04:29</TIME>
          <TEMP_DEGC>21.500</TEMP_DEGC>
          <AIR_TEMP_DEGC>21.500</AIR_TEMP_DEGC>
          <RH_PRCNT>23.200</RH_PRCNT>
        </DATA>
        <DATA>
          <VOLTS>-2.860e-03</VOLTS>
          <CURRNT_NAMP>-1.694e-12</CURRNT_NAMP>
          <TIME>2021-09-27 11:04:30</TIME>
          <TEMP_DEGC>21.500</TEMP_DEGC>
          <AIR_TEMP_DEGC>21.500</AIR_TEMP_DEGC>
          <RH_PRCNT>23.200</RH_PRCNT>
        </DATA>
        <DATA>
          <VOLTS>-1.260e-03</VOLTS>
          <CURRNT_NAMP>5.000e+02</CURRNT_NAMP>
          <TIME>2021-09-27 11:04:31</TIME>
          <TEMP_DEGC>21.500</TEMP_DEGC>
          <AIR_TEMP_DEGC>21.500</AIR_TEMP_DEGC>
          <RH_PRCNT>23.200</RH_PRCNT>
        </DATA>
        <DATA>
          <VOLTS>3.400e-04</VOLTS>
          <CURRNT_NAMP>1.000e+03</CURRNT_NAMP>
          <TIME>2021-09-27 11:04:32</TIME>
          <TEMP_DEGC>21.500</TEMP_DEGC>
          <AIR_TEMP_DEGC>21.500</AIR_TEMP_DEGC>
          <RH_PRCNT>23.200</RH_PRCNT>
        </DATA>
        <DATA>
          <VOLTS>1.860e-03</VOLTS>
          <CURRNT_NAMP>1.500e+03</CURRNT_NAMP>
          <TIME>2021-09-27 11:04:33</TIME>
          <TEMP_DEGC>21.400</TEMP_DEGC>
          <AIR_TEMP_DEGC>21.400</AIR_TEMP_DEGC>
          <RH_PRCNT>23.200</RH_PRCNT>
        </DATA>
        <DATA>
          <VOLTS>3.490e-03</VOLTS>
          <CURRNT_NAMP>2.000e+03</CURRNT_NAMP>
          <TIME>2021-09-27 11:04:34</TIME>
          <TEMP_DEGC>21.500</TEMP_DEGC>
          <AIR_TEMP_DEGC>21.500</AIR_TEMP_DEGC>
          <RH_PRCNT>23.200</RH_PRCNT>
        </DATA>
        <DATA>
          <VOLTS>5.160e-03</VOLTS>
          <CURRNT_NAMP>2.500e+03</CURRNT_NAMP>
          <TIME>2021-09-27 11:04:35</TIME>
          <TEMP_DEGC>21.400</TEMP_DEGC>
          <AIR_TEMP_DEGC>21.400</AIR_TEMP_DEGC>
          <RH_PRCNT>23.200</RH_PRCNT>
        </DATA>
        <DATA>
          <VOLTS>6.790e-03</VOLTS>
          <CURRNT_NAMP>3.000e+03</CURRNT_NAMP>
          <TIME>2021-09-27 11:04:36</TIME>
          <TEMP_DEGC>21.400</TEMP_DEGC>
          <AIR_TEMP_DEGC>21.400</AIR_TEMP_DEGC>
          <RH_PRCNT>23.200</RH_PRCNT>
        </DATA>
        <DATA>
          <VOLTS>8.420e-03</VOLTS>
          <CURRNT_NAMP>3.500e+03</CURRNT_NAMP>
          <TIME>2021-09-27 11:04:37</TIME>
          <TEMP_DEGC>21.500</TEMP_DEGC>
          <AIR_TEMP_DEGC>21.500</AIR_TEMP_DEGC>
          <RH_PRCNT>23.200</RH_PRCNT>
        </DATA>
        <DATA>
          <VOLTS>9.820e-03</VOLTS>
          <CURRNT_NAMP>4.000e+03</CURRNT_NAMP>
          <TIME>2021-09-27 11:04:38</TIME>
          <TEMP_DEGC>21.400</TEMP_DEGC>
          <AIR_TEMP_DEGC>21.400</AIR_TEMP_DEGC>
          <RH_PRCNT>23.200</RH_PRCNT>
        </DATA>
        <DATA>
          <VOLTS>1.133e-02</VOLTS>
          <CURRNT_NAMP>4.500e+03</CURRNT_NAMP>
          <TIME>2021-09-27 11:04:40</TIME>
          <TEMP_DEGC>21.500</TEMP_DEGC>
          <AIR_TEMP_DEGC>21.500</AIR_TEMP_DEGC>
          <RH_PRCNT>23.200</RH_PRCNT>
        </DATA>
        <DATA>
          <VOLTS>1.314e-02</VOLTS>
          <CURRNT_NAMP>5.000e+03</CURRNT_NAMP>
          <TIME>2021-09-27 11:04:41</TIME>
          <TEMP_DEGC>21.500</TEMP_DEGC>
          <AIR_TEMP_DEGC>21.500</AIR_TEMP_DEGC>
          <RH_PRCNT>23.200</RH_PRCNT>
        </DATA>
        <DATA>
          <VOLTS>1.484e-02</VOLTS>
          <CURRNT_NAMP>5.500e+03</CURRNT_NAMP>
          <TIME>2021-09-27 11:04:42</TIME>
          <TEMP_DEGC>21.500</TEMP_DEGC>
          <AIR_TEMP_DEGC>21.500</AIR_TEMP_DEGC>
          <RH_PRCNT>23.200</RH_PRCNT>
        </DATA>
        <DATA>
          <VOLTS>1.659e-02</VOLTS>
          <CURRNT_NAMP>6.000e+03</CURRNT_NAMP>
          <TIME>2021-09-27 11:04:43</TIME>
          <TEMP_DEGC>21.500</TEMP_DEGC>
          <AIR_TEMP_DEGC>21.500</AIR_TEMP_DEGC>
          <RH_PRCNT>23.200</RH_PRCNT>
        </DATA>
        <DATA>
          <VOLTS>1.815e-02</VOLTS>
          <CURRNT_NAMP>6.500e+03</CURRNT_NAMP>
          <TIME>2021-09-27 11:04:44</TIME>
          <TEMP_DEGC>21.500</TEMP_DEGC>
          <AIR_TEMP_DEGC>21.500</AIR_TEMP_DEGC>
          <RH_PRCNT>23.200</RH_PRCNT>
        </DATA>
        <DATA>
          <VOLTS>1.971e-02</VOLTS>
          <CURRNT_NAMP>7.000e+03</CURRNT_NAMP>
          <TIME>2021-09-27 11:04:45</TIME>
          <TEMP_DEGC>21.500</TEMP_DEGC>
          <AIR_TEMP_DEGC>21.500</AIR_TEMP_DEGC>
          <RH_PRCNT>23.200</RH_PRCNT>
        </DATA>
        <DATA>
          <VOLTS>2.133e-02</VOLTS>
          <CURRNT_NAMP>7.500e+03</CURRNT_NAMP>
          <TIME>2021-09-27 11:04:46</TIME>
          <TEMP_DEGC>21.500</TEMP_DEGC>
          <AIR_TEMP_DEGC>21.500</AIR_TEMP_DEGC>
          <RH_PRCNT>23.200</RH_PRCNT>
        </DATA>
        <DATA>
          <VOLTS>2.294e-02</VOLTS>
          <CURRNT_NAMP>8.000e+03</CURRNT_NAMP>
          <TIME>2021-09-27 11:04:47</TIME>
          <TEMP_DEGC>21.500</TEMP_DEGC>
          <AIR_TEMP_DEGC>21.500</AIR_TEMP_DEGC>
          <RH_PRCNT>23.200</RH_PRCNT>
        </DATA>
        <DATA>
          <VOLTS>2.456e-02</VOLTS>
          <CURRNT_NAMP>8.500e+03</CURRNT_NAMP>
          <TIME>2021-09-27 11:04:48</TIME>
          <TEMP_DEGC>21.500</TEMP_DEGC>
          <AIR_TEMP_DEGC>21.500</AIR_TEMP_DEGC>
          <RH_PRCNT>23.200</RH_PRCNT>
        </DATA>
        <DATA>
          <VOLTS>2.618e-02</VOLTS>
          <CURRNT_NAMP>9.000e+03</CURRNT_NAMP>
          <TIME>2021-09-27 11:04:49</TIME>
          <TEMP_DEGC>21.500</TEMP_DEGC>
          <AIR_TEMP_DEGC>21.500</AIR_TEMP_DEGC>
          <RH_PRCNT>23.200</RH_PRCNT>
        </DATA>
        <DATA>
          <VOLTS>2.717e-02</VOLTS>
          <CURRNT_NAMP>9.500e+03</CURRNT_NAMP>
          <TIME>2021-09-27 11:04:50</TIME>
          <TEMP_DEGC>21.400</TEMP_DEGC>
          <AIR_TEMP_DEGC>21.400</AIR_TEMP_DEGC>
          <RH_PRCNT>23.200</RH_PRCNT>
        </DATA>
        <DATA>
          <VOLTS>2.897e-02</VOLTS>
          <CURRNT_NAMP>1.000e+04</CURRNT_NAMP>
          <TIME>2021-09-27 11:04:51</TIME>
          <TEMP_DEGC>21.400</TEMP_DEGC>
          <AIR_TEMP_DEGC>21.400</AIR_TEMP_DEGC>
          <RH_PRCNT>23.200</RH_PRCNT>
        </DATA>
        <CHILD_DATA_SET>
          <HEADER>
            <TYPE>
              <EXTENSION_TABLE_NAME>HALFMOON_IV_PAR</EXTENSION_TABLE_NAME>
              <NAME>Tracker Halfmoon IV Parameters</NAME>
            </TYPE>
          </HEADER>
          <DATA_SET>
            <COMMENT_DESCRIPTION>Test</COMMENT_DESCRIPTION>
            <VERSION>IV_measurement</VERSION>
            <PART>
              <NAME_LABEL>37400_006_2-S_HM_WW</NAME_LABEL>
              <KIND_OF_PART>2S Halfmoon W</KIND_OF_PART>
            </PART>
            <DATA>
              <T_UM>46.180</T_UM>
              <R_OHM>3238.157</R_OHM>
            </DATA>
          </DATA_SET>
        </CHILD_DATA_SET>
      </DATA_SET>
    </CHILD_DATA_SET>
  </DATA_SET>
</ROOT>
