<?xml version="1.0"?>
<ROOT>
  <HEADER>
    <TYPE>
      <EXTENSION_TABLE_NAME>HALFMOON_METADATA</EXTENSION_TABLE_NAME>
      <NAME>Tracker Halfmoon Metadata</NAME>
    </TYPE>
    <RUN mode="SEQUENCE_NUMBER" sequence="TRK_OT_RUN_SEQ">
      <RUN_TYPE>PQC</RUN_TYPE>
      <LOCATION>Demokritos</LOCATION>
      <INITIATED_BY_USER>A. Kyriakis</INITIATED_BY_USER>
      <RUN_BEGIN_TIMESTAMP>2021-09-27 11:04:57</RUN_BEGIN_TIMESTAMP>
      <COMMENT_DESCRIPTION>Test</COMMENT_DESCRIPTION>
    </RUN>
  </HEADER>
  <DATA_SET>
    <COMMENT_DESCRIPTION>Metadata with flute and structure</COMMENT_DESCRIPTION>
    <VERSION>IV_measurement</VERSION>
    <PART>
      <NAME_LABEL>37400_006_2-S_HM_WW</NAME_LABEL>
      <KIND_OF_PART>2S Halfmoon W</KIND_OF_PART>
    </PART>
    <DATA>
      <KIND_OF_HM_FLUTE_ID>PQC3</KIND_OF_HM_FLUTE_ID>
      <KIND_OF_HM_STRUCT_ID>MEANDER_METAL</KIND_OF_HM_STRUCT_ID>
      <KIND_OF_HM_SET_ID>Left</KIND_OF_HM_SET_ID>
      <KIND_OF_HM_CONFIG_ID>Not Used</KIND_OF_HM_CONFIG_ID>
      <EQUIPMENT>KEITHLEY 2410</EQUIPMENT>
      <WAITING_TIME_S>0.200</WAITING_TIME_S>
      <TEMP_SET_DEGC>21.500</TEMP_SET_DEGC>
      <AV_TEMP_DEGC>21.500</AV_TEMP_DEGC>
      <PROCEDURE_TYPE>Error!</PROCEDURE_TYPE>
      <FILE_NAME>Demokritos_VPX37400_006_2-S_HM_W_Left_PQC3_Meander_IV.xml</FILE_NAME>
    </DATA>
    <CHILD_DATA_SET>
      <HEADER>
        <TYPE>
          <EXTENSION_TABLE_NAME>TEST_SENSOR_IV</EXTENSION_TABLE_NAME>
          <NAME>Tracker Halfmoon IV Test</NAME>
        </TYPE>
      </HEADER>
      <DATA_SET>
        <COMMENT_DESCRIPTION>Test</COMMENT_DESCRIPTION>
        <VERSION>IV_measurement</VERSION>
        <PART>
          <NAME_LABEL>37400_006_2-S_HM_WW</NAME_LABEL>
          <KIND_OF_PART>2S Halfmoon W</KIND_OF_PART>
        </PART>
        <DATA>
          <VOLTS>-0.250</VOLTS>
          <CURRNT_NAMP>-1.000e+06</CURRNT_NAMP>
          <TIME>2021-09-27 11:04:57</TIME>
          <TEMP_DEGC>21.500</TEMP_DEGC>
          <AIR_TEMP_DEGC>21.500</AIR_TEMP_DEGC>
          <RH_PRCNT>23.200</RH_PRCNT>
        </DATA>
        <DATA>
          <VOLTS>-0.249</VOLTS>
          <CURRNT_NAMP>-9.500e+05</CURRNT_NAMP>
          <TIME>2021-09-27 11:04:58</TIME>
          <TEMP_DEGC>21.500</TEMP_DEGC>
          <AIR_TEMP_DEGC>21.500</AIR_TEMP_DEGC>
          <RH_PRCNT>23.200</RH_PRCNT>
        </DATA>
        <DATA>
          <VOLTS>-0.247</VOLTS>
          <CURRNT_NAMP>-9.000e+05</CURRNT_NAMP>
          <TIME>2021-09-27 11:04:59</TIME>
          <TEMP_DEGC>21.500</TEMP_DEGC>
          <AIR_TEMP_DEGC>21.500</AIR_TEMP_DEGC>
          <RH_PRCNT>23.100</RH_PRCNT>
        </DATA>
        <DATA>
          <VOLTS>-0.238</VOLTS>
          <CURRNT_NAMP>-8.500e+05</CURRNT_NAMP>
          <TIME>2021-09-27 11:05:00</TIME>
          <TEMP_DEGC>21.500</TEMP_DEGC>
          <AIR_TEMP_DEGC>21.500</AIR_TEMP_DEGC>
          <RH_PRCNT>23.100</RH_PRCNT>
        </DATA>
        <DATA>
          <VOLTS>-0.225</VOLTS>
          <CURRNT_NAMP>-8.000e+05</CURRNT_NAMP>
          <TIME>2021-09-27 11:05:01</TIME>
          <TEMP_DEGC>21.500</TEMP_DEGC>
          <AIR_TEMP_DEGC>21.500</AIR_TEMP_DEGC>
          <RH_PRCNT>23.100</RH_PRCNT>
        </DATA>
        <DATA>
          <VOLTS>-0.212</VOLTS>
          <CURRNT_NAMP>-7.500e+05</CURRNT_NAMP>
          <TIME>2021-09-27 11:05:02</TIME>
          <TEMP_DEGC>21.400</TEMP_DEGC>
          <AIR_TEMP_DEGC>21.400</AIR_TEMP_DEGC>
          <RH_PRCNT>23.200</RH_PRCNT>
        </DATA>
        <DATA>
          <VOLTS>-0.198</VOLTS>
          <CURRNT_NAMP>-7.000e+05</CURRNT_NAMP>
          <TIME>2021-09-27 11:05:03</TIME>
          <TEMP_DEGC>21.400</TEMP_DEGC>
          <AIR_TEMP_DEGC>21.400</AIR_TEMP_DEGC>
          <RH_PRCNT>23.200</RH_PRCNT>
        </DATA>
        <DATA>
          <VOLTS>-0.186</VOLTS>
          <CURRNT_NAMP>-6.500e+05</CURRNT_NAMP>
          <TIME>2021-09-27 11:05:04</TIME>
          <TEMP_DEGC>21.400</TEMP_DEGC>
          <AIR_TEMP_DEGC>21.400</AIR_TEMP_DEGC>
          <RH_PRCNT>23.100</RH_PRCNT>
        </DATA>
        <DATA>
          <VOLTS>-0.173</VOLTS>
          <CURRNT_NAMP>-6.000e+05</CURRNT_NAMP>
          <TIME>2021-09-27 11:05:05</TIME>
          <TEMP_DEGC>21.500</TEMP_DEGC>
          <AIR_TEMP_DEGC>21.500</AIR_TEMP_DEGC>
          <RH_PRCNT>23.100</RH_PRCNT>
        </DATA>
        <DATA>
          <VOLTS>-0.161</VOLTS>
          <CURRNT_NAMP>-5.500e+05</CURRNT_NAMP>
          <TIME>2021-09-27 11:05:06</TIME>
          <TEMP_DEGC>21.500</TEMP_DEGC>
          <AIR_TEMP_DEGC>21.500</AIR_TEMP_DEGC>
          <RH_PRCNT>23.100</RH_PRCNT>
        </DATA>
        <DATA>
          <VOLTS>-0.150</VOLTS>
          <CURRNT_NAMP>-5.000e+05</CURRNT_NAMP>
          <TIME>2021-09-27 11:05:07</TIME>
          <TEMP_DEGC>21.500</TEMP_DEGC>
          <AIR_TEMP_DEGC>21.500</AIR_TEMP_DEGC>
          <RH_PRCNT>23.100</RH_PRCNT>
        </DATA>
        <DATA>
          <VOLTS>-0.138</VOLTS>
          <CURRNT_NAMP>-4.500e+05</CURRNT_NAMP>
          <TIME>2021-09-27 11:05:08</TIME>
          <TEMP_DEGC>21.500</TEMP_DEGC>
          <AIR_TEMP_DEGC>21.500</AIR_TEMP_DEGC>
          <RH_PRCNT>23.100</RH_PRCNT>
        </DATA>
        <DATA>
          <VOLTS>-0.126</VOLTS>
          <CURRNT_NAMP>-4.000e+05</CURRNT_NAMP>
          <TIME>2021-09-27 11:05:09</TIME>
          <TEMP_DEGC>21.500</TEMP_DEGC>
          <AIR_TEMP_DEGC>21.500</AIR_TEMP_DEGC>
          <RH_PRCNT>23.100</RH_PRCNT>
        </DATA>
        <DATA>
          <VOLTS>-0.113</VOLTS>
          <CURRNT_NAMP>-3.500e+05</CURRNT_NAMP>
          <TIME>2021-09-27 11:05:10</TIME>
          <TEMP_DEGC>21.500</TEMP_DEGC>
          <AIR_TEMP_DEGC>21.500</AIR_TEMP_DEGC>
          <RH_PRCNT>23.100</RH_PRCNT>
        </DATA>
        <DATA>
          <VOLTS>-0.099</VOLTS>
          <CURRNT_NAMP>-3.000e+05</CURRNT_NAMP>
          <TIME>2021-09-27 11:05:11</TIME>
          <TEMP_DEGC>21.500</TEMP_DEGC>
          <AIR_TEMP_DEGC>21.500</AIR_TEMP_DEGC>
          <RH_PRCNT>23.100</RH_PRCNT>
        </DATA>
        <DATA>
          <VOLTS>-0.084</VOLTS>
          <CURRNT_NAMP>-2.500e+05</CURRNT_NAMP>
          <TIME>2021-09-27 11:05:13</TIME>
          <TEMP_DEGC>21.400</TEMP_DEGC>
          <AIR_TEMP_DEGC>21.400</AIR_TEMP_DEGC>
          <RH_PRCNT>23.100</RH_PRCNT>
        </DATA>
        <DATA>
          <VOLTS>-0.071</VOLTS>
          <CURRNT_NAMP>-2.000e+05</CURRNT_NAMP>
          <TIME>2021-09-27 11:05:14</TIME>
          <TEMP_DEGC>21.500</TEMP_DEGC>
          <AIR_TEMP_DEGC>21.500</AIR_TEMP_DEGC>
          <RH_PRCNT>23.100</RH_PRCNT>
        </DATA>
        <DATA>
          <VOLTS>-0.060</VOLTS>
          <CURRNT_NAMP>-1.500e+05</CURRNT_NAMP>
          <TIME>2021-09-27 11:05:15</TIME>
          <TEMP_DEGC>21.500</TEMP_DEGC>
          <AIR_TEMP_DEGC>21.500</AIR_TEMP_DEGC>
          <RH_PRCNT>23.100</RH_PRCNT>
        </DATA>
        <DATA>
          <VOLTS>-0.051</VOLTS>
          <CURRNT_NAMP>-1.000e+05</CURRNT_NAMP>
          <TIME>2021-09-27 11:05:16</TIME>
          <TEMP_DEGC>21.500</TEMP_DEGC>
          <AIR_TEMP_DEGC>21.500</AIR_TEMP_DEGC>
          <RH_PRCNT>23.100</RH_PRCNT>
        </DATA>
        <DATA>
          <VOLTS>-0.039</VOLTS>
          <CURRNT_NAMP>-5.000e+04</CURRNT_NAMP>
          <TIME>2021-09-27 11:05:17</TIME>
          <TEMP_DEGC>21.400</TEMP_DEGC>
          <AIR_TEMP_DEGC>21.400</AIR_TEMP_DEGC>
          <RH_PRCNT>23.100</RH_PRCNT>
        </DATA>
        <DATA>
          <VOLTS>-0.026</VOLTS>
          <CURRNT_NAMP>0.000e+00</CURRNT_NAMP>
          <TIME>2021-09-27 11:05:18</TIME>
          <TEMP_DEGC>21.400</TEMP_DEGC>
          <AIR_TEMP_DEGC>21.400</AIR_TEMP_DEGC>
          <RH_PRCNT>23.100</RH_PRCNT>
        </DATA>
        <DATA>
          <VOLTS>-0.011</VOLTS>
          <CURRNT_NAMP>5.000e+04</CURRNT_NAMP>
          <TIME>2021-09-27 11:05:19</TIME>
          <TEMP_DEGC>21.500</TEMP_DEGC>
          <AIR_TEMP_DEGC>21.500</AIR_TEMP_DEGC>
          <RH_PRCNT>23.100</RH_PRCNT>
        </DATA>
        <DATA>
          <VOLTS>0.003</VOLTS>
          <CURRNT_NAMP>1.000e+05</CURRNT_NAMP>
          <TIME>2021-09-27 11:05:20</TIME>
          <TEMP_DEGC>21.500</TEMP_DEGC>
          <AIR_TEMP_DEGC>21.500</AIR_TEMP_DEGC>
          <RH_PRCNT>23.100</RH_PRCNT>
        </DATA>
        <DATA>
          <VOLTS>0.016</VOLTS>
          <CURRNT_NAMP>1.500e+05</CURRNT_NAMP>
          <TIME>2021-09-27 11:05:21</TIME>
          <TEMP_DEGC>21.500</TEMP_DEGC>
          <AIR_TEMP_DEGC>21.500</AIR_TEMP_DEGC>
          <RH_PRCNT>23.100</RH_PRCNT>
        </DATA>
        <DATA>
          <VOLTS>0.029</VOLTS>
          <CURRNT_NAMP>2.000e+05</CURRNT_NAMP>
          <TIME>2021-09-27 11:05:22</TIME>
          <TEMP_DEGC>21.500</TEMP_DEGC>
          <AIR_TEMP_DEGC>21.500</AIR_TEMP_DEGC>
          <RH_PRCNT>23.100</RH_PRCNT>
        </DATA>
        <DATA>
          <VOLTS>0.042</VOLTS>
          <CURRNT_NAMP>2.500e+05</CURRNT_NAMP>
          <TIME>2021-09-27 11:05:23</TIME>
          <TEMP_DEGC>21.500</TEMP_DEGC>
          <AIR_TEMP_DEGC>21.500</AIR_TEMP_DEGC>
          <RH_PRCNT>23.100</RH_PRCNT>
        </DATA>
        <DATA>
          <VOLTS>0.052</VOLTS>
          <CURRNT_NAMP>3.000e+05</CURRNT_NAMP>
          <TIME>2021-09-27 11:05:24</TIME>
          <TEMP_DEGC>21.500</TEMP_DEGC>
          <AIR_TEMP_DEGC>21.500</AIR_TEMP_DEGC>
          <RH_PRCNT>23.100</RH_PRCNT>
        </DATA>
        <DATA>
          <VOLTS>0.065</VOLTS>
          <CURRNT_NAMP>3.500e+05</CURRNT_NAMP>
          <TIME>2021-09-27 11:05:25</TIME>
          <TEMP_DEGC>21.500</TEMP_DEGC>
          <AIR_TEMP_DEGC>21.500</AIR_TEMP_DEGC>
          <RH_PRCNT>23.100</RH_PRCNT>
        </DATA>
        <DATA>
          <VOLTS>0.079</VOLTS>
          <CURRNT_NAMP>4.000e+05</CURRNT_NAMP>
          <TIME>2021-09-27 11:05:26</TIME>
          <TEMP_DEGC>21.500</TEMP_DEGC>
          <AIR_TEMP_DEGC>21.500</AIR_TEMP_DEGC>
          <RH_PRCNT>23.100</RH_PRCNT>
        </DATA>
        <DATA>
          <VOLTS>0.092</VOLTS>
          <CURRNT_NAMP>4.500e+05</CURRNT_NAMP>
          <TIME>2021-09-27 11:05:28</TIME>
          <TEMP_DEGC>21.400</TEMP_DEGC>
          <AIR_TEMP_DEGC>21.400</AIR_TEMP_DEGC>
          <RH_PRCNT>23.100</RH_PRCNT>
        </DATA>
        <DATA>
          <VOLTS>0.104</VOLTS>
          <CURRNT_NAMP>5.000e+05</CURRNT_NAMP>
          <TIME>2021-09-27 11:05:29</TIME>
          <TEMP_DEGC>21.500</TEMP_DEGC>
          <AIR_TEMP_DEGC>21.500</AIR_TEMP_DEGC>
          <RH_PRCNT>23.100</RH_PRCNT>
        </DATA>
        <DATA>
          <VOLTS>0.116</VOLTS>
          <CURRNT_NAMP>5.500e+05</CURRNT_NAMP>
          <TIME>2021-09-27 11:05:30</TIME>
          <TEMP_DEGC>21.500</TEMP_DEGC>
          <AIR_TEMP_DEGC>21.500</AIR_TEMP_DEGC>
          <RH_PRCNT>23.100</RH_PRCNT>
        </DATA>
        <DATA>
          <VOLTS>0.128</VOLTS>
          <CURRNT_NAMP>6.000e+05</CURRNT_NAMP>
          <TIME>2021-09-27 11:05:31</TIME>
          <TEMP_DEGC>21.400</TEMP_DEGC>
          <AIR_TEMP_DEGC>21.400</AIR_TEMP_DEGC>
          <RH_PRCNT>23.100</RH_PRCNT>
        </DATA>
        <DATA>
          <VOLTS>0.140</VOLTS>
          <CURRNT_NAMP>6.500e+05</CURRNT_NAMP>
          <TIME>2021-09-27 11:05:32</TIME>
          <TEMP_DEGC>21.500</TEMP_DEGC>
          <AIR_TEMP_DEGC>21.500</AIR_TEMP_DEGC>
          <RH_PRCNT>23.100</RH_PRCNT>
        </DATA>
        <DATA>
          <VOLTS>0.152</VOLTS>
          <CURRNT_NAMP>7.000e+05</CURRNT_NAMP>
          <TIME>2021-09-27 11:05:33</TIME>
          <TEMP_DEGC>21.500</TEMP_DEGC>
          <AIR_TEMP_DEGC>21.500</AIR_TEMP_DEGC>
          <RH_PRCNT>23.100</RH_PRCNT>
        </DATA>
        <DATA>
          <VOLTS>0.164</VOLTS>
          <CURRNT_NAMP>7.500e+05</CURRNT_NAMP>
          <TIME>2021-09-27 11:05:34</TIME>
          <TEMP_DEGC>21.500</TEMP_DEGC>
          <AIR_TEMP_DEGC>21.500</AIR_TEMP_DEGC>
          <RH_PRCNT>23.100</RH_PRCNT>
        </DATA>
        <DATA>
          <VOLTS>0.175</VOLTS>
          <CURRNT_NAMP>8.000e+05</CURRNT_NAMP>
          <TIME>2021-09-27 11:05:35</TIME>
          <TEMP_DEGC>21.500</TEMP_DEGC>
          <AIR_TEMP_DEGC>21.500</AIR_TEMP_DEGC>
          <RH_PRCNT>23.100</RH_PRCNT>
        </DATA>
        <DATA>
          <VOLTS>0.187</VOLTS>
          <CURRNT_NAMP>8.500e+05</CURRNT_NAMP>
          <TIME>2021-09-27 11:05:36</TIME>
          <TEMP_DEGC>21.500</TEMP_DEGC>
          <AIR_TEMP_DEGC>21.500</AIR_TEMP_DEGC>
          <RH_PRCNT>23.100</RH_PRCNT>
        </DATA>
        <DATA>
          <VOLTS>0.199</VOLTS>
          <CURRNT_NAMP>9.000e+05</CURRNT_NAMP>
          <TIME>2021-09-27 11:05:37</TIME>
          <TEMP_DEGC>21.500</TEMP_DEGC>
          <AIR_TEMP_DEGC>21.500</AIR_TEMP_DEGC>
          <RH_PRCNT>23.100</RH_PRCNT>
        </DATA>
        <DATA>
          <VOLTS>0.211</VOLTS>
          <CURRNT_NAMP>9.500e+05</CURRNT_NAMP>
          <TIME>2021-09-27 11:05:38</TIME>
          <TEMP_DEGC>21.500</TEMP_DEGC>
          <AIR_TEMP_DEGC>21.500</AIR_TEMP_DEGC>
          <RH_PRCNT>23.100</RH_PRCNT>
        </DATA>
        <DATA>
          <VOLTS>0.224</VOLTS>
          <CURRNT_NAMP>1.000e+06</CURRNT_NAMP>
          <TIME>2021-09-27 11:05:39</TIME>
          <TEMP_DEGC>21.500</TEMP_DEGC>
          <AIR_TEMP_DEGC>21.500</AIR_TEMP_DEGC>
          <RH_PRCNT>23.100</RH_PRCNT>
        </DATA>
        <CHILD_DATA_SET>
          <HEADER>
            <TYPE>
              <EXTENSION_TABLE_NAME>HALFMOON_IV_PAR</EXTENSION_TABLE_NAME>
              <NAME>Tracker Halfmoon IV Parameters</NAME>
            </TYPE>
          </HEADER>
          <DATA_SET>
            <COMMENT_DESCRIPTION>Test</COMMENT_DESCRIPTION>
            <VERSION>IV_measurement</VERSION>
            <PART>
              <NAME_LABEL>37400_006_2-S_HM_WW</NAME_LABEL>
              <KIND_OF_PART>2S Halfmoon W</KIND_OF_PART>
            </PART>
            <DATA>
              <R_OHM>250.934</R_OHM>
              <RSH_OHMSQR>1.952e-02</RSH_OHMSQR>
            </DATA>
          </DATA_SET>
        </CHILD_DATA_SET>
      </DATA_SET>
    </CHILD_DATA_SET>
  </DATA_SET>
</ROOT>
