<?xml version="1.0"?>
<ROOT>
  <HEADER>
    <TYPE>
      <EXTENSION_TABLE_NAME>HALFMOON_METADATA</EXTENSION_TABLE_NAME>
      <NAME>Tracker Halfmoon Metadata</NAME>
    </TYPE>
    <RUN mode="SEQUENCE_NUMBER" sequence="TRK_OT_RUN_SEQ">
      <RUN_TYPE>PQC</RUN_TYPE>
      <LOCATION>Demokritos</LOCATION>
      <INITIATED_BY_USER>A. Kyriakis</INITIATED_BY_USER>
      <RUN_BEGIN_TIMESTAMP>2021-09-29 09:45:32</RUN_BEGIN_TIMESTAMP>
      <COMMENT_DESCRIPTION>Test</COMMENT_DESCRIPTION>
    </RUN>
  </HEADER>
  <DATA_SET>
    <COMMENT_DESCRIPTION>Metadata with flute and structure</COMMENT_DESCRIPTION>
    <VERSION>v2</VERSION>
    <PART>
      <NAME_LABEL>37400_037_2-S_HM_EE</NAME_LABEL>
      <KIND_OF_PART>2S Halfmoon E</KIND_OF_PART>
    </PART>
    <DATA>
      <KIND_OF_HM_FLUTE_ID>PQC3</KIND_OF_HM_FLUTE_ID>
      <KIND_OF_HM_STRUCT_ID>DIODE_HALF</KIND_OF_HM_STRUCT_ID>
      <KIND_OF_HM_SET_ID>Left</KIND_OF_HM_SET_ID>
      <KIND_OF_HM_CONFIG_ID>Not Used</KIND_OF_HM_CONFIG_ID>
      <EQUIPMENT>KEITHLEY 2410</EQUIPMENT>
      <WAITING_TIME_S>1.000</WAITING_TIME_S>
      <TEMP_SET_DEGC>21.300</TEMP_SET_DEGC>
      <AV_TEMP_DEGC>21.300</AV_TEMP_DEGC>
      <PROCEDURE_TYPE>Diode_IV1</PROCEDURE_TYPE>
      <FILE_NAME>Demokritos_VPX37400_037_2-S_HM_E_Left_PQC3_DiodeHalf_IV.xml</FILE_NAME>
    </DATA>
    <CHILD_DATA_SET>
      <HEADER>
        <TYPE>
          <EXTENSION_TABLE_NAME>TEST_SENSOR_IV</EXTENSION_TABLE_NAME>
          <NAME>Tracker Halfmoon IV Test</NAME>
        </TYPE>
      </HEADER>
      <DATA_SET>
        <COMMENT_DESCRIPTION>Test</COMMENT_DESCRIPTION>
        <VERSION>V2</VERSION>
        <PART>
          <NAME_LABEL>37400_037_2-S_HM_EE</NAME_LABEL>
          <KIND_OF_PART>2S Halfmoon E</KIND_OF_PART>
        </PART>
        <DATA>
          <VOLTS>-0.000</VOLTS>
          <CURRNT_NAMP>3.904e+01</CURRNT_NAMP>
          <TIME>2021-09-29 09:45:37</TIME>
          <TEMP_DEGC>21.300</TEMP_DEGC>
          <AIR_TEMP_DEGC>21.300</AIR_TEMP_DEGC>
          <RH_PRCNT>23.300</RH_PRCNT>
        </DATA>
        <DATA>
          <VOLTS>10.000</VOLTS>
          <CURRNT_NAMP>2.926e+03</CURRNT_NAMP>
          <TIME>2021-09-29 09:45:41</TIME>
          <TEMP_DEGC>21.300</TEMP_DEGC>
          <AIR_TEMP_DEGC>21.300</AIR_TEMP_DEGC>
          <RH_PRCNT>23.200</RH_PRCNT>
        </DATA>
        <DATA>
          <VOLTS>20.000</VOLTS>
          <CURRNT_NAMP>2.903e+03</CURRNT_NAMP>
          <TIME>2021-09-29 09:45:43</TIME>
          <TEMP_DEGC>21.300</TEMP_DEGC>
          <AIR_TEMP_DEGC>21.300</AIR_TEMP_DEGC>
          <RH_PRCNT>23.200</RH_PRCNT>
        </DATA>
        <DATA>
          <VOLTS>30.000</VOLTS>
          <CURRNT_NAMP>2.062e+03</CURRNT_NAMP>
          <TIME>2021-09-29 09:45:45</TIME>
          <TEMP_DEGC>21.300</TEMP_DEGC>
          <AIR_TEMP_DEGC>21.300</AIR_TEMP_DEGC>
          <RH_PRCNT>23.200</RH_PRCNT>
        </DATA>
        <DATA>
          <VOLTS>40.000</VOLTS>
          <CURRNT_NAMP>8.520e+02</CURRNT_NAMP>
          <TIME>2021-09-29 09:45:47</TIME>
          <TEMP_DEGC>21.300</TEMP_DEGC>
          <AIR_TEMP_DEGC>21.300</AIR_TEMP_DEGC>
          <RH_PRCNT>23.200</RH_PRCNT>
        </DATA>
        <DATA>
          <VOLTS>50.000</VOLTS>
          <CURRNT_NAMP>8.754e+00</CURRNT_NAMP>
          <TIME>2021-09-29 09:45:49</TIME>
          <TEMP_DEGC>21.300</TEMP_DEGC>
          <AIR_TEMP_DEGC>21.300</AIR_TEMP_DEGC>
          <RH_PRCNT>23.200</RH_PRCNT>
        </DATA>
        <DATA>
          <VOLTS>60.000</VOLTS>
          <CURRNT_NAMP>1.660e+00</CURRNT_NAMP>
          <TIME>2021-09-29 09:45:51</TIME>
          <TEMP_DEGC>21.300</TEMP_DEGC>
          <AIR_TEMP_DEGC>21.300</AIR_TEMP_DEGC>
          <RH_PRCNT>23.200</RH_PRCNT>
        </DATA>
        <DATA>
          <VOLTS>70.000</VOLTS>
          <CURRNT_NAMP>5.996e-02</CURRNT_NAMP>
          <TIME>2021-09-29 09:45:53</TIME>
          <TEMP_DEGC>21.300</TEMP_DEGC>
          <AIR_TEMP_DEGC>21.300</AIR_TEMP_DEGC>
          <RH_PRCNT>23.200</RH_PRCNT>
        </DATA>
        <DATA>
          <VOLTS>80.000</VOLTS>
          <CURRNT_NAMP>4.153e-02</CURRNT_NAMP>
          <TIME>2021-09-29 09:45:56</TIME>
          <TEMP_DEGC>21.300</TEMP_DEGC>
          <AIR_TEMP_DEGC>21.300</AIR_TEMP_DEGC>
          <RH_PRCNT>23.200</RH_PRCNT>
        </DATA>
        <DATA>
          <VOLTS>90.000</VOLTS>
          <CURRNT_NAMP>3.639e-02</CURRNT_NAMP>
          <TIME>2021-09-29 09:45:58</TIME>
          <TEMP_DEGC>21.300</TEMP_DEGC>
          <AIR_TEMP_DEGC>21.300</AIR_TEMP_DEGC>
          <RH_PRCNT>23.200</RH_PRCNT>
        </DATA>
        <DATA>
          <VOLTS>100.000</VOLTS>
          <CURRNT_NAMP>3.601e-02</CURRNT_NAMP>
          <TIME>2021-09-29 09:46:00</TIME>
          <TEMP_DEGC>21.300</TEMP_DEGC>
          <AIR_TEMP_DEGC>21.300</AIR_TEMP_DEGC>
          <RH_PRCNT>23.200</RH_PRCNT>
        </DATA>
        <DATA>
          <VOLTS>110.000</VOLTS>
          <CURRNT_NAMP>3.615e-02</CURRNT_NAMP>
          <TIME>2021-09-29 09:46:02</TIME>
          <TEMP_DEGC>21.300</TEMP_DEGC>
          <AIR_TEMP_DEGC>21.300</AIR_TEMP_DEGC>
          <RH_PRCNT>23.200</RH_PRCNT>
        </DATA>
        <DATA>
          <VOLTS>120.000</VOLTS>
          <CURRNT_NAMP>3.625e-02</CURRNT_NAMP>
          <TIME>2021-09-29 09:46:04</TIME>
          <TEMP_DEGC>21.300</TEMP_DEGC>
          <AIR_TEMP_DEGC>21.300</AIR_TEMP_DEGC>
          <RH_PRCNT>23.200</RH_PRCNT>
        </DATA>
        <DATA>
          <VOLTS>130.000</VOLTS>
          <CURRNT_NAMP>3.645e-02</CURRNT_NAMP>
          <TIME>2021-09-29 09:46:07</TIME>
          <TEMP_DEGC>21.300</TEMP_DEGC>
          <AIR_TEMP_DEGC>21.300</AIR_TEMP_DEGC>
          <RH_PRCNT>23.200</RH_PRCNT>
        </DATA>
        <DATA>
          <VOLTS>140.000</VOLTS>
          <CURRNT_NAMP>3.674e-02</CURRNT_NAMP>
          <TIME>2021-09-29 09:46:09</TIME>
          <TEMP_DEGC>21.300</TEMP_DEGC>
          <AIR_TEMP_DEGC>21.300</AIR_TEMP_DEGC>
          <RH_PRCNT>23.200</RH_PRCNT>
        </DATA>
        <DATA>
          <VOLTS>150.000</VOLTS>
          <CURRNT_NAMP>3.727e-02</CURRNT_NAMP>
          <TIME>2021-09-29 09:46:11</TIME>
          <TEMP_DEGC>21.300</TEMP_DEGC>
          <AIR_TEMP_DEGC>21.300</AIR_TEMP_DEGC>
          <RH_PRCNT>23.200</RH_PRCNT>
        </DATA>
        <DATA>
          <VOLTS>160.000</VOLTS>
          <CURRNT_NAMP>3.768e-02</CURRNT_NAMP>
          <TIME>2021-09-29 09:46:13</TIME>
          <TEMP_DEGC>21.300</TEMP_DEGC>
          <AIR_TEMP_DEGC>21.300</AIR_TEMP_DEGC>
          <RH_PRCNT>23.200</RH_PRCNT>
        </DATA>
        <DATA>
          <VOLTS>170.000</VOLTS>
          <CURRNT_NAMP>3.845e-02</CURRNT_NAMP>
          <TIME>2021-09-29 09:46:15</TIME>
          <TEMP_DEGC>21.300</TEMP_DEGC>
          <AIR_TEMP_DEGC>21.300</AIR_TEMP_DEGC>
          <RH_PRCNT>23.200</RH_PRCNT>
        </DATA>
        <DATA>
          <VOLTS>180.000</VOLTS>
          <CURRNT_NAMP>3.959e-02</CURRNT_NAMP>
          <TIME>2021-09-29 09:46:17</TIME>
          <TEMP_DEGC>21.300</TEMP_DEGC>
          <AIR_TEMP_DEGC>21.300</AIR_TEMP_DEGC>
          <RH_PRCNT>23.200</RH_PRCNT>
        </DATA>
        <DATA>
          <VOLTS>190.000</VOLTS>
          <CURRNT_NAMP>4.107e-02</CURRNT_NAMP>
          <TIME>2021-09-29 09:46:19</TIME>
          <TEMP_DEGC>21.300</TEMP_DEGC>
          <AIR_TEMP_DEGC>21.300</AIR_TEMP_DEGC>
          <RH_PRCNT>23.200</RH_PRCNT>
        </DATA>
        <DATA>
          <VOLTS>200.000</VOLTS>
          <CURRNT_NAMP>4.323e-02</CURRNT_NAMP>
          <TIME>2021-09-29 09:46:21</TIME>
          <TEMP_DEGC>21.300</TEMP_DEGC>
          <AIR_TEMP_DEGC>21.300</AIR_TEMP_DEGC>
          <RH_PRCNT>23.200</RH_PRCNT>
        </DATA>
        <DATA>
          <VOLTS>210.000</VOLTS>
          <CURRNT_NAMP>4.576e-02</CURRNT_NAMP>
          <TIME>2021-09-29 09:46:24</TIME>
          <TEMP_DEGC>21.300</TEMP_DEGC>
          <AIR_TEMP_DEGC>21.300</AIR_TEMP_DEGC>
          <RH_PRCNT>23.200</RH_PRCNT>
        </DATA>
        <DATA>
          <VOLTS>220.000</VOLTS>
          <CURRNT_NAMP>4.884e-02</CURRNT_NAMP>
          <TIME>2021-09-29 09:46:26</TIME>
          <TEMP_DEGC>21.300</TEMP_DEGC>
          <AIR_TEMP_DEGC>21.300</AIR_TEMP_DEGC>
          <RH_PRCNT>23.200</RH_PRCNT>
        </DATA>
        <DATA>
          <VOLTS>230.000</VOLTS>
          <CURRNT_NAMP>5.169e-02</CURRNT_NAMP>
          <TIME>2021-09-29 09:46:28</TIME>
          <TEMP_DEGC>21.300</TEMP_DEGC>
          <AIR_TEMP_DEGC>21.300</AIR_TEMP_DEGC>
          <RH_PRCNT>23.200</RH_PRCNT>
        </DATA>
        <DATA>
          <VOLTS>240.000</VOLTS>
          <CURRNT_NAMP>5.418e-02</CURRNT_NAMP>
          <TIME>2021-09-29 09:46:30</TIME>
          <TEMP_DEGC>21.300</TEMP_DEGC>
          <AIR_TEMP_DEGC>21.300</AIR_TEMP_DEGC>
          <RH_PRCNT>23.200</RH_PRCNT>
        </DATA>
        <DATA>
          <VOLTS>250.000</VOLTS>
          <CURRNT_NAMP>5.601e-02</CURRNT_NAMP>
          <TIME>2021-09-29 09:46:32</TIME>
          <TEMP_DEGC>21.300</TEMP_DEGC>
          <AIR_TEMP_DEGC>21.300</AIR_TEMP_DEGC>
          <RH_PRCNT>23.100</RH_PRCNT>
        </DATA>
        <DATA>
          <VOLTS>260.000</VOLTS>
          <CURRNT_NAMP>5.753e-02</CURRNT_NAMP>
          <TIME>2021-09-29 09:46:34</TIME>
          <TEMP_DEGC>21.300</TEMP_DEGC>
          <AIR_TEMP_DEGC>21.300</AIR_TEMP_DEGC>
          <RH_PRCNT>23.100</RH_PRCNT>
        </DATA>
        <DATA>
          <VOLTS>270.000</VOLTS>
          <CURRNT_NAMP>5.868e-02</CURRNT_NAMP>
          <TIME>2021-09-29 09:46:36</TIME>
          <TEMP_DEGC>21.300</TEMP_DEGC>
          <AIR_TEMP_DEGC>21.300</AIR_TEMP_DEGC>
          <RH_PRCNT>23.200</RH_PRCNT>
        </DATA>
        <DATA>
          <VOLTS>280.000</VOLTS>
          <CURRNT_NAMP>5.971e-02</CURRNT_NAMP>
          <TIME>2021-09-29 09:46:39</TIME>
          <TEMP_DEGC>21.300</TEMP_DEGC>
          <AIR_TEMP_DEGC>21.300</AIR_TEMP_DEGC>
          <RH_PRCNT>23.100</RH_PRCNT>
        </DATA>
        <DATA>
          <VOLTS>290.000</VOLTS>
          <CURRNT_NAMP>6.057e-02</CURRNT_NAMP>
          <TIME>2021-09-29 09:46:41</TIME>
          <TEMP_DEGC>21.300</TEMP_DEGC>
          <AIR_TEMP_DEGC>21.300</AIR_TEMP_DEGC>
          <RH_PRCNT>23.100</RH_PRCNT>
        </DATA>
        <DATA>
          <VOLTS>300.000</VOLTS>
          <CURRNT_NAMP>6.134e-02</CURRNT_NAMP>
          <TIME>2021-09-29 09:46:43</TIME>
          <TEMP_DEGC>21.300</TEMP_DEGC>
          <AIR_TEMP_DEGC>21.300</AIR_TEMP_DEGC>
          <RH_PRCNT>23.100</RH_PRCNT>
        </DATA>
        <DATA>
          <VOLTS>310.000</VOLTS>
          <CURRNT_NAMP>6.214e-02</CURRNT_NAMP>
          <TIME>2021-09-29 09:46:45</TIME>
          <TEMP_DEGC>21.300</TEMP_DEGC>
          <AIR_TEMP_DEGC>21.300</AIR_TEMP_DEGC>
          <RH_PRCNT>23.100</RH_PRCNT>
        </DATA>
        <DATA>
          <VOLTS>320.000</VOLTS>
          <CURRNT_NAMP>6.271e-02</CURRNT_NAMP>
          <TIME>2021-09-29 09:46:47</TIME>
          <TEMP_DEGC>21.300</TEMP_DEGC>
          <AIR_TEMP_DEGC>21.300</AIR_TEMP_DEGC>
          <RH_PRCNT>23.100</RH_PRCNT>
        </DATA>
        <DATA>
          <VOLTS>330.000</VOLTS>
          <CURRNT_NAMP>6.342e-02</CURRNT_NAMP>
          <TIME>2021-09-29 09:46:49</TIME>
          <TEMP_DEGC>21.300</TEMP_DEGC>
          <AIR_TEMP_DEGC>21.300</AIR_TEMP_DEGC>
          <RH_PRCNT>23.100</RH_PRCNT>
        </DATA>
        <DATA>
          <VOLTS>340.000</VOLTS>
          <CURRNT_NAMP>6.409e-02</CURRNT_NAMP>
          <TIME>2021-09-29 09:46:51</TIME>
          <TEMP_DEGC>21.300</TEMP_DEGC>
          <AIR_TEMP_DEGC>21.300</AIR_TEMP_DEGC>
          <RH_PRCNT>23.100</RH_PRCNT>
        </DATA>
        <DATA>
          <VOLTS>350.000</VOLTS>
          <CURRNT_NAMP>6.486e-02</CURRNT_NAMP>
          <TIME>2021-09-29 09:46:54</TIME>
          <TEMP_DEGC>21.300</TEMP_DEGC>
          <AIR_TEMP_DEGC>21.300</AIR_TEMP_DEGC>
          <RH_PRCNT>23.100</RH_PRCNT>
        </DATA>
        <DATA>
          <VOLTS>360.000</VOLTS>
          <CURRNT_NAMP>6.566e-02</CURRNT_NAMP>
          <TIME>2021-09-29 09:46:56</TIME>
          <TEMP_DEGC>21.300</TEMP_DEGC>
          <AIR_TEMP_DEGC>21.300</AIR_TEMP_DEGC>
          <RH_PRCNT>23.100</RH_PRCNT>
        </DATA>
        <DATA>
          <VOLTS>370.000</VOLTS>
          <CURRNT_NAMP>6.662e-02</CURRNT_NAMP>
          <TIME>2021-09-29 09:46:58</TIME>
          <TEMP_DEGC>21.300</TEMP_DEGC>
          <AIR_TEMP_DEGC>21.300</AIR_TEMP_DEGC>
          <RH_PRCNT>23.100</RH_PRCNT>
        </DATA>
        <DATA>
          <VOLTS>380.000</VOLTS>
          <CURRNT_NAMP>6.786e-02</CURRNT_NAMP>
          <TIME>2021-09-29 09:47:00</TIME>
          <TEMP_DEGC>21.300</TEMP_DEGC>
          <AIR_TEMP_DEGC>21.300</AIR_TEMP_DEGC>
          <RH_PRCNT>23.100</RH_PRCNT>
        </DATA>
        <DATA>
          <VOLTS>390.000</VOLTS>
          <CURRNT_NAMP>6.926e-02</CURRNT_NAMP>
          <TIME>2021-09-29 09:47:02</TIME>
          <TEMP_DEGC>21.300</TEMP_DEGC>
          <AIR_TEMP_DEGC>21.300</AIR_TEMP_DEGC>
          <RH_PRCNT>23.100</RH_PRCNT>
        </DATA>
        <DATA>
          <VOLTS>400.000</VOLTS>
          <CURRNT_NAMP>7.106e-02</CURRNT_NAMP>
          <TIME>2021-09-29 09:47:04</TIME>
          <TEMP_DEGC>21.300</TEMP_DEGC>
          <AIR_TEMP_DEGC>21.300</AIR_TEMP_DEGC>
          <RH_PRCNT>23.100</RH_PRCNT>
        </DATA>
        <DATA>
          <VOLTS>410.000</VOLTS>
          <CURRNT_NAMP>7.316e-02</CURRNT_NAMP>
          <TIME>2021-09-29 09:47:06</TIME>
          <TEMP_DEGC>21.300</TEMP_DEGC>
          <AIR_TEMP_DEGC>21.300</AIR_TEMP_DEGC>
          <RH_PRCNT>23.100</RH_PRCNT>
        </DATA>
        <DATA>
          <VOLTS>420.000</VOLTS>
          <CURRNT_NAMP>7.572e-02</CURRNT_NAMP>
          <TIME>2021-09-29 09:47:09</TIME>
          <TEMP_DEGC>21.300</TEMP_DEGC>
          <AIR_TEMP_DEGC>21.300</AIR_TEMP_DEGC>
          <RH_PRCNT>23.100</RH_PRCNT>
        </DATA>
        <DATA>
          <VOLTS>430.000</VOLTS>
          <CURRNT_NAMP>7.875e-02</CURRNT_NAMP>
          <TIME>2021-09-29 09:47:11</TIME>
          <TEMP_DEGC>21.300</TEMP_DEGC>
          <AIR_TEMP_DEGC>21.300</AIR_TEMP_DEGC>
          <RH_PRCNT>23.100</RH_PRCNT>
        </DATA>
        <DATA>
          <VOLTS>440.000</VOLTS>
          <CURRNT_NAMP>8.240e-02</CURRNT_NAMP>
          <TIME>2021-09-29 09:47:13</TIME>
          <TEMP_DEGC>21.300</TEMP_DEGC>
          <AIR_TEMP_DEGC>21.300</AIR_TEMP_DEGC>
          <RH_PRCNT>23.100</RH_PRCNT>
        </DATA>
        <DATA>
          <VOLTS>450.000</VOLTS>
          <CURRNT_NAMP>8.666e-02</CURRNT_NAMP>
          <TIME>2021-09-29 09:47:15</TIME>
          <TEMP_DEGC>21.300</TEMP_DEGC>
          <AIR_TEMP_DEGC>21.300</AIR_TEMP_DEGC>
          <RH_PRCNT>23.100</RH_PRCNT>
        </DATA>
        <DATA>
          <VOLTS>460.000</VOLTS>
          <CURRNT_NAMP>9.186e-02</CURRNT_NAMP>
          <TIME>2021-09-29 09:47:17</TIME>
          <TEMP_DEGC>21.300</TEMP_DEGC>
          <AIR_TEMP_DEGC>21.300</AIR_TEMP_DEGC>
          <RH_PRCNT>23.100</RH_PRCNT>
        </DATA>
        <DATA>
          <VOLTS>470.000</VOLTS>
          <CURRNT_NAMP>9.794e-02</CURRNT_NAMP>
          <TIME>2021-09-29 09:47:19</TIME>
          <TEMP_DEGC>21.300</TEMP_DEGC>
          <AIR_TEMP_DEGC>21.300</AIR_TEMP_DEGC>
          <RH_PRCNT>23.100</RH_PRCNT>
        </DATA>
        <DATA>
          <VOLTS>480.000</VOLTS>
          <CURRNT_NAMP>1.050e-01</CURRNT_NAMP>
          <TIME>2021-09-29 09:47:21</TIME>
          <TEMP_DEGC>21.300</TEMP_DEGC>
          <AIR_TEMP_DEGC>21.300</AIR_TEMP_DEGC>
          <RH_PRCNT>23.100</RH_PRCNT>
        </DATA>
        <DATA>
          <VOLTS>490.000</VOLTS>
          <CURRNT_NAMP>1.138e-01</CURRNT_NAMP>
          <TIME>2021-09-29 09:47:24</TIME>
          <TEMP_DEGC>21.300</TEMP_DEGC>
          <AIR_TEMP_DEGC>21.300</AIR_TEMP_DEGC>
          <RH_PRCNT>23.100</RH_PRCNT>
        </DATA>
        <DATA>
          <VOLTS>500.000</VOLTS>
          <CURRNT_NAMP>1.242e-01</CURRNT_NAMP>
          <TIME>2021-09-29 09:47:26</TIME>
          <TEMP_DEGC>21.300</TEMP_DEGC>
          <AIR_TEMP_DEGC>21.300</AIR_TEMP_DEGC>
          <RH_PRCNT>23.100</RH_PRCNT>
        </DATA>
        <DATA>
          <VOLTS>510.000</VOLTS>
          <CURRNT_NAMP>1.367e-01</CURRNT_NAMP>
          <TIME>2021-09-29 09:47:28</TIME>
          <TEMP_DEGC>21.300</TEMP_DEGC>
          <AIR_TEMP_DEGC>21.300</AIR_TEMP_DEGC>
          <RH_PRCNT>23.100</RH_PRCNT>
        </DATA>
        <DATA>
          <VOLTS>520.000</VOLTS>
          <CURRNT_NAMP>1.514e-01</CURRNT_NAMP>
          <TIME>2021-09-29 09:47:30</TIME>
          <TEMP_DEGC>21.300</TEMP_DEGC>
          <AIR_TEMP_DEGC>21.300</AIR_TEMP_DEGC>
          <RH_PRCNT>23.100</RH_PRCNT>
        </DATA>
        <DATA>
          <VOLTS>530.000</VOLTS>
          <CURRNT_NAMP>1.686e-01</CURRNT_NAMP>
          <TIME>2021-09-29 09:47:32</TIME>
          <TEMP_DEGC>21.300</TEMP_DEGC>
          <AIR_TEMP_DEGC>21.300</AIR_TEMP_DEGC>
          <RH_PRCNT>23.100</RH_PRCNT>
        </DATA>
        <DATA>
          <VOLTS>540.000</VOLTS>
          <CURRNT_NAMP>1.883e-01</CURRNT_NAMP>
          <TIME>2021-09-29 09:47:34</TIME>
          <TEMP_DEGC>21.300</TEMP_DEGC>
          <AIR_TEMP_DEGC>21.300</AIR_TEMP_DEGC>
          <RH_PRCNT>23.100</RH_PRCNT>
        </DATA>
        <DATA>
          <VOLTS>550.000</VOLTS>
          <CURRNT_NAMP>2.095e-01</CURRNT_NAMP>
          <TIME>2021-09-29 09:47:36</TIME>
          <TEMP_DEGC>21.300</TEMP_DEGC>
          <AIR_TEMP_DEGC>21.300</AIR_TEMP_DEGC>
          <RH_PRCNT>23.100</RH_PRCNT>
        </DATA>
        <DATA>
          <VOLTS>560.000</VOLTS>
          <CURRNT_NAMP>1.922e-01</CURRNT_NAMP>
          <TIME>2021-09-29 09:47:39</TIME>
          <TEMP_DEGC>21.300</TEMP_DEGC>
          <AIR_TEMP_DEGC>21.300</AIR_TEMP_DEGC>
          <RH_PRCNT>23.100</RH_PRCNT>
        </DATA>
        <DATA>
          <VOLTS>570.000</VOLTS>
          <CURRNT_NAMP>2.434e-01</CURRNT_NAMP>
          <TIME>2021-09-29 09:47:41</TIME>
          <TEMP_DEGC>21.300</TEMP_DEGC>
          <AIR_TEMP_DEGC>21.300</AIR_TEMP_DEGC>
          <RH_PRCNT>23.100</RH_PRCNT>
        </DATA>
        <DATA>
          <VOLTS>580.000</VOLTS>
          <CURRNT_NAMP>3.117e-01</CURRNT_NAMP>
          <TIME>2021-09-29 09:47:43</TIME>
          <TEMP_DEGC>21.300</TEMP_DEGC>
          <AIR_TEMP_DEGC>21.300</AIR_TEMP_DEGC>
          <RH_PRCNT>23.100</RH_PRCNT>
        </DATA>
        <DATA>
          <VOLTS>590.000</VOLTS>
          <CURRNT_NAMP>3.192e-01</CURRNT_NAMP>
          <TIME>2021-09-29 09:47:45</TIME>
          <TEMP_DEGC>21.300</TEMP_DEGC>
          <AIR_TEMP_DEGC>21.300</AIR_TEMP_DEGC>
          <RH_PRCNT>23.100</RH_PRCNT>
        </DATA>
        <DATA>
          <VOLTS>600.000</VOLTS>
          <CURRNT_NAMP>3.412e-01</CURRNT_NAMP>
          <TIME>2021-09-29 09:47:47</TIME>
          <TEMP_DEGC>21.300</TEMP_DEGC>
          <AIR_TEMP_DEGC>21.300</AIR_TEMP_DEGC>
          <RH_PRCNT>23.100</RH_PRCNT>
        </DATA>
        <DATA>
          <VOLTS>610.000</VOLTS>
          <CURRNT_NAMP>3.936e-01</CURRNT_NAMP>
          <TIME>2021-09-29 09:47:49</TIME>
          <TEMP_DEGC>21.300</TEMP_DEGC>
          <AIR_TEMP_DEGC>21.300</AIR_TEMP_DEGC>
          <RH_PRCNT>23.100</RH_PRCNT>
        </DATA>
        <DATA>
          <VOLTS>620.000</VOLTS>
          <CURRNT_NAMP>4.738e-01</CURRNT_NAMP>
          <TIME>2021-09-29 09:47:51</TIME>
          <TEMP_DEGC>21.300</TEMP_DEGC>
          <AIR_TEMP_DEGC>21.300</AIR_TEMP_DEGC>
          <RH_PRCNT>23.100</RH_PRCNT>
        </DATA>
        <DATA>
          <VOLTS>630.000</VOLTS>
          <CURRNT_NAMP>5.462e-01</CURRNT_NAMP>
          <TIME>2021-09-29 09:47:54</TIME>
          <TEMP_DEGC>21.300</TEMP_DEGC>
          <AIR_TEMP_DEGC>21.300</AIR_TEMP_DEGC>
          <RH_PRCNT>23.100</RH_PRCNT>
        </DATA>
        <DATA>
          <VOLTS>640.000</VOLTS>
          <CURRNT_NAMP>5.732e-01</CURRNT_NAMP>
          <TIME>2021-09-29 09:47:56</TIME>
          <TEMP_DEGC>21.300</TEMP_DEGC>
          <AIR_TEMP_DEGC>21.300</AIR_TEMP_DEGC>
          <RH_PRCNT>23.100</RH_PRCNT>
        </DATA>
        <DATA>
          <VOLTS>650.000</VOLTS>
          <CURRNT_NAMP>6.357e-01</CURRNT_NAMP>
          <TIME>2021-09-29 09:47:58</TIME>
          <TEMP_DEGC>21.300</TEMP_DEGC>
          <AIR_TEMP_DEGC>21.300</AIR_TEMP_DEGC>
          <RH_PRCNT>23.100</RH_PRCNT>
        </DATA>
        <DATA>
          <VOLTS>660.000</VOLTS>
          <CURRNT_NAMP>6.815e-01</CURRNT_NAMP>
          <TIME>2021-09-29 09:48:00</TIME>
          <TEMP_DEGC>21.300</TEMP_DEGC>
          <AIR_TEMP_DEGC>21.300</AIR_TEMP_DEGC>
          <RH_PRCNT>23.100</RH_PRCNT>
        </DATA>
        <DATA>
          <VOLTS>670.000</VOLTS>
          <CURRNT_NAMP>7.576e-01</CURRNT_NAMP>
          <TIME>2021-09-29 09:48:02</TIME>
          <TEMP_DEGC>21.300</TEMP_DEGC>
          <AIR_TEMP_DEGC>21.300</AIR_TEMP_DEGC>
          <RH_PRCNT>23.100</RH_PRCNT>
        </DATA>
        <DATA>
          <VOLTS>680.000</VOLTS>
          <CURRNT_NAMP>8.618e-01</CURRNT_NAMP>
          <TIME>2021-09-29 09:48:04</TIME>
          <TEMP_DEGC>21.300</TEMP_DEGC>
          <AIR_TEMP_DEGC>21.300</AIR_TEMP_DEGC>
          <RH_PRCNT>23.100</RH_PRCNT>
        </DATA>
        <DATA>
          <VOLTS>690.000</VOLTS>
          <CURRNT_NAMP>9.405e-01</CURRNT_NAMP>
          <TIME>2021-09-29 09:48:06</TIME>
          <TEMP_DEGC>21.300</TEMP_DEGC>
          <AIR_TEMP_DEGC>21.300</AIR_TEMP_DEGC>
          <RH_PRCNT>23.100</RH_PRCNT>
        </DATA>
        <DATA>
          <VOLTS>700.000</VOLTS>
          <CURRNT_NAMP>1.012e+00</CURRNT_NAMP>
          <TIME>2021-09-29 09:48:08</TIME>
          <TEMP_DEGC>21.300</TEMP_DEGC>
          <AIR_TEMP_DEGC>21.300</AIR_TEMP_DEGC>
          <RH_PRCNT>23.000</RH_PRCNT>
        </DATA>
        <CHILD_DATA_SET>
          <HEADER>
            <TYPE>
              <EXTENSION_TABLE_NAME>HALFMOON_IV_PAR</EXTENSION_TABLE_NAME>
              <NAME>Tracker Halfmoon IV Parameters</NAME>
            </TYPE>
          </HEADER>
          <DATA_SET>
            <COMMENT_DESCRIPTION>Test</COMMENT_DESCRIPTION>
            <VERSION>IV_measurement-004</VERSION>
            <PART>
              <NAME_LABEL>37400_037_2-S_HM_EE</NAME_LABEL>
              <KIND_OF_PART>2S Halfmoon E</KIND_OF_PART>
            </PART>
            <DATA>
              <VBD_V>1000.000</VBD_V>
              <I600_PAMPR>341.190</I600_PAMPR>
              <VI600_NAMPRMM3>0.182</VI600_NAMPRMM3>
            </DATA>
          </DATA_SET>
        </CHILD_DATA_SET>
      </DATA_SET>
    </CHILD_DATA_SET>
  </DATA_SET>
</ROOT>
