<?xml version="1.0"?>
<ROOT>
  <HEADER>
    <TYPE>
      <EXTENSION_TABLE_NAME>HALFMOON_METADATA</EXTENSION_TABLE_NAME>
      <NAME>Tracker Halfmoon Metadata</NAME>
    </TYPE>
    <RUN mode="SEQUENCE_NUMBER" sequence="TRK_OT_RUN_SEQ">
      <RUN_TYPE>PQC</RUN_TYPE>
      <LOCATION>Demokritos</LOCATION>
      <INITIATED_BY_USER>A. Kyriakis</INITIATED_BY_USER>
      <RUN_BEGIN_TIMESTAMP>2021-09-27 16:09:29</RUN_BEGIN_TIMESTAMP>
      <COMMENT_DESCRIPTION>Test</COMMENT_DESCRIPTION>
    </RUN>
  </HEADER>
  <DATA_SET>
    <COMMENT_DESCRIPTION>Metadata with flute and structure</COMMENT_DESCRIPTION>
    <VERSION>v2</VERSION>
    <PART>
      <NAME_LABEL>37400_019_2-S_HM_WW</NAME_LABEL>
      <KIND_OF_PART>2S Halfmoon W</KIND_OF_PART>
    </PART>
    <DATA>
      <KIND_OF_HM_FLUTE_ID>PQC1</KIND_OF_HM_FLUTE_ID>
      <KIND_OF_HM_STRUCT_ID>DIODE_HALF</KIND_OF_HM_STRUCT_ID>
      <KIND_OF_HM_SET_ID>Left</KIND_OF_HM_SET_ID>
      <KIND_OF_HM_CONFIG_ID>Not Used</KIND_OF_HM_CONFIG_ID>
      <EQUIPMENT>HP 4192A</EQUIPMENT>
      <WAITING_TIME_S>0.500</WAITING_TIME_S>
      <AC_FREQ_HZ>1.00e+05</AC_FREQ_HZ>
      <AC_AMPL_V>0.250</AC_AMPL_V>
      <TEMP_SET_DEGC>22.600</TEMP_SET_DEGC>
      <AV_TEMP_DEGC>22.600</AV_TEMP_DEGC>
      <PROCEDURE_TYPE>Diode_CV1</PROCEDURE_TYPE>
      <FILE_NAME>Demokritos_VPX37400_019_2-S_HM_W_Left_PQC3_DiodeHalf_CV.xml</FILE_NAME>
    </DATA>
    <CHILD_DATA_SET>
      <HEADER>
        <TYPE>
          <EXTENSION_TABLE_NAME>TEST_SENSOR_CV</EXTENSION_TABLE_NAME>
          <NAME>Tracker Halfmoon CV Test</NAME>
        </TYPE>
      </HEADER>
      <DATA_SET>
        <COMMENT_DESCRIPTION>Test</COMMENT_DESCRIPTION>
        <VERSION>V2</VERSION>
        <PART>
          <NAME_LABEL>37400_019_2-S_HM_WW</NAME_LABEL>
          <KIND_OF_PART>2S Halfmoon W</KIND_OF_PART>
        </PART>
        <DATA>
          <VOLTS>-0.000</VOLTS>
          <CAPCTNC_PFRD>114.530</CAPCTNC_PFRD>
          <RESSTNC_MOHM>0.028</RESSTNC_MOHM>
          <TIME>2021-09-27 04:09:30</TIME>
          <TEMP_DEGC>22.600</TEMP_DEGC>
          <AIR_TEMP_DEGC>22.600</AIR_TEMP_DEGC>
          <RH_PRCNT>21.500</RH_PRCNT>
        </DATA>
        <DATA>
          <VOLTS>5.000</VOLTS>
          <CAPCTNC_PFRD>21.800</CAPCTNC_PFRD>
          <RESSTNC_MOHM>2.326</RESSTNC_MOHM>
          <TIME>2021-09-27 04:09:32</TIME>
          <TEMP_DEGC>22.600</TEMP_DEGC>
          <AIR_TEMP_DEGC>22.600</AIR_TEMP_DEGC>
          <RH_PRCNT>21.500</RH_PRCNT>
        </DATA>
        <DATA>
          <VOLTS>10.000</VOLTS>
          <CAPCTNC_PFRD>15.760</CAPCTNC_PFRD>
          <RESSTNC_MOHM>3.704</RESSTNC_MOHM>
          <TIME>2021-09-27 04:09:33</TIME>
          <TEMP_DEGC>22.600</TEMP_DEGC>
          <AIR_TEMP_DEGC>22.600</AIR_TEMP_DEGC>
          <RH_PRCNT>21.500</RH_PRCNT>
        </DATA>
        <DATA>
          <VOLTS>15.000</VOLTS>
          <CAPCTNC_PFRD>12.678</CAPCTNC_PFRD>
          <RESSTNC_MOHM>7.937</RESSTNC_MOHM>
          <TIME>2021-09-27 04:09:34</TIME>
          <TEMP_DEGC>22.600</TEMP_DEGC>
          <AIR_TEMP_DEGC>22.600</AIR_TEMP_DEGC>
          <RH_PRCNT>21.500</RH_PRCNT>
        </DATA>
        <DATA>
          <VOLTS>20.000</VOLTS>
          <CAPCTNC_PFRD>11.075</CAPCTNC_PFRD>
          <RESSTNC_MOHM>8.772</RESSTNC_MOHM>
          <TIME>2021-09-27 04:09:36</TIME>
          <TEMP_DEGC>22.600</TEMP_DEGC>
          <AIR_TEMP_DEGC>22.600</AIR_TEMP_DEGC>
          <RH_PRCNT>21.500</RH_PRCNT>
        </DATA>
        <DATA>
          <VOLTS>25.000</VOLTS>
          <CAPCTNC_PFRD>9.864</CAPCTNC_PFRD>
          <RESSTNC_MOHM>8.850</RESSTNC_MOHM>
          <TIME>2021-09-27 04:09:37</TIME>
          <TEMP_DEGC>22.600</TEMP_DEGC>
          <AIR_TEMP_DEGC>22.600</AIR_TEMP_DEGC>
          <RH_PRCNT>21.500</RH_PRCNT>
        </DATA>
        <DATA>
          <VOLTS>30.000</VOLTS>
          <CAPCTNC_PFRD>8.968</CAPCTNC_PFRD>
          <RESSTNC_MOHM>11.628</RESSTNC_MOHM>
          <TIME>2021-09-27 04:09:38</TIME>
          <TEMP_DEGC>22.600</TEMP_DEGC>
          <AIR_TEMP_DEGC>22.600</AIR_TEMP_DEGC>
          <RH_PRCNT>21.500</RH_PRCNT>
        </DATA>
        <DATA>
          <VOLTS>35.000</VOLTS>
          <CAPCTNC_PFRD>8.213</CAPCTNC_PFRD>
          <RESSTNC_MOHM>10.989</RESSTNC_MOHM>
          <TIME>2021-09-27 04:09:39</TIME>
          <TEMP_DEGC>22.600</TEMP_DEGC>
          <AIR_TEMP_DEGC>22.600</AIR_TEMP_DEGC>
          <RH_PRCNT>21.500</RH_PRCNT>
        </DATA>
        <DATA>
          <VOLTS>40.000</VOLTS>
          <CAPCTNC_PFRD>7.596</CAPCTNC_PFRD>
          <RESSTNC_MOHM>13.333</RESSTNC_MOHM>
          <TIME>2021-09-27 04:09:40</TIME>
          <TEMP_DEGC>22.600</TEMP_DEGC>
          <AIR_TEMP_DEGC>22.600</AIR_TEMP_DEGC>
          <RH_PRCNT>21.500</RH_PRCNT>
        </DATA>
        <DATA>
          <VOLTS>45.000</VOLTS>
          <CAPCTNC_PFRD>7.073</CAPCTNC_PFRD>
          <RESSTNC_MOHM>16.667</RESSTNC_MOHM>
          <TIME>2021-09-27 04:09:41</TIME>
          <TEMP_DEGC>22.600</TEMP_DEGC>
          <AIR_TEMP_DEGC>22.600</AIR_TEMP_DEGC>
          <RH_PRCNT>21.500</RH_PRCNT>
        </DATA>
        <DATA>
          <VOLTS>50.000</VOLTS>
          <CAPCTNC_PFRD>6.468</CAPCTNC_PFRD>
          <RESSTNC_MOHM>25.000</RESSTNC_MOHM>
          <TIME>2021-09-27 04:09:42</TIME>
          <TEMP_DEGC>22.600</TEMP_DEGC>
          <AIR_TEMP_DEGC>22.600</AIR_TEMP_DEGC>
          <RH_PRCNT>21.500</RH_PRCNT>
        </DATA>
        <DATA>
          <VOLTS>55.000</VOLTS>
          <CAPCTNC_PFRD>5.965</CAPCTNC_PFRD>
          <RESSTNC_MOHM>-22.727</RESSTNC_MOHM>
          <TIME>2021-09-27 04:09:43</TIME>
          <TEMP_DEGC>22.600</TEMP_DEGC>
          <AIR_TEMP_DEGC>22.600</AIR_TEMP_DEGC>
          <RH_PRCNT>21.500</RH_PRCNT>
        </DATA>
        <DATA>
          <VOLTS>60.000</VOLTS>
          <CAPCTNC_PFRD>5.488</CAPCTNC_PFRD>
          <RESSTNC_MOHM>-10.526</RESSTNC_MOHM>
          <TIME>2021-09-27 04:09:45</TIME>
          <TEMP_DEGC>22.600</TEMP_DEGC>
          <AIR_TEMP_DEGC>22.600</AIR_TEMP_DEGC>
          <RH_PRCNT>21.500</RH_PRCNT>
        </DATA>
        <DATA>
          <VOLTS>65.000</VOLTS>
          <CAPCTNC_PFRD>5.116</CAPCTNC_PFRD>
          <RESSTNC_MOHM>-9.901</RESSTNC_MOHM>
          <TIME>2021-09-27 04:09:46</TIME>
          <TEMP_DEGC>22.600</TEMP_DEGC>
          <AIR_TEMP_DEGC>22.600</AIR_TEMP_DEGC>
          <RH_PRCNT>21.500</RH_PRCNT>
        </DATA>
        <DATA>
          <VOLTS>70.000</VOLTS>
          <CAPCTNC_PFRD>4.987</CAPCTNC_PFRD>
          <RESSTNC_MOHM>-7.752</RESSTNC_MOHM>
          <TIME>2021-09-27 04:09:47</TIME>
          <TEMP_DEGC>22.600</TEMP_DEGC>
          <AIR_TEMP_DEGC>22.600</AIR_TEMP_DEGC>
          <RH_PRCNT>21.500</RH_PRCNT>
        </DATA>
        <DATA>
          <VOLTS>75.000</VOLTS>
          <CAPCTNC_PFRD>5.087</CAPCTNC_PFRD>
          <RESSTNC_MOHM>-45.455</RESSTNC_MOHM>
          <TIME>2021-09-27 04:09:48</TIME>
          <TEMP_DEGC>22.600</TEMP_DEGC>
          <AIR_TEMP_DEGC>22.600</AIR_TEMP_DEGC>
          <RH_PRCNT>21.500</RH_PRCNT>
        </DATA>
        <DATA>
          <VOLTS>80.000</VOLTS>
          <CAPCTNC_PFRD>4.895</CAPCTNC_PFRD>
          <RESSTNC_MOHM>-18.868</RESSTNC_MOHM>
          <TIME>2021-09-27 04:09:49</TIME>
          <TEMP_DEGC>22.600</TEMP_DEGC>
          <AIR_TEMP_DEGC>22.600</AIR_TEMP_DEGC>
          <RH_PRCNT>21.500</RH_PRCNT>
        </DATA>
        <DATA>
          <VOLTS>85.000</VOLTS>
          <CAPCTNC_PFRD>4.738</CAPCTNC_PFRD>
          <RESSTNC_MOHM>-18.868</RESSTNC_MOHM>
          <TIME>2021-09-27 04:09:50</TIME>
          <TEMP_DEGC>22.600</TEMP_DEGC>
          <AIR_TEMP_DEGC>22.600</AIR_TEMP_DEGC>
          <RH_PRCNT>21.500</RH_PRCNT>
        </DATA>
        <DATA>
          <VOLTS>90.000</VOLTS>
          <CAPCTNC_PFRD>4.614</CAPCTNC_PFRD>
          <RESSTNC_MOHM>-21.739</RESSTNC_MOHM>
          <TIME>2021-09-27 04:09:51</TIME>
          <TEMP_DEGC>22.600</TEMP_DEGC>
          <AIR_TEMP_DEGC>22.600</AIR_TEMP_DEGC>
          <RH_PRCNT>21.500</RH_PRCNT>
        </DATA>
        <DATA>
          <VOLTS>95.000</VOLTS>
          <CAPCTNC_PFRD>4.414</CAPCTNC_PFRD>
          <RESSTNC_MOHM>-17.544</RESSTNC_MOHM>
          <TIME>2021-09-27 04:09:52</TIME>
          <TEMP_DEGC>22.600</TEMP_DEGC>
          <AIR_TEMP_DEGC>22.600</AIR_TEMP_DEGC>
          <RH_PRCNT>21.500</RH_PRCNT>
        </DATA>
        <DATA>
          <VOLTS>100.000</VOLTS>
          <CAPCTNC_PFRD>4.196</CAPCTNC_PFRD>
          <RESSTNC_MOHM>-27.027</RESSTNC_MOHM>
          <TIME>2021-09-27 04:09:53</TIME>
          <TEMP_DEGC>22.600</TEMP_DEGC>
          <AIR_TEMP_DEGC>22.600</AIR_TEMP_DEGC>
          <RH_PRCNT>21.500</RH_PRCNT>
        </DATA>
        <DATA>
          <VOLTS>105.000</VOLTS>
          <CAPCTNC_PFRD>4.059</CAPCTNC_PFRD>
          <RESSTNC_MOHM>-14.286</RESSTNC_MOHM>
          <TIME>2021-09-27 04:09:54</TIME>
          <TEMP_DEGC>22.600</TEMP_DEGC>
          <AIR_TEMP_DEGC>22.600</AIR_TEMP_DEGC>
          <RH_PRCNT>21.500</RH_PRCNT>
        </DATA>
        <DATA>
          <VOLTS>110.000</VOLTS>
          <CAPCTNC_PFRD>3.912</CAPCTNC_PFRD>
          <RESSTNC_MOHM>-13.699</RESSTNC_MOHM>
          <TIME>2021-09-27 04:09:55</TIME>
          <TEMP_DEGC>22.600</TEMP_DEGC>
          <AIR_TEMP_DEGC>22.600</AIR_TEMP_DEGC>
          <RH_PRCNT>21.500</RH_PRCNT>
        </DATA>
        <DATA>
          <VOLTS>115.000</VOLTS>
          <CAPCTNC_PFRD>3.878</CAPCTNC_PFRD>
          <RESSTNC_MOHM>-17.544</RESSTNC_MOHM>
          <TIME>2021-09-27 04:09:56</TIME>
          <TEMP_DEGC>22.600</TEMP_DEGC>
          <AIR_TEMP_DEGC>22.600</AIR_TEMP_DEGC>
          <RH_PRCNT>21.500</RH_PRCNT>
        </DATA>
        <DATA>
          <VOLTS>120.000</VOLTS>
          <CAPCTNC_PFRD>3.818</CAPCTNC_PFRD>
          <RESSTNC_MOHM>-17.544</RESSTNC_MOHM>
          <TIME>2021-09-27 04:09:57</TIME>
          <TEMP_DEGC>22.600</TEMP_DEGC>
          <AIR_TEMP_DEGC>22.600</AIR_TEMP_DEGC>
          <RH_PRCNT>21.500</RH_PRCNT>
        </DATA>
        <DATA>
          <VOLTS>125.000</VOLTS>
          <CAPCTNC_PFRD>3.731</CAPCTNC_PFRD>
          <RESSTNC_MOHM>-12.987</RESSTNC_MOHM>
          <TIME>2021-09-27 04:09:58</TIME>
          <TEMP_DEGC>22.600</TEMP_DEGC>
          <AIR_TEMP_DEGC>22.600</AIR_TEMP_DEGC>
          <RH_PRCNT>21.500</RH_PRCNT>
        </DATA>
        <DATA>
          <VOLTS>130.000</VOLTS>
          <CAPCTNC_PFRD>3.650</CAPCTNC_PFRD>
          <RESSTNC_MOHM>-15.385</RESSTNC_MOHM>
          <TIME>2021-09-27 04:10:00</TIME>
          <TEMP_DEGC>22.600</TEMP_DEGC>
          <AIR_TEMP_DEGC>22.600</AIR_TEMP_DEGC>
          <RH_PRCNT>21.500</RH_PRCNT>
        </DATA>
        <DATA>
          <VOLTS>135.000</VOLTS>
          <CAPCTNC_PFRD>3.586</CAPCTNC_PFRD>
          <RESSTNC_MOHM>-22.222</RESSTNC_MOHM>
          <TIME>2021-09-27 04:10:01</TIME>
          <TEMP_DEGC>22.600</TEMP_DEGC>
          <AIR_TEMP_DEGC>22.600</AIR_TEMP_DEGC>
          <RH_PRCNT>21.500</RH_PRCNT>
        </DATA>
        <DATA>
          <VOLTS>140.000</VOLTS>
          <CAPCTNC_PFRD>3.541</CAPCTNC_PFRD>
          <RESSTNC_MOHM>-12.987</RESSTNC_MOHM>
          <TIME>2021-09-27 04:10:02</TIME>
          <TEMP_DEGC>22.600</TEMP_DEGC>
          <AIR_TEMP_DEGC>22.600</AIR_TEMP_DEGC>
          <RH_PRCNT>21.500</RH_PRCNT>
        </DATA>
        <DATA>
          <VOLTS>145.000</VOLTS>
          <CAPCTNC_PFRD>3.465</CAPCTNC_PFRD>
          <RESSTNC_MOHM>-12.195</RESSTNC_MOHM>
          <TIME>2021-09-27 04:10:03</TIME>
          <TEMP_DEGC>22.600</TEMP_DEGC>
          <AIR_TEMP_DEGC>22.600</AIR_TEMP_DEGC>
          <RH_PRCNT>21.500</RH_PRCNT>
        </DATA>
        <DATA>
          <VOLTS>150.000</VOLTS>
          <CAPCTNC_PFRD>3.429</CAPCTNC_PFRD>
          <RESSTNC_MOHM>-12.658</RESSTNC_MOHM>
          <TIME>2021-09-27 04:10:04</TIME>
          <TEMP_DEGC>22.600</TEMP_DEGC>
          <AIR_TEMP_DEGC>22.600</AIR_TEMP_DEGC>
          <RH_PRCNT>21.500</RH_PRCNT>
        </DATA>
        <DATA>
          <VOLTS>155.000</VOLTS>
          <CAPCTNC_PFRD>3.387</CAPCTNC_PFRD>
          <RESSTNC_MOHM>-12.987</RESSTNC_MOHM>
          <TIME>2021-09-27 04:10:05</TIME>
          <TEMP_DEGC>22.600</TEMP_DEGC>
          <AIR_TEMP_DEGC>22.600</AIR_TEMP_DEGC>
          <RH_PRCNT>21.500</RH_PRCNT>
        </DATA>
        <DATA>
          <VOLTS>160.000</VOLTS>
          <CAPCTNC_PFRD>3.321</CAPCTNC_PFRD>
          <RESSTNC_MOHM>-12.821</RESSTNC_MOHM>
          <TIME>2021-09-27 04:10:06</TIME>
          <TEMP_DEGC>22.600</TEMP_DEGC>
          <AIR_TEMP_DEGC>22.600</AIR_TEMP_DEGC>
          <RH_PRCNT>21.500</RH_PRCNT>
        </DATA>
        <DATA>
          <VOLTS>165.000</VOLTS>
          <CAPCTNC_PFRD>3.289</CAPCTNC_PFRD>
          <RESSTNC_MOHM>-11.364</RESSTNC_MOHM>
          <TIME>2021-09-27 04:10:07</TIME>
          <TEMP_DEGC>22.600</TEMP_DEGC>
          <AIR_TEMP_DEGC>22.600</AIR_TEMP_DEGC>
          <RH_PRCNT>21.500</RH_PRCNT>
        </DATA>
        <DATA>
          <VOLTS>170.000</VOLTS>
          <CAPCTNC_PFRD>3.225</CAPCTNC_PFRD>
          <RESSTNC_MOHM>-14.286</RESSTNC_MOHM>
          <TIME>2021-09-27 04:10:08</TIME>
          <TEMP_DEGC>22.600</TEMP_DEGC>
          <AIR_TEMP_DEGC>22.600</AIR_TEMP_DEGC>
          <RH_PRCNT>21.500</RH_PRCNT>
        </DATA>
        <DATA>
          <VOLTS>175.000</VOLTS>
          <CAPCTNC_PFRD>3.213</CAPCTNC_PFRD>
          <RESSTNC_MOHM>-12.987</RESSTNC_MOHM>
          <TIME>2021-09-27 04:10:09</TIME>
          <TEMP_DEGC>22.600</TEMP_DEGC>
          <AIR_TEMP_DEGC>22.600</AIR_TEMP_DEGC>
          <RH_PRCNT>21.500</RH_PRCNT>
        </DATA>
        <DATA>
          <VOLTS>180.000</VOLTS>
          <CAPCTNC_PFRD>3.196</CAPCTNC_PFRD>
          <RESSTNC_MOHM>-12.346</RESSTNC_MOHM>
          <TIME>2021-09-27 04:10:10</TIME>
          <TEMP_DEGC>22.600</TEMP_DEGC>
          <AIR_TEMP_DEGC>22.600</AIR_TEMP_DEGC>
          <RH_PRCNT>21.500</RH_PRCNT>
        </DATA>
        <DATA>
          <VOLTS>185.000</VOLTS>
          <CAPCTNC_PFRD>3.150</CAPCTNC_PFRD>
          <RESSTNC_MOHM>-12.346</RESSTNC_MOHM>
          <TIME>2021-09-27 04:10:11</TIME>
          <TEMP_DEGC>22.600</TEMP_DEGC>
          <AIR_TEMP_DEGC>22.600</AIR_TEMP_DEGC>
          <RH_PRCNT>21.500</RH_PRCNT>
        </DATA>
        <DATA>
          <VOLTS>190.000</VOLTS>
          <CAPCTNC_PFRD>3.109</CAPCTNC_PFRD>
          <RESSTNC_MOHM>-12.821</RESSTNC_MOHM>
          <TIME>2021-09-27 04:10:12</TIME>
          <TEMP_DEGC>22.600</TEMP_DEGC>
          <AIR_TEMP_DEGC>22.600</AIR_TEMP_DEGC>
          <RH_PRCNT>21.500</RH_PRCNT>
        </DATA>
        <DATA>
          <VOLTS>195.000</VOLTS>
          <CAPCTNC_PFRD>3.081</CAPCTNC_PFRD>
          <RESSTNC_MOHM>-10.753</RESSTNC_MOHM>
          <TIME>2021-09-27 04:10:13</TIME>
          <TEMP_DEGC>22.600</TEMP_DEGC>
          <AIR_TEMP_DEGC>22.600</AIR_TEMP_DEGC>
          <RH_PRCNT>21.500</RH_PRCNT>
        </DATA>
        <DATA>
          <VOLTS>200.000</VOLTS>
          <CAPCTNC_PFRD>3.006</CAPCTNC_PFRD>
          <RESSTNC_MOHM>-15.625</RESSTNC_MOHM>
          <TIME>2021-09-27 04:10:14</TIME>
          <TEMP_DEGC>22.600</TEMP_DEGC>
          <AIR_TEMP_DEGC>22.600</AIR_TEMP_DEGC>
          <RH_PRCNT>21.500</RH_PRCNT>
        </DATA>
        <DATA>
          <VOLTS>205.000</VOLTS>
          <CAPCTNC_PFRD>2.973</CAPCTNC_PFRD>
          <RESSTNC_MOHM>-13.333</RESSTNC_MOHM>
          <TIME>2021-09-27 04:10:16</TIME>
          <TEMP_DEGC>22.600</TEMP_DEGC>
          <AIR_TEMP_DEGC>22.600</AIR_TEMP_DEGC>
          <RH_PRCNT>21.500</RH_PRCNT>
        </DATA>
        <DATA>
          <VOLTS>210.000</VOLTS>
          <CAPCTNC_PFRD>2.994</CAPCTNC_PFRD>
          <RESSTNC_MOHM>-12.048</RESSTNC_MOHM>
          <TIME>2021-09-27 04:10:17</TIME>
          <TEMP_DEGC>22.600</TEMP_DEGC>
          <AIR_TEMP_DEGC>22.600</AIR_TEMP_DEGC>
          <RH_PRCNT>21.500</RH_PRCNT>
        </DATA>
        <DATA>
          <VOLTS>215.000</VOLTS>
          <CAPCTNC_PFRD>2.929</CAPCTNC_PFRD>
          <RESSTNC_MOHM>-12.346</RESSTNC_MOHM>
          <TIME>2021-09-27 04:10:18</TIME>
          <TEMP_DEGC>22.600</TEMP_DEGC>
          <AIR_TEMP_DEGC>22.600</AIR_TEMP_DEGC>
          <RH_PRCNT>21.500</RH_PRCNT>
        </DATA>
        <DATA>
          <VOLTS>220.000</VOLTS>
          <CAPCTNC_PFRD>2.907</CAPCTNC_PFRD>
          <RESSTNC_MOHM>-10.989</RESSTNC_MOHM>
          <TIME>2021-09-27 04:10:19</TIME>
          <TEMP_DEGC>22.600</TEMP_DEGC>
          <AIR_TEMP_DEGC>22.600</AIR_TEMP_DEGC>
          <RH_PRCNT>21.500</RH_PRCNT>
        </DATA>
        <DATA>
          <VOLTS>225.000</VOLTS>
          <CAPCTNC_PFRD>2.876</CAPCTNC_PFRD>
          <RESSTNC_MOHM>-15.385</RESSTNC_MOHM>
          <TIME>2021-09-27 04:10:20</TIME>
          <TEMP_DEGC>22.600</TEMP_DEGC>
          <AIR_TEMP_DEGC>22.600</AIR_TEMP_DEGC>
          <RH_PRCNT>21.500</RH_PRCNT>
        </DATA>
        <DATA>
          <VOLTS>230.000</VOLTS>
          <CAPCTNC_PFRD>2.874</CAPCTNC_PFRD>
          <RESSTNC_MOHM>-13.333</RESSTNC_MOHM>
          <TIME>2021-09-27 04:10:21</TIME>
          <TEMP_DEGC>22.600</TEMP_DEGC>
          <AIR_TEMP_DEGC>22.600</AIR_TEMP_DEGC>
          <RH_PRCNT>21.500</RH_PRCNT>
        </DATA>
        <DATA>
          <VOLTS>235.000</VOLTS>
          <CAPCTNC_PFRD>2.806</CAPCTNC_PFRD>
          <RESSTNC_MOHM>-13.158</RESSTNC_MOHM>
          <TIME>2021-09-27 04:10:22</TIME>
          <TEMP_DEGC>22.600</TEMP_DEGC>
          <AIR_TEMP_DEGC>22.600</AIR_TEMP_DEGC>
          <RH_PRCNT>21.500</RH_PRCNT>
        </DATA>
        <DATA>
          <VOLTS>240.000</VOLTS>
          <CAPCTNC_PFRD>2.796</CAPCTNC_PFRD>
          <RESSTNC_MOHM>-15.385</RESSTNC_MOHM>
          <TIME>2021-09-27 04:10:23</TIME>
          <TEMP_DEGC>22.600</TEMP_DEGC>
          <AIR_TEMP_DEGC>22.600</AIR_TEMP_DEGC>
          <RH_PRCNT>21.500</RH_PRCNT>
        </DATA>
        <DATA>
          <VOLTS>245.000</VOLTS>
          <CAPCTNC_PFRD>2.802</CAPCTNC_PFRD>
          <RESSTNC_MOHM>-14.286</RESSTNC_MOHM>
          <TIME>2021-09-27 04:10:24</TIME>
          <TEMP_DEGC>22.600</TEMP_DEGC>
          <AIR_TEMP_DEGC>22.600</AIR_TEMP_DEGC>
          <RH_PRCNT>21.500</RH_PRCNT>
        </DATA>
        <DATA>
          <VOLTS>250.000</VOLTS>
          <CAPCTNC_PFRD>2.743</CAPCTNC_PFRD>
          <RESSTNC_MOHM>-29.412</RESSTNC_MOHM>
          <TIME>2021-09-27 04:10:25</TIME>
          <TEMP_DEGC>22.600</TEMP_DEGC>
          <AIR_TEMP_DEGC>22.600</AIR_TEMP_DEGC>
          <RH_PRCNT>21.500</RH_PRCNT>
        </DATA>
        <DATA>
          <VOLTS>255.000</VOLTS>
          <CAPCTNC_PFRD>2.777</CAPCTNC_PFRD>
          <RESSTNC_MOHM>-10.753</RESSTNC_MOHM>
          <TIME>2021-09-27 04:10:26</TIME>
          <TEMP_DEGC>22.600</TEMP_DEGC>
          <AIR_TEMP_DEGC>22.600</AIR_TEMP_DEGC>
          <RH_PRCNT>21.400</RH_PRCNT>
        </DATA>
        <DATA>
          <VOLTS>260.000</VOLTS>
          <CAPCTNC_PFRD>2.770</CAPCTNC_PFRD>
          <RESSTNC_MOHM>-11.236</RESSTNC_MOHM>
          <TIME>2021-09-27 04:10:27</TIME>
          <TEMP_DEGC>22.600</TEMP_DEGC>
          <AIR_TEMP_DEGC>22.600</AIR_TEMP_DEGC>
          <RH_PRCNT>21.500</RH_PRCNT>
        </DATA>
        <DATA>
          <VOLTS>265.000</VOLTS>
          <CAPCTNC_PFRD>2.779</CAPCTNC_PFRD>
          <RESSTNC_MOHM>-13.699</RESSTNC_MOHM>
          <TIME>2021-09-27 04:10:28</TIME>
          <TEMP_DEGC>22.600</TEMP_DEGC>
          <AIR_TEMP_DEGC>22.600</AIR_TEMP_DEGC>
          <RH_PRCNT>21.500</RH_PRCNT>
        </DATA>
        <DATA>
          <VOLTS>270.000</VOLTS>
          <CAPCTNC_PFRD>2.765</CAPCTNC_PFRD>
          <RESSTNC_MOHM>-13.699</RESSTNC_MOHM>
          <TIME>2021-09-27 04:10:29</TIME>
          <TEMP_DEGC>22.600</TEMP_DEGC>
          <AIR_TEMP_DEGC>22.600</AIR_TEMP_DEGC>
          <RH_PRCNT>21.500</RH_PRCNT>
        </DATA>
        <DATA>
          <VOLTS>275.000</VOLTS>
          <CAPCTNC_PFRD>2.794</CAPCTNC_PFRD>
          <RESSTNC_MOHM>-11.905</RESSTNC_MOHM>
          <TIME>2021-09-27 04:10:31</TIME>
          <TEMP_DEGC>22.600</TEMP_DEGC>
          <AIR_TEMP_DEGC>22.600</AIR_TEMP_DEGC>
          <RH_PRCNT>21.500</RH_PRCNT>
        </DATA>
        <DATA>
          <VOLTS>280.000</VOLTS>
          <CAPCTNC_PFRD>2.780</CAPCTNC_PFRD>
          <RESSTNC_MOHM>-10.989</RESSTNC_MOHM>
          <TIME>2021-09-27 04:10:32</TIME>
          <TEMP_DEGC>22.600</TEMP_DEGC>
          <AIR_TEMP_DEGC>22.600</AIR_TEMP_DEGC>
          <RH_PRCNT>21.400</RH_PRCNT>
        </DATA>
        <DATA>
          <VOLTS>285.000</VOLTS>
          <CAPCTNC_PFRD>2.769</CAPCTNC_PFRD>
          <RESSTNC_MOHM>-12.987</RESSTNC_MOHM>
          <TIME>2021-09-27 04:10:33</TIME>
          <TEMP_DEGC>22.600</TEMP_DEGC>
          <AIR_TEMP_DEGC>22.600</AIR_TEMP_DEGC>
          <RH_PRCNT>21.400</RH_PRCNT>
        </DATA>
        <DATA>
          <VOLTS>290.000</VOLTS>
          <CAPCTNC_PFRD>2.811</CAPCTNC_PFRD>
          <RESSTNC_MOHM>-22.727</RESSTNC_MOHM>
          <TIME>2021-09-27 04:10:34</TIME>
          <TEMP_DEGC>22.600</TEMP_DEGC>
          <AIR_TEMP_DEGC>22.600</AIR_TEMP_DEGC>
          <RH_PRCNT>21.400</RH_PRCNT>
        </DATA>
        <DATA>
          <VOLTS>295.000</VOLTS>
          <CAPCTNC_PFRD>2.745</CAPCTNC_PFRD>
          <RESSTNC_MOHM>-15.625</RESSTNC_MOHM>
          <TIME>2021-09-27 04:10:35</TIME>
          <TEMP_DEGC>22.600</TEMP_DEGC>
          <AIR_TEMP_DEGC>22.600</AIR_TEMP_DEGC>
          <RH_PRCNT>21.500</RH_PRCNT>
        </DATA>
        <DATA>
          <VOLTS>300.000</VOLTS>
          <CAPCTNC_PFRD>2.753</CAPCTNC_PFRD>
          <RESSTNC_MOHM>-14.085</RESSTNC_MOHM>
          <TIME>2021-09-27 04:10:36</TIME>
          <TEMP_DEGC>22.600</TEMP_DEGC>
          <AIR_TEMP_DEGC>22.600</AIR_TEMP_DEGC>
          <RH_PRCNT>21.500</RH_PRCNT>
        </DATA>
        <DATA>
          <VOLTS>305.000</VOLTS>
          <CAPCTNC_PFRD>2.759</CAPCTNC_PFRD>
          <RESSTNC_MOHM>-19.608</RESSTNC_MOHM>
          <TIME>2021-09-27 04:10:37</TIME>
          <TEMP_DEGC>22.600</TEMP_DEGC>
          <AIR_TEMP_DEGC>22.600</AIR_TEMP_DEGC>
          <RH_PRCNT>21.500</RH_PRCNT>
        </DATA>
        <DATA>
          <VOLTS>310.000</VOLTS>
          <CAPCTNC_PFRD>2.806</CAPCTNC_PFRD>
          <RESSTNC_MOHM>-11.364</RESSTNC_MOHM>
          <TIME>2021-09-27 04:10:38</TIME>
          <TEMP_DEGC>22.600</TEMP_DEGC>
          <AIR_TEMP_DEGC>22.600</AIR_TEMP_DEGC>
          <RH_PRCNT>21.400</RH_PRCNT>
        </DATA>
        <DATA>
          <VOLTS>315.000</VOLTS>
          <CAPCTNC_PFRD>2.799</CAPCTNC_PFRD>
          <RESSTNC_MOHM>-15.625</RESSTNC_MOHM>
          <TIME>2021-09-27 04:10:39</TIME>
          <TEMP_DEGC>22.600</TEMP_DEGC>
          <AIR_TEMP_DEGC>22.600</AIR_TEMP_DEGC>
          <RH_PRCNT>21.400</RH_PRCNT>
        </DATA>
        <DATA>
          <VOLTS>320.000</VOLTS>
          <CAPCTNC_PFRD>2.778</CAPCTNC_PFRD>
          <RESSTNC_MOHM>-15.385</RESSTNC_MOHM>
          <TIME>2021-09-27 04:10:40</TIME>
          <TEMP_DEGC>22.600</TEMP_DEGC>
          <AIR_TEMP_DEGC>22.600</AIR_TEMP_DEGC>
          <RH_PRCNT>21.400</RH_PRCNT>
        </DATA>
        <DATA>
          <VOLTS>325.000</VOLTS>
          <CAPCTNC_PFRD>2.755</CAPCTNC_PFRD>
          <RESSTNC_MOHM>-14.925</RESSTNC_MOHM>
          <TIME>2021-09-27 04:10:41</TIME>
          <TEMP_DEGC>22.600</TEMP_DEGC>
          <AIR_TEMP_DEGC>22.600</AIR_TEMP_DEGC>
          <RH_PRCNT>21.500</RH_PRCNT>
        </DATA>
        <DATA>
          <VOLTS>330.000</VOLTS>
          <CAPCTNC_PFRD>2.779</CAPCTNC_PFRD>
          <RESSTNC_MOHM>-12.987</RESSTNC_MOHM>
          <TIME>2021-09-27 04:10:42</TIME>
          <TEMP_DEGC>22.600</TEMP_DEGC>
          <AIR_TEMP_DEGC>22.600</AIR_TEMP_DEGC>
          <RH_PRCNT>21.500</RH_PRCNT>
        </DATA>
        <DATA>
          <VOLTS>335.000</VOLTS>
          <CAPCTNC_PFRD>2.770</CAPCTNC_PFRD>
          <RESSTNC_MOHM>-12.821</RESSTNC_MOHM>
          <TIME>2021-09-27 04:10:43</TIME>
          <TEMP_DEGC>22.600</TEMP_DEGC>
          <AIR_TEMP_DEGC>22.600</AIR_TEMP_DEGC>
          <RH_PRCNT>21.500</RH_PRCNT>
        </DATA>
        <DATA>
          <VOLTS>340.000</VOLTS>
          <CAPCTNC_PFRD>2.773</CAPCTNC_PFRD>
          <RESSTNC_MOHM>-11.905</RESSTNC_MOHM>
          <TIME>2021-09-27 04:10:44</TIME>
          <TEMP_DEGC>22.600</TEMP_DEGC>
          <AIR_TEMP_DEGC>22.600</AIR_TEMP_DEGC>
          <RH_PRCNT>21.400</RH_PRCNT>
        </DATA>
        <DATA>
          <VOLTS>345.000</VOLTS>
          <CAPCTNC_PFRD>2.742</CAPCTNC_PFRD>
          <RESSTNC_MOHM>-18.519</RESSTNC_MOHM>
          <TIME>2021-09-27 04:10:46</TIME>
          <TEMP_DEGC>22.600</TEMP_DEGC>
          <AIR_TEMP_DEGC>22.600</AIR_TEMP_DEGC>
          <RH_PRCNT>21.400</RH_PRCNT>
        </DATA>
        <DATA>
          <VOLTS>350.000</VOLTS>
          <CAPCTNC_PFRD>2.769</CAPCTNC_PFRD>
          <RESSTNC_MOHM>-14.493</RESSTNC_MOHM>
          <TIME>2021-09-27 04:10:47</TIME>
          <TEMP_DEGC>22.600</TEMP_DEGC>
          <AIR_TEMP_DEGC>22.600</AIR_TEMP_DEGC>
          <RH_PRCNT>21.400</RH_PRCNT>
        </DATA>
        <DATA>
          <VOLTS>355.000</VOLTS>
          <CAPCTNC_PFRD>2.760</CAPCTNC_PFRD>
          <RESSTNC_MOHM>-13.333</RESSTNC_MOHM>
          <TIME>2021-09-27 04:10:48</TIME>
          <TEMP_DEGC>22.600</TEMP_DEGC>
          <AIR_TEMP_DEGC>22.600</AIR_TEMP_DEGC>
          <RH_PRCNT>21.400</RH_PRCNT>
        </DATA>
        <DATA>
          <VOLTS>360.000</VOLTS>
          <CAPCTNC_PFRD>2.808</CAPCTNC_PFRD>
          <RESSTNC_MOHM>-16.949</RESSTNC_MOHM>
          <TIME>2021-09-27 04:10:49</TIME>
          <TEMP_DEGC>22.600</TEMP_DEGC>
          <AIR_TEMP_DEGC>22.600</AIR_TEMP_DEGC>
          <RH_PRCNT>21.400</RH_PRCNT>
        </DATA>
        <DATA>
          <VOLTS>365.000</VOLTS>
          <CAPCTNC_PFRD>2.803</CAPCTNC_PFRD>
          <RESSTNC_MOHM>-20.000</RESSTNC_MOHM>
          <TIME>2021-09-27 04:10:50</TIME>
          <TEMP_DEGC>22.600</TEMP_DEGC>
          <AIR_TEMP_DEGC>22.600</AIR_TEMP_DEGC>
          <RH_PRCNT>21.500</RH_PRCNT>
        </DATA>
        <DATA>
          <VOLTS>370.000</VOLTS>
          <CAPCTNC_PFRD>2.823</CAPCTNC_PFRD>
          <RESSTNC_MOHM>-10.526</RESSTNC_MOHM>
          <TIME>2021-09-27 04:10:51</TIME>
          <TEMP_DEGC>22.600</TEMP_DEGC>
          <AIR_TEMP_DEGC>22.600</AIR_TEMP_DEGC>
          <RH_PRCNT>21.500</RH_PRCNT>
        </DATA>
        <DATA>
          <VOLTS>375.000</VOLTS>
          <CAPCTNC_PFRD>2.763</CAPCTNC_PFRD>
          <RESSTNC_MOHM>-24.390</RESSTNC_MOHM>
          <TIME>2021-09-27 04:10:52</TIME>
          <TEMP_DEGC>22.600</TEMP_DEGC>
          <AIR_TEMP_DEGC>22.600</AIR_TEMP_DEGC>
          <RH_PRCNT>21.500</RH_PRCNT>
        </DATA>
        <DATA>
          <VOLTS>380.000</VOLTS>
          <CAPCTNC_PFRD>2.807</CAPCTNC_PFRD>
          <RESSTNC_MOHM>-28.571</RESSTNC_MOHM>
          <TIME>2021-09-27 04:10:53</TIME>
          <TEMP_DEGC>22.600</TEMP_DEGC>
          <AIR_TEMP_DEGC>22.600</AIR_TEMP_DEGC>
          <RH_PRCNT>21.400</RH_PRCNT>
        </DATA>
        <DATA>
          <VOLTS>385.000</VOLTS>
          <CAPCTNC_PFRD>2.799</CAPCTNC_PFRD>
          <RESSTNC_MOHM>-14.085</RESSTNC_MOHM>
          <TIME>2021-09-27 04:10:54</TIME>
          <TEMP_DEGC>22.600</TEMP_DEGC>
          <AIR_TEMP_DEGC>22.600</AIR_TEMP_DEGC>
          <RH_PRCNT>21.400</RH_PRCNT>
        </DATA>
        <DATA>
          <VOLTS>390.000</VOLTS>
          <CAPCTNC_PFRD>2.826</CAPCTNC_PFRD>
          <RESSTNC_MOHM>-23.256</RESSTNC_MOHM>
          <TIME>2021-09-27 04:10:55</TIME>
          <TEMP_DEGC>22.600</TEMP_DEGC>
          <AIR_TEMP_DEGC>22.600</AIR_TEMP_DEGC>
          <RH_PRCNT>21.400</RH_PRCNT>
        </DATA>
        <DATA>
          <VOLTS>395.000</VOLTS>
          <CAPCTNC_PFRD>2.749</CAPCTNC_PFRD>
          <RESSTNC_MOHM>-12.987</RESSTNC_MOHM>
          <TIME>2021-09-27 04:10:56</TIME>
          <TEMP_DEGC>22.600</TEMP_DEGC>
          <AIR_TEMP_DEGC>22.600</AIR_TEMP_DEGC>
          <RH_PRCNT>21.500</RH_PRCNT>
        </DATA>
        <DATA>
          <VOLTS>400.000</VOLTS>
          <CAPCTNC_PFRD>2.826</CAPCTNC_PFRD>
          <RESSTNC_MOHM>-12.658</RESSTNC_MOHM>
          <TIME>2021-09-27 04:10:57</TIME>
          <TEMP_DEGC>22.600</TEMP_DEGC>
          <AIR_TEMP_DEGC>22.600</AIR_TEMP_DEGC>
          <RH_PRCNT>21.500</RH_PRCNT>
        </DATA>
        <DATA>
          <VOLTS>405.000</VOLTS>
          <CAPCTNC_PFRD>2.789</CAPCTNC_PFRD>
          <RESSTNC_MOHM>-16.667</RESSTNC_MOHM>
          <TIME>2021-09-27 04:10:58</TIME>
          <TEMP_DEGC>22.600</TEMP_DEGC>
          <AIR_TEMP_DEGC>22.600</AIR_TEMP_DEGC>
          <RH_PRCNT>21.500</RH_PRCNT>
        </DATA>
        <DATA>
          <VOLTS>410.000</VOLTS>
          <CAPCTNC_PFRD>2.807</CAPCTNC_PFRD>
          <RESSTNC_MOHM>-16.949</RESSTNC_MOHM>
          <TIME>2021-09-27 04:10:59</TIME>
          <TEMP_DEGC>22.600</TEMP_DEGC>
          <AIR_TEMP_DEGC>22.600</AIR_TEMP_DEGC>
          <RH_PRCNT>21.500</RH_PRCNT>
        </DATA>
        <DATA>
          <VOLTS>415.000</VOLTS>
          <CAPCTNC_PFRD>2.806</CAPCTNC_PFRD>
          <RESSTNC_MOHM>-12.987</RESSTNC_MOHM>
          <TIME>2021-09-27 04:11:00</TIME>
          <TEMP_DEGC>22.600</TEMP_DEGC>
          <AIR_TEMP_DEGC>22.600</AIR_TEMP_DEGC>
          <RH_PRCNT>21.500</RH_PRCNT>
        </DATA>
        <DATA>
          <VOLTS>420.000</VOLTS>
          <CAPCTNC_PFRD>2.774</CAPCTNC_PFRD>
          <RESSTNC_MOHM>-15.873</RESSTNC_MOHM>
          <TIME>2021-09-27 04:11:02</TIME>
          <TEMP_DEGC>22.600</TEMP_DEGC>
          <AIR_TEMP_DEGC>22.600</AIR_TEMP_DEGC>
          <RH_PRCNT>21.500</RH_PRCNT>
        </DATA>
        <DATA>
          <VOLTS>425.000</VOLTS>
          <CAPCTNC_PFRD>2.782</CAPCTNC_PFRD>
          <RESSTNC_MOHM>-9.709</RESSTNC_MOHM>
          <TIME>2021-09-27 04:11:03</TIME>
          <TEMP_DEGC>22.600</TEMP_DEGC>
          <AIR_TEMP_DEGC>22.600</AIR_TEMP_DEGC>
          <RH_PRCNT>21.500</RH_PRCNT>
        </DATA>
        <DATA>
          <VOLTS>430.000</VOLTS>
          <CAPCTNC_PFRD>2.782</CAPCTNC_PFRD>
          <RESSTNC_MOHM>-25.641</RESSTNC_MOHM>
          <TIME>2021-09-27 04:11:04</TIME>
          <TEMP_DEGC>22.600</TEMP_DEGC>
          <AIR_TEMP_DEGC>22.600</AIR_TEMP_DEGC>
          <RH_PRCNT>21.500</RH_PRCNT>
        </DATA>
        <DATA>
          <VOLTS>435.000</VOLTS>
          <CAPCTNC_PFRD>2.802</CAPCTNC_PFRD>
          <RESSTNC_MOHM>-13.514</RESSTNC_MOHM>
          <TIME>2021-09-27 04:11:05</TIME>
          <TEMP_DEGC>22.600</TEMP_DEGC>
          <AIR_TEMP_DEGC>22.600</AIR_TEMP_DEGC>
          <RH_PRCNT>21.500</RH_PRCNT>
        </DATA>
        <DATA>
          <VOLTS>440.000</VOLTS>
          <CAPCTNC_PFRD>2.783</CAPCTNC_PFRD>
          <RESSTNC_MOHM>-10.309</RESSTNC_MOHM>
          <TIME>2021-09-27 04:11:06</TIME>
          <TEMP_DEGC>22.600</TEMP_DEGC>
          <AIR_TEMP_DEGC>22.600</AIR_TEMP_DEGC>
          <RH_PRCNT>21.500</RH_PRCNT>
        </DATA>
        <DATA>
          <VOLTS>445.000</VOLTS>
          <CAPCTNC_PFRD>2.806</CAPCTNC_PFRD>
          <RESSTNC_MOHM>-12.821</RESSTNC_MOHM>
          <TIME>2021-09-27 04:11:07</TIME>
          <TEMP_DEGC>22.600</TEMP_DEGC>
          <AIR_TEMP_DEGC>22.600</AIR_TEMP_DEGC>
          <RH_PRCNT>21.500</RH_PRCNT>
        </DATA>
        <DATA>
          <VOLTS>450.000</VOLTS>
          <CAPCTNC_PFRD>2.807</CAPCTNC_PFRD>
          <RESSTNC_MOHM>-14.925</RESSTNC_MOHM>
          <TIME>2021-09-27 04:11:08</TIME>
          <TEMP_DEGC>22.600</TEMP_DEGC>
          <AIR_TEMP_DEGC>22.600</AIR_TEMP_DEGC>
          <RH_PRCNT>21.500</RH_PRCNT>
        </DATA>
        <DATA>
          <VOLTS>455.000</VOLTS>
          <CAPCTNC_PFRD>2.792</CAPCTNC_PFRD>
          <RESSTNC_MOHM>-12.821</RESSTNC_MOHM>
          <TIME>2021-09-27 04:11:09</TIME>
          <TEMP_DEGC>22.600</TEMP_DEGC>
          <AIR_TEMP_DEGC>22.600</AIR_TEMP_DEGC>
          <RH_PRCNT>21.500</RH_PRCNT>
        </DATA>
        <DATA>
          <VOLTS>460.000</VOLTS>
          <CAPCTNC_PFRD>2.794</CAPCTNC_PFRD>
          <RESSTNC_MOHM>-13.889</RESSTNC_MOHM>
          <TIME>2021-09-27 04:11:10</TIME>
          <TEMP_DEGC>22.600</TEMP_DEGC>
          <AIR_TEMP_DEGC>22.600</AIR_TEMP_DEGC>
          <RH_PRCNT>21.500</RH_PRCNT>
        </DATA>
        <DATA>
          <VOLTS>465.000</VOLTS>
          <CAPCTNC_PFRD>2.806</CAPCTNC_PFRD>
          <RESSTNC_MOHM>-10.204</RESSTNC_MOHM>
          <TIME>2021-09-27 04:11:11</TIME>
          <TEMP_DEGC>22.600</TEMP_DEGC>
          <AIR_TEMP_DEGC>22.600</AIR_TEMP_DEGC>
          <RH_PRCNT>21.500</RH_PRCNT>
        </DATA>
        <DATA>
          <VOLTS>470.000</VOLTS>
          <CAPCTNC_PFRD>2.816</CAPCTNC_PFRD>
          <RESSTNC_MOHM>-13.889</RESSTNC_MOHM>
          <TIME>2021-09-27 04:11:12</TIME>
          <TEMP_DEGC>22.600</TEMP_DEGC>
          <AIR_TEMP_DEGC>22.600</AIR_TEMP_DEGC>
          <RH_PRCNT>21.500</RH_PRCNT>
        </DATA>
        <DATA>
          <VOLTS>475.000</VOLTS>
          <CAPCTNC_PFRD>2.756</CAPCTNC_PFRD>
          <RESSTNC_MOHM>-12.987</RESSTNC_MOHM>
          <TIME>2021-09-27 04:11:13</TIME>
          <TEMP_DEGC>22.600</TEMP_DEGC>
          <AIR_TEMP_DEGC>22.600</AIR_TEMP_DEGC>
          <RH_PRCNT>21.500</RH_PRCNT>
        </DATA>
        <DATA>
          <VOLTS>480.000</VOLTS>
          <CAPCTNC_PFRD>2.806</CAPCTNC_PFRD>
          <RESSTNC_MOHM>-10.753</RESSTNC_MOHM>
          <TIME>2021-09-27 04:11:14</TIME>
          <TEMP_DEGC>22.600</TEMP_DEGC>
          <AIR_TEMP_DEGC>22.600</AIR_TEMP_DEGC>
          <RH_PRCNT>21.500</RH_PRCNT>
        </DATA>
        <DATA>
          <VOLTS>485.000</VOLTS>
          <CAPCTNC_PFRD>2.791</CAPCTNC_PFRD>
          <RESSTNC_MOHM>-14.706</RESSTNC_MOHM>
          <TIME>2021-09-27 04:11:15</TIME>
          <TEMP_DEGC>22.600</TEMP_DEGC>
          <AIR_TEMP_DEGC>22.600</AIR_TEMP_DEGC>
          <RH_PRCNT>21.500</RH_PRCNT>
        </DATA>
        <DATA>
          <VOLTS>490.000</VOLTS>
          <CAPCTNC_PFRD>2.802</CAPCTNC_PFRD>
          <RESSTNC_MOHM>-13.158</RESSTNC_MOHM>
          <TIME>2021-09-27 04:11:17</TIME>
          <TEMP_DEGC>22.600</TEMP_DEGC>
          <AIR_TEMP_DEGC>22.600</AIR_TEMP_DEGC>
          <RH_PRCNT>21.500</RH_PRCNT>
        </DATA>
        <DATA>
          <VOLTS>495.000</VOLTS>
          <CAPCTNC_PFRD>2.780</CAPCTNC_PFRD>
          <RESSTNC_MOHM>-10.101</RESSTNC_MOHM>
          <TIME>2021-09-27 04:11:18</TIME>
          <TEMP_DEGC>22.600</TEMP_DEGC>
          <AIR_TEMP_DEGC>22.600</AIR_TEMP_DEGC>
          <RH_PRCNT>21.500</RH_PRCNT>
        </DATA>
        <DATA>
          <VOLTS>500.000</VOLTS>
          <CAPCTNC_PFRD>2.779</CAPCTNC_PFRD>
          <RESSTNC_MOHM>-20.408</RESSTNC_MOHM>
          <TIME>2021-09-27 04:11:19</TIME>
          <TEMP_DEGC>22.600</TEMP_DEGC>
          <AIR_TEMP_DEGC>22.600</AIR_TEMP_DEGC>
          <RH_PRCNT>21.500</RH_PRCNT>
        </DATA>
        <CHILD_DATA_SET>
          <HEADER>
            <TYPE>
              <EXTENSION_TABLE_NAME>HALFMOON_CV_PAR</EXTENSION_TABLE_NAME>
              <NAME>Tracker Halfmoon CV Parameters</NAME>
            </TYPE>
          </HEADER>
          <DATA_SET>
            <COMMENT_DESCRIPTION>Test</COMMENT_DESCRIPTION>
            <VERSION>CV_measurement-004</VERSION>
            <PART>
              <NAME_LABEL>37400_019_2-S_HM_WW</NAME_LABEL>
              <KIND_OF_PART>2S Halfmoon W</KIND_OF_PART>
            </PART>
            <DATA>
              <VD_V>230.138</VD_V>
              <CMIN_PFRD>2.788</CMIN_PFRD>
              <RHO_KOHMCM>3.718</RHO_KOHMCM>
              <NA>5.391e+12</NA>
              <D_UM>2.319e+02</D_UM>
            </DATA>
          </DATA_SET>
        </CHILD_DATA_SET>
      </DATA_SET>
    </CHILD_DATA_SET>
  </DATA_SET>
</ROOT>
