<?xml version="1.0"?>
<ROOT>
  <HEADER>
    <TYPE>
      <EXTENSION_TABLE_NAME>HALFMOON_METADATA</EXTENSION_TABLE_NAME>
      <NAME>Tracker Halfmoon Metadata</NAME>
    </TYPE>
    <RUN mode="SEQUENCE_NUMBER" sequence="TRK_OT_RUN_SEQ">
      <RUN_TYPE>PQC</RUN_TYPE>
      <LOCATION>Demokritos</LOCATION>
      <INITIATED_BY_USER>A. Kyriakis</INITIATED_BY_USER>
      <RUN_BEGIN_TIMESTAMP>2021-09-28 09:44:01</RUN_BEGIN_TIMESTAMP>
      <COMMENT_DESCRIPTION>Test</COMMENT_DESCRIPTION>
    </RUN>
  </HEADER>
  <DATA_SET>
    <COMMENT_DESCRIPTION>Metadata with flute and structure</COMMENT_DESCRIPTION>
    <VERSION>IV_measurement</VERSION>
    <PART>
      <NAME_LABEL>37400_049_2-S_HM_WW</NAME_LABEL>
      <KIND_OF_PART>2S Halfmoon W</KIND_OF_PART>
    </PART>
    <DATA>
      <KIND_OF_HM_FLUTE_ID>PQC3</KIND_OF_HM_FLUTE_ID>
      <KIND_OF_HM_STRUCT_ID>VDP_EDGE</KIND_OF_HM_STRUCT_ID>
      <KIND_OF_HM_SET_ID>Left</KIND_OF_HM_SET_ID>
      <KIND_OF_HM_CONFIG_ID>Standard</KIND_OF_HM_CONFIG_ID>
      <EQUIPMENT>KEITHLEY 2410</EQUIPMENT>
      <WAITING_TIME_S>0.200</WAITING_TIME_S>
      <TEMP_SET_DEGC>21.100</TEMP_SET_DEGC>
      <AV_TEMP_DEGC>21.100</AV_TEMP_DEGC>
      <PROCEDURE_TYPE>VDP_EDGE</PROCEDURE_TYPE>
      <FILE_NAME>Demokritos_VPX37400_049_2-S_HM_W_Left_PQC3_VDPEdge_s.xml</FILE_NAME>
    </DATA>
    <CHILD_DATA_SET>
      <HEADER>
        <TYPE>
          <EXTENSION_TABLE_NAME>TEST_SENSOR_IV</EXTENSION_TABLE_NAME>
          <NAME>Tracker Halfmoon IV Test</NAME>
        </TYPE>
      </HEADER>
      <DATA_SET>
        <COMMENT_DESCRIPTION>Test</COMMENT_DESCRIPTION>
        <VERSION>IV_measurement</VERSION>
        <PART>
          <NAME_LABEL>37400_049_2-S_HM_WW</NAME_LABEL>
          <KIND_OF_PART>2S Halfmoon W</KIND_OF_PART>
        </PART>
        <DATA>
          <VOLTS>-2.330e-03</VOLTS>
          <CURRNT_NAMP>-1.000e+04</CURRNT_NAMP>
          <TIME>2021-09-28 09:44:01</TIME>
          <TEMP_DEGC>21.100</TEMP_DEGC>
          <AIR_TEMP_DEGC>21.100</AIR_TEMP_DEGC>
          <RH_PRCNT>26.900</RH_PRCNT>
        </DATA>
        <DATA>
          <VOLTS>-2.320e-03</VOLTS>
          <CURRNT_NAMP>-9.500e+03</CURRNT_NAMP>
          <TIME>2021-09-28 09:44:02</TIME>
          <TEMP_DEGC>21.100</TEMP_DEGC>
          <AIR_TEMP_DEGC>21.100</AIR_TEMP_DEGC>
          <RH_PRCNT>26.900</RH_PRCNT>
        </DATA>
        <DATA>
          <VOLTS>-2.270e-03</VOLTS>
          <CURRNT_NAMP>-9.000e+03</CURRNT_NAMP>
          <TIME>2021-09-28 09:44:03</TIME>
          <TEMP_DEGC>21.100</TEMP_DEGC>
          <AIR_TEMP_DEGC>21.100</AIR_TEMP_DEGC>
          <RH_PRCNT>26.900</RH_PRCNT>
        </DATA>
        <DATA>
          <VOLTS>-2.220e-03</VOLTS>
          <CURRNT_NAMP>-8.500e+03</CURRNT_NAMP>
          <TIME>2021-09-28 09:44:04</TIME>
          <TEMP_DEGC>21.100</TEMP_DEGC>
          <AIR_TEMP_DEGC>21.100</AIR_TEMP_DEGC>
          <RH_PRCNT>26.900</RH_PRCNT>
        </DATA>
        <DATA>
          <VOLTS>-2.090e-03</VOLTS>
          <CURRNT_NAMP>-8.000e+03</CURRNT_NAMP>
          <TIME>2021-09-28 09:44:05</TIME>
          <TEMP_DEGC>21.100</TEMP_DEGC>
          <AIR_TEMP_DEGC>21.100</AIR_TEMP_DEGC>
          <RH_PRCNT>26.900</RH_PRCNT>
        </DATA>
        <DATA>
          <VOLTS>-1.950e-03</VOLTS>
          <CURRNT_NAMP>-7.500e+03</CURRNT_NAMP>
          <TIME>2021-09-28 09:44:06</TIME>
          <TEMP_DEGC>21.100</TEMP_DEGC>
          <AIR_TEMP_DEGC>21.100</AIR_TEMP_DEGC>
          <RH_PRCNT>26.900</RH_PRCNT>
        </DATA>
        <DATA>
          <VOLTS>-1.810e-03</VOLTS>
          <CURRNT_NAMP>-7.000e+03</CURRNT_NAMP>
          <TIME>2021-09-28 09:44:07</TIME>
          <TEMP_DEGC>21.100</TEMP_DEGC>
          <AIR_TEMP_DEGC>21.100</AIR_TEMP_DEGC>
          <RH_PRCNT>26.900</RH_PRCNT>
        </DATA>
        <DATA>
          <VOLTS>-1.670e-03</VOLTS>
          <CURRNT_NAMP>-6.500e+03</CURRNT_NAMP>
          <TIME>2021-09-28 09:44:08</TIME>
          <TEMP_DEGC>21.100</TEMP_DEGC>
          <AIR_TEMP_DEGC>21.100</AIR_TEMP_DEGC>
          <RH_PRCNT>26.900</RH_PRCNT>
        </DATA>
        <DATA>
          <VOLTS>-1.540e-03</VOLTS>
          <CURRNT_NAMP>-6.000e+03</CURRNT_NAMP>
          <TIME>2021-09-28 09:44:09</TIME>
          <TEMP_DEGC>21.100</TEMP_DEGC>
          <AIR_TEMP_DEGC>21.100</AIR_TEMP_DEGC>
          <RH_PRCNT>26.900</RH_PRCNT>
        </DATA>
        <DATA>
          <VOLTS>-1.410e-03</VOLTS>
          <CURRNT_NAMP>-5.500e+03</CURRNT_NAMP>
          <TIME>2021-09-28 09:44:10</TIME>
          <TEMP_DEGC>21.100</TEMP_DEGC>
          <AIR_TEMP_DEGC>21.100</AIR_TEMP_DEGC>
          <RH_PRCNT>26.900</RH_PRCNT>
        </DATA>
        <DATA>
          <VOLTS>-1.280e-03</VOLTS>
          <CURRNT_NAMP>-5.000e+03</CURRNT_NAMP>
          <TIME>2021-09-28 09:44:11</TIME>
          <TEMP_DEGC>21.100</TEMP_DEGC>
          <AIR_TEMP_DEGC>21.100</AIR_TEMP_DEGC>
          <RH_PRCNT>26.900</RH_PRCNT>
        </DATA>
        <DATA>
          <VOLTS>-1.150e-03</VOLTS>
          <CURRNT_NAMP>-4.500e+03</CURRNT_NAMP>
          <TIME>2021-09-28 09:44:12</TIME>
          <TEMP_DEGC>21.100</TEMP_DEGC>
          <AIR_TEMP_DEGC>21.100</AIR_TEMP_DEGC>
          <RH_PRCNT>26.900</RH_PRCNT>
        </DATA>
        <DATA>
          <VOLTS>-1.030e-03</VOLTS>
          <CURRNT_NAMP>-4.000e+03</CURRNT_NAMP>
          <TIME>2021-09-28 09:44:13</TIME>
          <TEMP_DEGC>21.100</TEMP_DEGC>
          <AIR_TEMP_DEGC>21.100</AIR_TEMP_DEGC>
          <RH_PRCNT>26.900</RH_PRCNT>
        </DATA>
        <DATA>
          <VOLTS>-9.000e-04</VOLTS>
          <CURRNT_NAMP>-3.500e+03</CURRNT_NAMP>
          <TIME>2021-09-28 09:44:14</TIME>
          <TEMP_DEGC>21.100</TEMP_DEGC>
          <AIR_TEMP_DEGC>21.100</AIR_TEMP_DEGC>
          <RH_PRCNT>26.900</RH_PRCNT>
        </DATA>
        <DATA>
          <VOLTS>-7.700e-04</VOLTS>
          <CURRNT_NAMP>-3.000e+03</CURRNT_NAMP>
          <TIME>2021-09-28 09:44:16</TIME>
          <TEMP_DEGC>21.100</TEMP_DEGC>
          <AIR_TEMP_DEGC>21.100</AIR_TEMP_DEGC>
          <RH_PRCNT>26.900</RH_PRCNT>
        </DATA>
        <DATA>
          <VOLTS>-6.400e-04</VOLTS>
          <CURRNT_NAMP>-2.500e+03</CURRNT_NAMP>
          <TIME>2021-09-28 09:44:17</TIME>
          <TEMP_DEGC>21.100</TEMP_DEGC>
          <AIR_TEMP_DEGC>21.100</AIR_TEMP_DEGC>
          <RH_PRCNT>26.800</RH_PRCNT>
        </DATA>
        <DATA>
          <VOLTS>-5.100e-04</VOLTS>
          <CURRNT_NAMP>-2.000e+03</CURRNT_NAMP>
          <TIME>2021-09-28 09:44:18</TIME>
          <TEMP_DEGC>21.100</TEMP_DEGC>
          <AIR_TEMP_DEGC>21.100</AIR_TEMP_DEGC>
          <RH_PRCNT>26.800</RH_PRCNT>
        </DATA>
        <DATA>
          <VOLTS>-3.900e-04</VOLTS>
          <CURRNT_NAMP>-1.500e+03</CURRNT_NAMP>
          <TIME>2021-09-28 09:44:19</TIME>
          <TEMP_DEGC>21.100</TEMP_DEGC>
          <AIR_TEMP_DEGC>21.100</AIR_TEMP_DEGC>
          <RH_PRCNT>26.800</RH_PRCNT>
        </DATA>
        <DATA>
          <VOLTS>-2.600e-04</VOLTS>
          <CURRNT_NAMP>-1.000e+03</CURRNT_NAMP>
          <TIME>2021-09-28 09:44:20</TIME>
          <TEMP_DEGC>21.100</TEMP_DEGC>
          <AIR_TEMP_DEGC>21.100</AIR_TEMP_DEGC>
          <RH_PRCNT>26.800</RH_PRCNT>
        </DATA>
        <DATA>
          <VOLTS>-1.300e-04</VOLTS>
          <CURRNT_NAMP>-5.000e+02</CURRNT_NAMP>
          <TIME>2021-09-28 09:44:21</TIME>
          <TEMP_DEGC>21.100</TEMP_DEGC>
          <AIR_TEMP_DEGC>21.100</AIR_TEMP_DEGC>
          <RH_PRCNT>26.800</RH_PRCNT>
        </DATA>
        <DATA>
          <VOLTS>-0.000e+00</VOLTS>
          <CURRNT_NAMP>-1.694e-12</CURRNT_NAMP>
          <TIME>2021-09-28 09:44:22</TIME>
          <TEMP_DEGC>21.100</TEMP_DEGC>
          <AIR_TEMP_DEGC>21.100</AIR_TEMP_DEGC>
          <RH_PRCNT>26.800</RH_PRCNT>
        </DATA>
        <DATA>
          <VOLTS>1.200e-04</VOLTS>
          <CURRNT_NAMP>5.000e+02</CURRNT_NAMP>
          <TIME>2021-09-28 09:44:23</TIME>
          <TEMP_DEGC>21.100</TEMP_DEGC>
          <AIR_TEMP_DEGC>21.100</AIR_TEMP_DEGC>
          <RH_PRCNT>26.800</RH_PRCNT>
        </DATA>
        <DATA>
          <VOLTS>2.500e-04</VOLTS>
          <CURRNT_NAMP>1.000e+03</CURRNT_NAMP>
          <TIME>2021-09-28 09:44:24</TIME>
          <TEMP_DEGC>21.100</TEMP_DEGC>
          <AIR_TEMP_DEGC>21.100</AIR_TEMP_DEGC>
          <RH_PRCNT>26.800</RH_PRCNT>
        </DATA>
        <DATA>
          <VOLTS>3.700e-04</VOLTS>
          <CURRNT_NAMP>1.500e+03</CURRNT_NAMP>
          <TIME>2021-09-28 09:44:25</TIME>
          <TEMP_DEGC>21.100</TEMP_DEGC>
          <AIR_TEMP_DEGC>21.100</AIR_TEMP_DEGC>
          <RH_PRCNT>26.800</RH_PRCNT>
        </DATA>
        <DATA>
          <VOLTS>5.000e-04</VOLTS>
          <CURRNT_NAMP>2.000e+03</CURRNT_NAMP>
          <TIME>2021-09-28 09:44:26</TIME>
          <TEMP_DEGC>21.100</TEMP_DEGC>
          <AIR_TEMP_DEGC>21.100</AIR_TEMP_DEGC>
          <RH_PRCNT>26.800</RH_PRCNT>
        </DATA>
        <DATA>
          <VOLTS>6.300e-04</VOLTS>
          <CURRNT_NAMP>2.500e+03</CURRNT_NAMP>
          <TIME>2021-09-28 09:44:27</TIME>
          <TEMP_DEGC>21.100</TEMP_DEGC>
          <AIR_TEMP_DEGC>21.100</AIR_TEMP_DEGC>
          <RH_PRCNT>26.800</RH_PRCNT>
        </DATA>
        <DATA>
          <VOLTS>7.600e-04</VOLTS>
          <CURRNT_NAMP>3.000e+03</CURRNT_NAMP>
          <TIME>2021-09-28 09:44:28</TIME>
          <TEMP_DEGC>21.100</TEMP_DEGC>
          <AIR_TEMP_DEGC>21.100</AIR_TEMP_DEGC>
          <RH_PRCNT>26.800</RH_PRCNT>
        </DATA>
        <DATA>
          <VOLTS>8.900e-04</VOLTS>
          <CURRNT_NAMP>3.500e+03</CURRNT_NAMP>
          <TIME>2021-09-28 09:44:29</TIME>
          <TEMP_DEGC>21.100</TEMP_DEGC>
          <AIR_TEMP_DEGC>21.100</AIR_TEMP_DEGC>
          <RH_PRCNT>26.800</RH_PRCNT>
        </DATA>
        <DATA>
          <VOLTS>1.020e-03</VOLTS>
          <CURRNT_NAMP>4.000e+03</CURRNT_NAMP>
          <TIME>2021-09-28 09:44:31</TIME>
          <TEMP_DEGC>21.100</TEMP_DEGC>
          <AIR_TEMP_DEGC>21.100</AIR_TEMP_DEGC>
          <RH_PRCNT>26.800</RH_PRCNT>
        </DATA>
        <DATA>
          <VOLTS>1.150e-03</VOLTS>
          <CURRNT_NAMP>4.500e+03</CURRNT_NAMP>
          <TIME>2021-09-28 09:44:32</TIME>
          <TEMP_DEGC>21.100</TEMP_DEGC>
          <AIR_TEMP_DEGC>21.100</AIR_TEMP_DEGC>
          <RH_PRCNT>26.800</RH_PRCNT>
        </DATA>
        <DATA>
          <VOLTS>1.270e-03</VOLTS>
          <CURRNT_NAMP>5.000e+03</CURRNT_NAMP>
          <TIME>2021-09-28 09:44:33</TIME>
          <TEMP_DEGC>21.100</TEMP_DEGC>
          <AIR_TEMP_DEGC>21.100</AIR_TEMP_DEGC>
          <RH_PRCNT>26.800</RH_PRCNT>
        </DATA>
        <DATA>
          <VOLTS>1.400e-03</VOLTS>
          <CURRNT_NAMP>5.500e+03</CURRNT_NAMP>
          <TIME>2021-09-28 09:44:34</TIME>
          <TEMP_DEGC>21.100</TEMP_DEGC>
          <AIR_TEMP_DEGC>21.100</AIR_TEMP_DEGC>
          <RH_PRCNT>26.800</RH_PRCNT>
        </DATA>
        <DATA>
          <VOLTS>1.530e-03</VOLTS>
          <CURRNT_NAMP>6.000e+03</CURRNT_NAMP>
          <TIME>2021-09-28 09:44:35</TIME>
          <TEMP_DEGC>21.100</TEMP_DEGC>
          <AIR_TEMP_DEGC>21.100</AIR_TEMP_DEGC>
          <RH_PRCNT>26.800</RH_PRCNT>
        </DATA>
        <DATA>
          <VOLTS>1.660e-03</VOLTS>
          <CURRNT_NAMP>6.500e+03</CURRNT_NAMP>
          <TIME>2021-09-28 09:44:36</TIME>
          <TEMP_DEGC>21.100</TEMP_DEGC>
          <AIR_TEMP_DEGC>21.100</AIR_TEMP_DEGC>
          <RH_PRCNT>26.800</RH_PRCNT>
        </DATA>
        <DATA>
          <VOLTS>1.790e-03</VOLTS>
          <CURRNT_NAMP>7.000e+03</CURRNT_NAMP>
          <TIME>2021-09-28 09:44:37</TIME>
          <TEMP_DEGC>21.100</TEMP_DEGC>
          <AIR_TEMP_DEGC>21.100</AIR_TEMP_DEGC>
          <RH_PRCNT>26.800</RH_PRCNT>
        </DATA>
        <DATA>
          <VOLTS>1.910e-03</VOLTS>
          <CURRNT_NAMP>7.500e+03</CURRNT_NAMP>
          <TIME>2021-09-28 09:44:38</TIME>
          <TEMP_DEGC>21.100</TEMP_DEGC>
          <AIR_TEMP_DEGC>21.100</AIR_TEMP_DEGC>
          <RH_PRCNT>26.800</RH_PRCNT>
        </DATA>
        <DATA>
          <VOLTS>2.040e-03</VOLTS>
          <CURRNT_NAMP>8.000e+03</CURRNT_NAMP>
          <TIME>2021-09-28 09:44:39</TIME>
          <TEMP_DEGC>21.100</TEMP_DEGC>
          <AIR_TEMP_DEGC>21.100</AIR_TEMP_DEGC>
          <RH_PRCNT>26.800</RH_PRCNT>
        </DATA>
        <DATA>
          <VOLTS>2.170e-03</VOLTS>
          <CURRNT_NAMP>8.500e+03</CURRNT_NAMP>
          <TIME>2021-09-28 09:44:40</TIME>
          <TEMP_DEGC>21.100</TEMP_DEGC>
          <AIR_TEMP_DEGC>21.100</AIR_TEMP_DEGC>
          <RH_PRCNT>26.800</RH_PRCNT>
        </DATA>
        <DATA>
          <VOLTS>2.300e-03</VOLTS>
          <CURRNT_NAMP>9.000e+03</CURRNT_NAMP>
          <TIME>2021-09-28 09:44:41</TIME>
          <TEMP_DEGC>21.100</TEMP_DEGC>
          <AIR_TEMP_DEGC>21.100</AIR_TEMP_DEGC>
          <RH_PRCNT>26.800</RH_PRCNT>
        </DATA>
        <DATA>
          <VOLTS>2.420e-03</VOLTS>
          <CURRNT_NAMP>9.500e+03</CURRNT_NAMP>
          <TIME>2021-09-28 09:44:42</TIME>
          <TEMP_DEGC>21.100</TEMP_DEGC>
          <AIR_TEMP_DEGC>21.100</AIR_TEMP_DEGC>
          <RH_PRCNT>26.800</RH_PRCNT>
        </DATA>
        <DATA>
          <VOLTS>2.500e-03</VOLTS>
          <CURRNT_NAMP>1.000e+04</CURRNT_NAMP>
          <TIME>2021-09-28 09:44:43</TIME>
          <TEMP_DEGC>21.100</TEMP_DEGC>
          <AIR_TEMP_DEGC>21.100</AIR_TEMP_DEGC>
          <RH_PRCNT>26.800</RH_PRCNT>
        </DATA>
        <CHILD_DATA_SET>
          <HEADER>
            <TYPE>
              <EXTENSION_TABLE_NAME>HALFMOON_IV_PAR</EXTENSION_TABLE_NAME>
              <NAME>Tracker Halfmoon IV Parameters</NAME>
            </TYPE>
          </HEADER>
          <DATA_SET>
            <COMMENT_DESCRIPTION>Test</COMMENT_DESCRIPTION>
            <VERSION>IV_measurement</VERSION>
            <PART>
              <NAME_LABEL>37400_049_2-S_HM_WW</NAME_LABEL>
              <KIND_OF_PART>2S Halfmoon W</KIND_OF_PART>
            </PART>
            <DATA>
              <RSH_OHMSQR>1163.586</RSH_OHMSQR>
              <R_OHM>256.728</R_OHM>
            </DATA>
          </DATA_SET>
        </CHILD_DATA_SET>
      </DATA_SET>
    </CHILD_DATA_SET>
  </DATA_SET>
</ROOT>
