<?xml version="1.0"?>
<ROOT>
  <HEADER>
    <TYPE>
      <EXTENSION_TABLE_NAME>HALFMOON_METADATA</EXTENSION_TABLE_NAME>
      <NAME>Tracker Halfmoon Metadata</NAME>
    </TYPE>
    <RUN mode="SEQUENCE_NUMBER" sequence="TRK_OT_RUN_SEQ">
      <RUN_TYPE>PQC</RUN_TYPE>
      <LOCATION>Demokritos</LOCATION>
      <INITIATED_BY_USER>A. Kyriakis</INITIATED_BY_USER>
      <RUN_BEGIN_TIMESTAMP>2021-09-27 11:08:30</RUN_BEGIN_TIMESTAMP>
      <COMMENT_DESCRIPTION>Test</COMMENT_DESCRIPTION>
    </RUN>
  </HEADER>
  <DATA_SET>
    <COMMENT_DESCRIPTION>Metadata with flute and structure</COMMENT_DESCRIPTION>
    <VERSION>v2</VERSION>
    <PART>
      <NAME_LABEL>37400_006_2-S_HM_WW</NAME_LABEL>
      <KIND_OF_PART>2S Halfmoon W</KIND_OF_PART>
    </PART>
    <DATA>
      <KIND_OF_HM_FLUTE_ID>PQC1</KIND_OF_HM_FLUTE_ID>
      <KIND_OF_HM_STRUCT_ID>DIODE_HALF</KIND_OF_HM_STRUCT_ID>
      <KIND_OF_HM_SET_ID>Left</KIND_OF_HM_SET_ID>
      <KIND_OF_HM_CONFIG_ID>Not Used</KIND_OF_HM_CONFIG_ID>
      <EQUIPMENT>HP 4192A</EQUIPMENT>
      <WAITING_TIME_S>0.500</WAITING_TIME_S>
      <AC_FREQ_HZ>1.00e+05</AC_FREQ_HZ>
      <AC_AMPL_V>0.250</AC_AMPL_V>
      <TEMP_SET_DEGC>21.500</TEMP_SET_DEGC>
      <AV_TEMP_DEGC>21.500</AV_TEMP_DEGC>
      <PROCEDURE_TYPE>Diode_CV1</PROCEDURE_TYPE>
      <FILE_NAME>Demokritos_VPX37400_006_2-S_HM_W_Left_PQC3_DiodeHalf_CV.xml</FILE_NAME>
    </DATA>
    <CHILD_DATA_SET>
      <HEADER>
        <TYPE>
          <EXTENSION_TABLE_NAME>TEST_SENSOR_CV</EXTENSION_TABLE_NAME>
          <NAME>Tracker Halfmoon CV Test</NAME>
        </TYPE>
      </HEADER>
      <DATA_SET>
        <COMMENT_DESCRIPTION>Test</COMMENT_DESCRIPTION>
        <VERSION>V2</VERSION>
        <PART>
          <NAME_LABEL>37400_006_2-S_HM_WW</NAME_LABEL>
          <KIND_OF_PART>2S Halfmoon W</KIND_OF_PART>
        </PART>
        <DATA>
          <VOLTS>-0.000</VOLTS>
          <CAPCTNC_PFRD>119.770</CAPCTNC_PFRD>
          <RESSTNC_MOHM>0.023</RESSTNC_MOHM>
          <TIME>2021-09-27 11:08:31</TIME>
          <TEMP_DEGC>21.500</TEMP_DEGC>
          <AIR_TEMP_DEGC>21.500</AIR_TEMP_DEGC>
          <RH_PRCNT>23.000</RH_PRCNT>
        </DATA>
        <DATA>
          <VOLTS>5.000</VOLTS>
          <CAPCTNC_PFRD>21.610</CAPCTNC_PFRD>
          <RESSTNC_MOHM>2.326</RESSTNC_MOHM>
          <TIME>2021-09-27 11:08:33</TIME>
          <TEMP_DEGC>21.500</TEMP_DEGC>
          <AIR_TEMP_DEGC>21.500</AIR_TEMP_DEGC>
          <RH_PRCNT>23.000</RH_PRCNT>
        </DATA>
        <DATA>
          <VOLTS>10.000</VOLTS>
          <CAPCTNC_PFRD>15.590</CAPCTNC_PFRD>
          <RESSTNC_MOHM>3.704</RESSTNC_MOHM>
          <TIME>2021-09-27 11:08:34</TIME>
          <TEMP_DEGC>21.500</TEMP_DEGC>
          <AIR_TEMP_DEGC>21.500</AIR_TEMP_DEGC>
          <RH_PRCNT>23.000</RH_PRCNT>
        </DATA>
        <DATA>
          <VOLTS>15.000</VOLTS>
          <CAPCTNC_PFRD>12.424</CAPCTNC_PFRD>
          <RESSTNC_MOHM>9.615</RESSTNC_MOHM>
          <TIME>2021-09-27 11:08:35</TIME>
          <TEMP_DEGC>21.500</TEMP_DEGC>
          <AIR_TEMP_DEGC>21.500</AIR_TEMP_DEGC>
          <RH_PRCNT>23.000</RH_PRCNT>
        </DATA>
        <DATA>
          <VOLTS>20.000</VOLTS>
          <CAPCTNC_PFRD>11.052</CAPCTNC_PFRD>
          <RESSTNC_MOHM>7.634</RESSTNC_MOHM>
          <TIME>2021-09-27 11:08:37</TIME>
          <TEMP_DEGC>21.500</TEMP_DEGC>
          <AIR_TEMP_DEGC>21.500</AIR_TEMP_DEGC>
          <RH_PRCNT>23.100</RH_PRCNT>
        </DATA>
        <DATA>
          <VOLTS>25.000</VOLTS>
          <CAPCTNC_PFRD>9.751</CAPCTNC_PFRD>
          <RESSTNC_MOHM>8.929</RESSTNC_MOHM>
          <TIME>2021-09-27 11:08:38</TIME>
          <TEMP_DEGC>21.500</TEMP_DEGC>
          <AIR_TEMP_DEGC>21.500</AIR_TEMP_DEGC>
          <RH_PRCNT>23.000</RH_PRCNT>
        </DATA>
        <DATA>
          <VOLTS>30.000</VOLTS>
          <CAPCTNC_PFRD>8.869</CAPCTNC_PFRD>
          <RESSTNC_MOHM>7.299</RESSTNC_MOHM>
          <TIME>2021-09-27 11:08:39</TIME>
          <TEMP_DEGC>21.500</TEMP_DEGC>
          <AIR_TEMP_DEGC>21.500</AIR_TEMP_DEGC>
          <RH_PRCNT>23.000</RH_PRCNT>
        </DATA>
        <DATA>
          <VOLTS>35.000</VOLTS>
          <CAPCTNC_PFRD>8.077</CAPCTNC_PFRD>
          <RESSTNC_MOHM>10.309</RESSTNC_MOHM>
          <TIME>2021-09-27 11:08:40</TIME>
          <TEMP_DEGC>21.500</TEMP_DEGC>
          <AIR_TEMP_DEGC>21.500</AIR_TEMP_DEGC>
          <RH_PRCNT>23.000</RH_PRCNT>
        </DATA>
        <DATA>
          <VOLTS>40.000</VOLTS>
          <CAPCTNC_PFRD>7.369</CAPCTNC_PFRD>
          <RESSTNC_MOHM>14.706</RESSTNC_MOHM>
          <TIME>2021-09-27 11:08:41</TIME>
          <TEMP_DEGC>21.500</TEMP_DEGC>
          <AIR_TEMP_DEGC>21.500</AIR_TEMP_DEGC>
          <RH_PRCNT>23.000</RH_PRCNT>
        </DATA>
        <DATA>
          <VOLTS>45.000</VOLTS>
          <CAPCTNC_PFRD>6.803</CAPCTNC_PFRD>
          <RESSTNC_MOHM>55.556</RESSTNC_MOHM>
          <TIME>2021-09-27 11:08:42</TIME>
          <TEMP_DEGC>21.500</TEMP_DEGC>
          <AIR_TEMP_DEGC>21.500</AIR_TEMP_DEGC>
          <RH_PRCNT>23.000</RH_PRCNT>
        </DATA>
        <DATA>
          <VOLTS>50.000</VOLTS>
          <CAPCTNC_PFRD>6.326</CAPCTNC_PFRD>
          <RESSTNC_MOHM>-18.519</RESSTNC_MOHM>
          <TIME>2021-09-27 11:08:43</TIME>
          <TEMP_DEGC>21.500</TEMP_DEGC>
          <AIR_TEMP_DEGC>21.500</AIR_TEMP_DEGC>
          <RH_PRCNT>23.000</RH_PRCNT>
        </DATA>
        <DATA>
          <VOLTS>55.000</VOLTS>
          <CAPCTNC_PFRD>5.735</CAPCTNC_PFRD>
          <RESSTNC_MOHM>-17.857</RESSTNC_MOHM>
          <TIME>2021-09-27 11:08:44</TIME>
          <TEMP_DEGC>21.500</TEMP_DEGC>
          <AIR_TEMP_DEGC>21.500</AIR_TEMP_DEGC>
          <RH_PRCNT>23.000</RH_PRCNT>
        </DATA>
        <DATA>
          <VOLTS>60.000</VOLTS>
          <CAPCTNC_PFRD>5.322</CAPCTNC_PFRD>
          <RESSTNC_MOHM>-9.259</RESSTNC_MOHM>
          <TIME>2021-09-27 11:08:46</TIME>
          <TEMP_DEGC>21.500</TEMP_DEGC>
          <AIR_TEMP_DEGC>21.500</AIR_TEMP_DEGC>
          <RH_PRCNT>23.000</RH_PRCNT>
        </DATA>
        <DATA>
          <VOLTS>65.000</VOLTS>
          <CAPCTNC_PFRD>5.170</CAPCTNC_PFRD>
          <RESSTNC_MOHM>-7.092</RESSTNC_MOHM>
          <TIME>2021-09-27 11:08:47</TIME>
          <TEMP_DEGC>21.500</TEMP_DEGC>
          <AIR_TEMP_DEGC>21.500</AIR_TEMP_DEGC>
          <RH_PRCNT>23.000</RH_PRCNT>
        </DATA>
        <DATA>
          <VOLTS>70.000</VOLTS>
          <CAPCTNC_PFRD>5.198</CAPCTNC_PFRD>
          <RESSTNC_MOHM>-10.753</RESSTNC_MOHM>
          <TIME>2021-09-27 11:08:48</TIME>
          <TEMP_DEGC>21.500</TEMP_DEGC>
          <AIR_TEMP_DEGC>21.500</AIR_TEMP_DEGC>
          <RH_PRCNT>23.000</RH_PRCNT>
        </DATA>
        <DATA>
          <VOLTS>75.000</VOLTS>
          <CAPCTNC_PFRD>5.133</CAPCTNC_PFRD>
          <RESSTNC_MOHM>-45.455</RESSTNC_MOHM>
          <TIME>2021-09-27 11:08:49</TIME>
          <TEMP_DEGC>21.500</TEMP_DEGC>
          <AIR_TEMP_DEGC>21.500</AIR_TEMP_DEGC>
          <RH_PRCNT>23.000</RH_PRCNT>
        </DATA>
        <DATA>
          <VOLTS>80.000</VOLTS>
          <CAPCTNC_PFRD>4.880</CAPCTNC_PFRD>
          <RESSTNC_MOHM>-142.857</RESSTNC_MOHM>
          <TIME>2021-09-27 11:08:50</TIME>
          <TEMP_DEGC>21.500</TEMP_DEGC>
          <AIR_TEMP_DEGC>21.500</AIR_TEMP_DEGC>
          <RH_PRCNT>23.000</RH_PRCNT>
        </DATA>
        <DATA>
          <VOLTS>85.000</VOLTS>
          <CAPCTNC_PFRD>4.654</CAPCTNC_PFRD>
          <RESSTNC_MOHM>-22.222</RESSTNC_MOHM>
          <TIME>2021-09-27 11:08:51</TIME>
          <TEMP_DEGC>21.500</TEMP_DEGC>
          <AIR_TEMP_DEGC>21.500</AIR_TEMP_DEGC>
          <RH_PRCNT>23.000</RH_PRCNT>
        </DATA>
        <DATA>
          <VOLTS>90.000</VOLTS>
          <CAPCTNC_PFRD>4.487</CAPCTNC_PFRD>
          <RESSTNC_MOHM>-21.277</RESSTNC_MOHM>
          <TIME>2021-09-27 11:08:52</TIME>
          <TEMP_DEGC>21.500</TEMP_DEGC>
          <AIR_TEMP_DEGC>21.500</AIR_TEMP_DEGC>
          <RH_PRCNT>23.000</RH_PRCNT>
        </DATA>
        <DATA>
          <VOLTS>95.000</VOLTS>
          <CAPCTNC_PFRD>4.389</CAPCTNC_PFRD>
          <RESSTNC_MOHM>-11.364</RESSTNC_MOHM>
          <TIME>2021-09-27 11:08:53</TIME>
          <TEMP_DEGC>21.500</TEMP_DEGC>
          <AIR_TEMP_DEGC>21.500</AIR_TEMP_DEGC>
          <RH_PRCNT>23.000</RH_PRCNT>
        </DATA>
        <DATA>
          <VOLTS>100.000</VOLTS>
          <CAPCTNC_PFRD>4.162</CAPCTNC_PFRD>
          <RESSTNC_MOHM>-16.667</RESSTNC_MOHM>
          <TIME>2021-09-27 11:08:54</TIME>
          <TEMP_DEGC>21.500</TEMP_DEGC>
          <AIR_TEMP_DEGC>21.500</AIR_TEMP_DEGC>
          <RH_PRCNT>23.000</RH_PRCNT>
        </DATA>
        <DATA>
          <VOLTS>105.000</VOLTS>
          <CAPCTNC_PFRD>4.038</CAPCTNC_PFRD>
          <RESSTNC_MOHM>-8.000</RESSTNC_MOHM>
          <TIME>2021-09-27 11:08:55</TIME>
          <TEMP_DEGC>21.500</TEMP_DEGC>
          <AIR_TEMP_DEGC>21.500</AIR_TEMP_DEGC>
          <RH_PRCNT>23.000</RH_PRCNT>
        </DATA>
        <DATA>
          <VOLTS>110.000</VOLTS>
          <CAPCTNC_PFRD>3.971</CAPCTNC_PFRD>
          <RESSTNC_MOHM>-15.625</RESSTNC_MOHM>
          <TIME>2021-09-27 11:08:56</TIME>
          <TEMP_DEGC>21.500</TEMP_DEGC>
          <AIR_TEMP_DEGC>21.500</AIR_TEMP_DEGC>
          <RH_PRCNT>23.000</RH_PRCNT>
        </DATA>
        <DATA>
          <VOLTS>115.000</VOLTS>
          <CAPCTNC_PFRD>3.906</CAPCTNC_PFRD>
          <RESSTNC_MOHM>-12.821</RESSTNC_MOHM>
          <TIME>2021-09-27 11:08:57</TIME>
          <TEMP_DEGC>21.500</TEMP_DEGC>
          <AIR_TEMP_DEGC>21.500</AIR_TEMP_DEGC>
          <RH_PRCNT>23.000</RH_PRCNT>
        </DATA>
        <DATA>
          <VOLTS>120.000</VOLTS>
          <CAPCTNC_PFRD>3.763</CAPCTNC_PFRD>
          <RESSTNC_MOHM>-14.286</RESSTNC_MOHM>
          <TIME>2021-09-27 11:08:58</TIME>
          <TEMP_DEGC>21.500</TEMP_DEGC>
          <AIR_TEMP_DEGC>21.500</AIR_TEMP_DEGC>
          <RH_PRCNT>23.000</RH_PRCNT>
        </DATA>
        <DATA>
          <VOLTS>125.000</VOLTS>
          <CAPCTNC_PFRD>3.713</CAPCTNC_PFRD>
          <RESSTNC_MOHM>-7.576</RESSTNC_MOHM>
          <TIME>2021-09-27 11:08:59</TIME>
          <TEMP_DEGC>21.500</TEMP_DEGC>
          <AIR_TEMP_DEGC>21.500</AIR_TEMP_DEGC>
          <RH_PRCNT>23.000</RH_PRCNT>
        </DATA>
        <DATA>
          <VOLTS>130.000</VOLTS>
          <CAPCTNC_PFRD>3.654</CAPCTNC_PFRD>
          <RESSTNC_MOHM>-71.429</RESSTNC_MOHM>
          <TIME>2021-09-27 11:09:01</TIME>
          <TEMP_DEGC>21.500</TEMP_DEGC>
          <AIR_TEMP_DEGC>21.500</AIR_TEMP_DEGC>
          <RH_PRCNT>23.000</RH_PRCNT>
        </DATA>
        <DATA>
          <VOLTS>135.000</VOLTS>
          <CAPCTNC_PFRD>3.557</CAPCTNC_PFRD>
          <RESSTNC_MOHM>-13.333</RESSTNC_MOHM>
          <TIME>2021-09-27 11:09:02</TIME>
          <TEMP_DEGC>21.500</TEMP_DEGC>
          <AIR_TEMP_DEGC>21.500</AIR_TEMP_DEGC>
          <RH_PRCNT>23.000</RH_PRCNT>
        </DATA>
        <DATA>
          <VOLTS>140.000</VOLTS>
          <CAPCTNC_PFRD>3.523</CAPCTNC_PFRD>
          <RESSTNC_MOHM>-11.111</RESSTNC_MOHM>
          <TIME>2021-09-27 11:09:03</TIME>
          <TEMP_DEGC>21.500</TEMP_DEGC>
          <AIR_TEMP_DEGC>21.500</AIR_TEMP_DEGC>
          <RH_PRCNT>23.000</RH_PRCNT>
        </DATA>
        <DATA>
          <VOLTS>145.000</VOLTS>
          <CAPCTNC_PFRD>3.475</CAPCTNC_PFRD>
          <RESSTNC_MOHM>-27.778</RESSTNC_MOHM>
          <TIME>2021-09-27 11:09:04</TIME>
          <TEMP_DEGC>21.500</TEMP_DEGC>
          <AIR_TEMP_DEGC>21.500</AIR_TEMP_DEGC>
          <RH_PRCNT>23.000</RH_PRCNT>
        </DATA>
        <DATA>
          <VOLTS>150.000</VOLTS>
          <CAPCTNC_PFRD>3.427</CAPCTNC_PFRD>
          <RESSTNC_MOHM>-11.236</RESSTNC_MOHM>
          <TIME>2021-09-27 11:09:05</TIME>
          <TEMP_DEGC>21.500</TEMP_DEGC>
          <AIR_TEMP_DEGC>21.500</AIR_TEMP_DEGC>
          <RH_PRCNT>23.000</RH_PRCNT>
        </DATA>
        <DATA>
          <VOLTS>155.000</VOLTS>
          <CAPCTNC_PFRD>3.405</CAPCTNC_PFRD>
          <RESSTNC_MOHM>-12.048</RESSTNC_MOHM>
          <TIME>2021-09-27 11:09:06</TIME>
          <TEMP_DEGC>21.500</TEMP_DEGC>
          <AIR_TEMP_DEGC>21.500</AIR_TEMP_DEGC>
          <RH_PRCNT>23.000</RH_PRCNT>
        </DATA>
        <DATA>
          <VOLTS>160.000</VOLTS>
          <CAPCTNC_PFRD>3.302</CAPCTNC_PFRD>
          <RESSTNC_MOHM>-10.989</RESSTNC_MOHM>
          <TIME>2021-09-27 11:09:07</TIME>
          <TEMP_DEGC>21.500</TEMP_DEGC>
          <AIR_TEMP_DEGC>21.500</AIR_TEMP_DEGC>
          <RH_PRCNT>23.000</RH_PRCNT>
        </DATA>
        <DATA>
          <VOLTS>165.000</VOLTS>
          <CAPCTNC_PFRD>3.241</CAPCTNC_PFRD>
          <RESSTNC_MOHM>-17.241</RESSTNC_MOHM>
          <TIME>2021-09-27 11:09:08</TIME>
          <TEMP_DEGC>21.500</TEMP_DEGC>
          <AIR_TEMP_DEGC>21.500</AIR_TEMP_DEGC>
          <RH_PRCNT>23.000</RH_PRCNT>
        </DATA>
        <DATA>
          <VOLTS>170.000</VOLTS>
          <CAPCTNC_PFRD>3.217</CAPCTNC_PFRD>
          <RESSTNC_MOHM>-13.699</RESSTNC_MOHM>
          <TIME>2021-09-27 11:09:09</TIME>
          <TEMP_DEGC>21.500</TEMP_DEGC>
          <AIR_TEMP_DEGC>21.500</AIR_TEMP_DEGC>
          <RH_PRCNT>23.000</RH_PRCNT>
        </DATA>
        <DATA>
          <VOLTS>175.000</VOLTS>
          <CAPCTNC_PFRD>3.193</CAPCTNC_PFRD>
          <RESSTNC_MOHM>-13.333</RESSTNC_MOHM>
          <TIME>2021-09-27 11:09:10</TIME>
          <TEMP_DEGC>21.500</TEMP_DEGC>
          <AIR_TEMP_DEGC>21.500</AIR_TEMP_DEGC>
          <RH_PRCNT>23.000</RH_PRCNT>
        </DATA>
        <DATA>
          <VOLTS>180.000</VOLTS>
          <CAPCTNC_PFRD>3.167</CAPCTNC_PFRD>
          <RESSTNC_MOHM>-13.699</RESSTNC_MOHM>
          <TIME>2021-09-27 11:09:11</TIME>
          <TEMP_DEGC>21.500</TEMP_DEGC>
          <AIR_TEMP_DEGC>21.500</AIR_TEMP_DEGC>
          <RH_PRCNT>23.000</RH_PRCNT>
        </DATA>
        <DATA>
          <VOLTS>185.000</VOLTS>
          <CAPCTNC_PFRD>3.115</CAPCTNC_PFRD>
          <RESSTNC_MOHM>-10.000</RESSTNC_MOHM>
          <TIME>2021-09-27 11:09:12</TIME>
          <TEMP_DEGC>21.500</TEMP_DEGC>
          <AIR_TEMP_DEGC>21.500</AIR_TEMP_DEGC>
          <RH_PRCNT>23.000</RH_PRCNT>
        </DATA>
        <DATA>
          <VOLTS>190.000</VOLTS>
          <CAPCTNC_PFRD>3.035</CAPCTNC_PFRD>
          <RESSTNC_MOHM>-10.204</RESSTNC_MOHM>
          <TIME>2021-09-27 11:09:13</TIME>
          <TEMP_DEGC>21.500</TEMP_DEGC>
          <AIR_TEMP_DEGC>21.500</AIR_TEMP_DEGC>
          <RH_PRCNT>23.000</RH_PRCNT>
        </DATA>
        <DATA>
          <VOLTS>195.000</VOLTS>
          <CAPCTNC_PFRD>3.080</CAPCTNC_PFRD>
          <RESSTNC_MOHM>-10.989</RESSTNC_MOHM>
          <TIME>2021-09-27 11:09:14</TIME>
          <TEMP_DEGC>21.500</TEMP_DEGC>
          <AIR_TEMP_DEGC>21.500</AIR_TEMP_DEGC>
          <RH_PRCNT>23.000</RH_PRCNT>
        </DATA>
        <DATA>
          <VOLTS>200.000</VOLTS>
          <CAPCTNC_PFRD>3.017</CAPCTNC_PFRD>
          <RESSTNC_MOHM>-13.514</RESSTNC_MOHM>
          <TIME>2021-09-27 11:09:15</TIME>
          <TEMP_DEGC>21.500</TEMP_DEGC>
          <AIR_TEMP_DEGC>21.500</AIR_TEMP_DEGC>
          <RH_PRCNT>23.000</RH_PRCNT>
        </DATA>
        <DATA>
          <VOLTS>205.000</VOLTS>
          <CAPCTNC_PFRD>3.003</CAPCTNC_PFRD>
          <RESSTNC_MOHM>-11.765</RESSTNC_MOHM>
          <TIME>2021-09-27 11:09:17</TIME>
          <TEMP_DEGC>21.500</TEMP_DEGC>
          <AIR_TEMP_DEGC>21.500</AIR_TEMP_DEGC>
          <RH_PRCNT>23.000</RH_PRCNT>
        </DATA>
        <DATA>
          <VOLTS>210.000</VOLTS>
          <CAPCTNC_PFRD>2.941</CAPCTNC_PFRD>
          <RESSTNC_MOHM>-12.658</RESSTNC_MOHM>
          <TIME>2021-09-27 11:09:18</TIME>
          <TEMP_DEGC>21.500</TEMP_DEGC>
          <AIR_TEMP_DEGC>21.500</AIR_TEMP_DEGC>
          <RH_PRCNT>23.000</RH_PRCNT>
        </DATA>
        <DATA>
          <VOLTS>215.000</VOLTS>
          <CAPCTNC_PFRD>2.933</CAPCTNC_PFRD>
          <RESSTNC_MOHM>-13.333</RESSTNC_MOHM>
          <TIME>2021-09-27 11:09:19</TIME>
          <TEMP_DEGC>21.500</TEMP_DEGC>
          <AIR_TEMP_DEGC>21.500</AIR_TEMP_DEGC>
          <RH_PRCNT>23.000</RH_PRCNT>
        </DATA>
        <DATA>
          <VOLTS>220.000</VOLTS>
          <CAPCTNC_PFRD>2.852</CAPCTNC_PFRD>
          <RESSTNC_MOHM>-12.821</RESSTNC_MOHM>
          <TIME>2021-09-27 11:09:20</TIME>
          <TEMP_DEGC>21.500</TEMP_DEGC>
          <AIR_TEMP_DEGC>21.500</AIR_TEMP_DEGC>
          <RH_PRCNT>23.000</RH_PRCNT>
        </DATA>
        <DATA>
          <VOLTS>225.000</VOLTS>
          <CAPCTNC_PFRD>2.869</CAPCTNC_PFRD>
          <RESSTNC_MOHM>-12.658</RESSTNC_MOHM>
          <TIME>2021-09-27 11:09:21</TIME>
          <TEMP_DEGC>21.500</TEMP_DEGC>
          <AIR_TEMP_DEGC>21.500</AIR_TEMP_DEGC>
          <RH_PRCNT>23.000</RH_PRCNT>
        </DATA>
        <DATA>
          <VOLTS>230.000</VOLTS>
          <CAPCTNC_PFRD>2.879</CAPCTNC_PFRD>
          <RESSTNC_MOHM>-15.625</RESSTNC_MOHM>
          <TIME>2021-09-27 11:09:22</TIME>
          <TEMP_DEGC>21.500</TEMP_DEGC>
          <AIR_TEMP_DEGC>21.500</AIR_TEMP_DEGC>
          <RH_PRCNT>23.000</RH_PRCNT>
        </DATA>
        <DATA>
          <VOLTS>235.000</VOLTS>
          <CAPCTNC_PFRD>2.833</CAPCTNC_PFRD>
          <RESSTNC_MOHM>-11.905</RESSTNC_MOHM>
          <TIME>2021-09-27 11:09:23</TIME>
          <TEMP_DEGC>21.500</TEMP_DEGC>
          <AIR_TEMP_DEGC>21.500</AIR_TEMP_DEGC>
          <RH_PRCNT>23.000</RH_PRCNT>
        </DATA>
        <DATA>
          <VOLTS>240.000</VOLTS>
          <CAPCTNC_PFRD>2.804</CAPCTNC_PFRD>
          <RESSTNC_MOHM>-14.925</RESSTNC_MOHM>
          <TIME>2021-09-27 11:09:24</TIME>
          <TEMP_DEGC>21.500</TEMP_DEGC>
          <AIR_TEMP_DEGC>21.500</AIR_TEMP_DEGC>
          <RH_PRCNT>23.000</RH_PRCNT>
        </DATA>
        <DATA>
          <VOLTS>245.000</VOLTS>
          <CAPCTNC_PFRD>2.794</CAPCTNC_PFRD>
          <RESSTNC_MOHM>-10.870</RESSTNC_MOHM>
          <TIME>2021-09-27 11:09:25</TIME>
          <TEMP_DEGC>21.500</TEMP_DEGC>
          <AIR_TEMP_DEGC>21.500</AIR_TEMP_DEGC>
          <RH_PRCNT>23.000</RH_PRCNT>
        </DATA>
        <DATA>
          <VOLTS>250.000</VOLTS>
          <CAPCTNC_PFRD>2.827</CAPCTNC_PFRD>
          <RESSTNC_MOHM>-12.987</RESSTNC_MOHM>
          <TIME>2021-09-27 11:09:26</TIME>
          <TEMP_DEGC>21.500</TEMP_DEGC>
          <AIR_TEMP_DEGC>21.500</AIR_TEMP_DEGC>
          <RH_PRCNT>23.000</RH_PRCNT>
        </DATA>
        <DATA>
          <VOLTS>255.000</VOLTS>
          <CAPCTNC_PFRD>2.776</CAPCTNC_PFRD>
          <RESSTNC_MOHM>-11.765</RESSTNC_MOHM>
          <TIME>2021-09-27 11:09:27</TIME>
          <TEMP_DEGC>21.500</TEMP_DEGC>
          <AIR_TEMP_DEGC>21.500</AIR_TEMP_DEGC>
          <RH_PRCNT>23.000</RH_PRCNT>
        </DATA>
        <DATA>
          <VOLTS>260.000</VOLTS>
          <CAPCTNC_PFRD>2.805</CAPCTNC_PFRD>
          <RESSTNC_MOHM>-15.385</RESSTNC_MOHM>
          <TIME>2021-09-27 11:09:28</TIME>
          <TEMP_DEGC>21.500</TEMP_DEGC>
          <AIR_TEMP_DEGC>21.500</AIR_TEMP_DEGC>
          <RH_PRCNT>23.000</RH_PRCNT>
        </DATA>
        <DATA>
          <VOLTS>265.000</VOLTS>
          <CAPCTNC_PFRD>2.807</CAPCTNC_PFRD>
          <RESSTNC_MOHM>-12.346</RESSTNC_MOHM>
          <TIME>2021-09-27 11:09:29</TIME>
          <TEMP_DEGC>21.500</TEMP_DEGC>
          <AIR_TEMP_DEGC>21.500</AIR_TEMP_DEGC>
          <RH_PRCNT>23.000</RH_PRCNT>
        </DATA>
        <DATA>
          <VOLTS>270.000</VOLTS>
          <CAPCTNC_PFRD>2.772</CAPCTNC_PFRD>
          <RESSTNC_MOHM>-16.949</RESSTNC_MOHM>
          <TIME>2021-09-27 11:09:30</TIME>
          <TEMP_DEGC>21.500</TEMP_DEGC>
          <AIR_TEMP_DEGC>21.500</AIR_TEMP_DEGC>
          <RH_PRCNT>23.000</RH_PRCNT>
        </DATA>
        <DATA>
          <VOLTS>275.000</VOLTS>
          <CAPCTNC_PFRD>2.803</CAPCTNC_PFRD>
          <RESSTNC_MOHM>-13.158</RESSTNC_MOHM>
          <TIME>2021-09-27 11:09:32</TIME>
          <TEMP_DEGC>21.500</TEMP_DEGC>
          <AIR_TEMP_DEGC>21.500</AIR_TEMP_DEGC>
          <RH_PRCNT>23.000</RH_PRCNT>
        </DATA>
        <DATA>
          <VOLTS>280.000</VOLTS>
          <CAPCTNC_PFRD>2.803</CAPCTNC_PFRD>
          <RESSTNC_MOHM>-13.514</RESSTNC_MOHM>
          <TIME>2021-09-27 11:09:33</TIME>
          <TEMP_DEGC>21.500</TEMP_DEGC>
          <AIR_TEMP_DEGC>21.500</AIR_TEMP_DEGC>
          <RH_PRCNT>23.000</RH_PRCNT>
        </DATA>
        <DATA>
          <VOLTS>285.000</VOLTS>
          <CAPCTNC_PFRD>2.772</CAPCTNC_PFRD>
          <RESSTNC_MOHM>-11.765</RESSTNC_MOHM>
          <TIME>2021-09-27 11:09:34</TIME>
          <TEMP_DEGC>21.500</TEMP_DEGC>
          <AIR_TEMP_DEGC>21.500</AIR_TEMP_DEGC>
          <RH_PRCNT>23.000</RH_PRCNT>
        </DATA>
        <DATA>
          <VOLTS>290.000</VOLTS>
          <CAPCTNC_PFRD>2.777</CAPCTNC_PFRD>
          <RESSTNC_MOHM>-12.500</RESSTNC_MOHM>
          <TIME>2021-09-27 11:09:35</TIME>
          <TEMP_DEGC>21.500</TEMP_DEGC>
          <AIR_TEMP_DEGC>21.500</AIR_TEMP_DEGC>
          <RH_PRCNT>23.000</RH_PRCNT>
        </DATA>
        <DATA>
          <VOLTS>295.000</VOLTS>
          <CAPCTNC_PFRD>2.761</CAPCTNC_PFRD>
          <RESSTNC_MOHM>-12.048</RESSTNC_MOHM>
          <TIME>2021-09-27 11:09:36</TIME>
          <TEMP_DEGC>21.500</TEMP_DEGC>
          <AIR_TEMP_DEGC>21.500</AIR_TEMP_DEGC>
          <RH_PRCNT>23.000</RH_PRCNT>
        </DATA>
        <DATA>
          <VOLTS>300.000</VOLTS>
          <CAPCTNC_PFRD>2.776</CAPCTNC_PFRD>
          <RESSTNC_MOHM>-11.364</RESSTNC_MOHM>
          <TIME>2021-09-27 11:09:37</TIME>
          <TEMP_DEGC>21.500</TEMP_DEGC>
          <AIR_TEMP_DEGC>21.500</AIR_TEMP_DEGC>
          <RH_PRCNT>23.000</RH_PRCNT>
        </DATA>
        <DATA>
          <VOLTS>305.000</VOLTS>
          <CAPCTNC_PFRD>2.746</CAPCTNC_PFRD>
          <RESSTNC_MOHM>-16.129</RESSTNC_MOHM>
          <TIME>2021-09-27 11:09:38</TIME>
          <TEMP_DEGC>21.500</TEMP_DEGC>
          <AIR_TEMP_DEGC>21.500</AIR_TEMP_DEGC>
          <RH_PRCNT>23.000</RH_PRCNT>
        </DATA>
        <DATA>
          <VOLTS>310.000</VOLTS>
          <CAPCTNC_PFRD>2.786</CAPCTNC_PFRD>
          <RESSTNC_MOHM>-14.085</RESSTNC_MOHM>
          <TIME>2021-09-27 11:09:39</TIME>
          <TEMP_DEGC>21.500</TEMP_DEGC>
          <AIR_TEMP_DEGC>21.500</AIR_TEMP_DEGC>
          <RH_PRCNT>23.000</RH_PRCNT>
        </DATA>
        <DATA>
          <VOLTS>315.000</VOLTS>
          <CAPCTNC_PFRD>2.776</CAPCTNC_PFRD>
          <RESSTNC_MOHM>-11.628</RESSTNC_MOHM>
          <TIME>2021-09-27 11:09:40</TIME>
          <TEMP_DEGC>21.500</TEMP_DEGC>
          <AIR_TEMP_DEGC>21.500</AIR_TEMP_DEGC>
          <RH_PRCNT>23.000</RH_PRCNT>
        </DATA>
        <DATA>
          <VOLTS>320.000</VOLTS>
          <CAPCTNC_PFRD>2.779</CAPCTNC_PFRD>
          <RESSTNC_MOHM>-15.625</RESSTNC_MOHM>
          <TIME>2021-09-27 11:09:41</TIME>
          <TEMP_DEGC>21.500</TEMP_DEGC>
          <AIR_TEMP_DEGC>21.500</AIR_TEMP_DEGC>
          <RH_PRCNT>23.000</RH_PRCNT>
        </DATA>
        <DATA>
          <VOLTS>325.000</VOLTS>
          <CAPCTNC_PFRD>2.767</CAPCTNC_PFRD>
          <RESSTNC_MOHM>-12.987</RESSTNC_MOHM>
          <TIME>2021-09-27 11:09:42</TIME>
          <TEMP_DEGC>21.500</TEMP_DEGC>
          <AIR_TEMP_DEGC>21.500</AIR_TEMP_DEGC>
          <RH_PRCNT>23.000</RH_PRCNT>
        </DATA>
        <DATA>
          <VOLTS>330.000</VOLTS>
          <CAPCTNC_PFRD>2.759</CAPCTNC_PFRD>
          <RESSTNC_MOHM>-10.870</RESSTNC_MOHM>
          <TIME>2021-09-27 11:09:43</TIME>
          <TEMP_DEGC>21.500</TEMP_DEGC>
          <AIR_TEMP_DEGC>21.500</AIR_TEMP_DEGC>
          <RH_PRCNT>22.900</RH_PRCNT>
        </DATA>
        <DATA>
          <VOLTS>335.000</VOLTS>
          <CAPCTNC_PFRD>2.831</CAPCTNC_PFRD>
          <RESSTNC_MOHM>-15.625</RESSTNC_MOHM>
          <TIME>2021-09-27 11:09:44</TIME>
          <TEMP_DEGC>21.500</TEMP_DEGC>
          <AIR_TEMP_DEGC>21.500</AIR_TEMP_DEGC>
          <RH_PRCNT>22.900</RH_PRCNT>
        </DATA>
        <DATA>
          <VOLTS>340.000</VOLTS>
          <CAPCTNC_PFRD>2.753</CAPCTNC_PFRD>
          <RESSTNC_MOHM>-16.129</RESSTNC_MOHM>
          <TIME>2021-09-27 11:09:45</TIME>
          <TEMP_DEGC>21.500</TEMP_DEGC>
          <AIR_TEMP_DEGC>21.500</AIR_TEMP_DEGC>
          <RH_PRCNT>22.900</RH_PRCNT>
        </DATA>
        <DATA>
          <VOLTS>345.000</VOLTS>
          <CAPCTNC_PFRD>2.759</CAPCTNC_PFRD>
          <RESSTNC_MOHM>-15.625</RESSTNC_MOHM>
          <TIME>2021-09-27 11:09:47</TIME>
          <TEMP_DEGC>21.500</TEMP_DEGC>
          <AIR_TEMP_DEGC>21.500</AIR_TEMP_DEGC>
          <RH_PRCNT>22.900</RH_PRCNT>
        </DATA>
        <DATA>
          <VOLTS>350.000</VOLTS>
          <CAPCTNC_PFRD>2.805</CAPCTNC_PFRD>
          <RESSTNC_MOHM>-38.462</RESSTNC_MOHM>
          <TIME>2021-09-27 11:09:48</TIME>
          <TEMP_DEGC>21.500</TEMP_DEGC>
          <AIR_TEMP_DEGC>21.500</AIR_TEMP_DEGC>
          <RH_PRCNT>22.900</RH_PRCNT>
        </DATA>
        <DATA>
          <VOLTS>355.000</VOLTS>
          <CAPCTNC_PFRD>2.818</CAPCTNC_PFRD>
          <RESSTNC_MOHM>-18.182</RESSTNC_MOHM>
          <TIME>2021-09-27 11:09:49</TIME>
          <TEMP_DEGC>21.500</TEMP_DEGC>
          <AIR_TEMP_DEGC>21.500</AIR_TEMP_DEGC>
          <RH_PRCNT>22.900</RH_PRCNT>
        </DATA>
        <DATA>
          <VOLTS>360.000</VOLTS>
          <CAPCTNC_PFRD>2.790</CAPCTNC_PFRD>
          <RESSTNC_MOHM>-16.667</RESSTNC_MOHM>
          <TIME>2021-09-27 11:09:50</TIME>
          <TEMP_DEGC>21.500</TEMP_DEGC>
          <AIR_TEMP_DEGC>21.500</AIR_TEMP_DEGC>
          <RH_PRCNT>22.900</RH_PRCNT>
        </DATA>
        <DATA>
          <VOLTS>365.000</VOLTS>
          <CAPCTNC_PFRD>2.804</CAPCTNC_PFRD>
          <RESSTNC_MOHM>-10.638</RESSTNC_MOHM>
          <TIME>2021-09-27 11:09:51</TIME>
          <TEMP_DEGC>21.500</TEMP_DEGC>
          <AIR_TEMP_DEGC>21.500</AIR_TEMP_DEGC>
          <RH_PRCNT>22.900</RH_PRCNT>
        </DATA>
        <DATA>
          <VOLTS>370.000</VOLTS>
          <CAPCTNC_PFRD>2.804</CAPCTNC_PFRD>
          <RESSTNC_MOHM>-14.925</RESSTNC_MOHM>
          <TIME>2021-09-27 11:09:52</TIME>
          <TEMP_DEGC>21.500</TEMP_DEGC>
          <AIR_TEMP_DEGC>21.500</AIR_TEMP_DEGC>
          <RH_PRCNT>22.900</RH_PRCNT>
        </DATA>
        <DATA>
          <VOLTS>375.000</VOLTS>
          <CAPCTNC_PFRD>2.807</CAPCTNC_PFRD>
          <RESSTNC_MOHM>-12.821</RESSTNC_MOHM>
          <TIME>2021-09-27 11:09:53</TIME>
          <TEMP_DEGC>21.500</TEMP_DEGC>
          <AIR_TEMP_DEGC>21.500</AIR_TEMP_DEGC>
          <RH_PRCNT>22.900</RH_PRCNT>
        </DATA>
        <DATA>
          <VOLTS>380.000</VOLTS>
          <CAPCTNC_PFRD>2.760</CAPCTNC_PFRD>
          <RESSTNC_MOHM>-17.544</RESSTNC_MOHM>
          <TIME>2021-09-27 11:09:54</TIME>
          <TEMP_DEGC>21.500</TEMP_DEGC>
          <AIR_TEMP_DEGC>21.500</AIR_TEMP_DEGC>
          <RH_PRCNT>22.900</RH_PRCNT>
        </DATA>
        <DATA>
          <VOLTS>385.000</VOLTS>
          <CAPCTNC_PFRD>2.820</CAPCTNC_PFRD>
          <RESSTNC_MOHM>-16.949</RESSTNC_MOHM>
          <TIME>2021-09-27 11:09:55</TIME>
          <TEMP_DEGC>21.500</TEMP_DEGC>
          <AIR_TEMP_DEGC>21.500</AIR_TEMP_DEGC>
          <RH_PRCNT>22.900</RH_PRCNT>
        </DATA>
        <DATA>
          <VOLTS>390.000</VOLTS>
          <CAPCTNC_PFRD>2.829</CAPCTNC_PFRD>
          <RESSTNC_MOHM>-14.286</RESSTNC_MOHM>
          <TIME>2021-09-27 11:09:56</TIME>
          <TEMP_DEGC>21.500</TEMP_DEGC>
          <AIR_TEMP_DEGC>21.500</AIR_TEMP_DEGC>
          <RH_PRCNT>22.900</RH_PRCNT>
        </DATA>
        <DATA>
          <VOLTS>395.000</VOLTS>
          <CAPCTNC_PFRD>2.844</CAPCTNC_PFRD>
          <RESSTNC_MOHM>-13.514</RESSTNC_MOHM>
          <TIME>2021-09-27 11:09:57</TIME>
          <TEMP_DEGC>21.500</TEMP_DEGC>
          <AIR_TEMP_DEGC>21.500</AIR_TEMP_DEGC>
          <RH_PRCNT>22.900</RH_PRCNT>
        </DATA>
        <DATA>
          <VOLTS>400.000</VOLTS>
          <CAPCTNC_PFRD>2.812</CAPCTNC_PFRD>
          <RESSTNC_MOHM>-14.706</RESSTNC_MOHM>
          <TIME>2021-09-27 11:09:58</TIME>
          <TEMP_DEGC>21.500</TEMP_DEGC>
          <AIR_TEMP_DEGC>21.500</AIR_TEMP_DEGC>
          <RH_PRCNT>22.900</RH_PRCNT>
        </DATA>
        <DATA>
          <VOLTS>405.000</VOLTS>
          <CAPCTNC_PFRD>2.822</CAPCTNC_PFRD>
          <RESSTNC_MOHM>-11.111</RESSTNC_MOHM>
          <TIME>2021-09-27 11:09:59</TIME>
          <TEMP_DEGC>21.500</TEMP_DEGC>
          <AIR_TEMP_DEGC>21.500</AIR_TEMP_DEGC>
          <RH_PRCNT>22.900</RH_PRCNT>
        </DATA>
        <DATA>
          <VOLTS>410.000</VOLTS>
          <CAPCTNC_PFRD>2.813</CAPCTNC_PFRD>
          <RESSTNC_MOHM>-11.236</RESSTNC_MOHM>
          <TIME>2021-09-27 11:10:00</TIME>
          <TEMP_DEGC>21.500</TEMP_DEGC>
          <AIR_TEMP_DEGC>21.500</AIR_TEMP_DEGC>
          <RH_PRCNT>22.900</RH_PRCNT>
        </DATA>
        <DATA>
          <VOLTS>415.000</VOLTS>
          <CAPCTNC_PFRD>2.780</CAPCTNC_PFRD>
          <RESSTNC_MOHM>-14.925</RESSTNC_MOHM>
          <TIME>2021-09-27 11:10:02</TIME>
          <TEMP_DEGC>21.600</TEMP_DEGC>
          <AIR_TEMP_DEGC>21.600</AIR_TEMP_DEGC>
          <RH_PRCNT>22.900</RH_PRCNT>
        </DATA>
        <DATA>
          <VOLTS>420.000</VOLTS>
          <CAPCTNC_PFRD>2.820</CAPCTNC_PFRD>
          <RESSTNC_MOHM>-16.393</RESSTNC_MOHM>
          <TIME>2021-09-27 11:10:03</TIME>
          <TEMP_DEGC>21.500</TEMP_DEGC>
          <AIR_TEMP_DEGC>21.500</AIR_TEMP_DEGC>
          <RH_PRCNT>22.900</RH_PRCNT>
        </DATA>
        <DATA>
          <VOLTS>425.000</VOLTS>
          <CAPCTNC_PFRD>2.814</CAPCTNC_PFRD>
          <RESSTNC_MOHM>-13.514</RESSTNC_MOHM>
          <TIME>2021-09-27 11:10:04</TIME>
          <TEMP_DEGC>21.500</TEMP_DEGC>
          <AIR_TEMP_DEGC>21.500</AIR_TEMP_DEGC>
          <RH_PRCNT>22.900</RH_PRCNT>
        </DATA>
        <DATA>
          <VOLTS>430.000</VOLTS>
          <CAPCTNC_PFRD>2.812</CAPCTNC_PFRD>
          <RESSTNC_MOHM>-10.526</RESSTNC_MOHM>
          <TIME>2021-09-27 11:10:05</TIME>
          <TEMP_DEGC>21.500</TEMP_DEGC>
          <AIR_TEMP_DEGC>21.500</AIR_TEMP_DEGC>
          <RH_PRCNT>22.900</RH_PRCNT>
        </DATA>
        <DATA>
          <VOLTS>435.000</VOLTS>
          <CAPCTNC_PFRD>2.781</CAPCTNC_PFRD>
          <RESSTNC_MOHM>-12.500</RESSTNC_MOHM>
          <TIME>2021-09-27 11:10:06</TIME>
          <TEMP_DEGC>21.600</TEMP_DEGC>
          <AIR_TEMP_DEGC>21.600</AIR_TEMP_DEGC>
          <RH_PRCNT>22.900</RH_PRCNT>
        </DATA>
        <DATA>
          <VOLTS>440.000</VOLTS>
          <CAPCTNC_PFRD>2.802</CAPCTNC_PFRD>
          <RESSTNC_MOHM>-21.739</RESSTNC_MOHM>
          <TIME>2021-09-27 11:10:07</TIME>
          <TEMP_DEGC>21.500</TEMP_DEGC>
          <AIR_TEMP_DEGC>21.500</AIR_TEMP_DEGC>
          <RH_PRCNT>22.900</RH_PRCNT>
        </DATA>
        <DATA>
          <VOLTS>445.000</VOLTS>
          <CAPCTNC_PFRD>2.807</CAPCTNC_PFRD>
          <RESSTNC_MOHM>-29.412</RESSTNC_MOHM>
          <TIME>2021-09-27 11:10:08</TIME>
          <TEMP_DEGC>21.500</TEMP_DEGC>
          <AIR_TEMP_DEGC>21.500</AIR_TEMP_DEGC>
          <RH_PRCNT>22.900</RH_PRCNT>
        </DATA>
        <DATA>
          <VOLTS>450.000</VOLTS>
          <CAPCTNC_PFRD>2.820</CAPCTNC_PFRD>
          <RESSTNC_MOHM>-12.987</RESSTNC_MOHM>
          <TIME>2021-09-27 11:10:09</TIME>
          <TEMP_DEGC>21.500</TEMP_DEGC>
          <AIR_TEMP_DEGC>21.500</AIR_TEMP_DEGC>
          <RH_PRCNT>22.900</RH_PRCNT>
        </DATA>
        <DATA>
          <VOLTS>455.000</VOLTS>
          <CAPCTNC_PFRD>2.827</CAPCTNC_PFRD>
          <RESSTNC_MOHM>-11.494</RESSTNC_MOHM>
          <TIME>2021-09-27 11:10:10</TIME>
          <TEMP_DEGC>21.500</TEMP_DEGC>
          <AIR_TEMP_DEGC>21.500</AIR_TEMP_DEGC>
          <RH_PRCNT>22.900</RH_PRCNT>
        </DATA>
        <DATA>
          <VOLTS>460.000</VOLTS>
          <CAPCTNC_PFRD>2.815</CAPCTNC_PFRD>
          <RESSTNC_MOHM>-19.231</RESSTNC_MOHM>
          <TIME>2021-09-27 11:10:11</TIME>
          <TEMP_DEGC>21.500</TEMP_DEGC>
          <AIR_TEMP_DEGC>21.500</AIR_TEMP_DEGC>
          <RH_PRCNT>22.900</RH_PRCNT>
        </DATA>
        <DATA>
          <VOLTS>465.000</VOLTS>
          <CAPCTNC_PFRD>2.800</CAPCTNC_PFRD>
          <RESSTNC_MOHM>-10.204</RESSTNC_MOHM>
          <TIME>2021-09-27 11:10:12</TIME>
          <TEMP_DEGC>21.500</TEMP_DEGC>
          <AIR_TEMP_DEGC>21.500</AIR_TEMP_DEGC>
          <RH_PRCNT>22.900</RH_PRCNT>
        </DATA>
        <DATA>
          <VOLTS>470.000</VOLTS>
          <CAPCTNC_PFRD>2.791</CAPCTNC_PFRD>
          <RESSTNC_MOHM>-16.949</RESSTNC_MOHM>
          <TIME>2021-09-27 11:10:13</TIME>
          <TEMP_DEGC>21.600</TEMP_DEGC>
          <AIR_TEMP_DEGC>21.600</AIR_TEMP_DEGC>
          <RH_PRCNT>22.900</RH_PRCNT>
        </DATA>
        <DATA>
          <VOLTS>475.000</VOLTS>
          <CAPCTNC_PFRD>2.779</CAPCTNC_PFRD>
          <RESSTNC_MOHM>-12.195</RESSTNC_MOHM>
          <TIME>2021-09-27 11:10:14</TIME>
          <TEMP_DEGC>21.600</TEMP_DEGC>
          <AIR_TEMP_DEGC>21.600</AIR_TEMP_DEGC>
          <RH_PRCNT>22.900</RH_PRCNT>
        </DATA>
        <DATA>
          <VOLTS>480.000</VOLTS>
          <CAPCTNC_PFRD>2.834</CAPCTNC_PFRD>
          <RESSTNC_MOHM>-12.500</RESSTNC_MOHM>
          <TIME>2021-09-27 11:10:15</TIME>
          <TEMP_DEGC>21.600</TEMP_DEGC>
          <AIR_TEMP_DEGC>21.600</AIR_TEMP_DEGC>
          <RH_PRCNT>22.900</RH_PRCNT>
        </DATA>
        <DATA>
          <VOLTS>485.000</VOLTS>
          <CAPCTNC_PFRD>2.806</CAPCTNC_PFRD>
          <RESSTNC_MOHM>-14.493</RESSTNC_MOHM>
          <TIME>2021-09-27 11:10:16</TIME>
          <TEMP_DEGC>21.600</TEMP_DEGC>
          <AIR_TEMP_DEGC>21.600</AIR_TEMP_DEGC>
          <RH_PRCNT>22.900</RH_PRCNT>
        </DATA>
        <DATA>
          <VOLTS>490.000</VOLTS>
          <CAPCTNC_PFRD>2.852</CAPCTNC_PFRD>
          <RESSTNC_MOHM>-13.514</RESSTNC_MOHM>
          <TIME>2021-09-27 11:10:18</TIME>
          <TEMP_DEGC>21.600</TEMP_DEGC>
          <AIR_TEMP_DEGC>21.600</AIR_TEMP_DEGC>
          <RH_PRCNT>22.900</RH_PRCNT>
        </DATA>
        <DATA>
          <VOLTS>495.000</VOLTS>
          <CAPCTNC_PFRD>2.827</CAPCTNC_PFRD>
          <RESSTNC_MOHM>-11.905</RESSTNC_MOHM>
          <TIME>2021-09-27 11:10:19</TIME>
          <TEMP_DEGC>21.500</TEMP_DEGC>
          <AIR_TEMP_DEGC>21.500</AIR_TEMP_DEGC>
          <RH_PRCNT>22.900</RH_PRCNT>
        </DATA>
        <DATA>
          <VOLTS>500.000</VOLTS>
          <CAPCTNC_PFRD>2.818</CAPCTNC_PFRD>
          <RESSTNC_MOHM>-12.195</RESSTNC_MOHM>
          <TIME>2021-09-27 11:10:20</TIME>
          <TEMP_DEGC>21.500</TEMP_DEGC>
          <AIR_TEMP_DEGC>21.500</AIR_TEMP_DEGC>
          <RH_PRCNT>22.900</RH_PRCNT>
        </DATA>
        <CHILD_DATA_SET>
          <HEADER>
            <TYPE>
              <EXTENSION_TABLE_NAME>HALFMOON_CV_PAR</EXTENSION_TABLE_NAME>
              <NAME>Tracker Halfmoon CV Parameters</NAME>
            </TYPE>
          </HEADER>
          <DATA_SET>
            <COMMENT_DESCRIPTION>Test</COMMENT_DESCRIPTION>
            <VERSION>CV_measurement-004</VERSION>
            <PART>
              <NAME_LABEL>37400_006_2-S_HM_WW</NAME_LABEL>
              <KIND_OF_PART>2S Halfmoon W</KIND_OF_PART>
            </PART>
            <DATA>
              <VD_V>228.695</VD_V>
              <CMIN_PFRD>2.802</CMIN_PFRD>
              <RHO_KOHMCM>3.713</RHO_KOHMCM>
              <NA>5.406e+12</NA>
              <D_UM>2.307e+02</D_UM>
            </DATA>
          </DATA_SET>
        </CHILD_DATA_SET>
      </DATA_SET>
    </CHILD_DATA_SET>
  </DATA_SET>
</ROOT>
