<?xml version="1.0"?>
<ROOT>
  <HEADER>
    <TYPE>
      <EXTENSION_TABLE_NAME>HALFMOON_METADATA</EXTENSION_TABLE_NAME>
      <NAME>Tracker Halfmoon Metadata</NAME>
    </TYPE>
    <RUN mode="SEQUENCE_NUMBER" sequence="TRK_OT_RUN_SEQ">
      <RUN_TYPE>PQC</RUN_TYPE>
      <LOCATION>Demokritos</LOCATION>
      <INITIATED_BY_USER>A. Kyriakis</INITIATED_BY_USER>
      <RUN_BEGIN_TIMESTAMP>2021-09-27 12:58:03</RUN_BEGIN_TIMESTAMP>
      <COMMENT_DESCRIPTION>Test</COMMENT_DESCRIPTION>
    </RUN>
  </HEADER>
  <DATA_SET>
    <COMMENT_DESCRIPTION>Metadata with flute and structure</COMMENT_DESCRIPTION>
    <VERSION>IV_measurement</VERSION>
    <PART>
      <NAME_LABEL>37400_019_2-S_HM_EE</NAME_LABEL>
      <KIND_OF_PART>2S Halfmoon E</KIND_OF_PART>
    </PART>
    <DATA>
      <KIND_OF_HM_FLUTE_ID>PQC3</KIND_OF_HM_FLUTE_ID>
      <KIND_OF_HM_STRUCT_ID>VDP_BULK</KIND_OF_HM_STRUCT_ID>
      <KIND_OF_HM_SET_ID>Left</KIND_OF_HM_SET_ID>
      <KIND_OF_HM_CONFIG_ID>Rotated</KIND_OF_HM_CONFIG_ID>
      <EQUIPMENT>KEITHLEY 2410</EQUIPMENT>
      <WAITING_TIME_S>0.200</WAITING_TIME_S>
      <TEMP_SET_DEGC>22.400</TEMP_SET_DEGC>
      <AV_TEMP_DEGC>22.400</AV_TEMP_DEGC>
      <PROCEDURE_TYPE>VDP_BULK</PROCEDURE_TYPE>
      <FILE_NAME>Demokritos_VPX37400_019_2-S_HM_E_Left_PQC3_VDPBulk_r.xml</FILE_NAME>
    </DATA>
    <CHILD_DATA_SET>
      <HEADER>
        <TYPE>
          <EXTENSION_TABLE_NAME>TEST_SENSOR_IV</EXTENSION_TABLE_NAME>
          <NAME>Tracker Halfmoon IV Test</NAME>
        </TYPE>
      </HEADER>
      <DATA_SET>
        <COMMENT_DESCRIPTION>Test</COMMENT_DESCRIPTION>
        <VERSION>IV_measurement</VERSION>
        <PART>
          <NAME_LABEL>37400_019_2-S_HM_EE</NAME_LABEL>
          <KIND_OF_PART>2S Halfmoon E</KIND_OF_PART>
        </PART>
        <DATA>
          <VOLTS>-3.410e-02</VOLTS>
          <CURRNT_NAMP>-2.000e+03</CURRNT_NAMP>
          <TIME>2021-09-27 12:58:03</TIME>
          <TEMP_DEGC>22.400</TEMP_DEGC>
          <AIR_TEMP_DEGC>22.400</AIR_TEMP_DEGC>
          <RH_PRCNT>22.600</RH_PRCNT>
        </DATA>
        <DATA>
          <VOLTS>-3.410e-02</VOLTS>
          <CURRNT_NAMP>-1.900e+03</CURRNT_NAMP>
          <TIME>2021-09-27 12:58:04</TIME>
          <TEMP_DEGC>22.400</TEMP_DEGC>
          <AIR_TEMP_DEGC>22.400</AIR_TEMP_DEGC>
          <RH_PRCNT>22.600</RH_PRCNT>
        </DATA>
        <DATA>
          <VOLTS>-3.334e-02</VOLTS>
          <CURRNT_NAMP>-1.800e+03</CURRNT_NAMP>
          <TIME>2021-09-27 12:58:05</TIME>
          <TEMP_DEGC>22.400</TEMP_DEGC>
          <AIR_TEMP_DEGC>22.400</AIR_TEMP_DEGC>
          <RH_PRCNT>22.600</RH_PRCNT>
        </DATA>
        <DATA>
          <VOLTS>-3.199e-02</VOLTS>
          <CURRNT_NAMP>-1.700e+03</CURRNT_NAMP>
          <TIME>2021-09-27 12:58:06</TIME>
          <TEMP_DEGC>22.400</TEMP_DEGC>
          <AIR_TEMP_DEGC>22.400</AIR_TEMP_DEGC>
          <RH_PRCNT>22.600</RH_PRCNT>
        </DATA>
        <DATA>
          <VOLTS>-3.004e-02</VOLTS>
          <CURRNT_NAMP>-1.600e+03</CURRNT_NAMP>
          <TIME>2021-09-27 12:58:07</TIME>
          <TEMP_DEGC>22.400</TEMP_DEGC>
          <AIR_TEMP_DEGC>22.400</AIR_TEMP_DEGC>
          <RH_PRCNT>22.600</RH_PRCNT>
        </DATA>
        <DATA>
          <VOLTS>-2.788e-02</VOLTS>
          <CURRNT_NAMP>-1.500e+03</CURRNT_NAMP>
          <TIME>2021-09-27 12:58:08</TIME>
          <TEMP_DEGC>22.400</TEMP_DEGC>
          <AIR_TEMP_DEGC>22.400</AIR_TEMP_DEGC>
          <RH_PRCNT>22.600</RH_PRCNT>
        </DATA>
        <DATA>
          <VOLTS>-2.590e-02</VOLTS>
          <CURRNT_NAMP>-1.400e+03</CURRNT_NAMP>
          <TIME>2021-09-27 12:58:09</TIME>
          <TEMP_DEGC>22.400</TEMP_DEGC>
          <AIR_TEMP_DEGC>22.400</AIR_TEMP_DEGC>
          <RH_PRCNT>22.600</RH_PRCNT>
        </DATA>
        <DATA>
          <VOLTS>-2.397e-02</VOLTS>
          <CURRNT_NAMP>-1.300e+03</CURRNT_NAMP>
          <TIME>2021-09-27 12:58:10</TIME>
          <TEMP_DEGC>22.400</TEMP_DEGC>
          <AIR_TEMP_DEGC>22.400</AIR_TEMP_DEGC>
          <RH_PRCNT>22.600</RH_PRCNT>
        </DATA>
        <DATA>
          <VOLTS>-2.211e-02</VOLTS>
          <CURRNT_NAMP>-1.200e+03</CURRNT_NAMP>
          <TIME>2021-09-27 12:58:11</TIME>
          <TEMP_DEGC>22.400</TEMP_DEGC>
          <AIR_TEMP_DEGC>22.400</AIR_TEMP_DEGC>
          <RH_PRCNT>22.600</RH_PRCNT>
        </DATA>
        <DATA>
          <VOLTS>-2.035e-02</VOLTS>
          <CURRNT_NAMP>-1.100e+03</CURRNT_NAMP>
          <TIME>2021-09-27 12:58:12</TIME>
          <TEMP_DEGC>22.400</TEMP_DEGC>
          <AIR_TEMP_DEGC>22.400</AIR_TEMP_DEGC>
          <RH_PRCNT>22.600</RH_PRCNT>
        </DATA>
        <DATA>
          <VOLTS>-1.865e-02</VOLTS>
          <CURRNT_NAMP>-1.000e+03</CURRNT_NAMP>
          <TIME>2021-09-27 12:58:13</TIME>
          <TEMP_DEGC>22.400</TEMP_DEGC>
          <AIR_TEMP_DEGC>22.400</AIR_TEMP_DEGC>
          <RH_PRCNT>22.600</RH_PRCNT>
        </DATA>
        <DATA>
          <VOLTS>-1.701e-02</VOLTS>
          <CURRNT_NAMP>-9.000e+02</CURRNT_NAMP>
          <TIME>2021-09-27 12:58:14</TIME>
          <TEMP_DEGC>22.400</TEMP_DEGC>
          <AIR_TEMP_DEGC>22.400</AIR_TEMP_DEGC>
          <RH_PRCNT>22.600</RH_PRCNT>
        </DATA>
        <DATA>
          <VOLTS>-1.542e-02</VOLTS>
          <CURRNT_NAMP>-8.000e+02</CURRNT_NAMP>
          <TIME>2021-09-27 12:58:15</TIME>
          <TEMP_DEGC>22.400</TEMP_DEGC>
          <AIR_TEMP_DEGC>22.400</AIR_TEMP_DEGC>
          <RH_PRCNT>22.600</RH_PRCNT>
        </DATA>
        <DATA>
          <VOLTS>-1.384e-02</VOLTS>
          <CURRNT_NAMP>-7.000e+02</CURRNT_NAMP>
          <TIME>2021-09-27 12:58:16</TIME>
          <TEMP_DEGC>22.400</TEMP_DEGC>
          <AIR_TEMP_DEGC>22.400</AIR_TEMP_DEGC>
          <RH_PRCNT>22.700</RH_PRCNT>
        </DATA>
        <DATA>
          <VOLTS>-1.227e-02</VOLTS>
          <CURRNT_NAMP>-6.000e+02</CURRNT_NAMP>
          <TIME>2021-09-27 12:58:18</TIME>
          <TEMP_DEGC>22.400</TEMP_DEGC>
          <AIR_TEMP_DEGC>22.400</AIR_TEMP_DEGC>
          <RH_PRCNT>22.600</RH_PRCNT>
        </DATA>
        <DATA>
          <VOLTS>-1.070e-02</VOLTS>
          <CURRNT_NAMP>-5.000e+02</CURRNT_NAMP>
          <TIME>2021-09-27 12:58:19</TIME>
          <TEMP_DEGC>22.400</TEMP_DEGC>
          <AIR_TEMP_DEGC>22.400</AIR_TEMP_DEGC>
          <RH_PRCNT>22.600</RH_PRCNT>
        </DATA>
        <DATA>
          <VOLTS>-9.130e-03</VOLTS>
          <CURRNT_NAMP>-4.000e+02</CURRNT_NAMP>
          <TIME>2021-09-27 12:58:20</TIME>
          <TEMP_DEGC>22.400</TEMP_DEGC>
          <AIR_TEMP_DEGC>22.400</AIR_TEMP_DEGC>
          <RH_PRCNT>22.600</RH_PRCNT>
        </DATA>
        <DATA>
          <VOLTS>-7.560e-03</VOLTS>
          <CURRNT_NAMP>-3.000e+02</CURRNT_NAMP>
          <TIME>2021-09-27 12:58:21</TIME>
          <TEMP_DEGC>22.400</TEMP_DEGC>
          <AIR_TEMP_DEGC>22.400</AIR_TEMP_DEGC>
          <RH_PRCNT>22.600</RH_PRCNT>
        </DATA>
        <DATA>
          <VOLTS>-5.980e-03</VOLTS>
          <CURRNT_NAMP>-2.000e+02</CURRNT_NAMP>
          <TIME>2021-09-27 12:58:22</TIME>
          <TEMP_DEGC>22.400</TEMP_DEGC>
          <AIR_TEMP_DEGC>22.400</AIR_TEMP_DEGC>
          <RH_PRCNT>22.600</RH_PRCNT>
        </DATA>
        <DATA>
          <VOLTS>-4.410e-03</VOLTS>
          <CURRNT_NAMP>-1.000e+02</CURRNT_NAMP>
          <TIME>2021-09-27 12:58:23</TIME>
          <TEMP_DEGC>22.400</TEMP_DEGC>
          <AIR_TEMP_DEGC>22.400</AIR_TEMP_DEGC>
          <RH_PRCNT>22.600</RH_PRCNT>
        </DATA>
        <DATA>
          <VOLTS>-2.840e-03</VOLTS>
          <CURRNT_NAMP>0.000e+00</CURRNT_NAMP>
          <TIME>2021-09-27 12:58:24</TIME>
          <TEMP_DEGC>22.400</TEMP_DEGC>
          <AIR_TEMP_DEGC>22.400</AIR_TEMP_DEGC>
          <RH_PRCNT>22.600</RH_PRCNT>
        </DATA>
        <DATA>
          <VOLTS>-1.260e-03</VOLTS>
          <CURRNT_NAMP>1.000e+02</CURRNT_NAMP>
          <TIME>2021-09-27 12:58:25</TIME>
          <TEMP_DEGC>22.400</TEMP_DEGC>
          <AIR_TEMP_DEGC>22.400</AIR_TEMP_DEGC>
          <RH_PRCNT>22.600</RH_PRCNT>
        </DATA>
        <DATA>
          <VOLTS>3.000e-04</VOLTS>
          <CURRNT_NAMP>2.000e+02</CURRNT_NAMP>
          <TIME>2021-09-27 12:58:26</TIME>
          <TEMP_DEGC>22.400</TEMP_DEGC>
          <AIR_TEMP_DEGC>22.400</AIR_TEMP_DEGC>
          <RH_PRCNT>22.600</RH_PRCNT>
        </DATA>
        <DATA>
          <VOLTS>1.880e-03</VOLTS>
          <CURRNT_NAMP>3.000e+02</CURRNT_NAMP>
          <TIME>2021-09-27 12:58:27</TIME>
          <TEMP_DEGC>22.400</TEMP_DEGC>
          <AIR_TEMP_DEGC>22.400</AIR_TEMP_DEGC>
          <RH_PRCNT>22.600</RH_PRCNT>
        </DATA>
        <DATA>
          <VOLTS>3.460e-03</VOLTS>
          <CURRNT_NAMP>4.000e+02</CURRNT_NAMP>
          <TIME>2021-09-27 12:58:28</TIME>
          <TEMP_DEGC>22.400</TEMP_DEGC>
          <AIR_TEMP_DEGC>22.400</AIR_TEMP_DEGC>
          <RH_PRCNT>22.600</RH_PRCNT>
        </DATA>
        <DATA>
          <VOLTS>5.050e-03</VOLTS>
          <CURRNT_NAMP>5.000e+02</CURRNT_NAMP>
          <TIME>2021-09-27 12:58:29</TIME>
          <TEMP_DEGC>22.400</TEMP_DEGC>
          <AIR_TEMP_DEGC>22.400</AIR_TEMP_DEGC>
          <RH_PRCNT>22.600</RH_PRCNT>
        </DATA>
        <DATA>
          <VOLTS>6.000e-03</VOLTS>
          <CURRNT_NAMP>6.000e+02</CURRNT_NAMP>
          <TIME>2021-09-27 12:58:30</TIME>
          <TEMP_DEGC>22.400</TEMP_DEGC>
          <AIR_TEMP_DEGC>22.400</AIR_TEMP_DEGC>
          <RH_PRCNT>22.700</RH_PRCNT>
        </DATA>
        <DATA>
          <VOLTS>7.750e-03</VOLTS>
          <CURRNT_NAMP>7.000e+02</CURRNT_NAMP>
          <TIME>2021-09-27 12:58:31</TIME>
          <TEMP_DEGC>22.400</TEMP_DEGC>
          <AIR_TEMP_DEGC>22.400</AIR_TEMP_DEGC>
          <RH_PRCNT>22.600</RH_PRCNT>
        </DATA>
        <DATA>
          <VOLTS>9.500e-03</VOLTS>
          <CURRNT_NAMP>8.000e+02</CURRNT_NAMP>
          <TIME>2021-09-27 12:58:33</TIME>
          <TEMP_DEGC>22.400</TEMP_DEGC>
          <AIR_TEMP_DEGC>22.400</AIR_TEMP_DEGC>
          <RH_PRCNT>22.600</RH_PRCNT>
        </DATA>
        <DATA>
          <VOLTS>1.126e-02</VOLTS>
          <CURRNT_NAMP>9.000e+02</CURRNT_NAMP>
          <TIME>2021-09-27 12:58:34</TIME>
          <TEMP_DEGC>22.400</TEMP_DEGC>
          <AIR_TEMP_DEGC>22.400</AIR_TEMP_DEGC>
          <RH_PRCNT>22.600</RH_PRCNT>
        </DATA>
        <DATA>
          <VOLTS>1.301e-02</VOLTS>
          <CURRNT_NAMP>1.000e+03</CURRNT_NAMP>
          <TIME>2021-09-27 12:58:35</TIME>
          <TEMP_DEGC>22.400</TEMP_DEGC>
          <AIR_TEMP_DEGC>22.400</AIR_TEMP_DEGC>
          <RH_PRCNT>22.600</RH_PRCNT>
        </DATA>
        <DATA>
          <VOLTS>1.461e-02</VOLTS>
          <CURRNT_NAMP>1.100e+03</CURRNT_NAMP>
          <TIME>2021-09-27 12:58:36</TIME>
          <TEMP_DEGC>22.400</TEMP_DEGC>
          <AIR_TEMP_DEGC>22.400</AIR_TEMP_DEGC>
          <RH_PRCNT>22.600</RH_PRCNT>
        </DATA>
        <DATA>
          <VOLTS>1.621e-02</VOLTS>
          <CURRNT_NAMP>1.200e+03</CURRNT_NAMP>
          <TIME>2021-09-27 12:58:37</TIME>
          <TEMP_DEGC>22.400</TEMP_DEGC>
          <AIR_TEMP_DEGC>22.400</AIR_TEMP_DEGC>
          <RH_PRCNT>22.600</RH_PRCNT>
        </DATA>
        <DATA>
          <VOLTS>1.717e-02</VOLTS>
          <CURRNT_NAMP>1.300e+03</CURRNT_NAMP>
          <TIME>2021-09-27 12:58:38</TIME>
          <TEMP_DEGC>22.400</TEMP_DEGC>
          <AIR_TEMP_DEGC>22.400</AIR_TEMP_DEGC>
          <RH_PRCNT>22.600</RH_PRCNT>
        </DATA>
        <DATA>
          <VOLTS>1.894e-02</VOLTS>
          <CURRNT_NAMP>1.400e+03</CURRNT_NAMP>
          <TIME>2021-09-27 12:58:39</TIME>
          <TEMP_DEGC>22.400</TEMP_DEGC>
          <AIR_TEMP_DEGC>22.400</AIR_TEMP_DEGC>
          <RH_PRCNT>22.600</RH_PRCNT>
        </DATA>
        <DATA>
          <VOLTS>2.070e-02</VOLTS>
          <CURRNT_NAMP>1.500e+03</CURRNT_NAMP>
          <TIME>2021-09-27 12:58:40</TIME>
          <TEMP_DEGC>22.400</TEMP_DEGC>
          <AIR_TEMP_DEGC>22.400</AIR_TEMP_DEGC>
          <RH_PRCNT>22.600</RH_PRCNT>
        </DATA>
        <DATA>
          <VOLTS>2.247e-02</VOLTS>
          <CURRNT_NAMP>1.600e+03</CURRNT_NAMP>
          <TIME>2021-09-27 12:58:41</TIME>
          <TEMP_DEGC>22.400</TEMP_DEGC>
          <AIR_TEMP_DEGC>22.400</AIR_TEMP_DEGC>
          <RH_PRCNT>22.600</RH_PRCNT>
        </DATA>
        <DATA>
          <VOLTS>2.423e-02</VOLTS>
          <CURRNT_NAMP>1.700e+03</CURRNT_NAMP>
          <TIME>2021-09-27 12:58:42</TIME>
          <TEMP_DEGC>22.400</TEMP_DEGC>
          <AIR_TEMP_DEGC>22.400</AIR_TEMP_DEGC>
          <RH_PRCNT>22.600</RH_PRCNT>
        </DATA>
        <DATA>
          <VOLTS>2.585e-02</VOLTS>
          <CURRNT_NAMP>1.800e+03</CURRNT_NAMP>
          <TIME>2021-09-27 12:58:43</TIME>
          <TEMP_DEGC>22.400</TEMP_DEGC>
          <AIR_TEMP_DEGC>22.400</AIR_TEMP_DEGC>
          <RH_PRCNT>22.600</RH_PRCNT>
        </DATA>
        <DATA>
          <VOLTS>2.746e-02</VOLTS>
          <CURRNT_NAMP>1.900e+03</CURRNT_NAMP>
          <TIME>2021-09-27 12:58:44</TIME>
          <TEMP_DEGC>22.400</TEMP_DEGC>
          <AIR_TEMP_DEGC>22.400</AIR_TEMP_DEGC>
          <RH_PRCNT>22.700</RH_PRCNT>
        </DATA>
        <DATA>
          <VOLTS>2.908e-02</VOLTS>
          <CURRNT_NAMP>2.000e+03</CURRNT_NAMP>
          <TIME>2021-09-27 12:58:45</TIME>
          <TEMP_DEGC>22.400</TEMP_DEGC>
          <AIR_TEMP_DEGC>22.400</AIR_TEMP_DEGC>
          <RH_PRCNT>22.600</RH_PRCNT>
        </DATA>
        <CHILD_DATA_SET>
          <HEADER>
            <TYPE>
              <EXTENSION_TABLE_NAME>HALFMOON_IV_PAR</EXTENSION_TABLE_NAME>
              <NAME>Tracker Halfmoon IV Parameters</NAME>
            </TYPE>
          </HEADER>
          <DATA_SET>
            <COMMENT_DESCRIPTION>Test</COMMENT_DESCRIPTION>
            <VERSION>IV_measurement</VERSION>
            <PART>
              <NAME_LABEL>37400_019_2-S_HM_EE</NAME_LABEL>
              <KIND_OF_PART>2S Halfmoon E</KIND_OF_PART>
            </PART>
            <DATA>
              <RSH_OHMSQR>7.283e+04</RSH_OHMSQR>
              <R_OHM>1.607e+04</R_OHM>
              <RHO_KOHMCM>3.534</RHO_KOHMCM>
            </DATA>
          </DATA_SET>
        </CHILD_DATA_SET>
      </DATA_SET>
    </CHILD_DATA_SET>
  </DATA_SET>
</ROOT>
