<?xml version="1.0"?>
<ROOT>
  <HEADER>
    <TYPE>
      <EXTENSION_TABLE_NAME>HALFMOON_METADATA</EXTENSION_TABLE_NAME>
      <NAME>Tracker Halfmoon Metadata</NAME>
    </TYPE>
    <RUN mode="SEQUENCE_NUMBER" sequence="TRK_OT_RUN_SEQ">
      <RUN_TYPE>PQC</RUN_TYPE>
      <LOCATION>Demokritos</LOCATION>
      <INITIATED_BY_USER>A. Kyriakis</INITIATED_BY_USER>
      <RUN_BEGIN_TIMESTAMP>2021-09-28 09:47:17</RUN_BEGIN_TIMESTAMP>
      <COMMENT_DESCRIPTION>Test</COMMENT_DESCRIPTION>
    </RUN>
  </HEADER>
  <DATA_SET>
    <COMMENT_DESCRIPTION>Metadata with flute and structure</COMMENT_DESCRIPTION>
    <VERSION>v2</VERSION>
    <PART>
      <NAME_LABEL>37400_049_2-S_HM_WW</NAME_LABEL>
      <KIND_OF_PART>2S Halfmoon W</KIND_OF_PART>
    </PART>
    <DATA>
      <KIND_OF_HM_FLUTE_ID>PQC3</KIND_OF_HM_FLUTE_ID>
      <KIND_OF_HM_STRUCT_ID>DIODE_HALF</KIND_OF_HM_STRUCT_ID>
      <KIND_OF_HM_SET_ID>Left</KIND_OF_HM_SET_ID>
      <KIND_OF_HM_CONFIG_ID>Not Used</KIND_OF_HM_CONFIG_ID>
      <EQUIPMENT>KEITHLEY 2410</EQUIPMENT>
      <WAITING_TIME_S>1.000</WAITING_TIME_S>
      <TEMP_SET_DEGC>21.200</TEMP_SET_DEGC>
      <AV_TEMP_DEGC>21.200</AV_TEMP_DEGC>
      <PROCEDURE_TYPE>Diode_IV1</PROCEDURE_TYPE>
      <FILE_NAME>Demokritos_VPX37400_049_2-S_HM_W_Left_PQC3_DiodeHalf_IV.xml</FILE_NAME>
    </DATA>
    <CHILD_DATA_SET>
      <HEADER>
        <TYPE>
          <EXTENSION_TABLE_NAME>TEST_SENSOR_IV</EXTENSION_TABLE_NAME>
          <NAME>Tracker Halfmoon IV Test</NAME>
        </TYPE>
      </HEADER>
      <DATA_SET>
        <COMMENT_DESCRIPTION>Test</COMMENT_DESCRIPTION>
        <VERSION>V2</VERSION>
        <PART>
          <NAME_LABEL>37400_049_2-S_HM_WW</NAME_LABEL>
          <KIND_OF_PART>2S Halfmoon W</KIND_OF_PART>
        </PART>
        <DATA>
          <VOLTS>-0.000</VOLTS>
          <CURRNT_NAMP>1.435e+01</CURRNT_NAMP>
          <TIME>2021-09-28 09:47:22</TIME>
          <TEMP_DEGC>21.200</TEMP_DEGC>
          <AIR_TEMP_DEGC>21.200</AIR_TEMP_DEGC>
          <RH_PRCNT>26.400</RH_PRCNT>
        </DATA>
        <DATA>
          <VOLTS>10.000</VOLTS>
          <CURRNT_NAMP>1.127e+03</CURRNT_NAMP>
          <TIME>2021-09-28 09:47:26</TIME>
          <TEMP_DEGC>21.200</TEMP_DEGC>
          <AIR_TEMP_DEGC>21.200</AIR_TEMP_DEGC>
          <RH_PRCNT>26.400</RH_PRCNT>
        </DATA>
        <DATA>
          <VOLTS>20.000</VOLTS>
          <CURRNT_NAMP>9.648e+02</CURRNT_NAMP>
          <TIME>2021-09-28 09:47:28</TIME>
          <TEMP_DEGC>21.200</TEMP_DEGC>
          <AIR_TEMP_DEGC>21.200</AIR_TEMP_DEGC>
          <RH_PRCNT>26.400</RH_PRCNT>
        </DATA>
        <DATA>
          <VOLTS>30.000</VOLTS>
          <CURRNT_NAMP>6.484e+02</CURRNT_NAMP>
          <TIME>2021-09-28 09:47:30</TIME>
          <TEMP_DEGC>21.200</TEMP_DEGC>
          <AIR_TEMP_DEGC>21.200</AIR_TEMP_DEGC>
          <RH_PRCNT>26.400</RH_PRCNT>
        </DATA>
        <DATA>
          <VOLTS>40.000</VOLTS>
          <CURRNT_NAMP>2.966e+02</CURRNT_NAMP>
          <TIME>2021-09-28 09:47:32</TIME>
          <TEMP_DEGC>21.200</TEMP_DEGC>
          <AIR_TEMP_DEGC>21.200</AIR_TEMP_DEGC>
          <RH_PRCNT>26.400</RH_PRCNT>
        </DATA>
        <DATA>
          <VOLTS>50.000</VOLTS>
          <CURRNT_NAMP>1.335e+01</CURRNT_NAMP>
          <TIME>2021-09-28 09:47:34</TIME>
          <TEMP_DEGC>21.200</TEMP_DEGC>
          <AIR_TEMP_DEGC>21.200</AIR_TEMP_DEGC>
          <RH_PRCNT>26.400</RH_PRCNT>
        </DATA>
        <DATA>
          <VOLTS>60.000</VOLTS>
          <CURRNT_NAMP>1.194e+00</CURRNT_NAMP>
          <TIME>2021-09-28 09:47:36</TIME>
          <TEMP_DEGC>21.200</TEMP_DEGC>
          <AIR_TEMP_DEGC>21.200</AIR_TEMP_DEGC>
          <RH_PRCNT>26.400</RH_PRCNT>
        </DATA>
        <DATA>
          <VOLTS>70.000</VOLTS>
          <CURRNT_NAMP>1.034e-01</CURRNT_NAMP>
          <TIME>2021-09-28 09:47:39</TIME>
          <TEMP_DEGC>21.200</TEMP_DEGC>
          <AIR_TEMP_DEGC>21.200</AIR_TEMP_DEGC>
          <RH_PRCNT>26.400</RH_PRCNT>
        </DATA>
        <DATA>
          <VOLTS>80.000</VOLTS>
          <CURRNT_NAMP>5.181e-02</CURRNT_NAMP>
          <TIME>2021-09-28 09:47:41</TIME>
          <TEMP_DEGC>21.200</TEMP_DEGC>
          <AIR_TEMP_DEGC>21.200</AIR_TEMP_DEGC>
          <RH_PRCNT>26.400</RH_PRCNT>
        </DATA>
        <DATA>
          <VOLTS>90.000</VOLTS>
          <CURRNT_NAMP>3.866e-02</CURRNT_NAMP>
          <TIME>2021-09-28 09:47:43</TIME>
          <TEMP_DEGC>21.200</TEMP_DEGC>
          <AIR_TEMP_DEGC>21.200</AIR_TEMP_DEGC>
          <RH_PRCNT>26.400</RH_PRCNT>
        </DATA>
        <DATA>
          <VOLTS>100.000</VOLTS>
          <CURRNT_NAMP>3.707e-02</CURRNT_NAMP>
          <TIME>2021-09-28 09:47:45</TIME>
          <TEMP_DEGC>21.200</TEMP_DEGC>
          <AIR_TEMP_DEGC>21.200</AIR_TEMP_DEGC>
          <RH_PRCNT>26.400</RH_PRCNT>
        </DATA>
        <DATA>
          <VOLTS>110.000</VOLTS>
          <CURRNT_NAMP>3.714e-02</CURRNT_NAMP>
          <TIME>2021-09-28 09:47:47</TIME>
          <TEMP_DEGC>21.200</TEMP_DEGC>
          <AIR_TEMP_DEGC>21.200</AIR_TEMP_DEGC>
          <RH_PRCNT>26.400</RH_PRCNT>
        </DATA>
        <DATA>
          <VOLTS>120.000</VOLTS>
          <CURRNT_NAMP>3.735e-02</CURRNT_NAMP>
          <TIME>2021-09-28 09:47:49</TIME>
          <TEMP_DEGC>21.200</TEMP_DEGC>
          <AIR_TEMP_DEGC>21.200</AIR_TEMP_DEGC>
          <RH_PRCNT>26.400</RH_PRCNT>
        </DATA>
        <DATA>
          <VOLTS>130.000</VOLTS>
          <CURRNT_NAMP>3.758e-02</CURRNT_NAMP>
          <TIME>2021-09-28 09:47:51</TIME>
          <TEMP_DEGC>21.200</TEMP_DEGC>
          <AIR_TEMP_DEGC>21.200</AIR_TEMP_DEGC>
          <RH_PRCNT>26.400</RH_PRCNT>
        </DATA>
        <DATA>
          <VOLTS>140.000</VOLTS>
          <CURRNT_NAMP>3.787e-02</CURRNT_NAMP>
          <TIME>2021-09-28 09:47:54</TIME>
          <TEMP_DEGC>21.200</TEMP_DEGC>
          <AIR_TEMP_DEGC>21.200</AIR_TEMP_DEGC>
          <RH_PRCNT>26.400</RH_PRCNT>
        </DATA>
        <DATA>
          <VOLTS>150.000</VOLTS>
          <CURRNT_NAMP>3.818e-02</CURRNT_NAMP>
          <TIME>2021-09-28 09:47:56</TIME>
          <TEMP_DEGC>21.200</TEMP_DEGC>
          <AIR_TEMP_DEGC>21.200</AIR_TEMP_DEGC>
          <RH_PRCNT>26.400</RH_PRCNT>
        </DATA>
        <DATA>
          <VOLTS>160.000</VOLTS>
          <CURRNT_NAMP>3.863e-02</CURRNT_NAMP>
          <TIME>2021-09-28 09:47:58</TIME>
          <TEMP_DEGC>21.200</TEMP_DEGC>
          <AIR_TEMP_DEGC>21.200</AIR_TEMP_DEGC>
          <RH_PRCNT>26.400</RH_PRCNT>
        </DATA>
        <DATA>
          <VOLTS>170.000</VOLTS>
          <CURRNT_NAMP>3.915e-02</CURRNT_NAMP>
          <TIME>2021-09-28 09:48:00</TIME>
          <TEMP_DEGC>21.200</TEMP_DEGC>
          <AIR_TEMP_DEGC>21.200</AIR_TEMP_DEGC>
          <RH_PRCNT>26.300</RH_PRCNT>
        </DATA>
        <DATA>
          <VOLTS>180.000</VOLTS>
          <CURRNT_NAMP>4.001e-02</CURRNT_NAMP>
          <TIME>2021-09-28 09:48:02</TIME>
          <TEMP_DEGC>21.200</TEMP_DEGC>
          <AIR_TEMP_DEGC>21.200</AIR_TEMP_DEGC>
          <RH_PRCNT>26.400</RH_PRCNT>
        </DATA>
        <DATA>
          <VOLTS>190.000</VOLTS>
          <CURRNT_NAMP>4.109e-02</CURRNT_NAMP>
          <TIME>2021-09-28 09:48:04</TIME>
          <TEMP_DEGC>21.200</TEMP_DEGC>
          <AIR_TEMP_DEGC>21.200</AIR_TEMP_DEGC>
          <RH_PRCNT>26.300</RH_PRCNT>
        </DATA>
        <DATA>
          <VOLTS>200.000</VOLTS>
          <CURRNT_NAMP>4.279e-02</CURRNT_NAMP>
          <TIME>2021-09-28 09:48:06</TIME>
          <TEMP_DEGC>21.200</TEMP_DEGC>
          <AIR_TEMP_DEGC>21.200</AIR_TEMP_DEGC>
          <RH_PRCNT>26.300</RH_PRCNT>
        </DATA>
        <DATA>
          <VOLTS>210.000</VOLTS>
          <CURRNT_NAMP>4.494e-02</CURRNT_NAMP>
          <TIME>2021-09-28 09:48:09</TIME>
          <TEMP_DEGC>21.200</TEMP_DEGC>
          <AIR_TEMP_DEGC>21.200</AIR_TEMP_DEGC>
          <RH_PRCNT>26.300</RH_PRCNT>
        </DATA>
        <DATA>
          <VOLTS>220.000</VOLTS>
          <CURRNT_NAMP>4.791e-02</CURRNT_NAMP>
          <TIME>2021-09-28 09:48:11</TIME>
          <TEMP_DEGC>21.200</TEMP_DEGC>
          <AIR_TEMP_DEGC>21.200</AIR_TEMP_DEGC>
          <RH_PRCNT>26.300</RH_PRCNT>
        </DATA>
        <DATA>
          <VOLTS>230.000</VOLTS>
          <CURRNT_NAMP>5.147e-02</CURRNT_NAMP>
          <TIME>2021-09-28 09:48:13</TIME>
          <TEMP_DEGC>21.200</TEMP_DEGC>
          <AIR_TEMP_DEGC>21.200</AIR_TEMP_DEGC>
          <RH_PRCNT>26.300</RH_PRCNT>
        </DATA>
        <DATA>
          <VOLTS>240.000</VOLTS>
          <CURRNT_NAMP>5.532e-02</CURRNT_NAMP>
          <TIME>2021-09-28 09:48:15</TIME>
          <TEMP_DEGC>21.200</TEMP_DEGC>
          <AIR_TEMP_DEGC>21.200</AIR_TEMP_DEGC>
          <RH_PRCNT>26.300</RH_PRCNT>
        </DATA>
        <DATA>
          <VOLTS>250.000</VOLTS>
          <CURRNT_NAMP>5.857e-02</CURRNT_NAMP>
          <TIME>2021-09-28 09:48:17</TIME>
          <TEMP_DEGC>21.200</TEMP_DEGC>
          <AIR_TEMP_DEGC>21.200</AIR_TEMP_DEGC>
          <RH_PRCNT>26.300</RH_PRCNT>
        </DATA>
        <DATA>
          <VOLTS>260.000</VOLTS>
          <CURRNT_NAMP>6.121e-02</CURRNT_NAMP>
          <TIME>2021-09-28 09:48:19</TIME>
          <TEMP_DEGC>21.200</TEMP_DEGC>
          <AIR_TEMP_DEGC>21.200</AIR_TEMP_DEGC>
          <RH_PRCNT>26.300</RH_PRCNT>
        </DATA>
        <DATA>
          <VOLTS>270.000</VOLTS>
          <CURRNT_NAMP>6.315e-02</CURRNT_NAMP>
          <TIME>2021-09-28 09:48:21</TIME>
          <TEMP_DEGC>21.200</TEMP_DEGC>
          <AIR_TEMP_DEGC>21.200</AIR_TEMP_DEGC>
          <RH_PRCNT>26.300</RH_PRCNT>
        </DATA>
        <DATA>
          <VOLTS>280.000</VOLTS>
          <CURRNT_NAMP>6.477e-02</CURRNT_NAMP>
          <TIME>2021-09-28 09:48:24</TIME>
          <TEMP_DEGC>21.200</TEMP_DEGC>
          <AIR_TEMP_DEGC>21.200</AIR_TEMP_DEGC>
          <RH_PRCNT>26.300</RH_PRCNT>
        </DATA>
        <DATA>
          <VOLTS>290.000</VOLTS>
          <CURRNT_NAMP>6.600e-02</CURRNT_NAMP>
          <TIME>2021-09-28 09:48:26</TIME>
          <TEMP_DEGC>21.200</TEMP_DEGC>
          <AIR_TEMP_DEGC>21.200</AIR_TEMP_DEGC>
          <RH_PRCNT>26.300</RH_PRCNT>
        </DATA>
        <DATA>
          <VOLTS>300.000</VOLTS>
          <CURRNT_NAMP>6.733e-02</CURRNT_NAMP>
          <TIME>2021-09-28 09:48:28</TIME>
          <TEMP_DEGC>21.200</TEMP_DEGC>
          <AIR_TEMP_DEGC>21.200</AIR_TEMP_DEGC>
          <RH_PRCNT>26.300</RH_PRCNT>
        </DATA>
        <DATA>
          <VOLTS>310.000</VOLTS>
          <CURRNT_NAMP>6.829e-02</CURRNT_NAMP>
          <TIME>2021-09-28 09:48:30</TIME>
          <TEMP_DEGC>21.200</TEMP_DEGC>
          <AIR_TEMP_DEGC>21.200</AIR_TEMP_DEGC>
          <RH_PRCNT>26.300</RH_PRCNT>
        </DATA>
        <DATA>
          <VOLTS>320.000</VOLTS>
          <CURRNT_NAMP>6.918e-02</CURRNT_NAMP>
          <TIME>2021-09-28 09:48:32</TIME>
          <TEMP_DEGC>21.200</TEMP_DEGC>
          <AIR_TEMP_DEGC>21.200</AIR_TEMP_DEGC>
          <RH_PRCNT>26.300</RH_PRCNT>
        </DATA>
        <DATA>
          <VOLTS>330.000</VOLTS>
          <CURRNT_NAMP>7.020e-02</CURRNT_NAMP>
          <TIME>2021-09-28 09:48:34</TIME>
          <TEMP_DEGC>21.200</TEMP_DEGC>
          <AIR_TEMP_DEGC>21.200</AIR_TEMP_DEGC>
          <RH_PRCNT>26.300</RH_PRCNT>
        </DATA>
        <DATA>
          <VOLTS>340.000</VOLTS>
          <CURRNT_NAMP>7.098e-02</CURRNT_NAMP>
          <TIME>2021-09-28 09:48:36</TIME>
          <TEMP_DEGC>21.200</TEMP_DEGC>
          <AIR_TEMP_DEGC>21.200</AIR_TEMP_DEGC>
          <RH_PRCNT>26.300</RH_PRCNT>
        </DATA>
        <DATA>
          <VOLTS>350.000</VOLTS>
          <CURRNT_NAMP>7.187e-02</CURRNT_NAMP>
          <TIME>2021-09-28 09:48:39</TIME>
          <TEMP_DEGC>21.200</TEMP_DEGC>
          <AIR_TEMP_DEGC>21.200</AIR_TEMP_DEGC>
          <RH_PRCNT>26.300</RH_PRCNT>
        </DATA>
        <DATA>
          <VOLTS>360.000</VOLTS>
          <CURRNT_NAMP>7.293e-02</CURRNT_NAMP>
          <TIME>2021-09-28 09:48:41</TIME>
          <TEMP_DEGC>21.200</TEMP_DEGC>
          <AIR_TEMP_DEGC>21.200</AIR_TEMP_DEGC>
          <RH_PRCNT>26.300</RH_PRCNT>
        </DATA>
        <DATA>
          <VOLTS>370.000</VOLTS>
          <CURRNT_NAMP>7.405e-02</CURRNT_NAMP>
          <TIME>2021-09-28 09:48:43</TIME>
          <TEMP_DEGC>21.200</TEMP_DEGC>
          <AIR_TEMP_DEGC>21.200</AIR_TEMP_DEGC>
          <RH_PRCNT>26.300</RH_PRCNT>
        </DATA>
        <DATA>
          <VOLTS>380.000</VOLTS>
          <CURRNT_NAMP>7.529e-02</CURRNT_NAMP>
          <TIME>2021-09-28 09:48:45</TIME>
          <TEMP_DEGC>21.200</TEMP_DEGC>
          <AIR_TEMP_DEGC>21.200</AIR_TEMP_DEGC>
          <RH_PRCNT>26.300</RH_PRCNT>
        </DATA>
        <DATA>
          <VOLTS>390.000</VOLTS>
          <CURRNT_NAMP>7.690e-02</CURRNT_NAMP>
          <TIME>2021-09-28 09:48:47</TIME>
          <TEMP_DEGC>21.200</TEMP_DEGC>
          <AIR_TEMP_DEGC>21.200</AIR_TEMP_DEGC>
          <RH_PRCNT>26.200</RH_PRCNT>
        </DATA>
        <DATA>
          <VOLTS>400.000</VOLTS>
          <CURRNT_NAMP>7.873e-02</CURRNT_NAMP>
          <TIME>2021-09-28 09:48:49</TIME>
          <TEMP_DEGC>21.200</TEMP_DEGC>
          <AIR_TEMP_DEGC>21.200</AIR_TEMP_DEGC>
          <RH_PRCNT>26.200</RH_PRCNT>
        </DATA>
        <DATA>
          <VOLTS>410.000</VOLTS>
          <CURRNT_NAMP>8.085e-02</CURRNT_NAMP>
          <TIME>2021-09-28 09:48:51</TIME>
          <TEMP_DEGC>21.200</TEMP_DEGC>
          <AIR_TEMP_DEGC>21.200</AIR_TEMP_DEGC>
          <RH_PRCNT>26.300</RH_PRCNT>
        </DATA>
        <DATA>
          <VOLTS>420.000</VOLTS>
          <CURRNT_NAMP>8.349e-02</CURRNT_NAMP>
          <TIME>2021-09-28 09:48:54</TIME>
          <TEMP_DEGC>21.200</TEMP_DEGC>
          <AIR_TEMP_DEGC>21.200</AIR_TEMP_DEGC>
          <RH_PRCNT>26.200</RH_PRCNT>
        </DATA>
        <DATA>
          <VOLTS>430.000</VOLTS>
          <CURRNT_NAMP>8.652e-02</CURRNT_NAMP>
          <TIME>2021-09-28 09:48:56</TIME>
          <TEMP_DEGC>21.200</TEMP_DEGC>
          <AIR_TEMP_DEGC>21.200</AIR_TEMP_DEGC>
          <RH_PRCNT>26.200</RH_PRCNT>
        </DATA>
        <DATA>
          <VOLTS>440.000</VOLTS>
          <CURRNT_NAMP>9.028e-02</CURRNT_NAMP>
          <TIME>2021-09-28 09:48:58</TIME>
          <TEMP_DEGC>21.200</TEMP_DEGC>
          <AIR_TEMP_DEGC>21.200</AIR_TEMP_DEGC>
          <RH_PRCNT>26.200</RH_PRCNT>
        </DATA>
        <DATA>
          <VOLTS>450.000</VOLTS>
          <CURRNT_NAMP>9.464e-02</CURRNT_NAMP>
          <TIME>2021-09-28 09:49:00</TIME>
          <TEMP_DEGC>21.200</TEMP_DEGC>
          <AIR_TEMP_DEGC>21.200</AIR_TEMP_DEGC>
          <RH_PRCNT>26.200</RH_PRCNT>
        </DATA>
        <DATA>
          <VOLTS>460.000</VOLTS>
          <CURRNT_NAMP>1.000e-01</CURRNT_NAMP>
          <TIME>2021-09-28 09:49:02</TIME>
          <TEMP_DEGC>21.200</TEMP_DEGC>
          <AIR_TEMP_DEGC>21.200</AIR_TEMP_DEGC>
          <RH_PRCNT>26.200</RH_PRCNT>
        </DATA>
        <DATA>
          <VOLTS>470.000</VOLTS>
          <CURRNT_NAMP>1.063e-01</CURRNT_NAMP>
          <TIME>2021-09-28 09:49:04</TIME>
          <TEMP_DEGC>21.200</TEMP_DEGC>
          <AIR_TEMP_DEGC>21.200</AIR_TEMP_DEGC>
          <RH_PRCNT>26.200</RH_PRCNT>
        </DATA>
        <DATA>
          <VOLTS>480.000</VOLTS>
          <CURRNT_NAMP>1.138e-01</CURRNT_NAMP>
          <TIME>2021-09-28 09:49:06</TIME>
          <TEMP_DEGC>21.200</TEMP_DEGC>
          <AIR_TEMP_DEGC>21.200</AIR_TEMP_DEGC>
          <RH_PRCNT>26.200</RH_PRCNT>
        </DATA>
        <DATA>
          <VOLTS>490.000</VOLTS>
          <CURRNT_NAMP>1.231e-01</CURRNT_NAMP>
          <TIME>2021-09-28 09:49:09</TIME>
          <TEMP_DEGC>21.200</TEMP_DEGC>
          <AIR_TEMP_DEGC>21.200</AIR_TEMP_DEGC>
          <RH_PRCNT>26.200</RH_PRCNT>
        </DATA>
        <DATA>
          <VOLTS>500.000</VOLTS>
          <CURRNT_NAMP>1.340e-01</CURRNT_NAMP>
          <TIME>2021-09-28 09:49:11</TIME>
          <TEMP_DEGC>21.200</TEMP_DEGC>
          <AIR_TEMP_DEGC>21.200</AIR_TEMP_DEGC>
          <RH_PRCNT>26.200</RH_PRCNT>
        </DATA>
        <DATA>
          <VOLTS>510.000</VOLTS>
          <CURRNT_NAMP>1.470e-01</CURRNT_NAMP>
          <TIME>2021-09-28 09:49:13</TIME>
          <TEMP_DEGC>21.200</TEMP_DEGC>
          <AIR_TEMP_DEGC>21.200</AIR_TEMP_DEGC>
          <RH_PRCNT>26.200</RH_PRCNT>
        </DATA>
        <DATA>
          <VOLTS>520.000</VOLTS>
          <CURRNT_NAMP>1.626e-01</CURRNT_NAMP>
          <TIME>2021-09-28 09:49:15</TIME>
          <TEMP_DEGC>21.200</TEMP_DEGC>
          <AIR_TEMP_DEGC>21.200</AIR_TEMP_DEGC>
          <RH_PRCNT>26.200</RH_PRCNT>
        </DATA>
        <DATA>
          <VOLTS>530.000</VOLTS>
          <CURRNT_NAMP>1.801e-01</CURRNT_NAMP>
          <TIME>2021-09-28 09:49:17</TIME>
          <TEMP_DEGC>21.200</TEMP_DEGC>
          <AIR_TEMP_DEGC>21.200</AIR_TEMP_DEGC>
          <RH_PRCNT>26.200</RH_PRCNT>
        </DATA>
        <DATA>
          <VOLTS>540.000</VOLTS>
          <CURRNT_NAMP>1.046e-01</CURRNT_NAMP>
          <TIME>2021-09-28 09:49:19</TIME>
          <TEMP_DEGC>21.200</TEMP_DEGC>
          <AIR_TEMP_DEGC>21.200</AIR_TEMP_DEGC>
          <RH_PRCNT>26.300</RH_PRCNT>
        </DATA>
        <DATA>
          <VOLTS>550.000</VOLTS>
          <CURRNT_NAMP>5.570e-01</CURRNT_NAMP>
          <TIME>2021-09-28 09:49:21</TIME>
          <TEMP_DEGC>21.200</TEMP_DEGC>
          <AIR_TEMP_DEGC>21.200</AIR_TEMP_DEGC>
          <RH_PRCNT>26.300</RH_PRCNT>
        </DATA>
        <DATA>
          <VOLTS>560.000</VOLTS>
          <CURRNT_NAMP>2.002e-01</CURRNT_NAMP>
          <TIME>2021-09-28 09:49:24</TIME>
          <TEMP_DEGC>21.200</TEMP_DEGC>
          <AIR_TEMP_DEGC>21.200</AIR_TEMP_DEGC>
          <RH_PRCNT>26.200</RH_PRCNT>
        </DATA>
        <DATA>
          <VOLTS>570.000</VOLTS>
          <CURRNT_NAMP>2.674e-01</CURRNT_NAMP>
          <TIME>2021-09-28 09:49:26</TIME>
          <TEMP_DEGC>21.200</TEMP_DEGC>
          <AIR_TEMP_DEGC>21.200</AIR_TEMP_DEGC>
          <RH_PRCNT>26.200</RH_PRCNT>
        </DATA>
        <DATA>
          <VOLTS>580.000</VOLTS>
          <CURRNT_NAMP>2.937e-01</CURRNT_NAMP>
          <TIME>2021-09-28 09:49:28</TIME>
          <TEMP_DEGC>21.200</TEMP_DEGC>
          <AIR_TEMP_DEGC>21.200</AIR_TEMP_DEGC>
          <RH_PRCNT>26.300</RH_PRCNT>
        </DATA>
        <DATA>
          <VOLTS>590.000</VOLTS>
          <CURRNT_NAMP>3.457e-01</CURRNT_NAMP>
          <TIME>2021-09-28 09:49:30</TIME>
          <TEMP_DEGC>21.200</TEMP_DEGC>
          <AIR_TEMP_DEGC>21.200</AIR_TEMP_DEGC>
          <RH_PRCNT>26.200</RH_PRCNT>
        </DATA>
        <DATA>
          <VOLTS>600.000</VOLTS>
          <CURRNT_NAMP>3.714e-01</CURRNT_NAMP>
          <TIME>2021-09-28 09:49:32</TIME>
          <TEMP_DEGC>21.200</TEMP_DEGC>
          <AIR_TEMP_DEGC>21.200</AIR_TEMP_DEGC>
          <RH_PRCNT>26.200</RH_PRCNT>
        </DATA>
        <DATA>
          <VOLTS>610.000</VOLTS>
          <CURRNT_NAMP>4.332e-01</CURRNT_NAMP>
          <TIME>2021-09-28 09:49:35</TIME>
          <TEMP_DEGC>21.200</TEMP_DEGC>
          <AIR_TEMP_DEGC>21.200</AIR_TEMP_DEGC>
          <RH_PRCNT>26.200</RH_PRCNT>
        </DATA>
        <DATA>
          <VOLTS>620.000</VOLTS>
          <CURRNT_NAMP>4.668e-01</CURRNT_NAMP>
          <TIME>2021-09-28 09:49:37</TIME>
          <TEMP_DEGC>21.200</TEMP_DEGC>
          <AIR_TEMP_DEGC>21.200</AIR_TEMP_DEGC>
          <RH_PRCNT>26.200</RH_PRCNT>
        </DATA>
        <DATA>
          <VOLTS>630.000</VOLTS>
          <CURRNT_NAMP>5.244e-01</CURRNT_NAMP>
          <TIME>2021-09-28 09:49:39</TIME>
          <TEMP_DEGC>21.200</TEMP_DEGC>
          <AIR_TEMP_DEGC>21.200</AIR_TEMP_DEGC>
          <RH_PRCNT>26.200</RH_PRCNT>
        </DATA>
        <DATA>
          <VOLTS>640.000</VOLTS>
          <CURRNT_NAMP>5.864e-01</CURRNT_NAMP>
          <TIME>2021-09-28 09:49:41</TIME>
          <TEMP_DEGC>21.200</TEMP_DEGC>
          <AIR_TEMP_DEGC>21.200</AIR_TEMP_DEGC>
          <RH_PRCNT>26.200</RH_PRCNT>
        </DATA>
        <DATA>
          <VOLTS>650.000</VOLTS>
          <CURRNT_NAMP>6.533e-01</CURRNT_NAMP>
          <TIME>2021-09-28 09:49:43</TIME>
          <TEMP_DEGC>21.200</TEMP_DEGC>
          <AIR_TEMP_DEGC>21.200</AIR_TEMP_DEGC>
          <RH_PRCNT>26.200</RH_PRCNT>
        </DATA>
        <DATA>
          <VOLTS>660.000</VOLTS>
          <CURRNT_NAMP>6.975e-01</CURRNT_NAMP>
          <TIME>2021-09-28 09:49:45</TIME>
          <TEMP_DEGC>21.200</TEMP_DEGC>
          <AIR_TEMP_DEGC>21.200</AIR_TEMP_DEGC>
          <RH_PRCNT>26.200</RH_PRCNT>
        </DATA>
        <DATA>
          <VOLTS>670.000</VOLTS>
          <CURRNT_NAMP>7.989e-01</CURRNT_NAMP>
          <TIME>2021-09-28 09:49:47</TIME>
          <TEMP_DEGC>21.200</TEMP_DEGC>
          <AIR_TEMP_DEGC>21.200</AIR_TEMP_DEGC>
          <RH_PRCNT>26.200</RH_PRCNT>
        </DATA>
        <DATA>
          <VOLTS>680.000</VOLTS>
          <CURRNT_NAMP>8.650e-01</CURRNT_NAMP>
          <TIME>2021-09-28 09:49:50</TIME>
          <TEMP_DEGC>21.200</TEMP_DEGC>
          <AIR_TEMP_DEGC>21.200</AIR_TEMP_DEGC>
          <RH_PRCNT>26.200</RH_PRCNT>
        </DATA>
        <DATA>
          <VOLTS>690.000</VOLTS>
          <CURRNT_NAMP>9.535e-01</CURRNT_NAMP>
          <TIME>2021-09-28 09:49:52</TIME>
          <TEMP_DEGC>21.200</TEMP_DEGC>
          <AIR_TEMP_DEGC>21.200</AIR_TEMP_DEGC>
          <RH_PRCNT>26.200</RH_PRCNT>
        </DATA>
        <DATA>
          <VOLTS>700.000</VOLTS>
          <CURRNT_NAMP>1.040e+00</CURRNT_NAMP>
          <TIME>2021-09-28 09:49:54</TIME>
          <TEMP_DEGC>21.200</TEMP_DEGC>
          <AIR_TEMP_DEGC>21.200</AIR_TEMP_DEGC>
          <RH_PRCNT>26.200</RH_PRCNT>
        </DATA>
        <CHILD_DATA_SET>
          <HEADER>
            <TYPE>
              <EXTENSION_TABLE_NAME>HALFMOON_IV_PAR</EXTENSION_TABLE_NAME>
              <NAME>Tracker Halfmoon IV Parameters</NAME>
            </TYPE>
          </HEADER>
          <DATA_SET>
            <COMMENT_DESCRIPTION>Test</COMMENT_DESCRIPTION>
            <VERSION>IV_measurement-004</VERSION>
            <PART>
              <NAME_LABEL>37400_049_2-S_HM_WW</NAME_LABEL>
              <KIND_OF_PART>2S Halfmoon W</KIND_OF_PART>
            </PART>
            <DATA>
              <VBD_V>1000.000</VBD_V>
              <I600_PAMPR>371.412</I600_PAMPR>
              <VI600_NAMPRMM3>0.198</VI600_NAMPRMM3>
            </DATA>
          </DATA_SET>
        </CHILD_DATA_SET>
      </DATA_SET>
    </CHILD_DATA_SET>
  </DATA_SET>
</ROOT>
