<?xml version="1.0"?>
<ROOT>
  <HEADER>
    <TYPE>
      <EXTENSION_TABLE_NAME>HALFMOON_METADATA</EXTENSION_TABLE_NAME>
      <NAME>Tracker Halfmoon Metadata</NAME>
    </TYPE>
    <RUN mode="SEQUENCE_NUMBER" sequence="TRK_OT_RUN_SEQ">
      <RUN_TYPE>PQC</RUN_TYPE>
      <LOCATION>Demokritos</LOCATION>
      <INITIATED_BY_USER>A. Kyriakis</INITIATED_BY_USER>
      <RUN_BEGIN_TIMESTAMP>2021-09-28 09:50:00</RUN_BEGIN_TIMESTAMP>
      <COMMENT_DESCRIPTION>Test</COMMENT_DESCRIPTION>
    </RUN>
  </HEADER>
  <DATA_SET>
    <COMMENT_DESCRIPTION>Metadata with flute and structure</COMMENT_DESCRIPTION>
    <VERSION>v2</VERSION>
    <PART>
      <NAME_LABEL>37400_049_2-S_HM_WW</NAME_LABEL>
      <KIND_OF_PART>2S Halfmoon W</KIND_OF_PART>
    </PART>
    <DATA>
      <KIND_OF_HM_FLUTE_ID>PQC1</KIND_OF_HM_FLUTE_ID>
      <KIND_OF_HM_STRUCT_ID>DIODE_HALF</KIND_OF_HM_STRUCT_ID>
      <KIND_OF_HM_SET_ID>Left</KIND_OF_HM_SET_ID>
      <KIND_OF_HM_CONFIG_ID>Not Used</KIND_OF_HM_CONFIG_ID>
      <EQUIPMENT>HP 4192A</EQUIPMENT>
      <WAITING_TIME_S>0.500</WAITING_TIME_S>
      <AC_FREQ_HZ>1.00e+05</AC_FREQ_HZ>
      <AC_AMPL_V>0.250</AC_AMPL_V>
      <TEMP_SET_DEGC>21.200</TEMP_SET_DEGC>
      <AV_TEMP_DEGC>21.200</AV_TEMP_DEGC>
      <PROCEDURE_TYPE>Diode_CV1</PROCEDURE_TYPE>
      <FILE_NAME>Demokritos_VPX37400_049_2-S_HM_W_Left_PQC3_DiodeHalf_CV.xml</FILE_NAME>
    </DATA>
    <CHILD_DATA_SET>
      <HEADER>
        <TYPE>
          <EXTENSION_TABLE_NAME>TEST_SENSOR_CV</EXTENSION_TABLE_NAME>
          <NAME>Tracker Halfmoon CV Test</NAME>
        </TYPE>
      </HEADER>
      <DATA_SET>
        <COMMENT_DESCRIPTION>Test</COMMENT_DESCRIPTION>
        <VERSION>V2</VERSION>
        <PART>
          <NAME_LABEL>37400_049_2-S_HM_WW</NAME_LABEL>
          <KIND_OF_PART>2S Halfmoon W</KIND_OF_PART>
        </PART>
        <DATA>
          <VOLTS>-0.000</VOLTS>
          <CAPCTNC_PFRD>122.700</CAPCTNC_PFRD>
          <RESSTNC_MOHM>0.021</RESSTNC_MOHM>
          <TIME>2021-09-28 09:50:01</TIME>
          <TEMP_DEGC>21.200</TEMP_DEGC>
          <AIR_TEMP_DEGC>21.200</AIR_TEMP_DEGC>
          <RH_PRCNT>26.100</RH_PRCNT>
        </DATA>
        <DATA>
          <VOLTS>5.000</VOLTS>
          <CAPCTNC_PFRD>21.600</CAPCTNC_PFRD>
          <RESSTNC_MOHM>2.381</RESSTNC_MOHM>
          <TIME>2021-09-28 09:50:03</TIME>
          <TEMP_DEGC>21.200</TEMP_DEGC>
          <AIR_TEMP_DEGC>21.200</AIR_TEMP_DEGC>
          <RH_PRCNT>26.100</RH_PRCNT>
        </DATA>
        <DATA>
          <VOLTS>10.000</VOLTS>
          <CAPCTNC_PFRD>15.620</CAPCTNC_PFRD>
          <RESSTNC_MOHM>4.762</RESSTNC_MOHM>
          <TIME>2021-09-28 09:50:04</TIME>
          <TEMP_DEGC>21.200</TEMP_DEGC>
          <AIR_TEMP_DEGC>21.200</AIR_TEMP_DEGC>
          <RH_PRCNT>26.200</RH_PRCNT>
        </DATA>
        <DATA>
          <VOLTS>15.000</VOLTS>
          <CAPCTNC_PFRD>12.635</CAPCTNC_PFRD>
          <RESSTNC_MOHM>17.241</RESSTNC_MOHM>
          <TIME>2021-09-28 09:50:05</TIME>
          <TEMP_DEGC>21.200</TEMP_DEGC>
          <AIR_TEMP_DEGC>21.200</AIR_TEMP_DEGC>
          <RH_PRCNT>26.100</RH_PRCNT>
        </DATA>
        <DATA>
          <VOLTS>20.000</VOLTS>
          <CAPCTNC_PFRD>11.045</CAPCTNC_PFRD>
          <RESSTNC_MOHM>6.803</RESSTNC_MOHM>
          <TIME>2021-09-28 09:50:07</TIME>
          <TEMP_DEGC>21.200</TEMP_DEGC>
          <AIR_TEMP_DEGC>21.200</AIR_TEMP_DEGC>
          <RH_PRCNT>26.100</RH_PRCNT>
        </DATA>
        <DATA>
          <VOLTS>25.000</VOLTS>
          <CAPCTNC_PFRD>9.815</CAPCTNC_PFRD>
          <RESSTNC_MOHM>9.174</RESSTNC_MOHM>
          <TIME>2021-09-28 09:50:08</TIME>
          <TEMP_DEGC>21.200</TEMP_DEGC>
          <AIR_TEMP_DEGC>21.200</AIR_TEMP_DEGC>
          <RH_PRCNT>26.100</RH_PRCNT>
        </DATA>
        <DATA>
          <VOLTS>30.000</VOLTS>
          <CAPCTNC_PFRD>8.915</CAPCTNC_PFRD>
          <RESSTNC_MOHM>10.000</RESSTNC_MOHM>
          <TIME>2021-09-28 09:50:09</TIME>
          <TEMP_DEGC>21.200</TEMP_DEGC>
          <AIR_TEMP_DEGC>21.200</AIR_TEMP_DEGC>
          <RH_PRCNT>26.100</RH_PRCNT>
        </DATA>
        <DATA>
          <VOLTS>35.000</VOLTS>
          <CAPCTNC_PFRD>8.114</CAPCTNC_PFRD>
          <RESSTNC_MOHM>25.000</RESSTNC_MOHM>
          <TIME>2021-09-28 09:50:10</TIME>
          <TEMP_DEGC>21.200</TEMP_DEGC>
          <AIR_TEMP_DEGC>21.200</AIR_TEMP_DEGC>
          <RH_PRCNT>26.100</RH_PRCNT>
        </DATA>
        <DATA>
          <VOLTS>40.000</VOLTS>
          <CAPCTNC_PFRD>7.475</CAPCTNC_PFRD>
          <RESSTNC_MOHM>29.412</RESSTNC_MOHM>
          <TIME>2021-09-28 09:50:11</TIME>
          <TEMP_DEGC>21.200</TEMP_DEGC>
          <AIR_TEMP_DEGC>21.200</AIR_TEMP_DEGC>
          <RH_PRCNT>26.100</RH_PRCNT>
        </DATA>
        <DATA>
          <VOLTS>45.000</VOLTS>
          <CAPCTNC_PFRD>6.815</CAPCTNC_PFRD>
          <RESSTNC_MOHM>76.923</RESSTNC_MOHM>
          <TIME>2021-09-28 09:50:12</TIME>
          <TEMP_DEGC>21.200</TEMP_DEGC>
          <AIR_TEMP_DEGC>21.200</AIR_TEMP_DEGC>
          <RH_PRCNT>26.100</RH_PRCNT>
        </DATA>
        <DATA>
          <VOLTS>50.000</VOLTS>
          <CAPCTNC_PFRD>6.231</CAPCTNC_PFRD>
          <RESSTNC_MOHM>-16.667</RESSTNC_MOHM>
          <TIME>2021-09-28 09:50:13</TIME>
          <TEMP_DEGC>21.200</TEMP_DEGC>
          <AIR_TEMP_DEGC>21.200</AIR_TEMP_DEGC>
          <RH_PRCNT>26.100</RH_PRCNT>
        </DATA>
        <DATA>
          <VOLTS>55.000</VOLTS>
          <CAPCTNC_PFRD>5.637</CAPCTNC_PFRD>
          <RESSTNC_MOHM>-8.929</RESSTNC_MOHM>
          <TIME>2021-09-28 09:50:14</TIME>
          <TEMP_DEGC>21.200</TEMP_DEGC>
          <AIR_TEMP_DEGC>21.200</AIR_TEMP_DEGC>
          <RH_PRCNT>26.100</RH_PRCNT>
        </DATA>
        <DATA>
          <VOLTS>60.000</VOLTS>
          <CAPCTNC_PFRD>5.240</CAPCTNC_PFRD>
          <RESSTNC_MOHM>-7.634</RESSTNC_MOHM>
          <TIME>2021-09-28 09:50:16</TIME>
          <TEMP_DEGC>21.200</TEMP_DEGC>
          <AIR_TEMP_DEGC>21.200</AIR_TEMP_DEGC>
          <RH_PRCNT>26.100</RH_PRCNT>
        </DATA>
        <DATA>
          <VOLTS>65.000</VOLTS>
          <CAPCTNC_PFRD>5.110</CAPCTNC_PFRD>
          <RESSTNC_MOHM>-6.711</RESSTNC_MOHM>
          <TIME>2021-09-28 09:50:17</TIME>
          <TEMP_DEGC>21.200</TEMP_DEGC>
          <AIR_TEMP_DEGC>21.200</AIR_TEMP_DEGC>
          <RH_PRCNT>26.100</RH_PRCNT>
        </DATA>
        <DATA>
          <VOLTS>70.000</VOLTS>
          <CAPCTNC_PFRD>5.202</CAPCTNC_PFRD>
          <RESSTNC_MOHM>-20.000</RESSTNC_MOHM>
          <TIME>2021-09-28 09:50:18</TIME>
          <TEMP_DEGC>21.200</TEMP_DEGC>
          <AIR_TEMP_DEGC>21.200</AIR_TEMP_DEGC>
          <RH_PRCNT>26.100</RH_PRCNT>
        </DATA>
        <DATA>
          <VOLTS>75.000</VOLTS>
          <CAPCTNC_PFRD>5.034</CAPCTNC_PFRD>
          <RESSTNC_MOHM>-25.641</RESSTNC_MOHM>
          <TIME>2021-09-28 09:50:19</TIME>
          <TEMP_DEGC>21.200</TEMP_DEGC>
          <AIR_TEMP_DEGC>21.200</AIR_TEMP_DEGC>
          <RH_PRCNT>26.100</RH_PRCNT>
        </DATA>
        <DATA>
          <VOLTS>80.000</VOLTS>
          <CAPCTNC_PFRD>4.837</CAPCTNC_PFRD>
          <RESSTNC_MOHM>-16.129</RESSTNC_MOHM>
          <TIME>2021-09-28 09:50:20</TIME>
          <TEMP_DEGC>21.200</TEMP_DEGC>
          <AIR_TEMP_DEGC>21.200</AIR_TEMP_DEGC>
          <RH_PRCNT>26.100</RH_PRCNT>
        </DATA>
        <DATA>
          <VOLTS>85.000</VOLTS>
          <CAPCTNC_PFRD>4.670</CAPCTNC_PFRD>
          <RESSTNC_MOHM>-27.027</RESSTNC_MOHM>
          <TIME>2021-09-28 09:50:21</TIME>
          <TEMP_DEGC>21.300</TEMP_DEGC>
          <AIR_TEMP_DEGC>21.300</AIR_TEMP_DEGC>
          <RH_PRCNT>26.100</RH_PRCNT>
        </DATA>
        <DATA>
          <VOLTS>90.000</VOLTS>
          <CAPCTNC_PFRD>4.559</CAPCTNC_PFRD>
          <RESSTNC_MOHM>-52.632</RESSTNC_MOHM>
          <TIME>2021-09-28 09:50:22</TIME>
          <TEMP_DEGC>21.200</TEMP_DEGC>
          <AIR_TEMP_DEGC>21.200</AIR_TEMP_DEGC>
          <RH_PRCNT>26.100</RH_PRCNT>
        </DATA>
        <DATA>
          <VOLTS>95.000</VOLTS>
          <CAPCTNC_PFRD>4.374</CAPCTNC_PFRD>
          <RESSTNC_MOHM>-20.833</RESSTNC_MOHM>
          <TIME>2021-09-28 09:50:23</TIME>
          <TEMP_DEGC>21.200</TEMP_DEGC>
          <AIR_TEMP_DEGC>21.200</AIR_TEMP_DEGC>
          <RH_PRCNT>26.100</RH_PRCNT>
        </DATA>
        <DATA>
          <VOLTS>100.000</VOLTS>
          <CAPCTNC_PFRD>4.195</CAPCTNC_PFRD>
          <RESSTNC_MOHM>-52.632</RESSTNC_MOHM>
          <TIME>2021-09-28 09:50:24</TIME>
          <TEMP_DEGC>21.200</TEMP_DEGC>
          <AIR_TEMP_DEGC>21.200</AIR_TEMP_DEGC>
          <RH_PRCNT>26.100</RH_PRCNT>
        </DATA>
        <DATA>
          <VOLTS>105.000</VOLTS>
          <CAPCTNC_PFRD>4.012</CAPCTNC_PFRD>
          <RESSTNC_MOHM>-21.739</RESSTNC_MOHM>
          <TIME>2021-09-28 09:50:25</TIME>
          <TEMP_DEGC>21.200</TEMP_DEGC>
          <AIR_TEMP_DEGC>21.200</AIR_TEMP_DEGC>
          <RH_PRCNT>26.100</RH_PRCNT>
        </DATA>
        <DATA>
          <VOLTS>110.000</VOLTS>
          <CAPCTNC_PFRD>3.940</CAPCTNC_PFRD>
          <RESSTNC_MOHM>-12.500</RESSTNC_MOHM>
          <TIME>2021-09-28 09:50:26</TIME>
          <TEMP_DEGC>21.200</TEMP_DEGC>
          <AIR_TEMP_DEGC>21.200</AIR_TEMP_DEGC>
          <RH_PRCNT>26.100</RH_PRCNT>
        </DATA>
        <DATA>
          <VOLTS>115.000</VOLTS>
          <CAPCTNC_PFRD>3.806</CAPCTNC_PFRD>
          <RESSTNC_MOHM>-13.158</RESSTNC_MOHM>
          <TIME>2021-09-28 09:50:27</TIME>
          <TEMP_DEGC>21.200</TEMP_DEGC>
          <AIR_TEMP_DEGC>21.200</AIR_TEMP_DEGC>
          <RH_PRCNT>26.100</RH_PRCNT>
        </DATA>
        <DATA>
          <VOLTS>120.000</VOLTS>
          <CAPCTNC_PFRD>3.795</CAPCTNC_PFRD>
          <RESSTNC_MOHM>-13.889</RESSTNC_MOHM>
          <TIME>2021-09-28 09:50:28</TIME>
          <TEMP_DEGC>21.200</TEMP_DEGC>
          <AIR_TEMP_DEGC>21.200</AIR_TEMP_DEGC>
          <RH_PRCNT>26.100</RH_PRCNT>
        </DATA>
        <DATA>
          <VOLTS>125.000</VOLTS>
          <CAPCTNC_PFRD>3.718</CAPCTNC_PFRD>
          <RESSTNC_MOHM>-14.085</RESSTNC_MOHM>
          <TIME>2021-09-28 09:50:29</TIME>
          <TEMP_DEGC>21.200</TEMP_DEGC>
          <AIR_TEMP_DEGC>21.200</AIR_TEMP_DEGC>
          <RH_PRCNT>26.100</RH_PRCNT>
        </DATA>
        <DATA>
          <VOLTS>130.000</VOLTS>
          <CAPCTNC_PFRD>3.603</CAPCTNC_PFRD>
          <RESSTNC_MOHM>-10.638</RESSTNC_MOHM>
          <TIME>2021-09-28 09:50:31</TIME>
          <TEMP_DEGC>21.200</TEMP_DEGC>
          <AIR_TEMP_DEGC>21.200</AIR_TEMP_DEGC>
          <RH_PRCNT>26.100</RH_PRCNT>
        </DATA>
        <DATA>
          <VOLTS>135.000</VOLTS>
          <CAPCTNC_PFRD>3.565</CAPCTNC_PFRD>
          <RESSTNC_MOHM>-10.638</RESSTNC_MOHM>
          <TIME>2021-09-28 09:50:32</TIME>
          <TEMP_DEGC>21.200</TEMP_DEGC>
          <AIR_TEMP_DEGC>21.200</AIR_TEMP_DEGC>
          <RH_PRCNT>26.100</RH_PRCNT>
        </DATA>
        <DATA>
          <VOLTS>140.000</VOLTS>
          <CAPCTNC_PFRD>3.519</CAPCTNC_PFRD>
          <RESSTNC_MOHM>-10.753</RESSTNC_MOHM>
          <TIME>2021-09-28 09:50:33</TIME>
          <TEMP_DEGC>21.200</TEMP_DEGC>
          <AIR_TEMP_DEGC>21.200</AIR_TEMP_DEGC>
          <RH_PRCNT>26.100</RH_PRCNT>
        </DATA>
        <DATA>
          <VOLTS>145.000</VOLTS>
          <CAPCTNC_PFRD>3.435</CAPCTNC_PFRD>
          <RESSTNC_MOHM>-14.085</RESSTNC_MOHM>
          <TIME>2021-09-28 09:50:34</TIME>
          <TEMP_DEGC>21.200</TEMP_DEGC>
          <AIR_TEMP_DEGC>21.200</AIR_TEMP_DEGC>
          <RH_PRCNT>26.000</RH_PRCNT>
        </DATA>
        <DATA>
          <VOLTS>150.000</VOLTS>
          <CAPCTNC_PFRD>3.407</CAPCTNC_PFRD>
          <RESSTNC_MOHM>-13.889</RESSTNC_MOHM>
          <TIME>2021-09-28 09:50:35</TIME>
          <TEMP_DEGC>21.200</TEMP_DEGC>
          <AIR_TEMP_DEGC>21.200</AIR_TEMP_DEGC>
          <RH_PRCNT>26.000</RH_PRCNT>
        </DATA>
        <DATA>
          <VOLTS>155.000</VOLTS>
          <CAPCTNC_PFRD>3.334</CAPCTNC_PFRD>
          <RESSTNC_MOHM>-16.949</RESSTNC_MOHM>
          <TIME>2021-09-28 09:50:36</TIME>
          <TEMP_DEGC>21.200</TEMP_DEGC>
          <AIR_TEMP_DEGC>21.200</AIR_TEMP_DEGC>
          <RH_PRCNT>26.000</RH_PRCNT>
        </DATA>
        <DATA>
          <VOLTS>160.000</VOLTS>
          <CAPCTNC_PFRD>3.298</CAPCTNC_PFRD>
          <RESSTNC_MOHM>-13.699</RESSTNC_MOHM>
          <TIME>2021-09-28 09:50:37</TIME>
          <TEMP_DEGC>21.200</TEMP_DEGC>
          <AIR_TEMP_DEGC>21.200</AIR_TEMP_DEGC>
          <RH_PRCNT>26.000</RH_PRCNT>
        </DATA>
        <DATA>
          <VOLTS>165.000</VOLTS>
          <CAPCTNC_PFRD>3.316</CAPCTNC_PFRD>
          <RESSTNC_MOHM>-11.236</RESSTNC_MOHM>
          <TIME>2021-09-28 09:50:38</TIME>
          <TEMP_DEGC>21.200</TEMP_DEGC>
          <AIR_TEMP_DEGC>21.200</AIR_TEMP_DEGC>
          <RH_PRCNT>26.100</RH_PRCNT>
        </DATA>
        <DATA>
          <VOLTS>170.000</VOLTS>
          <CAPCTNC_PFRD>3.245</CAPCTNC_PFRD>
          <RESSTNC_MOHM>-15.625</RESSTNC_MOHM>
          <TIME>2021-09-28 09:50:39</TIME>
          <TEMP_DEGC>21.200</TEMP_DEGC>
          <AIR_TEMP_DEGC>21.200</AIR_TEMP_DEGC>
          <RH_PRCNT>26.100</RH_PRCNT>
        </DATA>
        <DATA>
          <VOLTS>175.000</VOLTS>
          <CAPCTNC_PFRD>3.172</CAPCTNC_PFRD>
          <RESSTNC_MOHM>-13.333</RESSTNC_MOHM>
          <TIME>2021-09-28 09:50:40</TIME>
          <TEMP_DEGC>21.200</TEMP_DEGC>
          <AIR_TEMP_DEGC>21.200</AIR_TEMP_DEGC>
          <RH_PRCNT>26.100</RH_PRCNT>
        </DATA>
        <DATA>
          <VOLTS>180.000</VOLTS>
          <CAPCTNC_PFRD>3.114</CAPCTNC_PFRD>
          <RESSTNC_MOHM>-14.493</RESSTNC_MOHM>
          <TIME>2021-09-28 09:50:41</TIME>
          <TEMP_DEGC>21.300</TEMP_DEGC>
          <AIR_TEMP_DEGC>21.300</AIR_TEMP_DEGC>
          <RH_PRCNT>26.000</RH_PRCNT>
        </DATA>
        <DATA>
          <VOLTS>185.000</VOLTS>
          <CAPCTNC_PFRD>3.096</CAPCTNC_PFRD>
          <RESSTNC_MOHM>-11.628</RESSTNC_MOHM>
          <TIME>2021-09-28 09:50:42</TIME>
          <TEMP_DEGC>21.200</TEMP_DEGC>
          <AIR_TEMP_DEGC>21.200</AIR_TEMP_DEGC>
          <RH_PRCNT>26.000</RH_PRCNT>
        </DATA>
        <DATA>
          <VOLTS>190.000</VOLTS>
          <CAPCTNC_PFRD>3.102</CAPCTNC_PFRD>
          <RESSTNC_MOHM>-13.889</RESSTNC_MOHM>
          <TIME>2021-09-28 09:50:43</TIME>
          <TEMP_DEGC>21.300</TEMP_DEGC>
          <AIR_TEMP_DEGC>21.300</AIR_TEMP_DEGC>
          <RH_PRCNT>26.000</RH_PRCNT>
        </DATA>
        <DATA>
          <VOLTS>195.000</VOLTS>
          <CAPCTNC_PFRD>3.038</CAPCTNC_PFRD>
          <RESSTNC_MOHM>-12.658</RESSTNC_MOHM>
          <TIME>2021-09-28 09:50:44</TIME>
          <TEMP_DEGC>21.200</TEMP_DEGC>
          <AIR_TEMP_DEGC>21.200</AIR_TEMP_DEGC>
          <RH_PRCNT>26.000</RH_PRCNT>
        </DATA>
        <DATA>
          <VOLTS>200.000</VOLTS>
          <CAPCTNC_PFRD>2.995</CAPCTNC_PFRD>
          <RESSTNC_MOHM>-17.857</RESSTNC_MOHM>
          <TIME>2021-09-28 09:50:45</TIME>
          <TEMP_DEGC>21.300</TEMP_DEGC>
          <AIR_TEMP_DEGC>21.300</AIR_TEMP_DEGC>
          <RH_PRCNT>26.000</RH_PRCNT>
        </DATA>
        <DATA>
          <VOLTS>205.000</VOLTS>
          <CAPCTNC_PFRD>2.964</CAPCTNC_PFRD>
          <RESSTNC_MOHM>-13.158</RESSTNC_MOHM>
          <TIME>2021-09-28 09:50:47</TIME>
          <TEMP_DEGC>21.200</TEMP_DEGC>
          <AIR_TEMP_DEGC>21.200</AIR_TEMP_DEGC>
          <RH_PRCNT>26.000</RH_PRCNT>
        </DATA>
        <DATA>
          <VOLTS>210.000</VOLTS>
          <CAPCTNC_PFRD>2.949</CAPCTNC_PFRD>
          <RESSTNC_MOHM>-11.236</RESSTNC_MOHM>
          <TIME>2021-09-28 09:50:48</TIME>
          <TEMP_DEGC>21.200</TEMP_DEGC>
          <AIR_TEMP_DEGC>21.200</AIR_TEMP_DEGC>
          <RH_PRCNT>26.000</RH_PRCNT>
        </DATA>
        <DATA>
          <VOLTS>215.000</VOLTS>
          <CAPCTNC_PFRD>2.901</CAPCTNC_PFRD>
          <RESSTNC_MOHM>-16.667</RESSTNC_MOHM>
          <TIME>2021-09-28 09:50:49</TIME>
          <TEMP_DEGC>21.200</TEMP_DEGC>
          <AIR_TEMP_DEGC>21.200</AIR_TEMP_DEGC>
          <RH_PRCNT>26.000</RH_PRCNT>
        </DATA>
        <DATA>
          <VOLTS>220.000</VOLTS>
          <CAPCTNC_PFRD>2.892</CAPCTNC_PFRD>
          <RESSTNC_MOHM>-9.901</RESSTNC_MOHM>
          <TIME>2021-09-28 09:50:50</TIME>
          <TEMP_DEGC>21.300</TEMP_DEGC>
          <AIR_TEMP_DEGC>21.300</AIR_TEMP_DEGC>
          <RH_PRCNT>26.000</RH_PRCNT>
        </DATA>
        <DATA>
          <VOLTS>225.000</VOLTS>
          <CAPCTNC_PFRD>2.864</CAPCTNC_PFRD>
          <RESSTNC_MOHM>-12.500</RESSTNC_MOHM>
          <TIME>2021-09-28 09:50:51</TIME>
          <TEMP_DEGC>21.300</TEMP_DEGC>
          <AIR_TEMP_DEGC>21.300</AIR_TEMP_DEGC>
          <RH_PRCNT>26.000</RH_PRCNT>
        </DATA>
        <DATA>
          <VOLTS>230.000</VOLTS>
          <CAPCTNC_PFRD>2.806</CAPCTNC_PFRD>
          <RESSTNC_MOHM>-14.085</RESSTNC_MOHM>
          <TIME>2021-09-28 09:50:52</TIME>
          <TEMP_DEGC>21.200</TEMP_DEGC>
          <AIR_TEMP_DEGC>21.200</AIR_TEMP_DEGC>
          <RH_PRCNT>26.000</RH_PRCNT>
        </DATA>
        <DATA>
          <VOLTS>235.000</VOLTS>
          <CAPCTNC_PFRD>2.799</CAPCTNC_PFRD>
          <RESSTNC_MOHM>-14.286</RESSTNC_MOHM>
          <TIME>2021-09-28 09:50:53</TIME>
          <TEMP_DEGC>21.200</TEMP_DEGC>
          <AIR_TEMP_DEGC>21.200</AIR_TEMP_DEGC>
          <RH_PRCNT>26.000</RH_PRCNT>
        </DATA>
        <DATA>
          <VOLTS>240.000</VOLTS>
          <CAPCTNC_PFRD>2.786</CAPCTNC_PFRD>
          <RESSTNC_MOHM>-11.364</RESSTNC_MOHM>
          <TIME>2021-09-28 09:50:54</TIME>
          <TEMP_DEGC>21.200</TEMP_DEGC>
          <AIR_TEMP_DEGC>21.200</AIR_TEMP_DEGC>
          <RH_PRCNT>26.000</RH_PRCNT>
        </DATA>
        <DATA>
          <VOLTS>245.000</VOLTS>
          <CAPCTNC_PFRD>2.751</CAPCTNC_PFRD>
          <RESSTNC_MOHM>-10.417</RESSTNC_MOHM>
          <TIME>2021-09-28 09:50:55</TIME>
          <TEMP_DEGC>21.200</TEMP_DEGC>
          <AIR_TEMP_DEGC>21.200</AIR_TEMP_DEGC>
          <RH_PRCNT>26.000</RH_PRCNT>
        </DATA>
        <DATA>
          <VOLTS>250.000</VOLTS>
          <CAPCTNC_PFRD>2.730</CAPCTNC_PFRD>
          <RESSTNC_MOHM>-18.868</RESSTNC_MOHM>
          <TIME>2021-09-28 09:50:56</TIME>
          <TEMP_DEGC>21.200</TEMP_DEGC>
          <AIR_TEMP_DEGC>21.200</AIR_TEMP_DEGC>
          <RH_PRCNT>26.000</RH_PRCNT>
        </DATA>
        <DATA>
          <VOLTS>255.000</VOLTS>
          <CAPCTNC_PFRD>2.726</CAPCTNC_PFRD>
          <RESSTNC_MOHM>-13.889</RESSTNC_MOHM>
          <TIME>2021-09-28 09:50:57</TIME>
          <TEMP_DEGC>21.200</TEMP_DEGC>
          <AIR_TEMP_DEGC>21.200</AIR_TEMP_DEGC>
          <RH_PRCNT>26.000</RH_PRCNT>
        </DATA>
        <DATA>
          <VOLTS>260.000</VOLTS>
          <CAPCTNC_PFRD>2.751</CAPCTNC_PFRD>
          <RESSTNC_MOHM>-14.286</RESSTNC_MOHM>
          <TIME>2021-09-28 09:50:58</TIME>
          <TEMP_DEGC>21.200</TEMP_DEGC>
          <AIR_TEMP_DEGC>21.200</AIR_TEMP_DEGC>
          <RH_PRCNT>26.000</RH_PRCNT>
        </DATA>
        <DATA>
          <VOLTS>265.000</VOLTS>
          <CAPCTNC_PFRD>2.750</CAPCTNC_PFRD>
          <RESSTNC_MOHM>-15.625</RESSTNC_MOHM>
          <TIME>2021-09-28 09:50:59</TIME>
          <TEMP_DEGC>21.300</TEMP_DEGC>
          <AIR_TEMP_DEGC>21.300</AIR_TEMP_DEGC>
          <RH_PRCNT>26.000</RH_PRCNT>
        </DATA>
        <DATA>
          <VOLTS>270.000</VOLTS>
          <CAPCTNC_PFRD>2.739</CAPCTNC_PFRD>
          <RESSTNC_MOHM>-12.500</RESSTNC_MOHM>
          <TIME>2021-09-28 09:51:00</TIME>
          <TEMP_DEGC>21.300</TEMP_DEGC>
          <AIR_TEMP_DEGC>21.300</AIR_TEMP_DEGC>
          <RH_PRCNT>26.000</RH_PRCNT>
        </DATA>
        <DATA>
          <VOLTS>275.000</VOLTS>
          <CAPCTNC_PFRD>2.726</CAPCTNC_PFRD>
          <RESSTNC_MOHM>-13.158</RESSTNC_MOHM>
          <TIME>2021-09-28 09:51:02</TIME>
          <TEMP_DEGC>21.300</TEMP_DEGC>
          <AIR_TEMP_DEGC>21.300</AIR_TEMP_DEGC>
          <RH_PRCNT>26.000</RH_PRCNT>
        </DATA>
        <DATA>
          <VOLTS>280.000</VOLTS>
          <CAPCTNC_PFRD>2.752</CAPCTNC_PFRD>
          <RESSTNC_MOHM>-11.905</RESSTNC_MOHM>
          <TIME>2021-09-28 09:51:03</TIME>
          <TEMP_DEGC>21.200</TEMP_DEGC>
          <AIR_TEMP_DEGC>21.200</AIR_TEMP_DEGC>
          <RH_PRCNT>25.900</RH_PRCNT>
        </DATA>
        <DATA>
          <VOLTS>285.000</VOLTS>
          <CAPCTNC_PFRD>2.805</CAPCTNC_PFRD>
          <RESSTNC_MOHM>-11.905</RESSTNC_MOHM>
          <TIME>2021-09-28 09:51:04</TIME>
          <TEMP_DEGC>21.200</TEMP_DEGC>
          <AIR_TEMP_DEGC>21.200</AIR_TEMP_DEGC>
          <RH_PRCNT>25.900</RH_PRCNT>
        </DATA>
        <DATA>
          <VOLTS>290.000</VOLTS>
          <CAPCTNC_PFRD>2.741</CAPCTNC_PFRD>
          <RESSTNC_MOHM>-16.129</RESSTNC_MOHM>
          <TIME>2021-09-28 09:51:05</TIME>
          <TEMP_DEGC>21.200</TEMP_DEGC>
          <AIR_TEMP_DEGC>21.200</AIR_TEMP_DEGC>
          <RH_PRCNT>25.900</RH_PRCNT>
        </DATA>
        <DATA>
          <VOLTS>295.000</VOLTS>
          <CAPCTNC_PFRD>2.753</CAPCTNC_PFRD>
          <RESSTNC_MOHM>-10.000</RESSTNC_MOHM>
          <TIME>2021-09-28 09:51:06</TIME>
          <TEMP_DEGC>21.200</TEMP_DEGC>
          <AIR_TEMP_DEGC>21.200</AIR_TEMP_DEGC>
          <RH_PRCNT>25.900</RH_PRCNT>
        </DATA>
        <DATA>
          <VOLTS>300.000</VOLTS>
          <CAPCTNC_PFRD>2.730</CAPCTNC_PFRD>
          <RESSTNC_MOHM>-11.628</RESSTNC_MOHM>
          <TIME>2021-09-28 09:51:07</TIME>
          <TEMP_DEGC>21.200</TEMP_DEGC>
          <AIR_TEMP_DEGC>21.200</AIR_TEMP_DEGC>
          <RH_PRCNT>25.900</RH_PRCNT>
        </DATA>
        <DATA>
          <VOLTS>305.000</VOLTS>
          <CAPCTNC_PFRD>2.758</CAPCTNC_PFRD>
          <RESSTNC_MOHM>-10.753</RESSTNC_MOHM>
          <TIME>2021-09-28 09:51:08</TIME>
          <TEMP_DEGC>21.200</TEMP_DEGC>
          <AIR_TEMP_DEGC>21.200</AIR_TEMP_DEGC>
          <RH_PRCNT>25.900</RH_PRCNT>
        </DATA>
        <DATA>
          <VOLTS>310.000</VOLTS>
          <CAPCTNC_PFRD>2.734</CAPCTNC_PFRD>
          <RESSTNC_MOHM>-14.286</RESSTNC_MOHM>
          <TIME>2021-09-28 09:51:09</TIME>
          <TEMP_DEGC>21.200</TEMP_DEGC>
          <AIR_TEMP_DEGC>21.200</AIR_TEMP_DEGC>
          <RH_PRCNT>25.900</RH_PRCNT>
        </DATA>
        <DATA>
          <VOLTS>315.000</VOLTS>
          <CAPCTNC_PFRD>2.779</CAPCTNC_PFRD>
          <RESSTNC_MOHM>-13.889</RESSTNC_MOHM>
          <TIME>2021-09-28 09:51:10</TIME>
          <TEMP_DEGC>21.200</TEMP_DEGC>
          <AIR_TEMP_DEGC>21.200</AIR_TEMP_DEGC>
          <RH_PRCNT>25.900</RH_PRCNT>
        </DATA>
        <DATA>
          <VOLTS>320.000</VOLTS>
          <CAPCTNC_PFRD>2.798</CAPCTNC_PFRD>
          <RESSTNC_MOHM>-13.699</RESSTNC_MOHM>
          <TIME>2021-09-28 09:51:11</TIME>
          <TEMP_DEGC>21.200</TEMP_DEGC>
          <AIR_TEMP_DEGC>21.200</AIR_TEMP_DEGC>
          <RH_PRCNT>25.900</RH_PRCNT>
        </DATA>
        <DATA>
          <VOLTS>325.000</VOLTS>
          <CAPCTNC_PFRD>2.789</CAPCTNC_PFRD>
          <RESSTNC_MOHM>-16.129</RESSTNC_MOHM>
          <TIME>2021-09-28 09:51:12</TIME>
          <TEMP_DEGC>21.200</TEMP_DEGC>
          <AIR_TEMP_DEGC>21.200</AIR_TEMP_DEGC>
          <RH_PRCNT>25.900</RH_PRCNT>
        </DATA>
        <DATA>
          <VOLTS>330.000</VOLTS>
          <CAPCTNC_PFRD>2.766</CAPCTNC_PFRD>
          <RESSTNC_MOHM>-14.706</RESSTNC_MOHM>
          <TIME>2021-09-28 09:51:13</TIME>
          <TEMP_DEGC>21.200</TEMP_DEGC>
          <AIR_TEMP_DEGC>21.200</AIR_TEMP_DEGC>
          <RH_PRCNT>25.900</RH_PRCNT>
        </DATA>
        <DATA>
          <VOLTS>335.000</VOLTS>
          <CAPCTNC_PFRD>2.792</CAPCTNC_PFRD>
          <RESSTNC_MOHM>-12.987</RESSTNC_MOHM>
          <TIME>2021-09-28 09:51:14</TIME>
          <TEMP_DEGC>21.200</TEMP_DEGC>
          <AIR_TEMP_DEGC>21.200</AIR_TEMP_DEGC>
          <RH_PRCNT>25.900</RH_PRCNT>
        </DATA>
        <DATA>
          <VOLTS>340.000</VOLTS>
          <CAPCTNC_PFRD>2.747</CAPCTNC_PFRD>
          <RESSTNC_MOHM>-10.000</RESSTNC_MOHM>
          <TIME>2021-09-28 09:51:15</TIME>
          <TEMP_DEGC>21.200</TEMP_DEGC>
          <AIR_TEMP_DEGC>21.200</AIR_TEMP_DEGC>
          <RH_PRCNT>25.900</RH_PRCNT>
        </DATA>
        <DATA>
          <VOLTS>345.000</VOLTS>
          <CAPCTNC_PFRD>2.747</CAPCTNC_PFRD>
          <RESSTNC_MOHM>-12.195</RESSTNC_MOHM>
          <TIME>2021-09-28 09:51:17</TIME>
          <TEMP_DEGC>21.200</TEMP_DEGC>
          <AIR_TEMP_DEGC>21.200</AIR_TEMP_DEGC>
          <RH_PRCNT>25.900</RH_PRCNT>
        </DATA>
        <DATA>
          <VOLTS>350.000</VOLTS>
          <CAPCTNC_PFRD>2.762</CAPCTNC_PFRD>
          <RESSTNC_MOHM>-27.027</RESSTNC_MOHM>
          <TIME>2021-09-28 09:51:18</TIME>
          <TEMP_DEGC>21.300</TEMP_DEGC>
          <AIR_TEMP_DEGC>21.300</AIR_TEMP_DEGC>
          <RH_PRCNT>25.900</RH_PRCNT>
        </DATA>
        <DATA>
          <VOLTS>355.000</VOLTS>
          <CAPCTNC_PFRD>2.738</CAPCTNC_PFRD>
          <RESSTNC_MOHM>-15.625</RESSTNC_MOHM>
          <TIME>2021-09-28 09:51:19</TIME>
          <TEMP_DEGC>21.300</TEMP_DEGC>
          <AIR_TEMP_DEGC>21.300</AIR_TEMP_DEGC>
          <RH_PRCNT>25.900</RH_PRCNT>
        </DATA>
        <DATA>
          <VOLTS>360.000</VOLTS>
          <CAPCTNC_PFRD>2.741</CAPCTNC_PFRD>
          <RESSTNC_MOHM>-15.152</RESSTNC_MOHM>
          <TIME>2021-09-28 09:51:20</TIME>
          <TEMP_DEGC>21.200</TEMP_DEGC>
          <AIR_TEMP_DEGC>21.200</AIR_TEMP_DEGC>
          <RH_PRCNT>25.900</RH_PRCNT>
        </DATA>
        <DATA>
          <VOLTS>365.000</VOLTS>
          <CAPCTNC_PFRD>2.796</CAPCTNC_PFRD>
          <RESSTNC_MOHM>-13.699</RESSTNC_MOHM>
          <TIME>2021-09-28 09:51:21</TIME>
          <TEMP_DEGC>21.200</TEMP_DEGC>
          <AIR_TEMP_DEGC>21.200</AIR_TEMP_DEGC>
          <RH_PRCNT>25.900</RH_PRCNT>
        </DATA>
        <DATA>
          <VOLTS>370.000</VOLTS>
          <CAPCTNC_PFRD>2.783</CAPCTNC_PFRD>
          <RESSTNC_MOHM>-11.765</RESSTNC_MOHM>
          <TIME>2021-09-28 09:51:22</TIME>
          <TEMP_DEGC>21.200</TEMP_DEGC>
          <AIR_TEMP_DEGC>21.200</AIR_TEMP_DEGC>
          <RH_PRCNT>25.900</RH_PRCNT>
        </DATA>
        <DATA>
          <VOLTS>375.000</VOLTS>
          <CAPCTNC_PFRD>2.754</CAPCTNC_PFRD>
          <RESSTNC_MOHM>-12.821</RESSTNC_MOHM>
          <TIME>2021-09-28 09:51:23</TIME>
          <TEMP_DEGC>21.200</TEMP_DEGC>
          <AIR_TEMP_DEGC>21.200</AIR_TEMP_DEGC>
          <RH_PRCNT>25.900</RH_PRCNT>
        </DATA>
        <DATA>
          <VOLTS>380.000</VOLTS>
          <CAPCTNC_PFRD>2.728</CAPCTNC_PFRD>
          <RESSTNC_MOHM>-16.393</RESSTNC_MOHM>
          <TIME>2021-09-28 09:51:24</TIME>
          <TEMP_DEGC>21.200</TEMP_DEGC>
          <AIR_TEMP_DEGC>21.200</AIR_TEMP_DEGC>
          <RH_PRCNT>25.900</RH_PRCNT>
        </DATA>
        <DATA>
          <VOLTS>385.000</VOLTS>
          <CAPCTNC_PFRD>2.754</CAPCTNC_PFRD>
          <RESSTNC_MOHM>-13.333</RESSTNC_MOHM>
          <TIME>2021-09-28 09:51:25</TIME>
          <TEMP_DEGC>21.200</TEMP_DEGC>
          <AIR_TEMP_DEGC>21.200</AIR_TEMP_DEGC>
          <RH_PRCNT>25.800</RH_PRCNT>
        </DATA>
        <DATA>
          <VOLTS>390.000</VOLTS>
          <CAPCTNC_PFRD>2.765</CAPCTNC_PFRD>
          <RESSTNC_MOHM>-8.929</RESSTNC_MOHM>
          <TIME>2021-09-28 09:51:26</TIME>
          <TEMP_DEGC>21.200</TEMP_DEGC>
          <AIR_TEMP_DEGC>21.200</AIR_TEMP_DEGC>
          <RH_PRCNT>25.800</RH_PRCNT>
        </DATA>
        <DATA>
          <VOLTS>395.000</VOLTS>
          <CAPCTNC_PFRD>2.775</CAPCTNC_PFRD>
          <RESSTNC_MOHM>-16.667</RESSTNC_MOHM>
          <TIME>2021-09-28 09:51:27</TIME>
          <TEMP_DEGC>21.300</TEMP_DEGC>
          <AIR_TEMP_DEGC>21.300</AIR_TEMP_DEGC>
          <RH_PRCNT>25.800</RH_PRCNT>
        </DATA>
        <DATA>
          <VOLTS>400.000</VOLTS>
          <CAPCTNC_PFRD>2.739</CAPCTNC_PFRD>
          <RESSTNC_MOHM>-11.628</RESSTNC_MOHM>
          <TIME>2021-09-28 09:51:28</TIME>
          <TEMP_DEGC>21.300</TEMP_DEGC>
          <AIR_TEMP_DEGC>21.300</AIR_TEMP_DEGC>
          <RH_PRCNT>25.900</RH_PRCNT>
        </DATA>
        <DATA>
          <VOLTS>405.000</VOLTS>
          <CAPCTNC_PFRD>2.806</CAPCTNC_PFRD>
          <RESSTNC_MOHM>-10.753</RESSTNC_MOHM>
          <TIME>2021-09-28 09:51:29</TIME>
          <TEMP_DEGC>21.300</TEMP_DEGC>
          <AIR_TEMP_DEGC>21.300</AIR_TEMP_DEGC>
          <RH_PRCNT>25.800</RH_PRCNT>
        </DATA>
        <DATA>
          <VOLTS>410.000</VOLTS>
          <CAPCTNC_PFRD>2.796</CAPCTNC_PFRD>
          <RESSTNC_MOHM>-16.949</RESSTNC_MOHM>
          <TIME>2021-09-28 09:51:30</TIME>
          <TEMP_DEGC>21.200</TEMP_DEGC>
          <AIR_TEMP_DEGC>21.200</AIR_TEMP_DEGC>
          <RH_PRCNT>25.800</RH_PRCNT>
        </DATA>
        <DATA>
          <VOLTS>415.000</VOLTS>
          <CAPCTNC_PFRD>2.833</CAPCTNC_PFRD>
          <RESSTNC_MOHM>-15.385</RESSTNC_MOHM>
          <TIME>2021-09-28 09:51:32</TIME>
          <TEMP_DEGC>21.300</TEMP_DEGC>
          <AIR_TEMP_DEGC>21.300</AIR_TEMP_DEGC>
          <RH_PRCNT>25.800</RH_PRCNT>
        </DATA>
        <DATA>
          <VOLTS>420.000</VOLTS>
          <CAPCTNC_PFRD>2.805</CAPCTNC_PFRD>
          <RESSTNC_MOHM>-10.309</RESSTNC_MOHM>
          <TIME>2021-09-28 09:51:33</TIME>
          <TEMP_DEGC>21.200</TEMP_DEGC>
          <AIR_TEMP_DEGC>21.200</AIR_TEMP_DEGC>
          <RH_PRCNT>25.800</RH_PRCNT>
        </DATA>
        <DATA>
          <VOLTS>425.000</VOLTS>
          <CAPCTNC_PFRD>2.781</CAPCTNC_PFRD>
          <RESSTNC_MOHM>-18.519</RESSTNC_MOHM>
          <TIME>2021-09-28 09:51:34</TIME>
          <TEMP_DEGC>21.200</TEMP_DEGC>
          <AIR_TEMP_DEGC>21.200</AIR_TEMP_DEGC>
          <RH_PRCNT>25.800</RH_PRCNT>
        </DATA>
        <DATA>
          <VOLTS>430.000</VOLTS>
          <CAPCTNC_PFRD>2.765</CAPCTNC_PFRD>
          <RESSTNC_MOHM>-14.493</RESSTNC_MOHM>
          <TIME>2021-09-28 09:51:35</TIME>
          <TEMP_DEGC>21.200</TEMP_DEGC>
          <AIR_TEMP_DEGC>21.200</AIR_TEMP_DEGC>
          <RH_PRCNT>25.800</RH_PRCNT>
        </DATA>
        <DATA>
          <VOLTS>435.000</VOLTS>
          <CAPCTNC_PFRD>2.762</CAPCTNC_PFRD>
          <RESSTNC_MOHM>-14.925</RESSTNC_MOHM>
          <TIME>2021-09-28 09:51:36</TIME>
          <TEMP_DEGC>21.200</TEMP_DEGC>
          <AIR_TEMP_DEGC>21.200</AIR_TEMP_DEGC>
          <RH_PRCNT>25.800</RH_PRCNT>
        </DATA>
        <DATA>
          <VOLTS>440.000</VOLTS>
          <CAPCTNC_PFRD>2.808</CAPCTNC_PFRD>
          <RESSTNC_MOHM>-11.494</RESSTNC_MOHM>
          <TIME>2021-09-28 09:51:37</TIME>
          <TEMP_DEGC>21.300</TEMP_DEGC>
          <AIR_TEMP_DEGC>21.300</AIR_TEMP_DEGC>
          <RH_PRCNT>25.800</RH_PRCNT>
        </DATA>
        <DATA>
          <VOLTS>445.000</VOLTS>
          <CAPCTNC_PFRD>2.747</CAPCTNC_PFRD>
          <RESSTNC_MOHM>-14.493</RESSTNC_MOHM>
          <TIME>2021-09-28 09:51:38</TIME>
          <TEMP_DEGC>21.300</TEMP_DEGC>
          <AIR_TEMP_DEGC>21.300</AIR_TEMP_DEGC>
          <RH_PRCNT>25.800</RH_PRCNT>
        </DATA>
        <DATA>
          <VOLTS>450.000</VOLTS>
          <CAPCTNC_PFRD>2.745</CAPCTNC_PFRD>
          <RESSTNC_MOHM>-19.608</RESSTNC_MOHM>
          <TIME>2021-09-28 09:51:39</TIME>
          <TEMP_DEGC>21.300</TEMP_DEGC>
          <AIR_TEMP_DEGC>21.300</AIR_TEMP_DEGC>
          <RH_PRCNT>25.800</RH_PRCNT>
        </DATA>
        <DATA>
          <VOLTS>455.000</VOLTS>
          <CAPCTNC_PFRD>2.729</CAPCTNC_PFRD>
          <RESSTNC_MOHM>-12.658</RESSTNC_MOHM>
          <TIME>2021-09-28 09:51:40</TIME>
          <TEMP_DEGC>21.200</TEMP_DEGC>
          <AIR_TEMP_DEGC>21.200</AIR_TEMP_DEGC>
          <RH_PRCNT>25.800</RH_PRCNT>
        </DATA>
        <DATA>
          <VOLTS>460.000</VOLTS>
          <CAPCTNC_PFRD>2.800</CAPCTNC_PFRD>
          <RESSTNC_MOHM>-16.393</RESSTNC_MOHM>
          <TIME>2021-09-28 09:51:41</TIME>
          <TEMP_DEGC>21.300</TEMP_DEGC>
          <AIR_TEMP_DEGC>21.300</AIR_TEMP_DEGC>
          <RH_PRCNT>25.800</RH_PRCNT>
        </DATA>
        <DATA>
          <VOLTS>465.000</VOLTS>
          <CAPCTNC_PFRD>2.819</CAPCTNC_PFRD>
          <RESSTNC_MOHM>-13.333</RESSTNC_MOHM>
          <TIME>2021-09-28 09:51:42</TIME>
          <TEMP_DEGC>21.200</TEMP_DEGC>
          <AIR_TEMP_DEGC>21.200</AIR_TEMP_DEGC>
          <RH_PRCNT>25.800</RH_PRCNT>
        </DATA>
        <DATA>
          <VOLTS>470.000</VOLTS>
          <CAPCTNC_PFRD>2.777</CAPCTNC_PFRD>
          <RESSTNC_MOHM>-21.739</RESSTNC_MOHM>
          <TIME>2021-09-28 09:51:43</TIME>
          <TEMP_DEGC>21.300</TEMP_DEGC>
          <AIR_TEMP_DEGC>21.300</AIR_TEMP_DEGC>
          <RH_PRCNT>25.800</RH_PRCNT>
        </DATA>
        <DATA>
          <VOLTS>475.000</VOLTS>
          <CAPCTNC_PFRD>2.822</CAPCTNC_PFRD>
          <RESSTNC_MOHM>-11.494</RESSTNC_MOHM>
          <TIME>2021-09-28 09:51:44</TIME>
          <TEMP_DEGC>21.200</TEMP_DEGC>
          <AIR_TEMP_DEGC>21.200</AIR_TEMP_DEGC>
          <RH_PRCNT>25.700</RH_PRCNT>
        </DATA>
        <DATA>
          <VOLTS>480.000</VOLTS>
          <CAPCTNC_PFRD>2.785</CAPCTNC_PFRD>
          <RESSTNC_MOHM>-11.364</RESSTNC_MOHM>
          <TIME>2021-09-28 09:51:45</TIME>
          <TEMP_DEGC>21.200</TEMP_DEGC>
          <AIR_TEMP_DEGC>21.200</AIR_TEMP_DEGC>
          <RH_PRCNT>25.700</RH_PRCNT>
        </DATA>
        <DATA>
          <VOLTS>485.000</VOLTS>
          <CAPCTNC_PFRD>2.809</CAPCTNC_PFRD>
          <RESSTNC_MOHM>-14.286</RESSTNC_MOHM>
          <TIME>2021-09-28 09:51:46</TIME>
          <TEMP_DEGC>21.300</TEMP_DEGC>
          <AIR_TEMP_DEGC>21.300</AIR_TEMP_DEGC>
          <RH_PRCNT>25.700</RH_PRCNT>
        </DATA>
        <DATA>
          <VOLTS>490.000</VOLTS>
          <CAPCTNC_PFRD>2.780</CAPCTNC_PFRD>
          <RESSTNC_MOHM>-13.514</RESSTNC_MOHM>
          <TIME>2021-09-28 09:51:48</TIME>
          <TEMP_DEGC>21.300</TEMP_DEGC>
          <AIR_TEMP_DEGC>21.300</AIR_TEMP_DEGC>
          <RH_PRCNT>25.700</RH_PRCNT>
        </DATA>
        <DATA>
          <VOLTS>495.000</VOLTS>
          <CAPCTNC_PFRD>2.790</CAPCTNC_PFRD>
          <RESSTNC_MOHM>-12.987</RESSTNC_MOHM>
          <TIME>2021-09-28 09:51:49</TIME>
          <TEMP_DEGC>21.300</TEMP_DEGC>
          <AIR_TEMP_DEGC>21.300</AIR_TEMP_DEGC>
          <RH_PRCNT>25.700</RH_PRCNT>
        </DATA>
        <DATA>
          <VOLTS>500.000</VOLTS>
          <CAPCTNC_PFRD>2.753</CAPCTNC_PFRD>
          <RESSTNC_MOHM>-13.889</RESSTNC_MOHM>
          <TIME>2021-09-28 09:51:50</TIME>
          <TEMP_DEGC>21.300</TEMP_DEGC>
          <AIR_TEMP_DEGC>21.300</AIR_TEMP_DEGC>
          <RH_PRCNT>25.700</RH_PRCNT>
        </DATA>
        <CHILD_DATA_SET>
          <HEADER>
            <TYPE>
              <EXTENSION_TABLE_NAME>HALFMOON_CV_PAR</EXTENSION_TABLE_NAME>
              <NAME>Tracker Halfmoon CV Parameters</NAME>
            </TYPE>
          </HEADER>
          <DATA_SET>
            <COMMENT_DESCRIPTION>Test</COMMENT_DESCRIPTION>
            <VERSION>CV_measurement-004</VERSION>
            <PART>
              <NAME_LABEL>37400_049_2-S_HM_WW</NAME_LABEL>
              <KIND_OF_PART>2S Halfmoon W</KIND_OF_PART>
            </PART>
            <DATA>
              <VD_V>229.144</VD_V>
              <CMIN_PFRD>2.772</CMIN_PFRD>
              <RHO_KOHMCM>3.698</RHO_KOHMCM>
              <NA>5.290e+12</NA>
              <D_UM>2.331e+02</D_UM>
            </DATA>
          </DATA_SET>
        </CHILD_DATA_SET>
      </DATA_SET>
    </CHILD_DATA_SET>
  </DATA_SET>
</ROOT>
