<?xml version="1.0"?>
<ROOT>
  <HEADER>
    <TYPE>
      <EXTENSION_TABLE_NAME>HALFMOON_METADATA</EXTENSION_TABLE_NAME>
      <NAME>Tracker Halfmoon Metadata</NAME>
    </TYPE>
    <RUN mode="SEQUENCE_NUMBER" sequence="TRK_OT_RUN_SEQ">
      <RUN_TYPE>PQC</RUN_TYPE>
      <LOCATION>Demokritos</LOCATION>
      <INITIATED_BY_USER>A. Kyriakis</INITIATED_BY_USER>
      <RUN_BEGIN_TIMESTAMP>2021-09-28 13:34:29</RUN_BEGIN_TIMESTAMP>
      <COMMENT_DESCRIPTION>Test</COMMENT_DESCRIPTION>
    </RUN>
  </HEADER>
  <DATA_SET>
    <COMMENT_DESCRIPTION>Metadata with flute and structure</COMMENT_DESCRIPTION>
    <VERSION>IV_measurement</VERSION>
    <PART>
      <NAME_LABEL>37400_015_2-S_HM_WW</NAME_LABEL>
      <KIND_OF_PART>2S Halfmoon W</KIND_OF_PART>
    </PART>
    <DATA>
      <KIND_OF_HM_FLUTE_ID>PQC3</KIND_OF_HM_FLUTE_ID>
      <KIND_OF_HM_STRUCT_ID>VDP_BULK</KIND_OF_HM_STRUCT_ID>
      <KIND_OF_HM_SET_ID>Left</KIND_OF_HM_SET_ID>
      <KIND_OF_HM_CONFIG_ID>Standard</KIND_OF_HM_CONFIG_ID>
      <EQUIPMENT>KEITHLEY 2410</EQUIPMENT>
      <WAITING_TIME_S>0.200</WAITING_TIME_S>
      <TEMP_SET_DEGC>22.600</TEMP_SET_DEGC>
      <AV_TEMP_DEGC>22.600</AV_TEMP_DEGC>
      <PROCEDURE_TYPE>VDP_BULK</PROCEDURE_TYPE>
      <FILE_NAME>Demokritos_VPX37400_015_2-S_HM_W_Left_PQC3_VDPBulk_s.xml</FILE_NAME>
    </DATA>
    <CHILD_DATA_SET>
      <HEADER>
        <TYPE>
          <EXTENSION_TABLE_NAME>TEST_SENSOR_IV</EXTENSION_TABLE_NAME>
          <NAME>Tracker Halfmoon IV Test</NAME>
        </TYPE>
      </HEADER>
      <DATA_SET>
        <COMMENT_DESCRIPTION>Test</COMMENT_DESCRIPTION>
        <VERSION>IV_measurement</VERSION>
        <PART>
          <NAME_LABEL>37400_015_2-S_HM_WW</NAME_LABEL>
          <KIND_OF_PART>2S Halfmoon W</KIND_OF_PART>
        </PART>
        <DATA>
          <VOLTS>-3.415e-02</VOLTS>
          <CURRNT_NAMP>-2.000e+03</CURRNT_NAMP>
          <TIME>2021-09-28 01:34:29</TIME>
          <TEMP_DEGC>22.600</TEMP_DEGC>
          <AIR_TEMP_DEGC>22.600</AIR_TEMP_DEGC>
          <RH_PRCNT>24.700</RH_PRCNT>
        </DATA>
        <DATA>
          <VOLTS>-3.415e-02</VOLTS>
          <CURRNT_NAMP>-1.900e+03</CURRNT_NAMP>
          <TIME>2021-09-28 01:34:30</TIME>
          <TEMP_DEGC>22.600</TEMP_DEGC>
          <AIR_TEMP_DEGC>22.600</AIR_TEMP_DEGC>
          <RH_PRCNT>24.700</RH_PRCNT>
        </DATA>
        <DATA>
          <VOLTS>-3.338e-02</VOLTS>
          <CURRNT_NAMP>-1.800e+03</CURRNT_NAMP>
          <TIME>2021-09-28 01:34:31</TIME>
          <TEMP_DEGC>22.600</TEMP_DEGC>
          <AIR_TEMP_DEGC>22.600</AIR_TEMP_DEGC>
          <RH_PRCNT>24.700</RH_PRCNT>
        </DATA>
        <DATA>
          <VOLTS>-3.201e-02</VOLTS>
          <CURRNT_NAMP>-1.700e+03</CURRNT_NAMP>
          <TIME>2021-09-28 01:34:32</TIME>
          <TEMP_DEGC>22.600</TEMP_DEGC>
          <AIR_TEMP_DEGC>22.600</AIR_TEMP_DEGC>
          <RH_PRCNT>24.700</RH_PRCNT>
        </DATA>
        <DATA>
          <VOLTS>-3.005e-02</VOLTS>
          <CURRNT_NAMP>-1.600e+03</CURRNT_NAMP>
          <TIME>2021-09-28 01:34:33</TIME>
          <TEMP_DEGC>22.600</TEMP_DEGC>
          <AIR_TEMP_DEGC>22.600</AIR_TEMP_DEGC>
          <RH_PRCNT>24.700</RH_PRCNT>
        </DATA>
        <DATA>
          <VOLTS>-2.787e-02</VOLTS>
          <CURRNT_NAMP>-1.500e+03</CURRNT_NAMP>
          <TIME>2021-09-28 01:34:34</TIME>
          <TEMP_DEGC>22.600</TEMP_DEGC>
          <AIR_TEMP_DEGC>22.600</AIR_TEMP_DEGC>
          <RH_PRCNT>24.700</RH_PRCNT>
        </DATA>
        <DATA>
          <VOLTS>-2.590e-02</VOLTS>
          <CURRNT_NAMP>-1.400e+03</CURRNT_NAMP>
          <TIME>2021-09-28 01:34:35</TIME>
          <TEMP_DEGC>22.600</TEMP_DEGC>
          <AIR_TEMP_DEGC>22.600</AIR_TEMP_DEGC>
          <RH_PRCNT>24.700</RH_PRCNT>
        </DATA>
        <DATA>
          <VOLTS>-2.474e-02</VOLTS>
          <CURRNT_NAMP>-1.300e+03</CURRNT_NAMP>
          <TIME>2021-09-28 01:34:36</TIME>
          <TEMP_DEGC>22.600</TEMP_DEGC>
          <AIR_TEMP_DEGC>22.600</AIR_TEMP_DEGC>
          <RH_PRCNT>24.700</RH_PRCNT>
        </DATA>
        <DATA>
          <VOLTS>-2.271e-02</VOLTS>
          <CURRNT_NAMP>-1.200e+03</CURRNT_NAMP>
          <TIME>2021-09-28 01:34:37</TIME>
          <TEMP_DEGC>22.600</TEMP_DEGC>
          <AIR_TEMP_DEGC>22.600</AIR_TEMP_DEGC>
          <RH_PRCNT>24.700</RH_PRCNT>
        </DATA>
        <DATA>
          <VOLTS>-2.076e-02</VOLTS>
          <CURRNT_NAMP>-1.100e+03</CURRNT_NAMP>
          <TIME>2021-09-28 01:34:38</TIME>
          <TEMP_DEGC>22.600</TEMP_DEGC>
          <AIR_TEMP_DEGC>22.600</AIR_TEMP_DEGC>
          <RH_PRCNT>24.700</RH_PRCNT>
        </DATA>
        <DATA>
          <VOLTS>-1.890e-02</VOLTS>
          <CURRNT_NAMP>-1.000e+03</CURRNT_NAMP>
          <TIME>2021-09-28 01:34:39</TIME>
          <TEMP_DEGC>22.600</TEMP_DEGC>
          <AIR_TEMP_DEGC>22.600</AIR_TEMP_DEGC>
          <RH_PRCNT>24.700</RH_PRCNT>
        </DATA>
        <DATA>
          <VOLTS>-1.709e-02</VOLTS>
          <CURRNT_NAMP>-9.000e+02</CURRNT_NAMP>
          <TIME>2021-09-28 01:34:40</TIME>
          <TEMP_DEGC>22.600</TEMP_DEGC>
          <AIR_TEMP_DEGC>22.600</AIR_TEMP_DEGC>
          <RH_PRCNT>24.700</RH_PRCNT>
        </DATA>
        <DATA>
          <VOLTS>-1.549e-02</VOLTS>
          <CURRNT_NAMP>-8.000e+02</CURRNT_NAMP>
          <TIME>2021-09-28 01:34:41</TIME>
          <TEMP_DEGC>22.600</TEMP_DEGC>
          <AIR_TEMP_DEGC>22.600</AIR_TEMP_DEGC>
          <RH_PRCNT>24.700</RH_PRCNT>
        </DATA>
        <DATA>
          <VOLTS>-1.391e-02</VOLTS>
          <CURRNT_NAMP>-7.000e+02</CURRNT_NAMP>
          <TIME>2021-09-28 01:34:42</TIME>
          <TEMP_DEGC>22.600</TEMP_DEGC>
          <AIR_TEMP_DEGC>22.600</AIR_TEMP_DEGC>
          <RH_PRCNT>24.700</RH_PRCNT>
        </DATA>
        <DATA>
          <VOLTS>-1.233e-02</VOLTS>
          <CURRNT_NAMP>-6.000e+02</CURRNT_NAMP>
          <TIME>2021-09-28 01:34:43</TIME>
          <TEMP_DEGC>22.600</TEMP_DEGC>
          <AIR_TEMP_DEGC>22.600</AIR_TEMP_DEGC>
          <RH_PRCNT>24.700</RH_PRCNT>
        </DATA>
        <DATA>
          <VOLTS>-1.075e-02</VOLTS>
          <CURRNT_NAMP>-5.000e+02</CURRNT_NAMP>
          <TIME>2021-09-28 01:34:45</TIME>
          <TEMP_DEGC>22.600</TEMP_DEGC>
          <AIR_TEMP_DEGC>22.600</AIR_TEMP_DEGC>
          <RH_PRCNT>24.700</RH_PRCNT>
        </DATA>
        <DATA>
          <VOLTS>-9.170e-03</VOLTS>
          <CURRNT_NAMP>-4.000e+02</CURRNT_NAMP>
          <TIME>2021-09-28 01:34:46</TIME>
          <TEMP_DEGC>22.600</TEMP_DEGC>
          <AIR_TEMP_DEGC>22.600</AIR_TEMP_DEGC>
          <RH_PRCNT>24.700</RH_PRCNT>
        </DATA>
        <DATA>
          <VOLTS>-7.590e-03</VOLTS>
          <CURRNT_NAMP>-3.000e+02</CURRNT_NAMP>
          <TIME>2021-09-28 01:34:47</TIME>
          <TEMP_DEGC>22.600</TEMP_DEGC>
          <AIR_TEMP_DEGC>22.600</AIR_TEMP_DEGC>
          <RH_PRCNT>24.700</RH_PRCNT>
        </DATA>
        <DATA>
          <VOLTS>-6.010e-03</VOLTS>
          <CURRNT_NAMP>-2.000e+02</CURRNT_NAMP>
          <TIME>2021-09-28 01:34:48</TIME>
          <TEMP_DEGC>22.600</TEMP_DEGC>
          <AIR_TEMP_DEGC>22.600</AIR_TEMP_DEGC>
          <RH_PRCNT>24.700</RH_PRCNT>
        </DATA>
        <DATA>
          <VOLTS>-4.430e-03</VOLTS>
          <CURRNT_NAMP>-1.000e+02</CURRNT_NAMP>
          <TIME>2021-09-28 01:34:49</TIME>
          <TEMP_DEGC>22.600</TEMP_DEGC>
          <AIR_TEMP_DEGC>22.600</AIR_TEMP_DEGC>
          <RH_PRCNT>24.600</RH_PRCNT>
        </DATA>
        <DATA>
          <VOLTS>-2.850e-03</VOLTS>
          <CURRNT_NAMP>0.000e+00</CURRNT_NAMP>
          <TIME>2021-09-28 01:34:50</TIME>
          <TEMP_DEGC>22.600</TEMP_DEGC>
          <AIR_TEMP_DEGC>22.600</AIR_TEMP_DEGC>
          <RH_PRCNT>24.600</RH_PRCNT>
        </DATA>
        <DATA>
          <VOLTS>-1.900e-03</VOLTS>
          <CURRNT_NAMP>1.000e+02</CURRNT_NAMP>
          <TIME>2021-09-28 01:34:51</TIME>
          <TEMP_DEGC>22.600</TEMP_DEGC>
          <AIR_TEMP_DEGC>22.600</AIR_TEMP_DEGC>
          <RH_PRCNT>24.600</RH_PRCNT>
        </DATA>
        <DATA>
          <VOLTS>-1.500e-04</VOLTS>
          <CURRNT_NAMP>2.000e+02</CURRNT_NAMP>
          <TIME>2021-09-28 01:34:52</TIME>
          <TEMP_DEGC>22.600</TEMP_DEGC>
          <AIR_TEMP_DEGC>22.600</AIR_TEMP_DEGC>
          <RH_PRCNT>24.600</RH_PRCNT>
        </DATA>
        <DATA>
          <VOLTS>1.590e-03</VOLTS>
          <CURRNT_NAMP>3.000e+02</CURRNT_NAMP>
          <TIME>2021-09-28 01:34:53</TIME>
          <TEMP_DEGC>22.600</TEMP_DEGC>
          <AIR_TEMP_DEGC>22.600</AIR_TEMP_DEGC>
          <RH_PRCNT>24.600</RH_PRCNT>
        </DATA>
        <DATA>
          <VOLTS>3.340e-03</VOLTS>
          <CURRNT_NAMP>4.000e+02</CURRNT_NAMP>
          <TIME>2021-09-28 01:34:54</TIME>
          <TEMP_DEGC>22.600</TEMP_DEGC>
          <AIR_TEMP_DEGC>22.600</AIR_TEMP_DEGC>
          <RH_PRCNT>24.600</RH_PRCNT>
        </DATA>
        <DATA>
          <VOLTS>5.090e-03</VOLTS>
          <CURRNT_NAMP>5.000e+02</CURRNT_NAMP>
          <TIME>2021-09-28 01:34:55</TIME>
          <TEMP_DEGC>22.600</TEMP_DEGC>
          <AIR_TEMP_DEGC>22.600</AIR_TEMP_DEGC>
          <RH_PRCNT>24.600</RH_PRCNT>
        </DATA>
        <DATA>
          <VOLTS>6.680e-03</VOLTS>
          <CURRNT_NAMP>6.000e+02</CURRNT_NAMP>
          <TIME>2021-09-28 01:34:56</TIME>
          <TEMP_DEGC>22.600</TEMP_DEGC>
          <AIR_TEMP_DEGC>22.600</AIR_TEMP_DEGC>
          <RH_PRCNT>24.600</RH_PRCNT>
        </DATA>
        <DATA>
          <VOLTS>8.280e-03</VOLTS>
          <CURRNT_NAMP>7.000e+02</CURRNT_NAMP>
          <TIME>2021-09-28 01:34:57</TIME>
          <TEMP_DEGC>22.600</TEMP_DEGC>
          <AIR_TEMP_DEGC>22.600</AIR_TEMP_DEGC>
          <RH_PRCNT>24.600</RH_PRCNT>
        </DATA>
        <DATA>
          <VOLTS>9.880e-03</VOLTS>
          <CURRNT_NAMP>8.000e+02</CURRNT_NAMP>
          <TIME>2021-09-28 01:34:58</TIME>
          <TEMP_DEGC>22.700</TEMP_DEGC>
          <AIR_TEMP_DEGC>22.700</AIR_TEMP_DEGC>
          <RH_PRCNT>24.600</RH_PRCNT>
        </DATA>
        <DATA>
          <VOLTS>1.148e-02</VOLTS>
          <CURRNT_NAMP>9.000e+02</CURRNT_NAMP>
          <TIME>2021-09-28 01:35:00</TIME>
          <TEMP_DEGC>22.600</TEMP_DEGC>
          <AIR_TEMP_DEGC>22.600</AIR_TEMP_DEGC>
          <RH_PRCNT>24.600</RH_PRCNT>
        </DATA>
        <DATA>
          <VOLTS>1.309e-02</VOLTS>
          <CURRNT_NAMP>1.000e+03</CURRNT_NAMP>
          <TIME>2021-09-28 01:35:01</TIME>
          <TEMP_DEGC>22.700</TEMP_DEGC>
          <AIR_TEMP_DEGC>22.700</AIR_TEMP_DEGC>
          <RH_PRCNT>24.600</RH_PRCNT>
        </DATA>
        <DATA>
          <VOLTS>1.469e-02</VOLTS>
          <CURRNT_NAMP>1.100e+03</CURRNT_NAMP>
          <TIME>2021-09-28 01:35:02</TIME>
          <TEMP_DEGC>22.700</TEMP_DEGC>
          <AIR_TEMP_DEGC>22.700</AIR_TEMP_DEGC>
          <RH_PRCNT>24.600</RH_PRCNT>
        </DATA>
        <DATA>
          <VOLTS>1.566e-02</VOLTS>
          <CURRNT_NAMP>1.200e+03</CURRNT_NAMP>
          <TIME>2021-09-28 01:35:03</TIME>
          <TEMP_DEGC>22.600</TEMP_DEGC>
          <AIR_TEMP_DEGC>22.600</AIR_TEMP_DEGC>
          <RH_PRCNT>24.600</RH_PRCNT>
        </DATA>
        <DATA>
          <VOLTS>1.743e-02</VOLTS>
          <CURRNT_NAMP>1.300e+03</CURRNT_NAMP>
          <TIME>2021-09-28 01:35:04</TIME>
          <TEMP_DEGC>22.600</TEMP_DEGC>
          <AIR_TEMP_DEGC>22.600</AIR_TEMP_DEGC>
          <RH_PRCNT>24.600</RH_PRCNT>
        </DATA>
        <DATA>
          <VOLTS>1.920e-02</VOLTS>
          <CURRNT_NAMP>1.400e+03</CURRNT_NAMP>
          <TIME>2021-09-28 01:35:05</TIME>
          <TEMP_DEGC>22.600</TEMP_DEGC>
          <AIR_TEMP_DEGC>22.600</AIR_TEMP_DEGC>
          <RH_PRCNT>24.600</RH_PRCNT>
        </DATA>
        <DATA>
          <VOLTS>2.097e-02</VOLTS>
          <CURRNT_NAMP>1.500e+03</CURRNT_NAMP>
          <TIME>2021-09-28 01:35:06</TIME>
          <TEMP_DEGC>22.600</TEMP_DEGC>
          <AIR_TEMP_DEGC>22.600</AIR_TEMP_DEGC>
          <RH_PRCNT>24.600</RH_PRCNT>
        </DATA>
        <DATA>
          <VOLTS>2.210e-02</VOLTS>
          <CURRNT_NAMP>1.600e+03</CURRNT_NAMP>
          <TIME>2021-09-28 01:35:07</TIME>
          <TEMP_DEGC>22.600</TEMP_DEGC>
          <AIR_TEMP_DEGC>22.600</AIR_TEMP_DEGC>
          <RH_PRCNT>24.600</RH_PRCNT>
        </DATA>
        <DATA>
          <VOLTS>2.388e-02</VOLTS>
          <CURRNT_NAMP>1.700e+03</CURRNT_NAMP>
          <TIME>2021-09-28 01:35:08</TIME>
          <TEMP_DEGC>22.600</TEMP_DEGC>
          <AIR_TEMP_DEGC>22.600</AIR_TEMP_DEGC>
          <RH_PRCNT>24.600</RH_PRCNT>
        </DATA>
        <DATA>
          <VOLTS>2.501e-02</VOLTS>
          <CURRNT_NAMP>1.800e+03</CURRNT_NAMP>
          <TIME>2021-09-28 01:35:09</TIME>
          <TEMP_DEGC>22.600</TEMP_DEGC>
          <AIR_TEMP_DEGC>22.600</AIR_TEMP_DEGC>
          <RH_PRCNT>24.600</RH_PRCNT>
        </DATA>
        <DATA>
          <VOLTS>2.631e-02</VOLTS>
          <CURRNT_NAMP>1.900e+03</CURRNT_NAMP>
          <TIME>2021-09-28 01:35:10</TIME>
          <TEMP_DEGC>22.600</TEMP_DEGC>
          <AIR_TEMP_DEGC>22.600</AIR_TEMP_DEGC>
          <RH_PRCNT>24.600</RH_PRCNT>
        </DATA>
        <DATA>
          <VOLTS>2.841e-02</VOLTS>
          <CURRNT_NAMP>2.000e+03</CURRNT_NAMP>
          <TIME>2021-09-28 01:35:11</TIME>
          <TEMP_DEGC>22.600</TEMP_DEGC>
          <AIR_TEMP_DEGC>22.600</AIR_TEMP_DEGC>
          <RH_PRCNT>24.600</RH_PRCNT>
        </DATA>
        <CHILD_DATA_SET>
          <HEADER>
            <TYPE>
              <EXTENSION_TABLE_NAME>HALFMOON_IV_PAR</EXTENSION_TABLE_NAME>
              <NAME>Tracker Halfmoon IV Parameters</NAME>
            </TYPE>
          </HEADER>
          <DATA_SET>
            <COMMENT_DESCRIPTION>Test</COMMENT_DESCRIPTION>
            <VERSION>IV_measurement</VERSION>
            <PART>
              <NAME_LABEL>37400_015_2-S_HM_WW</NAME_LABEL>
              <KIND_OF_PART>2S Halfmoon W</KIND_OF_PART>
            </PART>
            <DATA>
              <RSH_OHMSQR>7.304e+04</RSH_OHMSQR>
              <R_OHM>1.612e+04</R_OHM>
              <RHO_KOHMCM>3.520</RHO_KOHMCM>
            </DATA>
          </DATA_SET>
        </CHILD_DATA_SET>
      </DATA_SET>
    </CHILD_DATA_SET>
  </DATA_SET>
</ROOT>
