<?xml version="1.0"?>
<ROOT>
  <HEADER>
    <TYPE>
      <EXTENSION_TABLE_NAME>HALFMOON_METADATA</EXTENSION_TABLE_NAME>
      <NAME>Tracker Halfmoon Metadata</NAME>
    </TYPE>
    <RUN mode="SEQUENCE_NUMBER" sequence="TRK_OT_RUN_SEQ">
      <RUN_TYPE>PQC</RUN_TYPE>
      <LOCATION>Demokritos</LOCATION>
      <INITIATED_BY_USER>A. Kyriakis</INITIATED_BY_USER>
      <RUN_BEGIN_TIMESTAMP>2021-09-24 16:36:59</RUN_BEGIN_TIMESTAMP>
      <COMMENT_DESCRIPTION>Test</COMMENT_DESCRIPTION>
    </RUN>
  </HEADER>
  <DATA_SET>
    <COMMENT_DESCRIPTION>Metadata with flute and structure</COMMENT_DESCRIPTION>
    <VERSION>IV_measurement</VERSION>
    <PART>
      <NAME_LABEL>37400_006_2-S_HM_EE</NAME_LABEL>
      <KIND_OF_PART>2S Halfmoon E</KIND_OF_PART>
    </PART>
    <DATA>
      <KIND_OF_HM_FLUTE_ID>PQC3</KIND_OF_HM_FLUTE_ID>
      <KIND_OF_HM_STRUCT_ID>CLOVER_METAL</KIND_OF_HM_STRUCT_ID>
      <KIND_OF_HM_SET_ID>Left</KIND_OF_HM_SET_ID>
      <KIND_OF_HM_CONFIG_ID>Rotated</KIND_OF_HM_CONFIG_ID>
      <EQUIPMENT>KEITHLEY 2410</EQUIPMENT>
      <WAITING_TIME_S>0.200</WAITING_TIME_S>
      <TEMP_SET_DEGC>21.200</TEMP_SET_DEGC>
      <AV_TEMP_DEGC>21.200</AV_TEMP_DEGC>
      <PROCEDURE_TYPE>CLOVER_METAL</PROCEDURE_TYPE>
      <FILE_NAME>Demokritos_VPX37400_006_2-S_HM_E_Left_PQC3_CloverMetal_r.xml</FILE_NAME>
    </DATA>
    <CHILD_DATA_SET>
      <HEADER>
        <TYPE>
          <EXTENSION_TABLE_NAME>TEST_SENSOR_IV</EXTENSION_TABLE_NAME>
          <NAME>Tracker Halfmoon IV Test</NAME>
        </TYPE>
      </HEADER>
      <DATA_SET>
        <COMMENT_DESCRIPTION>Test</COMMENT_DESCRIPTION>
        <VERSION>IV_measurement</VERSION>
        <PART>
          <NAME_LABEL>37400_006_2-S_HM_EE</NAME_LABEL>
          <KIND_OF_PART>2S Halfmoon E</KIND_OF_PART>
        </PART>
        <DATA>
          <VOLTS>-3.900e-04</VOLTS>
          <CURRNT_NAMP>-1.000e+08</CURRNT_NAMP>
          <TIME>2021-09-24 04:36:59</TIME>
          <TEMP_DEGC>21.200</TEMP_DEGC>
          <AIR_TEMP_DEGC>21.200</AIR_TEMP_DEGC>
          <RH_PRCNT>20.000</RH_PRCNT>
        </DATA>
        <DATA>
          <VOLTS>-3.900e-04</VOLTS>
          <CURRNT_NAMP>-9.500e+07</CURRNT_NAMP>
          <TIME>2021-09-24 04:37:00</TIME>
          <TEMP_DEGC>21.200</TEMP_DEGC>
          <AIR_TEMP_DEGC>21.200</AIR_TEMP_DEGC>
          <RH_PRCNT>20.000</RH_PRCNT>
        </DATA>
        <DATA>
          <VOLTS>-3.800e-04</VOLTS>
          <CURRNT_NAMP>-9.000e+07</CURRNT_NAMP>
          <TIME>2021-09-24 04:37:01</TIME>
          <TEMP_DEGC>21.200</TEMP_DEGC>
          <AIR_TEMP_DEGC>21.200</AIR_TEMP_DEGC>
          <RH_PRCNT>20.000</RH_PRCNT>
        </DATA>
        <DATA>
          <VOLTS>-3.700e-04</VOLTS>
          <CURRNT_NAMP>-8.500e+07</CURRNT_NAMP>
          <TIME>2021-09-24 04:37:02</TIME>
          <TEMP_DEGC>21.200</TEMP_DEGC>
          <AIR_TEMP_DEGC>21.200</AIR_TEMP_DEGC>
          <RH_PRCNT>20.000</RH_PRCNT>
        </DATA>
        <DATA>
          <VOLTS>-3.500e-04</VOLTS>
          <CURRNT_NAMP>-8.000e+07</CURRNT_NAMP>
          <TIME>2021-09-24 04:37:03</TIME>
          <TEMP_DEGC>21.200</TEMP_DEGC>
          <AIR_TEMP_DEGC>21.200</AIR_TEMP_DEGC>
          <RH_PRCNT>20.000</RH_PRCNT>
        </DATA>
        <DATA>
          <VOLTS>-3.300e-04</VOLTS>
          <CURRNT_NAMP>-7.500e+07</CURRNT_NAMP>
          <TIME>2021-09-24 04:37:04</TIME>
          <TEMP_DEGC>21.200</TEMP_DEGC>
          <AIR_TEMP_DEGC>21.200</AIR_TEMP_DEGC>
          <RH_PRCNT>20.000</RH_PRCNT>
        </DATA>
        <DATA>
          <VOLTS>-3.100e-04</VOLTS>
          <CURRNT_NAMP>-7.000e+07</CURRNT_NAMP>
          <TIME>2021-09-24 04:37:05</TIME>
          <TEMP_DEGC>21.200</TEMP_DEGC>
          <AIR_TEMP_DEGC>21.200</AIR_TEMP_DEGC>
          <RH_PRCNT>20.000</RH_PRCNT>
        </DATA>
        <DATA>
          <VOLTS>-2.900e-04</VOLTS>
          <CURRNT_NAMP>-6.500e+07</CURRNT_NAMP>
          <TIME>2021-09-24 04:37:06</TIME>
          <TEMP_DEGC>21.200</TEMP_DEGC>
          <AIR_TEMP_DEGC>21.200</AIR_TEMP_DEGC>
          <RH_PRCNT>20.000</RH_PRCNT>
        </DATA>
        <DATA>
          <VOLTS>-2.700e-04</VOLTS>
          <CURRNT_NAMP>-6.000e+07</CURRNT_NAMP>
          <TIME>2021-09-24 04:37:07</TIME>
          <TEMP_DEGC>21.200</TEMP_DEGC>
          <AIR_TEMP_DEGC>21.200</AIR_TEMP_DEGC>
          <RH_PRCNT>20.000</RH_PRCNT>
        </DATA>
        <DATA>
          <VOLTS>-2.500e-04</VOLTS>
          <CURRNT_NAMP>-5.500e+07</CURRNT_NAMP>
          <TIME>2021-09-24 04:37:08</TIME>
          <TEMP_DEGC>21.200</TEMP_DEGC>
          <AIR_TEMP_DEGC>21.200</AIR_TEMP_DEGC>
          <RH_PRCNT>20.000</RH_PRCNT>
        </DATA>
        <DATA>
          <VOLTS>-2.300e-04</VOLTS>
          <CURRNT_NAMP>-5.000e+07</CURRNT_NAMP>
          <TIME>2021-09-24 04:37:09</TIME>
          <TEMP_DEGC>21.200</TEMP_DEGC>
          <AIR_TEMP_DEGC>21.200</AIR_TEMP_DEGC>
          <RH_PRCNT>20.000</RH_PRCNT>
        </DATA>
        <DATA>
          <VOLTS>-2.100e-04</VOLTS>
          <CURRNT_NAMP>-4.500e+07</CURRNT_NAMP>
          <TIME>2021-09-24 04:37:10</TIME>
          <TEMP_DEGC>21.200</TEMP_DEGC>
          <AIR_TEMP_DEGC>21.200</AIR_TEMP_DEGC>
          <RH_PRCNT>20.000</RH_PRCNT>
        </DATA>
        <DATA>
          <VOLTS>-1.900e-04</VOLTS>
          <CURRNT_NAMP>-4.000e+07</CURRNT_NAMP>
          <TIME>2021-09-24 04:37:11</TIME>
          <TEMP_DEGC>21.200</TEMP_DEGC>
          <AIR_TEMP_DEGC>21.200</AIR_TEMP_DEGC>
          <RH_PRCNT>20.000</RH_PRCNT>
        </DATA>
        <DATA>
          <VOLTS>-1.700e-04</VOLTS>
          <CURRNT_NAMP>-3.500e+07</CURRNT_NAMP>
          <TIME>2021-09-24 04:37:12</TIME>
          <TEMP_DEGC>21.200</TEMP_DEGC>
          <AIR_TEMP_DEGC>21.200</AIR_TEMP_DEGC>
          <RH_PRCNT>20.000</RH_PRCNT>
        </DATA>
        <DATA>
          <VOLTS>-1.500e-04</VOLTS>
          <CURRNT_NAMP>-3.000e+07</CURRNT_NAMP>
          <TIME>2021-09-24 04:37:14</TIME>
          <TEMP_DEGC>21.200</TEMP_DEGC>
          <AIR_TEMP_DEGC>21.200</AIR_TEMP_DEGC>
          <RH_PRCNT>20.000</RH_PRCNT>
        </DATA>
        <DATA>
          <VOLTS>-1.300e-04</VOLTS>
          <CURRNT_NAMP>-2.500e+07</CURRNT_NAMP>
          <TIME>2021-09-24 04:37:15</TIME>
          <TEMP_DEGC>21.200</TEMP_DEGC>
          <AIR_TEMP_DEGC>21.200</AIR_TEMP_DEGC>
          <RH_PRCNT>20.000</RH_PRCNT>
        </DATA>
        <DATA>
          <VOLTS>-1.100e-04</VOLTS>
          <CURRNT_NAMP>-2.000e+07</CURRNT_NAMP>
          <TIME>2021-09-24 04:37:16</TIME>
          <TEMP_DEGC>21.200</TEMP_DEGC>
          <AIR_TEMP_DEGC>21.200</AIR_TEMP_DEGC>
          <RH_PRCNT>20.000</RH_PRCNT>
        </DATA>
        <DATA>
          <VOLTS>-9.000e-05</VOLTS>
          <CURRNT_NAMP>-1.500e+07</CURRNT_NAMP>
          <TIME>2021-09-24 04:37:17</TIME>
          <TEMP_DEGC>21.200</TEMP_DEGC>
          <AIR_TEMP_DEGC>21.200</AIR_TEMP_DEGC>
          <RH_PRCNT>20.000</RH_PRCNT>
        </DATA>
        <DATA>
          <VOLTS>-7.000e-05</VOLTS>
          <CURRNT_NAMP>-1.000e+07</CURRNT_NAMP>
          <TIME>2021-09-24 04:37:18</TIME>
          <TEMP_DEGC>21.200</TEMP_DEGC>
          <AIR_TEMP_DEGC>21.200</AIR_TEMP_DEGC>
          <RH_PRCNT>20.000</RH_PRCNT>
        </DATA>
        <DATA>
          <VOLTS>-5.000e-05</VOLTS>
          <CURRNT_NAMP>-5.000e+06</CURRNT_NAMP>
          <TIME>2021-09-24 04:37:19</TIME>
          <TEMP_DEGC>21.200</TEMP_DEGC>
          <AIR_TEMP_DEGC>21.200</AIR_TEMP_DEGC>
          <RH_PRCNT>20.000</RH_PRCNT>
        </DATA>
        <DATA>
          <VOLTS>-3.000e-05</VOLTS>
          <CURRNT_NAMP>0.000e+00</CURRNT_NAMP>
          <TIME>2021-09-24 04:37:20</TIME>
          <TEMP_DEGC>21.200</TEMP_DEGC>
          <AIR_TEMP_DEGC>21.200</AIR_TEMP_DEGC>
          <RH_PRCNT>20.000</RH_PRCNT>
        </DATA>
        <DATA>
          <VOLTS>-2.000e-05</VOLTS>
          <CURRNT_NAMP>5.000e+06</CURRNT_NAMP>
          <TIME>2021-09-24 04:37:21</TIME>
          <TEMP_DEGC>21.200</TEMP_DEGC>
          <AIR_TEMP_DEGC>21.200</AIR_TEMP_DEGC>
          <RH_PRCNT>20.000</RH_PRCNT>
        </DATA>
        <DATA>
          <VOLTS>-0.000e+00</VOLTS>
          <CURRNT_NAMP>1.000e+07</CURRNT_NAMP>
          <TIME>2021-09-24 04:37:22</TIME>
          <TEMP_DEGC>21.200</TEMP_DEGC>
          <AIR_TEMP_DEGC>21.200</AIR_TEMP_DEGC>
          <RH_PRCNT>20.000</RH_PRCNT>
        </DATA>
        <DATA>
          <VOLTS>2.000e-05</VOLTS>
          <CURRNT_NAMP>1.500e+07</CURRNT_NAMP>
          <TIME>2021-09-24 04:37:23</TIME>
          <TEMP_DEGC>21.200</TEMP_DEGC>
          <AIR_TEMP_DEGC>21.200</AIR_TEMP_DEGC>
          <RH_PRCNT>20.000</RH_PRCNT>
        </DATA>
        <DATA>
          <VOLTS>4.000e-05</VOLTS>
          <CURRNT_NAMP>2.000e+07</CURRNT_NAMP>
          <TIME>2021-09-24 04:37:24</TIME>
          <TEMP_DEGC>21.200</TEMP_DEGC>
          <AIR_TEMP_DEGC>21.200</AIR_TEMP_DEGC>
          <RH_PRCNT>20.000</RH_PRCNT>
        </DATA>
        <DATA>
          <VOLTS>6.000e-05</VOLTS>
          <CURRNT_NAMP>2.500e+07</CURRNT_NAMP>
          <TIME>2021-09-24 04:37:25</TIME>
          <TEMP_DEGC>21.200</TEMP_DEGC>
          <AIR_TEMP_DEGC>21.200</AIR_TEMP_DEGC>
          <RH_PRCNT>20.000</RH_PRCNT>
        </DATA>
        <DATA>
          <VOLTS>8.000e-05</VOLTS>
          <CURRNT_NAMP>3.000e+07</CURRNT_NAMP>
          <TIME>2021-09-24 04:37:26</TIME>
          <TEMP_DEGC>21.200</TEMP_DEGC>
          <AIR_TEMP_DEGC>21.200</AIR_TEMP_DEGC>
          <RH_PRCNT>20.000</RH_PRCNT>
        </DATA>
        <DATA>
          <VOLTS>1.000e-04</VOLTS>
          <CURRNT_NAMP>3.500e+07</CURRNT_NAMP>
          <TIME>2021-09-24 04:37:27</TIME>
          <TEMP_DEGC>21.200</TEMP_DEGC>
          <AIR_TEMP_DEGC>21.200</AIR_TEMP_DEGC>
          <RH_PRCNT>20.000</RH_PRCNT>
        </DATA>
        <DATA>
          <VOLTS>1.200e-04</VOLTS>
          <CURRNT_NAMP>4.000e+07</CURRNT_NAMP>
          <TIME>2021-09-24 04:37:29</TIME>
          <TEMP_DEGC>21.200</TEMP_DEGC>
          <AIR_TEMP_DEGC>21.200</AIR_TEMP_DEGC>
          <RH_PRCNT>20.000</RH_PRCNT>
        </DATA>
        <DATA>
          <VOLTS>1.400e-04</VOLTS>
          <CURRNT_NAMP>4.500e+07</CURRNT_NAMP>
          <TIME>2021-09-24 04:37:30</TIME>
          <TEMP_DEGC>21.200</TEMP_DEGC>
          <AIR_TEMP_DEGC>21.200</AIR_TEMP_DEGC>
          <RH_PRCNT>20.000</RH_PRCNT>
        </DATA>
        <DATA>
          <VOLTS>1.500e-04</VOLTS>
          <CURRNT_NAMP>5.000e+07</CURRNT_NAMP>
          <TIME>2021-09-24 04:37:31</TIME>
          <TEMP_DEGC>21.200</TEMP_DEGC>
          <AIR_TEMP_DEGC>21.200</AIR_TEMP_DEGC>
          <RH_PRCNT>20.000</RH_PRCNT>
        </DATA>
        <DATA>
          <VOLTS>1.800e-04</VOLTS>
          <CURRNT_NAMP>5.500e+07</CURRNT_NAMP>
          <TIME>2021-09-24 04:37:32</TIME>
          <TEMP_DEGC>21.200</TEMP_DEGC>
          <AIR_TEMP_DEGC>21.200</AIR_TEMP_DEGC>
          <RH_PRCNT>20.000</RH_PRCNT>
        </DATA>
        <DATA>
          <VOLTS>2.000e-04</VOLTS>
          <CURRNT_NAMP>6.000e+07</CURRNT_NAMP>
          <TIME>2021-09-24 04:37:33</TIME>
          <TEMP_DEGC>21.200</TEMP_DEGC>
          <AIR_TEMP_DEGC>21.200</AIR_TEMP_DEGC>
          <RH_PRCNT>20.000</RH_PRCNT>
        </DATA>
        <DATA>
          <VOLTS>2.200e-04</VOLTS>
          <CURRNT_NAMP>6.500e+07</CURRNT_NAMP>
          <TIME>2021-09-24 04:37:34</TIME>
          <TEMP_DEGC>21.200</TEMP_DEGC>
          <AIR_TEMP_DEGC>21.200</AIR_TEMP_DEGC>
          <RH_PRCNT>20.000</RH_PRCNT>
        </DATA>
        <DATA>
          <VOLTS>2.400e-04</VOLTS>
          <CURRNT_NAMP>7.000e+07</CURRNT_NAMP>
          <TIME>2021-09-24 04:37:35</TIME>
          <TEMP_DEGC>21.200</TEMP_DEGC>
          <AIR_TEMP_DEGC>21.200</AIR_TEMP_DEGC>
          <RH_PRCNT>20.000</RH_PRCNT>
        </DATA>
        <DATA>
          <VOLTS>2.600e-04</VOLTS>
          <CURRNT_NAMP>7.500e+07</CURRNT_NAMP>
          <TIME>2021-09-24 04:37:36</TIME>
          <TEMP_DEGC>21.200</TEMP_DEGC>
          <AIR_TEMP_DEGC>21.200</AIR_TEMP_DEGC>
          <RH_PRCNT>20.000</RH_PRCNT>
        </DATA>
        <DATA>
          <VOLTS>2.800e-04</VOLTS>
          <CURRNT_NAMP>8.000e+07</CURRNT_NAMP>
          <TIME>2021-09-24 04:37:37</TIME>
          <TEMP_DEGC>21.200</TEMP_DEGC>
          <AIR_TEMP_DEGC>21.200</AIR_TEMP_DEGC>
          <RH_PRCNT>20.000</RH_PRCNT>
        </DATA>
        <DATA>
          <VOLTS>3.000e-04</VOLTS>
          <CURRNT_NAMP>8.500e+07</CURRNT_NAMP>
          <TIME>2021-09-24 04:37:38</TIME>
          <TEMP_DEGC>21.200</TEMP_DEGC>
          <AIR_TEMP_DEGC>21.200</AIR_TEMP_DEGC>
          <RH_PRCNT>20.000</RH_PRCNT>
        </DATA>
        <DATA>
          <VOLTS>3.200e-04</VOLTS>
          <CURRNT_NAMP>9.000e+07</CURRNT_NAMP>
          <TIME>2021-09-24 04:37:39</TIME>
          <TEMP_DEGC>21.200</TEMP_DEGC>
          <AIR_TEMP_DEGC>21.200</AIR_TEMP_DEGC>
          <RH_PRCNT>20.000</RH_PRCNT>
        </DATA>
        <DATA>
          <VOLTS>3.400e-04</VOLTS>
          <CURRNT_NAMP>9.500e+07</CURRNT_NAMP>
          <TIME>2021-09-24 04:37:40</TIME>
          <TEMP_DEGC>21.200</TEMP_DEGC>
          <AIR_TEMP_DEGC>21.200</AIR_TEMP_DEGC>
          <RH_PRCNT>20.000</RH_PRCNT>
        </DATA>
        <DATA>
          <VOLTS>3.600e-04</VOLTS>
          <CURRNT_NAMP>1.000e+08</CURRNT_NAMP>
          <TIME>2021-09-24 04:37:41</TIME>
          <TEMP_DEGC>21.200</TEMP_DEGC>
          <AIR_TEMP_DEGC>21.200</AIR_TEMP_DEGC>
          <RH_PRCNT>20.000</RH_PRCNT>
        </DATA>
        <CHILD_DATA_SET>
          <HEADER>
            <TYPE>
              <EXTENSION_TABLE_NAME>HALFMOON_IV_PAR</EXTENSION_TABLE_NAME>
              <NAME>Tracker Halfmoon IV Parameters</NAME>
            </TYPE>
          </HEADER>
          <DATA_SET>
            <COMMENT_DESCRIPTION>Test</COMMENT_DESCRIPTION>
            <VERSION>IV_measurement</VERSION>
            <PART>
              <NAME_LABEL>37400_006_2-S_HM_EE</NAME_LABEL>
              <KIND_OF_PART>2S Halfmoon E</KIND_OF_PART>
            </PART>
            <DATA>
              <RSH_OHMSQR>1.773e-02</RSH_OHMSQR>
              <R_OHM>3.912e-03</R_OHM>
            </DATA>
          </DATA_SET>
        </CHILD_DATA_SET>
      </DATA_SET>
    </CHILD_DATA_SET>
  </DATA_SET>
</ROOT>
