<?xml version="1.0"?>
<ROOT>
  <HEADER>
    <TYPE>
      <EXTENSION_TABLE_NAME>HALFMOON_METADATA</EXTENSION_TABLE_NAME>
      <NAME>Tracker Halfmoon Metadata</NAME>
    </TYPE>
    <RUN mode="SEQUENCE_NUMBER" sequence="TRK_OT_RUN_SEQ">
      <RUN_TYPE>PQC</RUN_TYPE>
      <LOCATION>Demokritos</LOCATION>
      <INITIATED_BY_USER>A. Kyriakis</INITIATED_BY_USER>
      <RUN_BEGIN_TIMESTAMP>2021-09-24 15:28:28</RUN_BEGIN_TIMESTAMP>
      <COMMENT_DESCRIPTION>Test</COMMENT_DESCRIPTION>
    </RUN>
  </HEADER>
  <DATA_SET>
    <COMMENT_DESCRIPTION>Metadata with flute and structure</COMMENT_DESCRIPTION>
    <VERSION>IV_measurement</VERSION>
    <PART>
      <NAME_LABEL>37400_006_2-S_HM_EE</NAME_LABEL>
      <KIND_OF_PART>2S Halfmoon E</KIND_OF_PART>
    </PART>
    <DATA>
      <KIND_OF_HM_FLUTE_ID>PQC3</KIND_OF_HM_FLUTE_ID>
      <KIND_OF_HM_STRUCT_ID>VDP_BULK</KIND_OF_HM_STRUCT_ID>
      <KIND_OF_HM_SET_ID>Left</KIND_OF_HM_SET_ID>
      <KIND_OF_HM_CONFIG_ID>Rotated</KIND_OF_HM_CONFIG_ID>
      <EQUIPMENT>KEITHLEY 2410</EQUIPMENT>
      <WAITING_TIME_S>0.200</WAITING_TIME_S>
      <TEMP_SET_DEGC>21.700</TEMP_SET_DEGC>
      <AV_TEMP_DEGC>21.700</AV_TEMP_DEGC>
      <PROCEDURE_TYPE>VDP_BULK</PROCEDURE_TYPE>
      <FILE_NAME>Demokritos_VPX37400_006_2-S_HM_E_Left_PQC3_VDPBulk_r.xml</FILE_NAME>
    </DATA>
    <CHILD_DATA_SET>
      <HEADER>
        <TYPE>
          <EXTENSION_TABLE_NAME>TEST_SENSOR_IV</EXTENSION_TABLE_NAME>
          <NAME>Tracker Halfmoon IV Test</NAME>
        </TYPE>
      </HEADER>
      <DATA_SET>
        <COMMENT_DESCRIPTION>Test</COMMENT_DESCRIPTION>
        <VERSION>IV_measurement</VERSION>
        <PART>
          <NAME_LABEL>37400_006_2-S_HM_EE</NAME_LABEL>
          <KIND_OF_PART>2S Halfmoon E</KIND_OF_PART>
        </PART>
        <DATA>
          <VOLTS>-3.392e-02</VOLTS>
          <CURRNT_NAMP>-2.000e+03</CURRNT_NAMP>
          <TIME>2021-09-24 03:28:28</TIME>
          <TEMP_DEGC>21.700</TEMP_DEGC>
          <AIR_TEMP_DEGC>21.700</AIR_TEMP_DEGC>
          <RH_PRCNT>21.200</RH_PRCNT>
        </DATA>
        <DATA>
          <VOLTS>-3.373e-02</VOLTS>
          <CURRNT_NAMP>-1.900e+03</CURRNT_NAMP>
          <TIME>2021-09-24 03:28:29</TIME>
          <TEMP_DEGC>21.700</TEMP_DEGC>
          <AIR_TEMP_DEGC>21.700</AIR_TEMP_DEGC>
          <RH_PRCNT>21.200</RH_PRCNT>
        </DATA>
        <DATA>
          <VOLTS>-3.297e-02</VOLTS>
          <CURRNT_NAMP>-1.800e+03</CURRNT_NAMP>
          <TIME>2021-09-24 03:28:30</TIME>
          <TEMP_DEGC>21.700</TEMP_DEGC>
          <AIR_TEMP_DEGC>21.700</AIR_TEMP_DEGC>
          <RH_PRCNT>21.200</RH_PRCNT>
        </DATA>
        <DATA>
          <VOLTS>-3.164e-02</VOLTS>
          <CURRNT_NAMP>-1.700e+03</CURRNT_NAMP>
          <TIME>2021-09-24 03:28:31</TIME>
          <TEMP_DEGC>21.700</TEMP_DEGC>
          <AIR_TEMP_DEGC>21.700</AIR_TEMP_DEGC>
          <RH_PRCNT>21.200</RH_PRCNT>
        </DATA>
        <DATA>
          <VOLTS>-2.971e-02</VOLTS>
          <CURRNT_NAMP>-1.600e+03</CURRNT_NAMP>
          <TIME>2021-09-24 03:28:32</TIME>
          <TEMP_DEGC>21.700</TEMP_DEGC>
          <AIR_TEMP_DEGC>21.700</AIR_TEMP_DEGC>
          <RH_PRCNT>21.200</RH_PRCNT>
        </DATA>
        <DATA>
          <VOLTS>-2.775e-02</VOLTS>
          <CURRNT_NAMP>-1.500e+03</CURRNT_NAMP>
          <TIME>2021-09-24 03:28:33</TIME>
          <TEMP_DEGC>21.700</TEMP_DEGC>
          <AIR_TEMP_DEGC>21.700</AIR_TEMP_DEGC>
          <RH_PRCNT>21.200</RH_PRCNT>
        </DATA>
        <DATA>
          <VOLTS>-2.578e-02</VOLTS>
          <CURRNT_NAMP>-1.400e+03</CURRNT_NAMP>
          <TIME>2021-09-24 03:28:34</TIME>
          <TEMP_DEGC>21.700</TEMP_DEGC>
          <AIR_TEMP_DEGC>21.700</AIR_TEMP_DEGC>
          <RH_PRCNT>21.200</RH_PRCNT>
        </DATA>
        <DATA>
          <VOLTS>-2.385e-02</VOLTS>
          <CURRNT_NAMP>-1.300e+03</CURRNT_NAMP>
          <TIME>2021-09-24 03:28:35</TIME>
          <TEMP_DEGC>21.700</TEMP_DEGC>
          <AIR_TEMP_DEGC>21.700</AIR_TEMP_DEGC>
          <RH_PRCNT>21.200</RH_PRCNT>
        </DATA>
        <DATA>
          <VOLTS>-2.199e-02</VOLTS>
          <CURRNT_NAMP>-1.200e+03</CURRNT_NAMP>
          <TIME>2021-09-24 03:28:36</TIME>
          <TEMP_DEGC>21.700</TEMP_DEGC>
          <AIR_TEMP_DEGC>21.700</AIR_TEMP_DEGC>
          <RH_PRCNT>21.200</RH_PRCNT>
        </DATA>
        <DATA>
          <VOLTS>-2.022e-02</VOLTS>
          <CURRNT_NAMP>-1.100e+03</CURRNT_NAMP>
          <TIME>2021-09-24 03:28:37</TIME>
          <TEMP_DEGC>21.700</TEMP_DEGC>
          <AIR_TEMP_DEGC>21.700</AIR_TEMP_DEGC>
          <RH_PRCNT>21.200</RH_PRCNT>
        </DATA>
        <DATA>
          <VOLTS>-1.851e-02</VOLTS>
          <CURRNT_NAMP>-1.000e+03</CURRNT_NAMP>
          <TIME>2021-09-24 03:28:38</TIME>
          <TEMP_DEGC>21.700</TEMP_DEGC>
          <AIR_TEMP_DEGC>21.700</AIR_TEMP_DEGC>
          <RH_PRCNT>21.200</RH_PRCNT>
        </DATA>
        <DATA>
          <VOLTS>-1.687e-02</VOLTS>
          <CURRNT_NAMP>-9.000e+02</CURRNT_NAMP>
          <TIME>2021-09-24 03:28:39</TIME>
          <TEMP_DEGC>21.700</TEMP_DEGC>
          <AIR_TEMP_DEGC>21.700</AIR_TEMP_DEGC>
          <RH_PRCNT>21.200</RH_PRCNT>
        </DATA>
        <DATA>
          <VOLTS>-1.528e-02</VOLTS>
          <CURRNT_NAMP>-8.000e+02</CURRNT_NAMP>
          <TIME>2021-09-24 03:28:40</TIME>
          <TEMP_DEGC>21.700</TEMP_DEGC>
          <AIR_TEMP_DEGC>21.700</AIR_TEMP_DEGC>
          <RH_PRCNT>21.200</RH_PRCNT>
        </DATA>
        <DATA>
          <VOLTS>-1.434e-02</VOLTS>
          <CURRNT_NAMP>-7.000e+02</CURRNT_NAMP>
          <TIME>2021-09-24 03:28:41</TIME>
          <TEMP_DEGC>21.700</TEMP_DEGC>
          <AIR_TEMP_DEGC>21.700</AIR_TEMP_DEGC>
          <RH_PRCNT>21.200</RH_PRCNT>
        </DATA>
        <DATA>
          <VOLTS>-1.263e-02</VOLTS>
          <CURRNT_NAMP>-6.000e+02</CURRNT_NAMP>
          <TIME>2021-09-24 03:28:42</TIME>
          <TEMP_DEGC>21.700</TEMP_DEGC>
          <AIR_TEMP_DEGC>21.700</AIR_TEMP_DEGC>
          <RH_PRCNT>21.200</RH_PRCNT>
        </DATA>
        <DATA>
          <VOLTS>-1.092e-02</VOLTS>
          <CURRNT_NAMP>-5.000e+02</CURRNT_NAMP>
          <TIME>2021-09-24 03:28:44</TIME>
          <TEMP_DEGC>21.600</TEMP_DEGC>
          <AIR_TEMP_DEGC>21.600</AIR_TEMP_DEGC>
          <RH_PRCNT>21.200</RH_PRCNT>
        </DATA>
        <DATA>
          <VOLTS>-9.200e-03</VOLTS>
          <CURRNT_NAMP>-4.000e+02</CURRNT_NAMP>
          <TIME>2021-09-24 03:28:45</TIME>
          <TEMP_DEGC>21.700</TEMP_DEGC>
          <AIR_TEMP_DEGC>21.700</AIR_TEMP_DEGC>
          <RH_PRCNT>21.200</RH_PRCNT>
        </DATA>
        <DATA>
          <VOLTS>-7.490e-03</VOLTS>
          <CURRNT_NAMP>-3.000e+02</CURRNT_NAMP>
          <TIME>2021-09-24 03:28:46</TIME>
          <TEMP_DEGC>21.700</TEMP_DEGC>
          <AIR_TEMP_DEGC>21.700</AIR_TEMP_DEGC>
          <RH_PRCNT>21.200</RH_PRCNT>
        </DATA>
        <DATA>
          <VOLTS>-5.930e-03</VOLTS>
          <CURRNT_NAMP>-2.000e+02</CURRNT_NAMP>
          <TIME>2021-09-24 03:28:47</TIME>
          <TEMP_DEGC>21.700</TEMP_DEGC>
          <AIR_TEMP_DEGC>21.700</AIR_TEMP_DEGC>
          <RH_PRCNT>21.200</RH_PRCNT>
        </DATA>
        <DATA>
          <VOLTS>-4.350e-03</VOLTS>
          <CURRNT_NAMP>-1.000e+02</CURRNT_NAMP>
          <TIME>2021-09-24 03:28:48</TIME>
          <TEMP_DEGC>21.700</TEMP_DEGC>
          <AIR_TEMP_DEGC>21.700</AIR_TEMP_DEGC>
          <RH_PRCNT>21.200</RH_PRCNT>
        </DATA>
        <DATA>
          <VOLTS>-2.770e-03</VOLTS>
          <CURRNT_NAMP>0.000e+00</CURRNT_NAMP>
          <TIME>2021-09-24 03:28:49</TIME>
          <TEMP_DEGC>21.700</TEMP_DEGC>
          <AIR_TEMP_DEGC>21.700</AIR_TEMP_DEGC>
          <RH_PRCNT>21.200</RH_PRCNT>
        </DATA>
        <DATA>
          <VOLTS>-1.820e-03</VOLTS>
          <CURRNT_NAMP>1.000e+02</CURRNT_NAMP>
          <TIME>2021-09-24 03:28:50</TIME>
          <TEMP_DEGC>21.700</TEMP_DEGC>
          <AIR_TEMP_DEGC>21.700</AIR_TEMP_DEGC>
          <RH_PRCNT>21.200</RH_PRCNT>
        </DATA>
        <DATA>
          <VOLTS>-9.000e-05</VOLTS>
          <CURRNT_NAMP>2.000e+02</CURRNT_NAMP>
          <TIME>2021-09-24 03:28:51</TIME>
          <TEMP_DEGC>21.700</TEMP_DEGC>
          <AIR_TEMP_DEGC>21.700</AIR_TEMP_DEGC>
          <RH_PRCNT>21.200</RH_PRCNT>
        </DATA>
        <DATA>
          <VOLTS>1.620e-03</VOLTS>
          <CURRNT_NAMP>3.000e+02</CURRNT_NAMP>
          <TIME>2021-09-24 03:28:52</TIME>
          <TEMP_DEGC>21.700</TEMP_DEGC>
          <AIR_TEMP_DEGC>21.700</AIR_TEMP_DEGC>
          <RH_PRCNT>21.200</RH_PRCNT>
        </DATA>
        <DATA>
          <VOLTS>3.350e-03</VOLTS>
          <CURRNT_NAMP>4.000e+02</CURRNT_NAMP>
          <TIME>2021-09-24 03:28:53</TIME>
          <TEMP_DEGC>21.700</TEMP_DEGC>
          <AIR_TEMP_DEGC>21.700</AIR_TEMP_DEGC>
          <RH_PRCNT>21.200</RH_PRCNT>
        </DATA>
        <DATA>
          <VOLTS>5.080e-03</VOLTS>
          <CURRNT_NAMP>5.000e+02</CURRNT_NAMP>
          <TIME>2021-09-24 03:28:54</TIME>
          <TEMP_DEGC>21.700</TEMP_DEGC>
          <AIR_TEMP_DEGC>21.700</AIR_TEMP_DEGC>
          <RH_PRCNT>21.200</RH_PRCNT>
        </DATA>
        <DATA>
          <VOLTS>6.650e-03</VOLTS>
          <CURRNT_NAMP>6.000e+02</CURRNT_NAMP>
          <TIME>2021-09-24 03:28:55</TIME>
          <TEMP_DEGC>21.700</TEMP_DEGC>
          <AIR_TEMP_DEGC>21.700</AIR_TEMP_DEGC>
          <RH_PRCNT>21.200</RH_PRCNT>
        </DATA>
        <DATA>
          <VOLTS>8.230e-03</VOLTS>
          <CURRNT_NAMP>7.000e+02</CURRNT_NAMP>
          <TIME>2021-09-24 03:28:56</TIME>
          <TEMP_DEGC>21.700</TEMP_DEGC>
          <AIR_TEMP_DEGC>21.700</AIR_TEMP_DEGC>
          <RH_PRCNT>21.200</RH_PRCNT>
        </DATA>
        <DATA>
          <VOLTS>9.810e-03</VOLTS>
          <CURRNT_NAMP>8.000e+02</CURRNT_NAMP>
          <TIME>2021-09-24 03:28:58</TIME>
          <TEMP_DEGC>21.700</TEMP_DEGC>
          <AIR_TEMP_DEGC>21.700</AIR_TEMP_DEGC>
          <RH_PRCNT>21.200</RH_PRCNT>
        </DATA>
        <DATA>
          <VOLTS>1.140e-02</VOLTS>
          <CURRNT_NAMP>9.000e+02</CURRNT_NAMP>
          <TIME>2021-09-24 03:28:59</TIME>
          <TEMP_DEGC>21.600</TEMP_DEGC>
          <AIR_TEMP_DEGC>21.600</AIR_TEMP_DEGC>
          <RH_PRCNT>21.200</RH_PRCNT>
        </DATA>
        <DATA>
          <VOLTS>1.235e-02</VOLTS>
          <CURRNT_NAMP>1.000e+03</CURRNT_NAMP>
          <TIME>2021-09-24 03:29:00</TIME>
          <TEMP_DEGC>21.600</TEMP_DEGC>
          <AIR_TEMP_DEGC>21.600</AIR_TEMP_DEGC>
          <RH_PRCNT>21.200</RH_PRCNT>
        </DATA>
        <DATA>
          <VOLTS>1.346e-02</VOLTS>
          <CURRNT_NAMP>1.100e+03</CURRNT_NAMP>
          <TIME>2021-09-24 03:29:01</TIME>
          <TEMP_DEGC>21.700</TEMP_DEGC>
          <AIR_TEMP_DEGC>21.700</AIR_TEMP_DEGC>
          <RH_PRCNT>21.200</RH_PRCNT>
        </DATA>
        <DATA>
          <VOLTS>1.537e-02</VOLTS>
          <CURRNT_NAMP>1.200e+03</CURRNT_NAMP>
          <TIME>2021-09-24 03:29:02</TIME>
          <TEMP_DEGC>21.700</TEMP_DEGC>
          <AIR_TEMP_DEGC>21.700</AIR_TEMP_DEGC>
          <RH_PRCNT>21.200</RH_PRCNT>
        </DATA>
        <DATA>
          <VOLTS>1.726e-02</VOLTS>
          <CURRNT_NAMP>1.300e+03</CURRNT_NAMP>
          <TIME>2021-09-24 03:29:03</TIME>
          <TEMP_DEGC>21.700</TEMP_DEGC>
          <AIR_TEMP_DEGC>21.700</AIR_TEMP_DEGC>
          <RH_PRCNT>21.200</RH_PRCNT>
        </DATA>
        <DATA>
          <VOLTS>1.915e-02</VOLTS>
          <CURRNT_NAMP>1.400e+03</CURRNT_NAMP>
          <TIME>2021-09-24 03:29:04</TIME>
          <TEMP_DEGC>21.700</TEMP_DEGC>
          <AIR_TEMP_DEGC>21.700</AIR_TEMP_DEGC>
          <RH_PRCNT>21.200</RH_PRCNT>
        </DATA>
        <DATA>
          <VOLTS>2.091e-02</VOLTS>
          <CURRNT_NAMP>1.500e+03</CURRNT_NAMP>
          <TIME>2021-09-24 03:29:05</TIME>
          <TEMP_DEGC>21.700</TEMP_DEGC>
          <AIR_TEMP_DEGC>21.700</AIR_TEMP_DEGC>
          <RH_PRCNT>21.200</RH_PRCNT>
        </DATA>
        <DATA>
          <VOLTS>2.252e-02</VOLTS>
          <CURRNT_NAMP>1.600e+03</CURRNT_NAMP>
          <TIME>2021-09-24 03:29:06</TIME>
          <TEMP_DEGC>21.700</TEMP_DEGC>
          <AIR_TEMP_DEGC>21.700</AIR_TEMP_DEGC>
          <RH_PRCNT>21.200</RH_PRCNT>
        </DATA>
        <DATA>
          <VOLTS>2.413e-02</VOLTS>
          <CURRNT_NAMP>1.700e+03</CURRNT_NAMP>
          <TIME>2021-09-24 03:29:07</TIME>
          <TEMP_DEGC>21.700</TEMP_DEGC>
          <AIR_TEMP_DEGC>21.700</AIR_TEMP_DEGC>
          <RH_PRCNT>21.200</RH_PRCNT>
        </DATA>
        <DATA>
          <VOLTS>2.574e-02</VOLTS>
          <CURRNT_NAMP>1.800e+03</CURRNT_NAMP>
          <TIME>2021-09-24 03:29:08</TIME>
          <TEMP_DEGC>21.700</TEMP_DEGC>
          <AIR_TEMP_DEGC>21.700</AIR_TEMP_DEGC>
          <RH_PRCNT>21.200</RH_PRCNT>
        </DATA>
        <DATA>
          <VOLTS>2.734e-02</VOLTS>
          <CURRNT_NAMP>1.900e+03</CURRNT_NAMP>
          <TIME>2021-09-24 03:29:09</TIME>
          <TEMP_DEGC>21.700</TEMP_DEGC>
          <AIR_TEMP_DEGC>21.700</AIR_TEMP_DEGC>
          <RH_PRCNT>21.200</RH_PRCNT>
        </DATA>
        <DATA>
          <VOLTS>2.894e-02</VOLTS>
          <CURRNT_NAMP>2.000e+03</CURRNT_NAMP>
          <TIME>2021-09-24 03:29:10</TIME>
          <TEMP_DEGC>21.700</TEMP_DEGC>
          <AIR_TEMP_DEGC>21.700</AIR_TEMP_DEGC>
          <RH_PRCNT>21.200</RH_PRCNT>
        </DATA>
        <CHILD_DATA_SET>
          <HEADER>
            <TYPE>
              <EXTENSION_TABLE_NAME>HALFMOON_IV_PAR</EXTENSION_TABLE_NAME>
              <NAME>Tracker Halfmoon IV Parameters</NAME>
            </TYPE>
          </HEADER>
          <DATA_SET>
            <COMMENT_DESCRIPTION>Test</COMMENT_DESCRIPTION>
            <VERSION>IV_measurement</VERSION>
            <PART>
              <NAME_LABEL>37400_006_2-S_HM_EE</NAME_LABEL>
              <KIND_OF_PART>2S Halfmoon E</KIND_OF_PART>
            </PART>
            <DATA>
              <RSH_OHMSQR>7.245e+04</RSH_OHMSQR>
              <R_OHM>1.599e+04</R_OHM>
              <RHO_KOHMCM>3.451</RHO_KOHMCM>
            </DATA>
          </DATA_SET>
        </CHILD_DATA_SET>
      </DATA_SET>
    </CHILD_DATA_SET>
  </DATA_SET>
</ROOT>
