<?xml version="1.0"?>
<ROOT>
  <HEADER>
    <TYPE>
      <EXTENSION_TABLE_NAME>HALFMOON_METADATA</EXTENSION_TABLE_NAME>
      <NAME>Tracker Halfmoon Metadata</NAME>
    </TYPE>
    <RUN mode="SEQUENCE_NUMBER" sequence="TRK_OT_RUN_SEQ">
      <RUN_TYPE>PQC</RUN_TYPE>
      <LOCATION>Demokritos</LOCATION>
      <INITIATED_BY_USER>A. Kyriakis</INITIATED_BY_USER>
      <RUN_BEGIN_TIMESTAMP>2021-09-24 15:30:55</RUN_BEGIN_TIMESTAMP>
      <COMMENT_DESCRIPTION>Test</COMMENT_DESCRIPTION>
    </RUN>
  </HEADER>
  <DATA_SET>
    <COMMENT_DESCRIPTION>Metadata with flute and structure</COMMENT_DESCRIPTION>
    <VERSION>IV_measurement</VERSION>
    <PART>
      <NAME_LABEL>37400_006_2-S_HM_EE</NAME_LABEL>
      <KIND_OF_PART>2S Halfmoon E</KIND_OF_PART>
    </PART>
    <DATA>
      <KIND_OF_HM_FLUTE_ID>PQC3</KIND_OF_HM_FLUTE_ID>
      <KIND_OF_HM_STRUCT_ID>VDP_EDGE</KIND_OF_HM_STRUCT_ID>
      <KIND_OF_HM_SET_ID>Left</KIND_OF_HM_SET_ID>
      <KIND_OF_HM_CONFIG_ID>Standard</KIND_OF_HM_CONFIG_ID>
      <EQUIPMENT>KEITHLEY 2410</EQUIPMENT>
      <WAITING_TIME_S>0.200</WAITING_TIME_S>
      <TEMP_SET_DEGC>21.700</TEMP_SET_DEGC>
      <AV_TEMP_DEGC>21.700</AV_TEMP_DEGC>
      <PROCEDURE_TYPE>VDP_EDGE</PROCEDURE_TYPE>
      <FILE_NAME>Demokritos_VPX37400_006_2-S_HM_E_Left_PQC3_VDPEdge_s.xml</FILE_NAME>
    </DATA>
    <CHILD_DATA_SET>
      <HEADER>
        <TYPE>
          <EXTENSION_TABLE_NAME>TEST_SENSOR_IV</EXTENSION_TABLE_NAME>
          <NAME>Tracker Halfmoon IV Test</NAME>
        </TYPE>
      </HEADER>
      <DATA_SET>
        <COMMENT_DESCRIPTION>Test</COMMENT_DESCRIPTION>
        <VERSION>IV_measurement</VERSION>
        <PART>
          <NAME_LABEL>37400_006_2-S_HM_EE</NAME_LABEL>
          <KIND_OF_PART>2S Halfmoon E</KIND_OF_PART>
        </PART>
        <DATA>
          <VOLTS>-3.460e-03</VOLTS>
          <CURRNT_NAMP>-1.000e+04</CURRNT_NAMP>
          <TIME>2021-09-24 03:30:55</TIME>
          <TEMP_DEGC>21.600</TEMP_DEGC>
          <AIR_TEMP_DEGC>21.600</AIR_TEMP_DEGC>
          <RH_PRCNT>21.300</RH_PRCNT>
        </DATA>
        <DATA>
          <VOLTS>-2.580e-03</VOLTS>
          <CURRNT_NAMP>-9.500e+03</CURRNT_NAMP>
          <TIME>2021-09-24 03:30:56</TIME>
          <TEMP_DEGC>21.600</TEMP_DEGC>
          <AIR_TEMP_DEGC>21.600</AIR_TEMP_DEGC>
          <RH_PRCNT>21.300</RH_PRCNT>
        </DATA>
        <DATA>
          <VOLTS>-1.930e-03</VOLTS>
          <CURRNT_NAMP>-9.000e+03</CURRNT_NAMP>
          <TIME>2021-09-24 03:30:57</TIME>
          <TEMP_DEGC>21.600</TEMP_DEGC>
          <AIR_TEMP_DEGC>21.600</AIR_TEMP_DEGC>
          <RH_PRCNT>21.300</RH_PRCNT>
        </DATA>
        <DATA>
          <VOLTS>-1.890e-03</VOLTS>
          <CURRNT_NAMP>-8.500e+03</CURRNT_NAMP>
          <TIME>2021-09-24 03:30:58</TIME>
          <TEMP_DEGC>21.600</TEMP_DEGC>
          <AIR_TEMP_DEGC>21.600</AIR_TEMP_DEGC>
          <RH_PRCNT>21.300</RH_PRCNT>
        </DATA>
        <DATA>
          <VOLTS>-4.160e-03</VOLTS>
          <CURRNT_NAMP>-8.000e+03</CURRNT_NAMP>
          <TIME>2021-09-24 03:30:59</TIME>
          <TEMP_DEGC>21.600</TEMP_DEGC>
          <AIR_TEMP_DEGC>21.600</AIR_TEMP_DEGC>
          <RH_PRCNT>21.300</RH_PRCNT>
        </DATA>
        <DATA>
          <VOLTS>-3.890e-03</VOLTS>
          <CURRNT_NAMP>-7.500e+03</CURRNT_NAMP>
          <TIME>2021-09-24 03:31:00</TIME>
          <TEMP_DEGC>21.700</TEMP_DEGC>
          <AIR_TEMP_DEGC>21.700</AIR_TEMP_DEGC>
          <RH_PRCNT>21.300</RH_PRCNT>
        </DATA>
        <DATA>
          <VOLTS>-3.280e-03</VOLTS>
          <CURRNT_NAMP>-7.000e+03</CURRNT_NAMP>
          <TIME>2021-09-24 03:31:01</TIME>
          <TEMP_DEGC>21.700</TEMP_DEGC>
          <AIR_TEMP_DEGC>21.700</AIR_TEMP_DEGC>
          <RH_PRCNT>21.300</RH_PRCNT>
        </DATA>
        <DATA>
          <VOLTS>-2.100e-03</VOLTS>
          <CURRNT_NAMP>-6.500e+03</CURRNT_NAMP>
          <TIME>2021-09-24 03:31:02</TIME>
          <TEMP_DEGC>21.700</TEMP_DEGC>
          <AIR_TEMP_DEGC>21.700</AIR_TEMP_DEGC>
          <RH_PRCNT>21.300</RH_PRCNT>
        </DATA>
        <DATA>
          <VOLTS>-2.140e-03</VOLTS>
          <CURRNT_NAMP>-6.000e+03</CURRNT_NAMP>
          <TIME>2021-09-24 03:31:03</TIME>
          <TEMP_DEGC>21.700</TEMP_DEGC>
          <AIR_TEMP_DEGC>21.700</AIR_TEMP_DEGC>
          <RH_PRCNT>21.300</RH_PRCNT>
        </DATA>
        <DATA>
          <VOLTS>-2.930e-03</VOLTS>
          <CURRNT_NAMP>-5.500e+03</CURRNT_NAMP>
          <TIME>2021-09-24 03:31:04</TIME>
          <TEMP_DEGC>21.700</TEMP_DEGC>
          <AIR_TEMP_DEGC>21.700</AIR_TEMP_DEGC>
          <RH_PRCNT>21.300</RH_PRCNT>
        </DATA>
        <DATA>
          <VOLTS>-3.470e-03</VOLTS>
          <CURRNT_NAMP>-5.000e+03</CURRNT_NAMP>
          <TIME>2021-09-24 03:31:05</TIME>
          <TEMP_DEGC>21.700</TEMP_DEGC>
          <AIR_TEMP_DEGC>21.700</AIR_TEMP_DEGC>
          <RH_PRCNT>21.200</RH_PRCNT>
        </DATA>
        <DATA>
          <VOLTS>-3.670e-03</VOLTS>
          <CURRNT_NAMP>-4.500e+03</CURRNT_NAMP>
          <TIME>2021-09-24 03:31:06</TIME>
          <TEMP_DEGC>21.700</TEMP_DEGC>
          <AIR_TEMP_DEGC>21.700</AIR_TEMP_DEGC>
          <RH_PRCNT>21.200</RH_PRCNT>
        </DATA>
        <DATA>
          <VOLTS>-3.050e-03</VOLTS>
          <CURRNT_NAMP>-4.000e+03</CURRNT_NAMP>
          <TIME>2021-09-24 03:31:07</TIME>
          <TEMP_DEGC>21.700</TEMP_DEGC>
          <AIR_TEMP_DEGC>21.700</AIR_TEMP_DEGC>
          <RH_PRCNT>21.200</RH_PRCNT>
        </DATA>
        <DATA>
          <VOLTS>-1.040e-03</VOLTS>
          <CURRNT_NAMP>-3.500e+03</CURRNT_NAMP>
          <TIME>2021-09-24 03:31:08</TIME>
          <TEMP_DEGC>21.700</TEMP_DEGC>
          <AIR_TEMP_DEGC>21.700</AIR_TEMP_DEGC>
          <RH_PRCNT>21.200</RH_PRCNT>
        </DATA>
        <DATA>
          <VOLTS>-5.300e-04</VOLTS>
          <CURRNT_NAMP>-3.000e+03</CURRNT_NAMP>
          <TIME>2021-09-24 03:31:10</TIME>
          <TEMP_DEGC>21.700</TEMP_DEGC>
          <AIR_TEMP_DEGC>21.700</AIR_TEMP_DEGC>
          <RH_PRCNT>21.200</RH_PRCNT>
        </DATA>
        <DATA>
          <VOLTS>-3.360e-03</VOLTS>
          <CURRNT_NAMP>-2.500e+03</CURRNT_NAMP>
          <TIME>2021-09-24 03:31:11</TIME>
          <TEMP_DEGC>21.700</TEMP_DEGC>
          <AIR_TEMP_DEGC>21.700</AIR_TEMP_DEGC>
          <RH_PRCNT>21.200</RH_PRCNT>
        </DATA>
        <DATA>
          <VOLTS>-3.060e-03</VOLTS>
          <CURRNT_NAMP>-2.000e+03</CURRNT_NAMP>
          <TIME>2021-09-24 03:31:12</TIME>
          <TEMP_DEGC>21.700</TEMP_DEGC>
          <AIR_TEMP_DEGC>21.700</AIR_TEMP_DEGC>
          <RH_PRCNT>21.200</RH_PRCNT>
        </DATA>
        <DATA>
          <VOLTS>-3.620e-03</VOLTS>
          <CURRNT_NAMP>-1.500e+03</CURRNT_NAMP>
          <TIME>2021-09-24 03:31:13</TIME>
          <TEMP_DEGC>21.600</TEMP_DEGC>
          <AIR_TEMP_DEGC>21.600</AIR_TEMP_DEGC>
          <RH_PRCNT>21.200</RH_PRCNT>
        </DATA>
        <DATA>
          <VOLTS>-1.000e-04</VOLTS>
          <CURRNT_NAMP>-1.000e+03</CURRNT_NAMP>
          <TIME>2021-09-24 03:31:14</TIME>
          <TEMP_DEGC>21.600</TEMP_DEGC>
          <AIR_TEMP_DEGC>21.600</AIR_TEMP_DEGC>
          <RH_PRCNT>21.200</RH_PRCNT>
        </DATA>
        <DATA>
          <VOLTS>-1.700e-04</VOLTS>
          <CURRNT_NAMP>-5.000e+02</CURRNT_NAMP>
          <TIME>2021-09-24 03:31:15</TIME>
          <TEMP_DEGC>21.600</TEMP_DEGC>
          <AIR_TEMP_DEGC>21.600</AIR_TEMP_DEGC>
          <RH_PRCNT>21.200</RH_PRCNT>
        </DATA>
        <DATA>
          <VOLTS>-2.300e-04</VOLTS>
          <CURRNT_NAMP>-1.694e-12</CURRNT_NAMP>
          <TIME>2021-09-24 03:31:16</TIME>
          <TEMP_DEGC>21.600</TEMP_DEGC>
          <AIR_TEMP_DEGC>21.600</AIR_TEMP_DEGC>
          <RH_PRCNT>21.200</RH_PRCNT>
        </DATA>
        <DATA>
          <VOLTS>-6.100e-04</VOLTS>
          <CURRNT_NAMP>5.000e+02</CURRNT_NAMP>
          <TIME>2021-09-24 03:31:17</TIME>
          <TEMP_DEGC>21.600</TEMP_DEGC>
          <AIR_TEMP_DEGC>21.600</AIR_TEMP_DEGC>
          <RH_PRCNT>21.200</RH_PRCNT>
        </DATA>
        <DATA>
          <VOLTS>-8.500e-04</VOLTS>
          <CURRNT_NAMP>1.000e+03</CURRNT_NAMP>
          <TIME>2021-09-24 03:31:18</TIME>
          <TEMP_DEGC>21.600</TEMP_DEGC>
          <AIR_TEMP_DEGC>21.600</AIR_TEMP_DEGC>
          <RH_PRCNT>21.300</RH_PRCNT>
        </DATA>
        <DATA>
          <VOLTS>-4.000e-04</VOLTS>
          <CURRNT_NAMP>1.500e+03</CURRNT_NAMP>
          <TIME>2021-09-24 03:31:19</TIME>
          <TEMP_DEGC>21.700</TEMP_DEGC>
          <AIR_TEMP_DEGC>21.700</AIR_TEMP_DEGC>
          <RH_PRCNT>21.200</RH_PRCNT>
        </DATA>
        <DATA>
          <VOLTS>5.100e-04</VOLTS>
          <CURRNT_NAMP>2.000e+03</CURRNT_NAMP>
          <TIME>2021-09-24 03:31:20</TIME>
          <TEMP_DEGC>21.700</TEMP_DEGC>
          <AIR_TEMP_DEGC>21.700</AIR_TEMP_DEGC>
          <RH_PRCNT>21.200</RH_PRCNT>
        </DATA>
        <DATA>
          <VOLTS>1.710e-03</VOLTS>
          <CURRNT_NAMP>2.500e+03</CURRNT_NAMP>
          <TIME>2021-09-24 03:31:21</TIME>
          <TEMP_DEGC>21.700</TEMP_DEGC>
          <AIR_TEMP_DEGC>21.700</AIR_TEMP_DEGC>
          <RH_PRCNT>21.200</RH_PRCNT>
        </DATA>
        <DATA>
          <VOLTS>2.560e-03</VOLTS>
          <CURRNT_NAMP>3.000e+03</CURRNT_NAMP>
          <TIME>2021-09-24 03:31:22</TIME>
          <TEMP_DEGC>21.700</TEMP_DEGC>
          <AIR_TEMP_DEGC>21.700</AIR_TEMP_DEGC>
          <RH_PRCNT>21.200</RH_PRCNT>
        </DATA>
        <DATA>
          <VOLTS>2.820e-03</VOLTS>
          <CURRNT_NAMP>3.500e+03</CURRNT_NAMP>
          <TIME>2021-09-24 03:31:23</TIME>
          <TEMP_DEGC>21.700</TEMP_DEGC>
          <AIR_TEMP_DEGC>21.700</AIR_TEMP_DEGC>
          <RH_PRCNT>21.200</RH_PRCNT>
        </DATA>
        <DATA>
          <VOLTS>3.640e-03</VOLTS>
          <CURRNT_NAMP>4.000e+03</CURRNT_NAMP>
          <TIME>2021-09-24 03:31:25</TIME>
          <TEMP_DEGC>21.700</TEMP_DEGC>
          <AIR_TEMP_DEGC>21.700</AIR_TEMP_DEGC>
          <RH_PRCNT>21.300</RH_PRCNT>
        </DATA>
        <DATA>
          <VOLTS>4.400e-03</VOLTS>
          <CURRNT_NAMP>4.500e+03</CURRNT_NAMP>
          <TIME>2021-09-24 03:31:26</TIME>
          <TEMP_DEGC>21.700</TEMP_DEGC>
          <AIR_TEMP_DEGC>21.700</AIR_TEMP_DEGC>
          <RH_PRCNT>21.300</RH_PRCNT>
        </DATA>
        <DATA>
          <VOLTS>4.380e-03</VOLTS>
          <CURRNT_NAMP>5.000e+03</CURRNT_NAMP>
          <TIME>2021-09-24 03:31:27</TIME>
          <TEMP_DEGC>21.700</TEMP_DEGC>
          <AIR_TEMP_DEGC>21.700</AIR_TEMP_DEGC>
          <RH_PRCNT>21.200</RH_PRCNT>
        </DATA>
        <DATA>
          <VOLTS>3.790e-03</VOLTS>
          <CURRNT_NAMP>5.500e+03</CURRNT_NAMP>
          <TIME>2021-09-24 03:31:28</TIME>
          <TEMP_DEGC>21.700</TEMP_DEGC>
          <AIR_TEMP_DEGC>21.700</AIR_TEMP_DEGC>
          <RH_PRCNT>21.200</RH_PRCNT>
        </DATA>
        <DATA>
          <VOLTS>2.990e-03</VOLTS>
          <CURRNT_NAMP>6.000e+03</CURRNT_NAMP>
          <TIME>2021-09-24 03:31:29</TIME>
          <TEMP_DEGC>21.700</TEMP_DEGC>
          <AIR_TEMP_DEGC>21.700</AIR_TEMP_DEGC>
          <RH_PRCNT>21.200</RH_PRCNT>
        </DATA>
        <DATA>
          <VOLTS>2.950e-03</VOLTS>
          <CURRNT_NAMP>6.500e+03</CURRNT_NAMP>
          <TIME>2021-09-24 03:31:30</TIME>
          <TEMP_DEGC>21.600</TEMP_DEGC>
          <AIR_TEMP_DEGC>21.600</AIR_TEMP_DEGC>
          <RH_PRCNT>21.200</RH_PRCNT>
        </DATA>
        <DATA>
          <VOLTS>3.260e-03</VOLTS>
          <CURRNT_NAMP>7.000e+03</CURRNT_NAMP>
          <TIME>2021-09-24 03:31:31</TIME>
          <TEMP_DEGC>21.700</TEMP_DEGC>
          <AIR_TEMP_DEGC>21.700</AIR_TEMP_DEGC>
          <RH_PRCNT>21.200</RH_PRCNT>
        </DATA>
        <DATA>
          <VOLTS>4.410e-03</VOLTS>
          <CURRNT_NAMP>7.500e+03</CURRNT_NAMP>
          <TIME>2021-09-24 03:31:32</TIME>
          <TEMP_DEGC>21.700</TEMP_DEGC>
          <AIR_TEMP_DEGC>21.700</AIR_TEMP_DEGC>
          <RH_PRCNT>21.200</RH_PRCNT>
        </DATA>
        <DATA>
          <VOLTS>4.910e-03</VOLTS>
          <CURRNT_NAMP>8.000e+03</CURRNT_NAMP>
          <TIME>2021-09-24 03:31:33</TIME>
          <TEMP_DEGC>21.600</TEMP_DEGC>
          <AIR_TEMP_DEGC>21.600</AIR_TEMP_DEGC>
          <RH_PRCNT>21.200</RH_PRCNT>
        </DATA>
        <DATA>
          <VOLTS>5.310e-03</VOLTS>
          <CURRNT_NAMP>8.500e+03</CURRNT_NAMP>
          <TIME>2021-09-24 03:31:34</TIME>
          <TEMP_DEGC>21.600</TEMP_DEGC>
          <AIR_TEMP_DEGC>21.600</AIR_TEMP_DEGC>
          <RH_PRCNT>21.200</RH_PRCNT>
        </DATA>
        <DATA>
          <VOLTS>4.830e-03</VOLTS>
          <CURRNT_NAMP>9.000e+03</CURRNT_NAMP>
          <TIME>2021-09-24 03:31:35</TIME>
          <TEMP_DEGC>21.600</TEMP_DEGC>
          <AIR_TEMP_DEGC>21.600</AIR_TEMP_DEGC>
          <RH_PRCNT>21.200</RH_PRCNT>
        </DATA>
        <DATA>
          <VOLTS>4.180e-03</VOLTS>
          <CURRNT_NAMP>9.500e+03</CURRNT_NAMP>
          <TIME>2021-09-24 03:31:36</TIME>
          <TEMP_DEGC>21.600</TEMP_DEGC>
          <AIR_TEMP_DEGC>21.600</AIR_TEMP_DEGC>
          <RH_PRCNT>21.200</RH_PRCNT>
        </DATA>
        <DATA>
          <VOLTS>3.990e-03</VOLTS>
          <CURRNT_NAMP>1.000e+04</CURRNT_NAMP>
          <TIME>2021-09-24 03:31:37</TIME>
          <TEMP_DEGC>21.600</TEMP_DEGC>
          <AIR_TEMP_DEGC>21.600</AIR_TEMP_DEGC>
          <RH_PRCNT>21.200</RH_PRCNT>
        </DATA>
        <CHILD_DATA_SET>
          <HEADER>
            <TYPE>
              <EXTENSION_TABLE_NAME>HALFMOON_IV_PAR</EXTENSION_TABLE_NAME>
              <NAME>Tracker Halfmoon IV Parameters</NAME>
            </TYPE>
          </HEADER>
          <DATA_SET>
            <COMMENT_DESCRIPTION>Test</COMMENT_DESCRIPTION>
            <VERSION>IV_measurement</VERSION>
            <PART>
              <NAME_LABEL>37400_006_2-S_HM_EE</NAME_LABEL>
              <KIND_OF_PART>2S Halfmoon E</KIND_OF_PART>
            </PART>
            <DATA>
              <RSH_OHMSQR>2485.507</RSH_OHMSQR>
              <R_OHM>548.391</R_OHM>
            </DATA>
          </DATA_SET>
        </CHILD_DATA_SET>
      </DATA_SET>
    </CHILD_DATA_SET>
  </DATA_SET>
</ROOT>
